run,model,test_days,pred,acc,test_n,test_pos_n,test_neg_n,test_pos_frac,test_neg_frac,train_n,train_start,train_end,test_start,test_end,train_years,horizon_days,n_features,feature_set,horizon
1,xgboost,1,1.0,1.0,1,1,0,1.0,0.0,980,2022-01-12,2025-12-18,2025-12-19,2025-12-19,4,2,82,daily,2
1,random_forest,1,0.65,1.0,1,1,0,1.0,0.0,980,2022-01-12,2025-12-18,2025-12-19,2025-12-19,4,2,82,daily,2
2,xgboost,1,0.85,1.0,1,1,0,1.0,0.0,980,2022-01-11,2025-12-17,2025-12-18,2025-12-18,4,2,82,daily,2
2,random_forest,1,0.45,0.0,1,1,0,1.0,0.0,980,2022-01-11,2025-12-17,2025-12-18,2025-12-18,4,2,82,daily,2
3,xgboost,1,0.0,0.0,1,1,0,1.0,0.0,980,2022-01-10,2025-12-16,2025-12-17,2025-12-17,4,2,82,daily,2
3,random_forest,1,0.4,0.0,1,1,0,1.0,0.0,980,2022-01-10,2025-12-16,2025-12-17,2025-12-17,4,2,82,daily,2
4,xgboost,1,0.45,1.0,1,0,1,0.0,1.0,980,2022-01-07,2025-12-15,2025-12-16,2025-12-16,4,2,82,daily,2
4,random_forest,1,0.35,1.0,1,0,1,0.0,1.0,980,2022-01-07,2025-12-15,2025-12-16,2025-12-16,4,2,82,daily,2
5,xgboost,1,0.35,1.0,1,0,1,0.0,1.0,980,2022-01-06,2025-12-12,2025-12-15,2025-12-15,4,2,82,daily,2
5,random_forest,1,0.55,0.0,1,0,1,0.0,1.0,980,2022-01-06,2025-12-12,2025-12-15,2025-12-15,4,2,82,daily,2
6,xgboost,1,0.85,0.0,1,0,1,0.0,1.0,980,2022-01-05,2025-12-11,2025-12-12,2025-12-12,4,2,82,daily,2
6,random_forest,1,0.6,0.0,1,0,1,0.0,1.0,980,2022-01-05,2025-12-11,2025-12-12,2025-12-12,4,2,82,daily,2
7,xgboost,1,1.0,0.0,1,0,1,0.0,1.0,980,2022-01-04,2025-12-10,2025-12-11,2025-12-11,4,2,82,daily,2
7,random_forest,1,0.6,0.0,1,0,1,0.0,1.0,980,2022-01-04,2025-12-10,2025-12-11,2025-12-11,4,2,82,daily,2
8,xgboost,1,0.5,0.0,1,0,1,0.0,1.0,980,2022-01-03,2025-12-09,2025-12-10,2025-12-10,4,2,82,daily,2
8,random_forest,1,0.65,0.0,1,0,1,0.0,1.0,980,2022-01-03,2025-12-09,2025-12-10,2025-12-10,4,2,82,daily,2
9,xgboost,1,0.95,1.0,1,1,0,1.0,0.0,980,2021-12-31,2025-12-08,2025-12-09,2025-12-09,4,2,82,daily,2
9,random_forest,1,0.65,1.0,1,1,0,1.0,0.0,980,2021-12-31,2025-12-08,2025-12-09,2025-12-09,4,2,82,daily,2
10,xgboost,1,0.6,1.0,1,1,0,1.0,0.0,980,2021-12-30,2025-12-05,2025-12-08,2025-12-08,4,2,82,daily,2
10,random_forest,1,0.5,1.0,1,1,0,1.0,0.0,980,2021-12-30,2025-12-05,2025-12-08,2025-12-08,4,2,82,daily,2
11,xgboost,1,0.95,0.0,1,0,1,0.0,1.0,980,2021-12-29,2025-12-04,2025-12-05,2025-12-05,4,2,82,daily,2
11,random_forest,1,0.7,0.0,1,0,1,0.0,1.0,980,2021-12-29,2025-12-04,2025-12-05,2025-12-05,4,2,82,daily,2
12,xgboost,1,0.9,1.0,1,1,0,1.0,0.0,980,2021-12-28,2025-12-03,2025-12-04,2025-12-04,4,2,82,daily,2
12,random_forest,1,0.7,1.0,1,1,0,1.0,0.0,980,2021-12-28,2025-12-03,2025-12-04,2025-12-04,4,2,82,daily,2
13,xgboost,1,1.0,1.0,1,1,0,1.0,0.0,980,2021-12-27,2025-12-02,2025-12-03,2025-12-03,4,2,82,daily,2
13,random_forest,1,0.7,1.0,1,1,0,1.0,0.0,980,2021-12-27,2025-12-02,2025-12-03,2025-12-03,4,2,82,daily,2
14,xgboost,1,0.85,1.0,1,1,0,1.0,0.0,980,2021-12-23,2025-12-01,2025-12-02,2025-12-02,4,2,82,daily,2
14,random_forest,1,0.65,1.0,1,1,0,1.0,0.0,980,2021-12-23,2025-12-01,2025-12-02,2025-12-02,4,2,82,daily,2
15,xgboost,1,1.0,1.0,1,1,0,1.0,0.0,980,2021-12-22,2025-11-26,2025-12-01,2025-12-01,4,2,82,daily,2
15,random_forest,1,0.65,1.0,1,1,0,1.0,0.0,980,2021-12-22,2025-11-26,2025-12-01,2025-12-01,4,2,82,daily,2
16,xgboost,1,0.7,1.0,1,1,0,1.0,0.0,980,2021-12-21,2025-11-25,2025-11-26,2025-11-26,4,2,82,daily,2
16,random_forest,1,0.5,1.0,1,1,0,1.0,0.0,980,2021-12-21,2025-11-25,2025-11-26,2025-11-26,4,2,82,daily,2
17,xgboost,1,0.45,0.0,1,1,0,1.0,0.0,980,2021-12-20,2025-11-24,2025-11-25,2025-11-25,4,2,82,daily,2
17,random_forest,1,0.55,1.0,1,1,0,1.0,0.0,980,2021-12-20,2025-11-24,2025-11-25,2025-11-25,4,2,82,daily,2
18,xgboost,1,0.3,0.0,1,1,0,1.0,0.0,980,2021-12-17,2025-11-21,2025-11-24,2025-11-24,4,2,82,daily,2
18,random_forest,1,0.45,0.0,1,1,0,1.0,0.0,980,2021-12-17,2025-11-21,2025-11-24,2025-11-24,4,2,82,daily,2
19,xgboost,1,0.9,1.0,1,1,0,1.0,0.0,980,2021-12-16,2025-11-20,2025-11-21,2025-11-21,4,2,82,daily,2
19,random_forest,1,0.5,1.0,1,1,0,1.0,0.0,980,2021-12-16,2025-11-20,2025-11-21,2025-11-21,4,2,82,daily,2
20,xgboost,1,0.05,0.0,1,1,0,1.0,0.0,980,2021-12-15,2025-11-19,2025-11-20,2025-11-20,4,2,82,daily,2
20,random_forest,1,0.35,0.0,1,1,0,1.0,0.0,980,2021-12-15,2025-11-19,2025-11-20,2025-11-20,4,2,82,daily,2
21,xgboost,1,0.0,1.0,1,0,1,0.0,1.0,980,2021-12-14,2025-11-18,2025-11-19,2025-11-19,4,2,82,daily,2
21,random_forest,1,0.3,1.0,1,0,1,0.0,1.0,980,2021-12-14,2025-11-18,2025-11-19,2025-11-19,4,2,82,daily,2
22,xgboost,1,0.0,1.0,1,0,1,0.0,1.0,980,2021-12-13,2025-11-17,2025-11-18,2025-11-18,4,2,82,daily,2
22,random_forest,1,0.35,1.0,1,0,1,0.0,1.0,980,2021-12-13,2025-11-17,2025-11-18,2025-11-18,4,2,82,daily,2
23,xgboost,1,0.7,0.0,1,0,1,0.0,1.0,980,2021-12-10,2025-11-14,2025-11-17,2025-11-17,4,2,82,daily,2
23,random_forest,1,0.4,1.0,1,0,1,0.0,1.0,980,2021-12-10,2025-11-14,2025-11-17,2025-11-17,4,2,82,daily,2
24,xgboost,1,0.0,1.0,1,0,1,0.0,1.0,980,2021-12-09,2025-11-13,2025-11-14,2025-11-14,4,2,82,daily,2
24,random_forest,1,0.45,1.0,1,0,1,0.0,1.0,980,2021-12-09,2025-11-13,2025-11-14,2025-11-14,4,2,82,daily,2
25,xgboost,1,0.0,1.0,1,0,1,0.0,1.0,980,2021-12-08,2025-11-12,2025-11-13,2025-11-13,4,2,82,daily,2
25,random_forest,1,0.55,0.0,1,0,1,0.0,1.0,980,2021-12-08,2025-11-12,2025-11-13,2025-11-13,4,2,82,daily,2
26,xgboost,1,0.1,1.0,1,0,1,0.0,1.0,980,2021-12-07,2025-11-11,2025-11-12,2025-11-12,4,2,82,daily,2
26,random_forest,1,0.35,1.0,1,0,1,0.0,1.0,980,2021-12-07,2025-11-11,2025-11-12,2025-11-12,4,2,82,daily,2
27,xgboost,1,0.75,0.0,1,0,1,0.0,1.0,980,2021-12-06,2025-11-10,2025-11-11,2025-11-11,4,2,82,daily,2
27,random_forest,1,0.35,1.0,1,0,1,0.0,1.0,980,2021-12-06,2025-11-10,2025-11-11,2025-11-11,4,2,82,daily,2
28,xgboost,1,0.85,0.0,1,0,1,0.0,1.0,980,2021-12-03,2025-11-07,2025-11-10,2025-11-10,4,2,82,daily,2
28,random_forest,1,0.55,0.0,1,0,1,0.0,1.0,980,2021-12-03,2025-11-07,2025-11-10,2025-11-10,4,2,82,daily,2
29,xgboost,1,1.0,1.0,1,1,0,1.0,0.0,980,2021-12-02,2025-11-06,2025-11-07,2025-11-07,4,2,82,daily,2
29,random_forest,1,0.75,1.0,1,1,0,1.0,0.0,980,2021-12-02,2025-11-06,2025-11-07,2025-11-07,4,2,82,daily,2
30,xgboost,1,0.3,0.0,1,1,0,1.0,0.0,980,2021-12-01,2025-11-05,2025-11-06,2025-11-06,4,2,82,daily,2
30,random_forest,1,0.45,0.0,1,1,0,1.0,0.0,980,2021-12-01,2025-11-05,2025-11-06,2025-11-06,4,2,82,daily,2
31,xgboost,1,0.05,1.0,1,0,1,0.0,1.0,980,2021-11-30,2025-11-04,2025-11-05,2025-11-05,4,2,82,daily,2
31,random_forest,1,0.35,1.0,1,0,1,0.0,1.0,980,2021-11-30,2025-11-04,2025-11-05,2025-11-05,4,2,82,daily,2
32,xgboost,1,0.3,1.0,1,0,1,0.0,1.0,980,2021-11-29,2025-11-03,2025-11-04,2025-11-04,4,2,82,daily,2
32,random_forest,1,0.55,0.0,1,0,1,0.0,1.0,980,2021-11-29,2025-11-03,2025-11-04,2025-11-04,4,2,82,daily,2
33,xgboost,1,0.35,1.0,1,0,1,0.0,1.0,980,2021-11-24,2025-10-31,2025-11-03,2025-11-03,4,2,82,daily,2
33,random_forest,1,0.4,1.0,1,0,1,0.0,1.0,980,2021-11-24,2025-10-31,2025-11-03,2025-11-03,4,2,82,daily,2
34,xgboost,1,0.7,0.0,1,0,1,0.0,1.0,980,2021-11-23,2025-10-30,2025-10-31,2025-10-31,4,2,82,daily,2
34,random_forest,1,0.45,1.0,1,0,1,0.0,1.0,980,2021-11-23,2025-10-30,2025-10-31,2025-10-31,4,2,82,daily,2
35,xgboost,1,0.0,0.0,1,1,0,1.0,0.0,980,2021-11-22,2025-10-29,2025-10-30,2025-10-30,4,2,82,daily,2
35,random_forest,1,0.4,0.0,1,1,0,1.0,0.0,980,2021-11-22,2025-10-29,2025-10-30,2025-10-30,4,2,82,daily,2
36,xgboost,1,0.0,1.0,1,0,1,0.0,1.0,980,2021-11-19,2025-10-28,2025-10-29,2025-10-29,4,2,82,daily,2
36,random_forest,1,0.35,1.0,1,0,1,0.0,1.0,980,2021-11-19,2025-10-28,2025-10-29,2025-10-29,4,2,82,daily,2
37,xgboost,1,0.05,1.0,1,0,1,0.0,1.0,980,2021-11-18,2025-10-27,2025-10-28,2025-10-28,4,2,82,daily,2
37,random_forest,1,0.5,0.0,1,0,1,0.0,1.0,980,2021-11-18,2025-10-27,2025-10-28,2025-10-28,4,2,82,daily,2
38,xgboost,1,0.9,1.0,1,1,0,1.0,0.0,980,2021-11-17,2025-10-24,2025-10-27,2025-10-27,4,2,82,daily,2
38,random_forest,1,0.55,1.0,1,1,0,1.0,0.0,980,2021-11-17,2025-10-24,2025-10-27,2025-10-27,4,2,82,daily,2
39,xgboost,1,0.9,1.0,1,1,0,1.0,0.0,980,2021-11-16,2025-10-23,2025-10-24,2025-10-24,4,2,82,daily,2
39,random_forest,1,0.5,0.0,1,1,0,1.0,0.0,980,2021-11-16,2025-10-23,2025-10-24,2025-10-24,4,2,82,daily,2
40,xgboost,1,0.05,0.0,1,1,0,1.0,0.0,980,2021-11-15,2025-10-22,2025-10-23,2025-10-23,4,2,82,daily,2
40,random_forest,1,0.4,0.0,1,1,0,1.0,0.0,980,2021-11-15,2025-10-22,2025-10-23,2025-10-23,4,2,82,daily,2
41,xgboost,1,0.05,0.0,1,1,0,1.0,0.0,980,2021-11-12,2025-10-21,2025-10-22,2025-10-22,4,2,82,daily,2
41,random_forest,1,0.55,1.0,1,1,0,1.0,0.0,980,2021-11-12,2025-10-21,2025-10-22,2025-10-22,4,2,82,daily,2
42,xgboost,1,0.9,0.0,1,0,1,0.0,1.0,980,2021-11-11,2025-10-20,2025-10-21,2025-10-21,4,2,82,daily,2
42,random_forest,1,0.4,1.0,1,0,1,0.0,1.0,980,2021-11-11,2025-10-20,2025-10-21,2025-10-21,4,2,82,daily,2
43,xgboost,1,0.85,0.0,1,0,1,0.0,1.0,980,2021-11-10,2025-10-17,2025-10-20,2025-10-20,4,2,82,daily,2
43,random_forest,1,0.6,0.0,1,0,1,0.0,1.0,980,2021-11-10,2025-10-17,2025-10-20,2025-10-20,4,2,82,daily,2
44,xgboost,1,1.0,1.0,1,1,0,1.0,0.0,980,2021-11-09,2025-10-16,2025-10-17,2025-10-17,4,2,82,daily,2
44,random_forest,1,0.7,1.0,1,1,0,1.0,0.0,980,2021-11-09,2025-10-16,2025-10-17,2025-10-17,4,2,82,daily,2
45,xgboost,1,0.95,1.0,1,1,0,1.0,0.0,980,2021-11-08,2025-10-15,2025-10-16,2025-10-16,4,2,82,daily,2
45,random_forest,1,0.7,1.0,1,1,0,1.0,0.0,980,2021-11-08,2025-10-15,2025-10-16,2025-10-16,4,2,82,daily,2
46,xgboost,1,1.0,1.0,1,1,0,1.0,0.0,980,2021-11-05,2025-10-14,2025-10-15,2025-10-15,4,2,82,daily,2
46,random_forest,1,0.7,1.0,1,1,0,1.0,0.0,980,2021-11-05,2025-10-14,2025-10-15,2025-10-15,4,2,82,daily,2
47,xgboost,1,1.0,1.0,1,1,0,1.0,0.0,980,2021-11-04,2025-10-13,2025-10-14,2025-10-14,4,2,82,daily,2
47,random_forest,1,0.7,1.0,1,1,0,1.0,0.0,980,2021-11-04,2025-10-13,2025-10-14,2025-10-14,4,2,82,daily,2
48,xgboost,1,1.0,1.0,1,1,0,1.0,0.0,980,2021-11-03,2025-10-10,2025-10-13,2025-10-13,4,2,82,daily,2
48,random_forest,1,0.55,1.0,1,1,0,1.0,0.0,980,2021-11-03,2025-10-10,2025-10-13,2025-10-13,4,2,82,daily,2
49,xgboost,1,0.35,0.0,1,1,0,1.0,0.0,980,2021-11-02,2025-10-09,2025-10-10,2025-10-10,4,2,82,daily,2
49,random_forest,1,0.45,0.0,1,1,0,1.0,0.0,980,2021-11-02,2025-10-09,2025-10-10,2025-10-10,4,2,82,daily,2
50,xgboost,1,0.3,1.0,1,0,1,0.0,1.0,980,2021-11-01,2025-10-08,2025-10-09,2025-10-09,4,2,82,daily,2
50,random_forest,1,0.5,1.0,1,0,1,0.0,1.0,980,2021-11-01,2025-10-08,2025-10-09,2025-10-09,4,2,82,daily,2
51,xgboost,1,0.55,0.0,1,0,1,0.0,1.0,980,2021-10-29,2025-10-07,2025-10-08,2025-10-08,4,2,82,daily,2
51,random_forest,1,0.6,0.0,1,0,1,0.0,1.0,980,2021-10-29,2025-10-07,2025-10-08,2025-10-08,4,2,82,daily,2
52,xgboost,1,0.6,1.0,1,1,0,1.0,0.0,980,2021-10-28,2025-10-06,2025-10-07,2025-10-07,4,2,82,daily,2
52,random_forest,1,0.6,1.0,1,1,0,1.0,0.0,980,2021-10-28,2025-10-06,2025-10-07,2025-10-07,4,2,82,daily,2
53,xgboost,1,0.6,1.0,1,1,0,1.0,0.0,980,2021-10-27,2025-10-03,2025-10-06,2025-10-06,4,2,82,daily,2
53,random_forest,1,0.65,1.0,1,1,0,1.0,0.0,980,2021-10-27,2025-10-03,2025-10-06,2025-10-06,4,2,82,daily,2
54,xgboost,1,1.0,1.0,1,1,0,1.0,0.0,980,2021-10-26,2025-10-02,2025-10-03,2025-10-03,4,2,82,daily,2
54,random_forest,1,0.6,1.0,1,1,0,1.0,0.0,980,2021-10-26,2025-10-02,2025-10-03,2025-10-03,4,2,82,daily,2
55,xgboost,1,0.0,0.0,1,1,0,1.0,0.0,980,2021-10-25,2025-10-01,2025-10-02,2025-10-02,4,2,82,daily,2
55,random_forest,1,0.35,0.0,1,1,0,1.0,0.0,980,2021-10-25,2025-10-01,2025-10-02,2025-10-02,4,2,82,daily,2
56,xgboost,1,0.45,1.0,1,0,1,0.0,1.0,980,2021-10-22,2025-09-30,2025-10-01,2025-10-01,4,2,82,daily,2
56,random_forest,1,0.65,0.0,1,0,1,0.0,1.0,980,2021-10-22,2025-09-30,2025-10-01,2025-10-01,4,2,82,daily,2
57,xgboost,1,0.8,1.0,1,1,0,1.0,0.0,980,2021-10-21,2025-09-29,2025-09-30,2025-09-30,4,2,82,daily,2
57,random_forest,1,0.6,1.0,1,1,0,1.0,0.0,980,2021-10-21,2025-09-29,2025-09-30,2025-09-30,4,2,82,daily,2
58,xgboost,1,0.85,1.0,1,1,0,1.0,0.0,980,2021-10-20,2025-09-26,2025-09-29,2025-09-29,4,2,82,daily,2
58,random_forest,1,0.55,1.0,1,1,0,1.0,0.0,980,2021-10-20,2025-09-26,2025-09-29,2025-09-29,4,2,82,daily,2
59,xgboost,1,0.75,1.0,1,1,0,1.0,0.0,980,2021-10-19,2025-09-25,2025-09-26,2025-09-26,4,2,82,daily,2
59,random_forest,1,0.5,1.0,1,1,0,1.0,0.0,980,2021-10-19,2025-09-25,2025-09-26,2025-09-26,4,2,82,daily,2
60,xgboost,1,0.2,0.0,1,1,0,1.0,0.0,980,2021-10-18,2025-09-24,2025-09-25,2025-09-25,4,2,82,daily,2
60,random_forest,1,0.45,0.0,1,1,0,1.0,0.0,980,2021-10-18,2025-09-24,2025-09-25,2025-09-25,4,2,82,daily,2
61,xgboost,1,0.95,0.0,1,0,1,0.0,1.0,980,2021-10-15,2025-09-23,2025-09-24,2025-09-24,4,2,82,daily,2
61,random_forest,1,0.6,0.0,1,0,1,0.0,1.0,980,2021-10-15,2025-09-23,2025-09-24,2025-09-24,4,2,82,daily,2
62,xgboost,1,0.55,0.0,1,0,1,0.0,1.0,980,2021-10-14,2025-09-22,2025-09-23,2025-09-23,4,2,82,daily,2
62,random_forest,1,0.55,0.0,1,0,1,0.0,1.0,980,2021-10-14,2025-09-22,2025-09-23,2025-09-23,4,2,82,daily,2
63,xgboost,1,0.35,1.0,1,0,1,0.0,1.0,980,2021-10-13,2025-09-19,2025-09-22,2025-09-22,4,2,82,daily,2
63,random_forest,1,0.3,1.0,1,0,1,0.0,1.0,980,2021-10-13,2025-09-19,2025-09-22,2025-09-22,4,2,82,daily,2
64,xgboost,1,0.9,0.0,1,0,1,0.0,1.0,980,2021-10-12,2025-09-18,2025-09-19,2025-09-19,4,2,82,daily,2
64,random_forest,1,0.7,0.0,1,0,1,0.0,1.0,980,2021-10-12,2025-09-18,2025-09-19,2025-09-19,4,2,82,daily,2
65,xgboost,1,1.0,1.0,1,1,0,1.0,0.0,980,2021-10-11,2025-09-17,2025-09-18,2025-09-18,4,2,82,daily,2
65,random_forest,1,0.75,1.0,1,1,0,1.0,0.0,980,2021-10-11,2025-09-17,2025-09-18,2025-09-18,4,2,82,daily,2
66,xgboost,1,1.0,1.0,1,1,0,1.0,0.0,980,2021-10-08,2025-09-16,2025-09-17,2025-09-17,4,2,82,daily,2
66,random_forest,1,0.7,1.0,1,1,0,1.0,0.0,980,2021-10-08,2025-09-16,2025-09-17,2025-09-17,4,2,82,daily,2
67,xgboost,1,0.2,0.0,1,1,0,1.0,0.0,980,2021-10-07,2025-09-15,2025-09-16,2025-09-16,4,2,82,daily,2
67,random_forest,1,0.5,0.0,1,1,0,1.0,0.0,980,2021-10-07,2025-09-15,2025-09-16,2025-09-16,4,2,82,daily,2
68,xgboost,1,0.75,0.0,1,0,1,0.0,1.0,980,2021-10-06,2025-09-12,2025-09-15,2025-09-15,4,2,82,daily,2
68,random_forest,1,0.6,0.0,1,0,1,0.0,1.0,980,2021-10-06,2025-09-12,2025-09-15,2025-09-15,4,2,82,daily,2
69,xgboost,1,0.95,1.0,1,1,0,1.0,0.0,980,2021-10-05,2025-09-11,2025-09-12,2025-09-12,4,2,82,daily,2
69,random_forest,1,0.7,1.0,1,1,0,1.0,0.0,980,2021-10-05,2025-09-11,2025-09-12,2025-09-12,4,2,82,daily,2
70,xgboost,1,1.0,1.0,1,1,0,1.0,0.0,980,2021-10-04,2025-09-10,2025-09-11,2025-09-11,4,2,82,daily,2
70,random_forest,1,0.65,1.0,1,1,0,1.0,0.0,980,2021-10-04,2025-09-10,2025-09-11,2025-09-11,4,2,82,daily,2
71,xgboost,1,0.4,0.0,1,1,0,1.0,0.0,980,2021-10-01,2025-09-09,2025-09-10,2025-09-10,4,2,82,daily,2
71,random_forest,1,0.6,1.0,1,1,0,1.0,0.0,980,2021-10-01,2025-09-09,2025-09-10,2025-09-10,4,2,82,daily,2
72,xgboost,1,1.0,1.0,1,1,0,1.0,0.0,980,2021-09-30,2025-09-08,2025-09-09,2025-09-09,4,2,82,daily,2
72,random_forest,1,0.7,1.0,1,1,0,1.0,0.0,980,2021-09-30,2025-09-08,2025-09-09,2025-09-09,4,2,82,daily,2
73,xgboost,1,0.95,1.0,1,1,0,1.0,0.0,980,2021-09-29,2025-09-05,2025-09-08,2025-09-08,4,2,82,daily,2
73,random_forest,1,0.6,1.0,1,1,0,1.0,0.0,980,2021-09-29,2025-09-05,2025-09-08,2025-09-08,4,2,82,daily,2
74,xgboost,1,1.0,1.0,1,1,0,1.0,0.0,980,2021-09-28,2025-09-04,2025-09-05,2025-09-05,4,2,82,daily,2
74,random_forest,1,0.6,1.0,1,1,0,1.0,0.0,980,2021-09-28,2025-09-04,2025-09-05,2025-09-05,4,2,82,daily,2
75,xgboost,1,0.9,1.0,1,1,0,1.0,0.0,980,2021-09-27,2025-09-03,2025-09-04,2025-09-04,4,2,82,daily,2
75,random_forest,1,0.5,1.0,1,1,0,1.0,0.0,980,2021-09-27,2025-09-03,2025-09-04,2025-09-04,4,2,82,daily,2
76,xgboost,1,0.6,1.0,1,1,0,1.0,0.0,980,2021-09-24,2025-09-02,2025-09-03,2025-09-03,4,2,82,daily,2
76,random_forest,1,0.45,0.0,1,1,0,1.0,0.0,980,2021-09-24,2025-09-02,2025-09-03,2025-09-03,4,2,82,daily,2
77,xgboost,1,0.15,0.0,1,1,0,1.0,0.0,980,2021-09-23,2025-08-29,2025-09-02,2025-09-02,4,2,82,daily,2
77,random_forest,1,0.5,0.0,1,1,0,1.0,0.0,980,2021-09-23,2025-08-29,2025-09-02,2025-09-02,4,2,82,daily,2
78,xgboost,1,0.5,1.0,1,0,1,0.0,1.0,980,2021-09-22,2025-08-28,2025-08-29,2025-08-29,4,2,82,daily,2
78,random_forest,1,0.45,1.0,1,0,1,0.0,1.0,980,2021-09-22,2025-08-28,2025-08-29,2025-08-29,4,2,82,daily,2
79,xgboost,1,0.45,1.0,1,0,1,0.0,1.0,980,2021-09-21,2025-08-27,2025-08-28,2025-08-28,4,2,82,daily,2
79,random_forest,1,0.4,1.0,1,0,1,0.0,1.0,980,2021-09-21,2025-08-27,2025-08-28,2025-08-28,4,2,82,daily,2
80,xgboost,1,0.95,0.0,1,0,1,0.0,1.0,980,2021-09-20,2025-08-26,2025-08-27,2025-08-27,4,2,82,daily,2
80,random_forest,1,0.6,0.0,1,0,1,0.0,1.0,980,2021-09-20,2025-08-26,2025-08-27,2025-08-27,4,2,82,daily,2
81,xgboost,1,0.95,1.0,1,1,0,1.0,0.0,980,2021-09-17,2025-08-25,2025-08-26,2025-08-26,4,2,82,daily,2
81,random_forest,1,0.7,1.0,1,1,0,1.0,0.0,980,2021-09-17,2025-08-25,2025-08-26,2025-08-26,4,2,82,daily,2
82,xgboost,1,0.85,1.0,1,1,0,1.0,0.0,980,2021-09-16,2025-08-22,2025-08-25,2025-08-25,4,2,82,daily,2
82,random_forest,1,0.6,1.0,1,1,0,1.0,0.0,980,2021-09-16,2025-08-22,2025-08-25,2025-08-25,4,2,82,daily,2
83,xgboost,1,0.9,1.0,1,1,0,1.0,0.0,980,2021-09-15,2025-08-21,2025-08-22,2025-08-22,4,2,82,daily,2
83,random_forest,1,0.6,1.0,1,1,0,1.0,0.0,980,2021-09-15,2025-08-21,2025-08-22,2025-08-22,4,2,82,daily,2
84,xgboost,1,0.95,1.0,1,1,0,1.0,0.0,980,2021-09-14,2025-08-20,2025-08-21,2025-08-21,4,2,82,daily,2
84,random_forest,1,0.75,1.0,1,1,0,1.0,0.0,980,2021-09-14,2025-08-20,2025-08-21,2025-08-21,4,2,82,daily,2
85,xgboost,1,0.85,1.0,1,1,0,1.0,0.0,980,2021-09-13,2025-08-19,2025-08-20,2025-08-20,4,2,82,daily,2
85,random_forest,1,0.65,1.0,1,1,0,1.0,0.0,980,2021-09-13,2025-08-19,2025-08-20,2025-08-20,4,2,82,daily,2
86,xgboost,1,0.1,1.0,1,0,1,0.0,1.0,980,2021-09-10,2025-08-18,2025-08-19,2025-08-19,4,2,82,daily,2
86,random_forest,1,0.55,0.0,1,0,1,0.0,1.0,980,2021-09-10,2025-08-18,2025-08-19,2025-08-19,4,2,82,daily,2
87,xgboost,1,0.15,1.0,1,0,1,0.0,1.0,980,2021-09-09,2025-08-15,2025-08-18,2025-08-18,4,2,82,daily,2
87,random_forest,1,0.5,1.0,1,0,1,0.0,1.0,980,2021-09-09,2025-08-15,2025-08-18,2025-08-18,4,2,82,daily,2
88,xgboost,1,0.4,1.0,1,0,1,0.0,1.0,980,2021-09-08,2025-08-14,2025-08-15,2025-08-15,4,2,82,daily,2
88,random_forest,1,0.5,0.0,1,0,1,0.0,1.0,980,2021-09-08,2025-08-14,2025-08-15,2025-08-15,4,2,82,daily,2
89,xgboost,1,0.15,1.0,1,0,1,0.0,1.0,980,2021-09-07,2025-08-13,2025-08-14,2025-08-14,4,2,82,daily,2
89,random_forest,1,0.5,1.0,1,0,1,0.0,1.0,980,2021-09-07,2025-08-13,2025-08-14,2025-08-14,4,2,82,daily,2
90,xgboost,1,0.6,0.0,1,0,1,0.0,1.0,980,2021-09-03,2025-08-12,2025-08-13,2025-08-13,4,2,82,daily,2
90,random_forest,1,0.45,1.0,1,0,1,0.0,1.0,980,2021-09-03,2025-08-12,2025-08-13,2025-08-13,4,2,82,daily,2
91,xgboost,1,1.0,0.0,1,0,1,0.0,1.0,980,2021-09-02,2025-08-11,2025-08-12,2025-08-12,4,2,82,daily,2
91,random_forest,1,0.75,0.0,1,0,1,0.0,1.0,980,2021-09-02,2025-08-11,2025-08-12,2025-08-12,4,2,82,daily,2
92,xgboost,1,0.1,0.0,1,1,0,1.0,0.0,980,2021-09-01,2025-08-08,2025-08-11,2025-08-11,4,2,82,daily,2
92,random_forest,1,0.65,1.0,1,1,0,1.0,0.0,980,2021-09-01,2025-08-08,2025-08-11,2025-08-11,4,2,82,daily,2
93,xgboost,1,0.75,1.0,1,1,0,1.0,0.0,980,2021-08-31,2025-08-07,2025-08-08,2025-08-08,4,2,82,daily,2
93,random_forest,1,0.65,1.0,1,1,0,1.0,0.0,980,2021-08-31,2025-08-07,2025-08-08,2025-08-08,4,2,82,daily,2
94,xgboost,1,0.6,1.0,1,1,0,1.0,0.0,980,2021-08-30,2025-08-06,2025-08-07,2025-08-07,4,2,82,daily,2
94,random_forest,1,0.6,1.0,1,1,0,1.0,0.0,980,2021-08-30,2025-08-06,2025-08-07,2025-08-07,4,2,82,daily,2
95,xgboost,1,0.7,1.0,1,1,0,1.0,0.0,980,2021-08-27,2025-08-05,2025-08-06,2025-08-06,4,2,82,daily,2
95,random_forest,1,0.6,1.0,1,1,0,1.0,0.0,980,2021-08-27,2025-08-05,2025-08-06,2025-08-06,4,2,82,daily,2
96,xgboost,1,0.0,0.0,1,1,0,1.0,0.0,980,2021-08-26,2025-08-04,2025-08-05,2025-08-05,4,2,82,daily,2
96,random_forest,1,0.5,1.0,1,1,0,1.0,0.0,980,2021-08-26,2025-08-04,2025-08-05,2025-08-05,4,2,82,daily,2
97,xgboost,1,0.9,1.0,1,1,0,1.0,0.0,980,2021-08-25,2025-08-01,2025-08-04,2025-08-04,4,2,82,daily,2
97,random_forest,1,0.65,1.0,1,1,0,1.0,0.0,980,2021-08-25,2025-08-01,2025-08-04,2025-08-04,4,2,82,daily,2
98,xgboost,1,0.05,0.0,1,1,0,1.0,0.0,980,2021-08-24,2025-07-31,2025-08-01,2025-08-01,4,2,82,daily,2
98,random_forest,1,0.5,1.0,1,1,0,1.0,0.0,980,2021-08-24,2025-07-31,2025-08-01,2025-08-01,4,2,82,daily,2
99,xgboost,1,1.0,0.0,1,0,1,0.0,1.0,980,2021-08-23,2025-07-30,2025-07-31,2025-07-31,4,2,82,daily,2
99,random_forest,1,0.55,0.0,1,0,1,0.0,1.0,980,2021-08-23,2025-07-30,2025-07-31,2025-07-31,4,2,82,daily,2
100,xgboost,1,0.65,0.0,1,0,1,0.0,1.0,980,2021-08-20,2025-07-29,2025-07-30,2025-07-30,4,2,82,daily,2
100,random_forest,1,0.45,1.0,1,0,1,0.0,1.0,980,2021-08-20,2025-07-29,2025-07-30,2025-07-30,4,2,82,daily,2
101,xgboost,1,0.0,1.0,1,0,1,0.0,1.0,980,2021-08-19,2025-07-28,2025-07-29,2025-07-29,4,2,82,daily,2
101,random_forest,1,0.55,0.0,1,0,1,0.0,1.0,980,2021-08-19,2025-07-28,2025-07-29,2025-07-29,4,2,82,daily,2
102,xgboost,1,0.85,0.0,1,0,1,0.0,1.0,980,2021-08-18,2025-07-25,2025-07-28,2025-07-28,4,2,82,daily,2
102,random_forest,1,0.55,0.0,1,0,1,0.0,1.0,980,2021-08-18,2025-07-25,2025-07-28,2025-07-28,4,2,82,daily,2
103,xgboost,1,0.5,1.0,1,1,0,1.0,0.0,980,2021-08-17,2025-07-24,2025-07-25,2025-07-25,4,2,82,daily,2
103,random_forest,1,0.55,1.0,1,1,0,1.0,0.0,980,2021-08-17,2025-07-24,2025-07-25,2025-07-25,4,2,82,daily,2
104,xgboost,1,0.95,1.0,1,1,0,1.0,0.0,980,2021-08-16,2025-07-23,2025-07-24,2025-07-24,4,2,82,daily,2
104,random_forest,1,0.7,1.0,1,1,0,1.0,0.0,980,2021-08-16,2025-07-23,2025-07-24,2025-07-24,4,2,82,daily,2
105,xgboost,1,1.0,1.0,1,1,0,1.0,0.0,980,2021-08-13,2025-07-22,2025-07-23,2025-07-23,4,2,82,daily,2
105,random_forest,1,0.6,1.0,1,1,0,1.0,0.0,980,2021-08-13,2025-07-22,2025-07-23,2025-07-23,4,2,82,daily,2
106,xgboost,1,1.0,1.0,1,1,0,1.0,0.0,980,2021-08-12,2025-07-21,2025-07-22,2025-07-22,4,2,82,daily,2
106,random_forest,1,0.65,1.0,1,1,0,1.0,0.0,980,2021-08-12,2025-07-21,2025-07-22,2025-07-22,4,2,82,daily,2
107,xgboost,1,0.45,1.0,1,0,1,0.0,1.0,980,2021-08-11,2025-07-18,2025-07-21,2025-07-21,4,2,82,daily,2
107,random_forest,1,0.65,0.0,1,0,1,0.0,1.0,980,2021-08-11,2025-07-18,2025-07-21,2025-07-21,4,2,82,daily,2
108,xgboost,1,1.0,0.0,1,0,1,0.0,1.0,980,2021-08-10,2025-07-17,2025-07-18,2025-07-18,4,2,82,daily,2
108,random_forest,1,0.8,0.0,1,0,1,0.0,1.0,980,2021-08-10,2025-07-17,2025-07-18,2025-07-18,4,2,82,daily,2
109,xgboost,1,0.9,1.0,1,1,0,1.0,0.0,980,2021-08-09,2025-07-16,2025-07-17,2025-07-17,4,2,82,daily,2
109,random_forest,1,0.65,1.0,1,1,0,1.0,0.0,980,2021-08-09,2025-07-16,2025-07-17,2025-07-17,4,2,82,daily,2
110,xgboost,1,1.0,1.0,1,1,0,1.0,0.0,980,2021-08-06,2025-07-15,2025-07-16,2025-07-16,4,2,82,daily,2
110,random_forest,1,0.7,1.0,1,1,0,1.0,0.0,980,2021-08-06,2025-07-15,2025-07-16,2025-07-16,4,2,82,daily,2
111,xgboost,1,0.65,1.0,1,1,0,1.0,0.0,980,2021-08-05,2025-07-14,2025-07-15,2025-07-15,4,2,82,daily,2
111,random_forest,1,0.6,1.0,1,1,0,1.0,0.0,980,2021-08-05,2025-07-14,2025-07-15,2025-07-15,4,2,82,daily,2
112,xgboost,1,1.0,1.0,1,1,0,1.0,0.0,980,2021-08-04,2025-07-11,2025-07-14,2025-07-14,4,2,82,daily,2
112,random_forest,1,0.75,1.0,1,1,0,1.0,0.0,980,2021-08-04,2025-07-11,2025-07-14,2025-07-14,4,2,82,daily,2
113,xgboost,1,1.0,1.0,1,1,0,1.0,0.0,980,2021-08-03,2025-07-10,2025-07-11,2025-07-11,4,2,82,daily,2
113,random_forest,1,0.75,1.0,1,1,0,1.0,0.0,980,2021-08-03,2025-07-10,2025-07-11,2025-07-11,4,2,82,daily,2
114,xgboost,1,0.9,1.0,1,1,0,1.0,0.0,980,2021-08-02,2025-07-09,2025-07-10,2025-07-10,4,2,82,daily,2
114,random_forest,1,0.55,1.0,1,1,0,1.0,0.0,980,2021-08-02,2025-07-09,2025-07-10,2025-07-10,4,2,82,daily,2
115,xgboost,1,1.0,0.0,1,0,1,0.0,1.0,980,2021-07-30,2025-07-08,2025-07-09,2025-07-09,4,2,82,daily,2
115,random_forest,1,0.7,0.0,1,0,1,0.0,1.0,980,2021-07-30,2025-07-08,2025-07-09,2025-07-09,4,2,82,daily,2
116,xgboost,1,1.0,1.0,1,1,0,1.0,0.0,980,2021-07-29,2025-07-07,2025-07-08,2025-07-08,4,2,82,daily,2
116,random_forest,1,0.75,1.0,1,1,0,1.0,0.0,980,2021-07-29,2025-07-07,2025-07-08,2025-07-08,4,2,82,daily,2
117,xgboost,1,0.95,1.0,1,1,0,1.0,0.0,980,2021-07-28,2025-07-02,2025-07-07,2025-07-07,4,2,82,daily,2
117,random_forest,1,0.55,1.0,1,1,0,1.0,0.0,980,2021-07-28,2025-07-02,2025-07-07,2025-07-07,4,2,82,daily,2
118,xgboost,1,0.15,0.0,1,1,0,1.0,0.0,980,2021-07-27,2025-07-01,2025-07-02,2025-07-02,4,2,82,daily,2
118,random_forest,1,0.5,0.0,1,1,0,1.0,0.0,980,2021-07-27,2025-07-01,2025-07-02,2025-07-02,4,2,82,daily,2
119,xgboost,1,0.05,0.0,1,1,0,1.0,0.0,980,2021-07-26,2025-06-30,2025-07-01,2025-07-01,4,2,82,daily,2
119,random_forest,1,0.4,0.0,1,1,0,1.0,0.0,980,2021-07-26,2025-06-30,2025-07-01,2025-07-01,4,2,82,daily,2
120,xgboost,1,0.05,1.0,1,0,1,0.0,1.0,980,2021-07-23,2025-06-27,2025-06-30,2025-06-30,4,2,82,daily,2
120,random_forest,1,0.45,1.0,1,0,1,0.0,1.0,980,2021-07-23,2025-06-27,2025-06-30,2025-06-30,4,2,82,daily,2
121,xgboost,1,1.0,0.0,1,0,1,0.0,1.0,980,2021-07-22,2025-06-26,2025-06-27,2025-06-27,4,2,82,daily,2
121,random_forest,1,0.65,0.0,1,0,1,0.0,1.0,980,2021-07-22,2025-06-26,2025-06-27,2025-06-27,4,2,82,daily,2
122,xgboost,1,1.0,1.0,1,1,0,1.0,0.0,980,2021-07-21,2025-06-25,2025-06-26,2025-06-26,4,2,82,daily,2
122,random_forest,1,0.7,1.0,1,1,0,1.0,0.0,980,2021-07-21,2025-06-25,2025-06-26,2025-06-26,4,2,82,daily,2
123,xgboost,1,1.0,1.0,1,1,0,1.0,0.0,980,2021-07-20,2025-06-24,2025-06-25,2025-06-25,4,2,82,daily,2
123,random_forest,1,0.7,1.0,1,1,0,1.0,0.0,980,2021-07-20,2025-06-24,2025-06-25,2025-06-25,4,2,82,daily,2
124,xgboost,1,0.2,0.0,1,1,0,1.0,0.0,980,2021-07-19,2025-06-23,2025-06-24,2025-06-24,4,2,82,daily,2
124,random_forest,1,0.55,1.0,1,1,0,1.0,0.0,980,2021-07-19,2025-06-23,2025-06-24,2025-06-24,4,2,82,daily,2
125,xgboost,1,0.4,0.0,1,1,0,1.0,0.0,980,2021-07-16,2025-06-20,2025-06-23,2025-06-23,4,2,82,daily,2
125,random_forest,1,0.5,1.0,1,1,0,1.0,0.0,980,2021-07-16,2025-06-20,2025-06-23,2025-06-23,4,2,82,daily,2
126,xgboost,1,0.9,1.0,1,1,0,1.0,0.0,980,2021-07-15,2025-06-18,2025-06-20,2025-06-20,4,2,82,daily,2
126,random_forest,1,0.65,1.0,1,1,0,1.0,0.0,980,2021-07-15,2025-06-18,2025-06-20,2025-06-20,4,2,82,daily,2
127,xgboost,1,0.15,0.0,1,1,0,1.0,0.0,980,2021-07-14,2025-06-17,2025-06-18,2025-06-18,4,2,82,daily,2
127,random_forest,1,0.45,0.0,1,1,0,1.0,0.0,980,2021-07-14,2025-06-17,2025-06-18,2025-06-18,4,2,82,daily,2
128,xgboost,1,0.1,1.0,1,0,1,0.0,1.0,980,2021-07-13,2025-06-16,2025-06-17,2025-06-17,4,2,82,daily,2
128,random_forest,1,0.5,0.0,1,0,1,0.0,1.0,980,2021-07-13,2025-06-16,2025-06-17,2025-06-17,4,2,82,daily,2
129,xgboost,1,1.0,0.0,1,0,1,0.0,1.0,980,2021-07-12,2025-06-13,2025-06-16,2025-06-16,4,2,82,daily,2
129,random_forest,1,0.7,0.0,1,0,1,0.0,1.0,980,2021-07-12,2025-06-13,2025-06-16,2025-06-16,4,2,82,daily,2
130,xgboost,1,1.0,1.0,1,1,0,1.0,0.0,980,2021-07-09,2025-06-12,2025-06-13,2025-06-13,4,2,82,daily,2
130,random_forest,1,0.7,1.0,1,1,0,1.0,0.0,980,2021-07-09,2025-06-12,2025-06-13,2025-06-13,4,2,82,daily,2
131,xgboost,1,0.8,1.0,1,1,0,1.0,0.0,980,2021-07-08,2025-06-11,2025-06-12,2025-06-12,4,2,82,daily,2
131,random_forest,1,0.55,1.0,1,1,0,1.0,0.0,980,2021-07-08,2025-06-11,2025-06-12,2025-06-12,4,2,82,daily,2
132,xgboost,1,0.85,0.0,1,0,1,0.0,1.0,980,2021-07-07,2025-06-10,2025-06-11,2025-06-11,4,2,82,daily,2
132,random_forest,1,0.6,0.0,1,0,1,0.0,1.0,980,2021-07-07,2025-06-10,2025-06-11,2025-06-11,4,2,82,daily,2
133,xgboost,1,0.95,0.0,1,0,1,0.0,1.0,980,2021-07-06,2025-06-09,2025-06-10,2025-06-10,4,2,82,daily,2
133,random_forest,1,0.7,0.0,1,0,1,0.0,1.0,980,2021-07-06,2025-06-09,2025-06-10,2025-06-10,4,2,82,daily,2
134,xgboost,1,1.0,1.0,1,1,0,1.0,0.0,980,2021-07-02,2025-06-06,2025-06-09,2025-06-09,4,2,82,daily,2
134,random_forest,1,0.65,1.0,1,1,0,1.0,0.0,980,2021-07-02,2025-06-06,2025-06-09,2025-06-09,4,2,82,daily,2
135,xgboost,1,1.0,1.0,1,1,0,1.0,0.0,980,2021-07-01,2025-06-05,2025-06-06,2025-06-06,4,2,82,daily,2
135,random_forest,1,0.6,1.0,1,1,0,1.0,0.0,980,2021-07-01,2025-06-05,2025-06-06,2025-06-06,4,2,82,daily,2
136,xgboost,1,0.9,1.0,1,1,0,1.0,0.0,980,2021-06-30,2025-06-04,2025-06-05,2025-06-05,4,2,82,daily,2
136,random_forest,1,0.6,1.0,1,1,0,1.0,0.0,980,2021-06-30,2025-06-04,2025-06-05,2025-06-05,4,2,82,daily,2
137,xgboost,1,0.0,0.0,1,1,0,1.0,0.0,980,2021-06-29,2025-06-03,2025-06-04,2025-06-04,4,2,82,daily,2
137,random_forest,1,0.35,0.0,1,1,0,1.0,0.0,980,2021-06-29,2025-06-03,2025-06-04,2025-06-04,4,2,82,daily,2
138,xgboost,1,0.8,0.0,1,0,1,0.0,1.0,980,2021-06-28,2025-06-02,2025-06-03,2025-06-03,4,2,82,daily,2
138,random_forest,1,0.65,0.0,1,0,1,0.0,1.0,980,2021-06-28,2025-06-02,2025-06-03,2025-06-03,4,2,82,daily,2
139,xgboost,1,0.85,1.0,1,1,0,1.0,0.0,980,2021-06-25,2025-05-30,2025-06-02,2025-06-02,4,2,82,daily,2
139,random_forest,1,0.6,1.0,1,1,0,1.0,0.0,980,2021-06-25,2025-05-30,2025-06-02,2025-06-02,4,2,82,daily,2
140,xgboost,1,1.0,1.0,1,1,0,1.0,0.0,980,2021-06-24,2025-05-29,2025-05-30,2025-05-30,4,2,82,daily,2
140,random_forest,1,0.6,1.0,1,1,0,1.0,0.0,980,2021-06-24,2025-05-29,2025-05-30,2025-05-30,4,2,82,daily,2
141,xgboost,1,0.0,0.0,1,1,0,1.0,0.0,980,2021-06-23,2025-05-28,2025-05-29,2025-05-29,4,2,82,daily,2
141,random_forest,1,0.5,0.0,1,1,0,1.0,0.0,980,2021-06-23,2025-05-28,2025-05-29,2025-05-29,4,2,82,daily,2
142,xgboost,1,0.6,1.0,1,1,0,1.0,0.0,980,2021-06-22,2025-05-27,2025-05-28,2025-05-28,4,2,82,daily,2
142,random_forest,1,0.45,0.0,1,1,0,1.0,0.0,980,2021-06-22,2025-05-27,2025-05-28,2025-05-28,4,2,82,daily,2
143,xgboost,1,0.95,0.0,1,0,1,0.0,1.0,980,2021-06-21,2025-05-23,2025-05-27,2025-05-27,4,2,82,daily,2
143,random_forest,1,0.55,0.0,1,0,1,0.0,1.0,980,2021-06-21,2025-05-23,2025-05-27,2025-05-27,4,2,82,daily,2
144,xgboost,1,0.95,1.0,1,1,0,1.0,0.0,980,2021-06-18,2025-05-22,2025-05-23,2025-05-23,4,2,82,daily,2
144,random_forest,1,0.6,1.0,1,1,0,1.0,0.0,980,2021-06-18,2025-05-22,2025-05-23,2025-05-23,4,2,82,daily,2
145,xgboost,1,0.05,0.0,1,1,0,1.0,0.0,980,2021-06-17,2025-05-21,2025-05-22,2025-05-22,4,2,82,daily,2
145,random_forest,1,0.45,0.0,1,1,0,1.0,0.0,980,2021-06-17,2025-05-21,2025-05-22,2025-05-22,4,2,82,daily,2
146,xgboost,1,0.2,1.0,1,0,1,0.0,1.0,980,2021-06-16,2025-05-20,2025-05-21,2025-05-21,4,2,82,daily,2
146,random_forest,1,0.45,1.0,1,0,1,0.0,1.0,980,2021-06-16,2025-05-20,2025-05-21,2025-05-21,4,2,82,daily,2
147,xgboost,1,0.1,1.0,1,0,1,0.0,1.0,980,2021-06-15,2025-05-19,2025-05-20,2025-05-20,4,2,82,daily,2
147,random_forest,1,0.35,1.0,1,0,1,0.0,1.0,980,2021-06-15,2025-05-19,2025-05-20,2025-05-20,4,2,82,daily,2
148,xgboost,1,0.0,1.0,1,0,1,0.0,1.0,980,2021-06-14,2025-05-16,2025-05-19,2025-05-19,4,2,82,daily,2
148,random_forest,1,0.35,1.0,1,0,1,0.0,1.0,980,2021-06-14,2025-05-16,2025-05-19,2025-05-19,4,2,82,daily,2
149,xgboost,1,0.1,1.0,1,0,1,0.0,1.0,980,2021-06-11,2025-05-15,2025-05-16,2025-05-16,4,2,82,daily,2
149,random_forest,1,0.65,0.0,1,0,1,0.0,1.0,980,2021-06-11,2025-05-15,2025-05-16,2025-05-16,4,2,82,daily,2
150,xgboost,1,0.9,1.0,1,1,0,1.0,0.0,980,2021-06-10,2025-05-14,2025-05-15,2025-05-15,4,2,82,daily,2
150,random_forest,1,0.65,1.0,1,1,0,1.0,0.0,980,2021-06-10,2025-05-14,2025-05-15,2025-05-15,4,2,82,daily,2
151,xgboost,1,0.45,0.0,1,1,0,1.0,0.0,980,2021-06-09,2025-05-13,2025-05-14,2025-05-14,4,2,82,daily,2
151,random_forest,1,0.5,1.0,1,1,0,1.0,0.0,980,2021-06-09,2025-05-13,2025-05-14,2025-05-14,4,2,82,daily,2
152,xgboost,1,0.3,0.0,1,1,0,1.0,0.0,980,2021-06-08,2025-05-12,2025-05-13,2025-05-13,4,2,82,daily,2
152,random_forest,1,0.55,1.0,1,1,0,1.0,0.0,980,2021-06-08,2025-05-12,2025-05-13,2025-05-13,4,2,82,daily,2
153,xgboost,1,0.3,0.0,1,1,0,1.0,0.0,980,2021-06-07,2025-05-09,2025-05-12,2025-05-12,4,2,82,daily,2
153,random_forest,1,0.4,0.0,1,1,0,1.0,0.0,980,2021-06-07,2025-05-09,2025-05-12,2025-05-12,4,2,82,daily,2
154,xgboost,1,0.7,1.0,1,1,0,1.0,0.0,980,2021-06-04,2025-05-08,2025-05-09,2025-05-09,4,2,82,daily,2
154,random_forest,1,0.55,1.0,1,1,0,1.0,0.0,980,2021-06-04,2025-05-08,2025-05-09,2025-05-09,4,2,82,daily,2
155,xgboost,1,0.15,0.0,1,1,0,1.0,0.0,980,2021-06-03,2025-05-07,2025-05-08,2025-05-08,4,2,82,daily,2
155,random_forest,1,0.45,0.0,1,1,0,1.0,0.0,980,2021-06-03,2025-05-07,2025-05-08,2025-05-08,4,2,82,daily,2
156,xgboost,1,0.4,0.0,1,1,0,1.0,0.0,980,2021-06-02,2025-05-06,2025-05-07,2025-05-07,4,2,82,daily,2
156,random_forest,1,0.65,1.0,1,1,0,1.0,0.0,980,2021-06-02,2025-05-06,2025-05-07,2025-05-07,4,2,82,daily,2
157,xgboost,1,0.9,1.0,1,1,0,1.0,0.0,980,2021-06-01,2025-05-05,2025-05-06,2025-05-06,4,2,82,daily,2
157,random_forest,1,0.45,0.0,1,1,0,1.0,0.0,980,2021-06-01,2025-05-05,2025-05-06,2025-05-06,4,2,82,daily,2
158,xgboost,1,0.55,0.0,1,0,1,0.0,1.0,980,2021-05-28,2025-05-02,2025-05-05,2025-05-05,4,2,82,daily,2
158,random_forest,1,0.5,0.0,1,0,1,0.0,1.0,980,2021-05-28,2025-05-02,2025-05-05,2025-05-05,4,2,82,daily,2
159,xgboost,1,0.9,0.0,1,0,1,0.0,1.0,980,2021-05-27,2025-05-01,2025-05-02,2025-05-02,4,2,82,daily,2
159,random_forest,1,0.65,0.0,1,0,1,0.0,1.0,980,2021-05-27,2025-05-01,2025-05-02,2025-05-02,4,2,82,daily,2
160,xgboost,1,1.0,1.0,1,1,0,1.0,0.0,980,2021-05-26,2025-04-30,2025-05-01,2025-05-01,4,2,82,daily,2
160,random_forest,1,0.65,1.0,1,1,0,1.0,0.0,980,2021-05-26,2025-04-30,2025-05-01,2025-05-01,4,2,82,daily,2
161,xgboost,1,1.0,1.0,1,1,0,1.0,0.0,980,2021-05-25,2025-04-29,2025-04-30,2025-04-30,4,2,82,daily,2
161,random_forest,1,0.7,1.0,1,1,0,1.0,0.0,980,2021-05-25,2025-04-29,2025-04-30,2025-04-30,4,2,82,daily,2
162,xgboost,1,1.0,1.0,1,1,0,1.0,0.0,980,2021-05-24,2025-04-28,2025-04-29,2025-04-29,4,2,82,daily,2
162,random_forest,1,0.75,1.0,1,1,0,1.0,0.0,980,2021-05-24,2025-04-28,2025-04-29,2025-04-29,4,2,82,daily,2
163,xgboost,1,0.95,1.0,1,1,0,1.0,0.0,980,2021-05-21,2025-04-25,2025-04-28,2025-04-28,4,2,82,daily,2
163,random_forest,1,0.65,1.0,1,1,0,1.0,0.0,980,2021-05-21,2025-04-25,2025-04-28,2025-04-28,4,2,82,daily,2
164,xgboost,1,0.0,0.0,1,1,0,1.0,0.0,980,2021-05-20,2025-04-24,2025-04-25,2025-04-25,4,2,82,daily,2
164,random_forest,1,0.45,0.0,1,1,0,1.0,0.0,980,2021-05-20,2025-04-24,2025-04-25,2025-04-25,4,2,82,daily,2
165,xgboost,1,0.2,0.0,1,1,0,1.0,0.0,980,2021-05-19,2025-04-23,2025-04-24,2025-04-24,4,2,82,daily,2
165,random_forest,1,0.45,0.0,1,1,0,1.0,0.0,980,2021-05-19,2025-04-23,2025-04-24,2025-04-24,4,2,82,daily,2
166,xgboost,1,0.35,0.0,1,1,0,1.0,0.0,980,2021-05-18,2025-04-22,2025-04-23,2025-04-23,4,2,82,daily,2
166,random_forest,1,0.55,1.0,1,1,0,1.0,0.0,980,2021-05-18,2025-04-22,2025-04-23,2025-04-23,4,2,82,daily,2
167,xgboost,1,0.95,1.0,1,1,0,1.0,0.0,980,2021-05-17,2025-04-21,2025-04-22,2025-04-22,4,2,82,daily,2
167,random_forest,1,0.65,1.0,1,1,0,1.0,0.0,980,2021-05-17,2025-04-21,2025-04-22,2025-04-22,4,2,82,daily,2
168,xgboost,1,1.0,1.0,1,1,0,1.0,0.0,980,2021-05-14,2025-04-17,2025-04-21,2025-04-21,4,2,82,daily,2
168,random_forest,1,0.55,1.0,1,1,0,1.0,0.0,980,2021-05-14,2025-04-17,2025-04-21,2025-04-21,4,2,82,daily,2
169,xgboost,1,0.05,0.0,1,1,0,1.0,0.0,980,2021-05-13,2025-04-16,2025-04-17,2025-04-17,4,2,82,daily,2
169,random_forest,1,0.35,0.0,1,1,0,1.0,0.0,980,2021-05-13,2025-04-16,2025-04-17,2025-04-17,4,2,82,daily,2
170,xgboost,1,0.95,0.0,1,0,1,0.0,1.0,980,2021-05-12,2025-04-15,2025-04-16,2025-04-16,4,2,82,daily,2
170,random_forest,1,0.55,0.0,1,0,1,0.0,1.0,980,2021-05-12,2025-04-15,2025-04-16,2025-04-16,4,2,82,daily,2
171,xgboost,1,0.0,1.0,1,0,1,0.0,1.0,980,2021-05-11,2025-04-14,2025-04-15,2025-04-15,4,2,82,daily,2
171,random_forest,1,0.3,1.0,1,0,1,0.0,1.0,980,2021-05-11,2025-04-14,2025-04-15,2025-04-15,4,2,82,daily,2
172,xgboost,1,0.25,1.0,1,0,1,0.0,1.0,980,2021-05-10,2025-04-11,2025-04-14,2025-04-14,4,2,82,daily,2
172,random_forest,1,0.55,0.0,1,0,1,0.0,1.0,980,2021-05-10,2025-04-11,2025-04-14,2025-04-14,4,2,82,daily,2
173,xgboost,1,0.1,0.0,1,1,0,1.0,0.0,980,2021-05-07,2025-04-10,2025-04-11,2025-04-11,4,2,82,daily,2
173,random_forest,1,0.45,0.0,1,1,0,1.0,0.0,980,2021-05-07,2025-04-10,2025-04-11,2025-04-11,4,2,82,daily,2
174,xgboost,1,0.9,1.0,1,1,0,1.0,0.0,980,2021-05-06,2025-04-09,2025-04-10,2025-04-10,4,2,82,daily,2
174,random_forest,1,0.45,0.0,1,1,0,1.0,0.0,980,2021-05-06,2025-04-09,2025-04-10,2025-04-10,4,2,82,daily,2
175,xgboost,1,0.8,0.0,1,0,1,0.0,1.0,980,2021-05-05,2025-04-08,2025-04-09,2025-04-09,4,2,82,daily,2
175,random_forest,1,0.5,0.0,1,0,1,0.0,1.0,980,2021-05-05,2025-04-08,2025-04-09,2025-04-09,4,2,82,daily,2
176,xgboost,1,0.75,1.0,1,1,0,1.0,0.0,980,2021-05-04,2025-04-07,2025-04-08,2025-04-08,4,2,82,daily,2
176,random_forest,1,0.6,1.0,1,1,0,1.0,0.0,980,2021-05-04,2025-04-07,2025-04-08,2025-04-08,4,2,82,daily,2
177,xgboost,1,0.95,1.0,1,1,0,1.0,0.0,980,2021-05-03,2025-04-04,2025-04-07,2025-04-07,4,2,82,daily,2
177,random_forest,1,0.45,0.0,1,1,0,1.0,0.0,980,2021-05-03,2025-04-04,2025-04-07,2025-04-07,4,2,82,daily,2
178,xgboost,1,0.4,1.0,1,0,1,0.0,1.0,980,2021-04-30,2025-04-03,2025-04-04,2025-04-04,4,2,82,daily,2
178,random_forest,1,0.5,1.0,1,0,1,0.0,1.0,980,2021-04-30,2025-04-03,2025-04-04,2025-04-04,4,2,82,daily,2
179,xgboost,1,0.4,1.0,1,0,1,0.0,1.0,980,2021-04-29,2025-04-02,2025-04-03,2025-04-03,4,2,82,daily,2
179,random_forest,1,0.45,1.0,1,0,1,0.0,1.0,980,2021-04-29,2025-04-02,2025-04-03,2025-04-03,4,2,82,daily,2
180,xgboost,1,0.55,0.0,1,0,1,0.0,1.0,980,2021-04-28,2025-04-01,2025-04-02,2025-04-02,4,2,82,daily,2
180,random_forest,1,0.4,1.0,1,0,1,0.0,1.0,980,2021-04-28,2025-04-01,2025-04-02,2025-04-02,4,2,82,daily,2
181,xgboost,1,0.75,0.0,1,0,1,0.0,1.0,980,2021-04-27,2025-03-31,2025-04-01,2025-04-01,4,2,82,daily,2
181,random_forest,1,0.45,1.0,1,0,1,0.0,1.0,980,2021-04-27,2025-03-31,2025-04-01,2025-04-01,4,2,82,daily,2
182,xgboost,1,0.45,0.0,1,1,0,1.0,0.0,980,2021-04-26,2025-03-28,2025-03-31,2025-03-31,4,2,82,daily,2
182,random_forest,1,0.5,1.0,1,1,0,1.0,0.0,980,2021-04-26,2025-03-28,2025-03-31,2025-03-31,4,2,82,daily,2
183,xgboost,1,0.4,0.0,1,1,0,1.0,0.0,980,2021-04-23,2025-03-27,2025-03-28,2025-03-28,4,2,82,daily,2
183,random_forest,1,0.55,1.0,1,1,0,1.0,0.0,980,2021-04-23,2025-03-27,2025-03-28,2025-03-28,4,2,82,daily,2
184,xgboost,1,0.3,1.0,1,0,1,0.0,1.0,980,2021-04-22,2025-03-26,2025-03-27,2025-03-27,4,2,82,daily,2
184,random_forest,1,0.4,1.0,1,0,1,0.0,1.0,980,2021-04-22,2025-03-26,2025-03-27,2025-03-27,4,2,82,daily,2
185,xgboost,1,0.3,1.0,1,0,1,0.0,1.0,980,2021-04-21,2025-03-25,2025-03-26,2025-03-26,4,2,82,daily,2
185,random_forest,1,0.45,1.0,1,0,1,0.0,1.0,980,2021-04-21,2025-03-25,2025-03-26,2025-03-26,4,2,82,daily,2
186,xgboost,1,0.85,0.0,1,0,1,0.0,1.0,980,2021-04-20,2025-03-24,2025-03-25,2025-03-25,4,2,82,daily,2
186,random_forest,1,0.45,1.0,1,0,1,0.0,1.0,980,2021-04-20,2025-03-24,2025-03-25,2025-03-25,4,2,82,daily,2
187,xgboost,1,0.85,0.0,1,0,1,0.0,1.0,980,2021-04-19,2025-03-21,2025-03-24,2025-03-24,4,2,82,daily,2
187,random_forest,1,0.6,0.0,1,0,1,0.0,1.0,980,2021-04-19,2025-03-21,2025-03-24,2025-03-24,4,2,82,daily,2
188,xgboost,1,0.35,0.0,1,1,0,1.0,0.0,980,2021-04-16,2025-03-20,2025-03-21,2025-03-21,4,2,82,daily,2
188,random_forest,1,0.55,1.0,1,1,0,1.0,0.0,980,2021-04-16,2025-03-20,2025-03-21,2025-03-21,4,2,82,daily,2
189,xgboost,1,0.45,0.0,1,1,0,1.0,0.0,980,2021-04-15,2025-03-19,2025-03-20,2025-03-20,4,2,82,daily,2
189,random_forest,1,0.5,1.0,1,1,0,1.0,0.0,980,2021-04-15,2025-03-19,2025-03-20,2025-03-20,4,2,82,daily,2
190,xgboost,1,0.9,0.0,1,0,1,0.0,1.0,980,2021-04-14,2025-03-18,2025-03-19,2025-03-19,4,2,82,daily,2
190,random_forest,1,0.55,0.0,1,0,1,0.0,1.0,980,2021-04-14,2025-03-18,2025-03-19,2025-03-19,4,2,82,daily,2
191,xgboost,1,0.85,1.0,1,1,0,1.0,0.0,980,2021-04-13,2025-03-17,2025-03-18,2025-03-18,4,2,82,daily,2
191,random_forest,1,0.45,0.0,1,1,0,1.0,0.0,980,2021-04-13,2025-03-17,2025-03-18,2025-03-18,4,2,82,daily,2
192,xgboost,1,0.15,1.0,1,0,1,0.0,1.0,980,2021-04-12,2025-03-14,2025-03-17,2025-03-17,4,2,82,daily,2
192,random_forest,1,0.35,1.0,1,0,1,0.0,1.0,980,2021-04-12,2025-03-14,2025-03-17,2025-03-17,4,2,82,daily,2
193,xgboost,1,0.95,0.0,1,0,1,0.0,1.0,980,2021-04-09,2025-03-13,2025-03-14,2025-03-14,4,2,82,daily,2
193,random_forest,1,0.7,0.0,1,0,1,0.0,1.0,980,2021-04-09,2025-03-13,2025-03-14,2025-03-14,4,2,82,daily,2
194,xgboost,1,0.9,1.0,1,1,0,1.0,0.0,980,2021-04-08,2025-03-12,2025-03-13,2025-03-13,4,2,82,daily,2
194,random_forest,1,0.6,1.0,1,1,0,1.0,0.0,980,2021-04-08,2025-03-12,2025-03-13,2025-03-13,4,2,82,daily,2
195,xgboost,1,0.05,0.0,1,1,0,1.0,0.0,980,2021-04-07,2025-03-11,2025-03-12,2025-03-12,4,2,82,daily,2
195,random_forest,1,0.3,0.0,1,1,0,1.0,0.0,980,2021-04-07,2025-03-11,2025-03-12,2025-03-12,4,2,82,daily,2
196,xgboost,1,0.05,1.0,1,0,1,0.0,1.0,980,2021-04-06,2025-03-10,2025-03-11,2025-03-11,4,2,82,daily,2
196,random_forest,1,0.45,1.0,1,0,1,0.0,1.0,980,2021-04-06,2025-03-10,2025-03-11,2025-03-11,4,2,82,daily,2
197,xgboost,1,0.0,0.0,1,1,0,1.0,0.0,980,2021-04-05,2025-03-07,2025-03-10,2025-03-10,4,2,82,daily,2
197,random_forest,1,0.25,0.0,1,1,0,1.0,0.0,980,2021-04-05,2025-03-07,2025-03-10,2025-03-10,4,2,82,daily,2
198,xgboost,1,0.05,1.0,1,0,1,0.0,1.0,980,2021-04-01,2025-03-06,2025-03-07,2025-03-07,4,2,82,daily,2
198,random_forest,1,0.35,1.0,1,0,1,0.0,1.0,980,2021-04-01,2025-03-06,2025-03-07,2025-03-07,4,2,82,daily,2
199,xgboost,1,0.6,0.0,1,0,1,0.0,1.0,980,2021-03-31,2025-03-05,2025-03-06,2025-03-06,4,2,82,daily,2
199,random_forest,1,0.35,1.0,1,0,1,0.0,1.0,980,2021-03-31,2025-03-05,2025-03-06,2025-03-06,4,2,82,daily,2
200,xgboost,1,0.05,1.0,1,0,1,0.0,1.0,980,2021-03-30,2025-03-04,2025-03-05,2025-03-05,4,2,82,daily,2
200,random_forest,1,0.45,1.0,1,0,1,0.0,1.0,980,2021-03-30,2025-03-04,2025-03-05,2025-03-05,4,2,82,daily,2
201,xgboost,1,0.95,0.0,1,0,1,0.0,1.0,980,2021-03-29,2025-03-03,2025-03-04,2025-03-04,4,2,82,daily,2
201,random_forest,1,0.5,0.0,1,0,1,0.0,1.0,980,2021-03-29,2025-03-03,2025-03-04,2025-03-04,4,2,82,daily,2
202,xgboost,1,0.05,0.0,1,1,0,1.0,0.0,980,2021-03-26,2025-02-28,2025-03-03,2025-03-03,4,2,82,daily,2
202,random_forest,1,0.25,0.0,1,1,0,1.0,0.0,980,2021-03-26,2025-02-28,2025-03-03,2025-03-03,4,2,82,daily,2
203,xgboost,1,0.2,1.0,1,0,1,0.0,1.0,980,2021-03-25,2025-02-27,2025-02-28,2025-02-28,4,2,82,daily,2
203,random_forest,1,0.5,1.0,1,0,1,0.0,1.0,980,2021-03-25,2025-02-27,2025-02-28,2025-02-28,4,2,82,daily,2
204,xgboost,1,0.5,1.0,1,0,1,0.0,1.0,980,2021-03-24,2025-02-26,2025-02-27,2025-02-27,4,2,82,daily,2
204,random_forest,1,0.45,1.0,1,0,1,0.0,1.0,980,2021-03-24,2025-02-26,2025-02-27,2025-02-27,4,2,82,daily,2
205,xgboost,1,0.0,1.0,1,0,1,0.0,1.0,980,2021-03-23,2025-02-25,2025-02-26,2025-02-26,4,2,82,daily,2
205,random_forest,1,0.3,1.0,1,0,1,0.0,1.0,980,2021-03-23,2025-02-25,2025-02-26,2025-02-26,4,2,82,daily,2
206,xgboost,1,0.05,1.0,1,0,1,0.0,1.0,980,2021-03-22,2025-02-24,2025-02-25,2025-02-25,4,2,82,daily,2
206,random_forest,1,0.45,1.0,1,0,1,0.0,1.0,980,2021-03-22,2025-02-24,2025-02-25,2025-02-25,4,2,82,daily,2
207,xgboost,1,0.1,1.0,1,0,1,0.0,1.0,980,2021-03-19,2025-02-21,2025-02-24,2025-02-24,4,2,82,daily,2
207,random_forest,1,0.5,1.0,1,0,1,0.0,1.0,980,2021-03-19,2025-02-21,2025-02-24,2025-02-24,4,2,82,daily,2
208,xgboost,1,0.8,0.0,1,0,1,0.0,1.0,980,2021-03-18,2025-02-20,2025-02-21,2025-02-21,4,2,82,daily,2
208,random_forest,1,0.55,0.0,1,0,1,0.0,1.0,980,2021-03-18,2025-02-20,2025-02-21,2025-02-21,4,2,82,daily,2
209,xgboost,1,0.3,1.0,1,0,1,0.0,1.0,980,2021-03-17,2025-02-19,2025-02-20,2025-02-20,4,2,82,daily,2
209,random_forest,1,0.5,1.0,1,0,1,0.0,1.0,980,2021-03-17,2025-02-19,2025-02-20,2025-02-20,4,2,82,daily,2
210,xgboost,1,0.25,1.0,1,0,1,0.0,1.0,980,2021-03-16,2025-02-18,2025-02-19,2025-02-19,4,2,82,daily,2
210,random_forest,1,0.5,0.0,1,0,1,0.0,1.0,980,2021-03-16,2025-02-18,2025-02-19,2025-02-19,4,2,82,daily,2
211,xgboost,1,1.0,0.0,1,0,1,0.0,1.0,980,2021-03-15,2025-02-14,2025-02-18,2025-02-18,4,2,82,daily,2
211,random_forest,1,0.7,0.0,1,0,1,0.0,1.0,980,2021-03-15,2025-02-14,2025-02-18,2025-02-18,4,2,82,daily,2
212,xgboost,1,1.0,1.0,1,1,0,1.0,0.0,980,2021-03-12,2025-02-13,2025-02-14,2025-02-14,4,2,82,daily,2
212,random_forest,1,0.7,1.0,1,1,0,1.0,0.0,980,2021-03-12,2025-02-13,2025-02-14,2025-02-14,4,2,82,daily,2
213,xgboost,1,0.95,1.0,1,1,0,1.0,0.0,980,2021-03-11,2025-02-12,2025-02-13,2025-02-13,4,2,82,daily,2
213,random_forest,1,0.7,1.0,1,1,0,1.0,0.0,980,2021-03-11,2025-02-12,2025-02-13,2025-02-13,4,2,82,daily,2
214,xgboost,1,0.55,1.0,1,1,0,1.0,0.0,980,2021-03-10,2025-02-11,2025-02-12,2025-02-12,4,2,82,daily,2
214,random_forest,1,0.55,1.0,1,1,0,1.0,0.0,980,2021-03-10,2025-02-11,2025-02-12,2025-02-12,4,2,82,daily,2
215,xgboost,1,0.85,1.0,1,1,0,1.0,0.0,980,2021-03-09,2025-02-10,2025-02-11,2025-02-11,4,2,82,daily,2
215,random_forest,1,0.35,0.0,1,1,0,1.0,0.0,980,2021-03-09,2025-02-10,2025-02-11,2025-02-11,4,2,82,daily,2
216,xgboost,1,0.9,0.0,1,0,1,0.0,1.0,980,2021-03-08,2025-02-07,2025-02-10,2025-02-10,4,2,82,daily,2
216,random_forest,1,0.5,1.0,1,0,1,0.0,1.0,980,2021-03-08,2025-02-07,2025-02-10,2025-02-10,4,2,82,daily,2
217,xgboost,1,0.85,1.0,1,1,0,1.0,0.0,980,2021-03-05,2025-02-06,2025-02-07,2025-02-07,4,2,82,daily,2
217,random_forest,1,0.5,0.0,1,1,0,1.0,0.0,980,2021-03-05,2025-02-06,2025-02-07,2025-02-07,4,2,82,daily,2
218,xgboost,1,0.35,1.0,1,0,1,0.0,1.0,980,2021-03-04,2025-02-05,2025-02-06,2025-02-06,4,2,82,daily,2
218,random_forest,1,0.4,1.0,1,0,1,0.0,1.0,980,2021-03-04,2025-02-05,2025-02-06,2025-02-06,4,2,82,daily,2
219,xgboost,1,0.95,0.0,1,0,1,0.0,1.0,980,2021-03-03,2025-02-04,2025-02-05,2025-02-05,4,2,82,daily,2
219,random_forest,1,0.65,0.0,1,0,1,0.0,1.0,980,2021-03-03,2025-02-04,2025-02-05,2025-02-05,4,2,82,daily,2
220,xgboost,1,0.95,1.0,1,1,0,1.0,0.0,980,2021-03-02,2025-02-03,2025-02-04,2025-02-04,4,2,82,daily,2
220,random_forest,1,0.6,1.0,1,1,0,1.0,0.0,980,2021-03-02,2025-02-03,2025-02-04,2025-02-04,4,2,82,daily,2
221,xgboost,1,0.55,1.0,1,1,0,1.0,0.0,980,2021-03-01,2025-01-31,2025-02-03,2025-02-03,4,2,82,daily,2
221,random_forest,1,0.5,0.0,1,1,0,1.0,0.0,980,2021-03-01,2025-01-31,2025-02-03,2025-02-03,4,2,82,daily,2
222,xgboost,1,0.9,1.0,1,1,0,1.0,0.0,980,2021-02-26,2025-01-30,2025-01-31,2025-01-31,4,2,82,daily,2
222,random_forest,1,0.55,1.0,1,1,0,1.0,0.0,980,2021-02-26,2025-01-30,2025-01-31,2025-01-31,4,2,82,daily,2
223,xgboost,1,1.0,0.0,1,0,1,0.0,1.0,980,2021-02-25,2025-01-29,2025-01-30,2025-01-30,4,2,82,daily,2
223,random_forest,1,0.7,0.0,1,0,1,0.0,1.0,980,2021-02-25,2025-01-29,2025-01-30,2025-01-30,4,2,82,daily,2
224,xgboost,1,1.0,1.0,1,1,0,1.0,0.0,980,2021-02-24,2025-01-28,2025-01-29,2025-01-29,4,2,82,daily,2
224,random_forest,1,0.65,1.0,1,1,0,1.0,0.0,980,2021-02-24,2025-01-28,2025-01-29,2025-01-29,4,2,82,daily,2
225,xgboost,1,0.1,0.0,1,1,0,1.0,0.0,980,2021-02-23,2025-01-27,2025-01-28,2025-01-28,4,2,82,daily,2
225,random_forest,1,0.55,1.0,1,1,0,1.0,0.0,980,2021-02-23,2025-01-27,2025-01-28,2025-01-28,4,2,82,daily,2
226,xgboost,1,0.5,1.0,1,1,0,1.0,0.0,980,2021-02-22,2025-01-24,2025-01-27,2025-01-27,4,2,82,daily,2
226,random_forest,1,0.5,0.0,1,1,0,1.0,0.0,980,2021-02-22,2025-01-24,2025-01-27,2025-01-27,4,2,82,daily,2
227,xgboost,1,0.0,1.0,1,0,1,0.0,1.0,980,2021-02-19,2025-01-23,2025-01-24,2025-01-24,4,2,82,daily,2
227,random_forest,1,0.35,1.0,1,0,1,0.0,1.0,980,2021-02-19,2025-01-23,2025-01-24,2025-01-24,4,2,82,daily,2
228,xgboost,1,0.65,0.0,1,0,1,0.0,1.0,980,2021-02-18,2025-01-22,2025-01-23,2025-01-23,4,2,82,daily,2
228,random_forest,1,0.5,1.0,1,0,1,0.0,1.0,980,2021-02-18,2025-01-22,2025-01-23,2025-01-23,4,2,82,daily,2
1,xgboost,1,0.75,1.0,1,1,0,1.0,0.0,1470,2020-01-30,2025-12-18,2025-12-19,2025-12-19,6,2,82,daily,2
1,random_forest,1,0.6,1.0,1,1,0,1.0,0.0,1470,2020-01-30,2025-12-18,2025-12-19,2025-12-19,6,2,82,daily,2
2,xgboost,1,0.9,1.0,1,1,0,1.0,0.0,1470,2020-01-29,2025-12-17,2025-12-18,2025-12-18,6,2,82,daily,2
2,random_forest,1,0.5,0.0,1,1,0,1.0,0.0,1470,2020-01-29,2025-12-17,2025-12-18,2025-12-18,6,2,82,daily,2
3,xgboost,1,0.0,0.0,1,1,0,1.0,0.0,1470,2020-01-28,2025-12-16,2025-12-17,2025-12-17,6,2,82,daily,2
3,random_forest,1,0.35,0.0,1,1,0,1.0,0.0,1470,2020-01-28,2025-12-16,2025-12-17,2025-12-17,6,2,82,daily,2
4,xgboost,1,0.75,0.0,1,0,1,0.0,1.0,1470,2020-01-27,2025-12-15,2025-12-16,2025-12-16,6,2,82,daily,2
4,random_forest,1,0.4,1.0,1,0,1,0.0,1.0,1470,2020-01-27,2025-12-15,2025-12-16,2025-12-16,6,2,82,daily,2
5,xgboost,1,0.55,0.0,1,0,1,0.0,1.0,1470,2020-01-24,2025-12-12,2025-12-15,2025-12-15,6,2,82,daily,2
5,random_forest,1,0.5,1.0,1,0,1,0.0,1.0,1470,2020-01-24,2025-12-12,2025-12-15,2025-12-15,6,2,82,daily,2
6,xgboost,1,0.15,1.0,1,0,1,0.0,1.0,1470,2020-01-23,2025-12-11,2025-12-12,2025-12-12,6,2,82,daily,2
6,random_forest,1,0.5,1.0,1,0,1,0.0,1.0,1470,2020-01-23,2025-12-11,2025-12-12,2025-12-12,6,2,82,daily,2
7,xgboost,1,1.0,0.0,1,0,1,0.0,1.0,1470,2020-01-22,2025-12-10,2025-12-11,2025-12-11,6,2,82,daily,2
7,random_forest,1,0.7,0.0,1,0,1,0.0,1.0,1470,2020-01-22,2025-12-10,2025-12-11,2025-12-11,6,2,82,daily,2
8,xgboost,1,0.95,0.0,1,0,1,0.0,1.0,1470,2020-01-21,2025-12-09,2025-12-10,2025-12-10,6,2,82,daily,2
8,random_forest,1,0.65,0.0,1,0,1,0.0,1.0,1470,2020-01-21,2025-12-09,2025-12-10,2025-12-10,6,2,82,daily,2
9,xgboost,1,1.0,1.0,1,1,0,1.0,0.0,1470,2020-01-17,2025-12-08,2025-12-09,2025-12-09,6,2,82,daily,2
9,random_forest,1,0.7,1.0,1,1,0,1.0,0.0,1470,2020-01-17,2025-12-08,2025-12-09,2025-12-09,6,2,82,daily,2
10,xgboost,1,0.5,0.0,1,1,0,1.0,0.0,1470,2020-01-16,2025-12-05,2025-12-08,2025-12-08,6,2,82,daily,2
10,random_forest,1,0.6,1.0,1,1,0,1.0,0.0,1470,2020-01-16,2025-12-05,2025-12-08,2025-12-08,6,2,82,daily,2
11,xgboost,1,1.0,0.0,1,0,1,0.0,1.0,1470,2020-01-15,2025-12-04,2025-12-05,2025-12-05,6,2,82,daily,2
11,random_forest,1,0.8,0.0,1,0,1,0.0,1.0,1470,2020-01-15,2025-12-04,2025-12-05,2025-12-05,6,2,82,daily,2
12,xgboost,1,0.6,1.0,1,1,0,1.0,0.0,1470,2020-01-14,2025-12-03,2025-12-04,2025-12-04,6,2,82,daily,2
12,random_forest,1,0.75,1.0,1,1,0,1.0,0.0,1470,2020-01-14,2025-12-03,2025-12-04,2025-12-04,6,2,82,daily,2
13,xgboost,1,1.0,1.0,1,1,0,1.0,0.0,1470,2020-01-13,2025-12-02,2025-12-03,2025-12-03,6,2,82,daily,2
13,random_forest,1,0.7,1.0,1,1,0,1.0,0.0,1470,2020-01-13,2025-12-02,2025-12-03,2025-12-03,6,2,82,daily,2
14,xgboost,1,0.85,1.0,1,1,0,1.0,0.0,1470,2020-01-10,2025-12-01,2025-12-02,2025-12-02,6,2,82,daily,2
14,random_forest,1,0.7,1.0,1,1,0,1.0,0.0,1470,2020-01-10,2025-12-01,2025-12-02,2025-12-02,6,2,82,daily,2
15,xgboost,1,1.0,1.0,1,1,0,1.0,0.0,1470,2020-01-09,2025-11-26,2025-12-01,2025-12-01,6,2,82,daily,2
15,random_forest,1,0.6,1.0,1,1,0,1.0,0.0,1470,2020-01-09,2025-11-26,2025-12-01,2025-12-01,6,2,82,daily,2
16,xgboost,1,0.95,1.0,1,1,0,1.0,0.0,1470,2020-01-08,2025-11-25,2025-11-26,2025-11-26,6,2,82,daily,2
16,random_forest,1,0.5,1.0,1,1,0,1.0,0.0,1470,2020-01-08,2025-11-25,2025-11-26,2025-11-26,6,2,82,daily,2
17,xgboost,1,0.4,0.0,1,1,0,1.0,0.0,1470,2020-01-07,2025-11-24,2025-11-25,2025-11-25,6,2,82,daily,2
17,random_forest,1,0.6,1.0,1,1,0,1.0,0.0,1470,2020-01-07,2025-11-24,2025-11-25,2025-11-25,6,2,82,daily,2
18,xgboost,1,0.1,0.0,1,1,0,1.0,0.0,1470,2020-01-06,2025-11-21,2025-11-24,2025-11-24,6,2,82,daily,2
18,random_forest,1,0.5,1.0,1,1,0,1.0,0.0,1470,2020-01-06,2025-11-21,2025-11-24,2025-11-24,6,2,82,daily,2
19,xgboost,1,0.95,1.0,1,1,0,1.0,0.0,1470,2020-01-03,2025-11-20,2025-11-21,2025-11-21,6,2,82,daily,2
19,random_forest,1,0.55,1.0,1,1,0,1.0,0.0,1470,2020-01-03,2025-11-20,2025-11-21,2025-11-21,6,2,82,daily,2
20,xgboost,1,0.5,1.0,1,1,0,1.0,0.0,1470,2020-01-02,2025-11-19,2025-11-20,2025-11-20,6,2,82,daily,2
20,random_forest,1,0.45,0.0,1,1,0,1.0,0.0,1470,2020-01-02,2025-11-19,2025-11-20,2025-11-20,6,2,82,daily,2
21,xgboost,1,0.0,1.0,1,0,1,0.0,1.0,1470,2019-12-31,2025-11-18,2025-11-19,2025-11-19,6,2,82,daily,2
21,random_forest,1,0.3,1.0,1,0,1,0.0,1.0,1470,2019-12-31,2025-11-18,2025-11-19,2025-11-19,6,2,82,daily,2
22,xgboost,1,0.45,1.0,1,0,1,0.0,1.0,1470,2019-12-30,2025-11-17,2025-11-18,2025-11-18,6,2,82,daily,2
22,random_forest,1,0.4,1.0,1,0,1,0.0,1.0,1470,2019-12-30,2025-11-17,2025-11-18,2025-11-18,6,2,82,daily,2
23,xgboost,1,0.45,1.0,1,0,1,0.0,1.0,1470,2019-12-27,2025-11-14,2025-11-17,2025-11-17,6,2,82,daily,2
23,random_forest,1,0.35,1.0,1,0,1,0.0,1.0,1470,2019-12-27,2025-11-14,2025-11-17,2025-11-17,6,2,82,daily,2
24,xgboost,1,0.0,1.0,1,0,1,0.0,1.0,1470,2019-12-26,2025-11-13,2025-11-14,2025-11-14,6,2,82,daily,2
24,random_forest,1,0.4,1.0,1,0,1,0.0,1.0,1470,2019-12-26,2025-11-13,2025-11-14,2025-11-14,6,2,82,daily,2
25,xgboost,1,0.05,1.0,1,0,1,0.0,1.0,1470,2019-12-23,2025-11-12,2025-11-13,2025-11-13,6,2,82,daily,2
25,random_forest,1,0.45,1.0,1,0,1,0.0,1.0,1470,2019-12-23,2025-11-12,2025-11-13,2025-11-13,6,2,82,daily,2
26,xgboost,1,0.2,1.0,1,0,1,0.0,1.0,1470,2019-12-20,2025-11-11,2025-11-12,2025-11-12,6,2,82,daily,2
26,random_forest,1,0.4,1.0,1,0,1,0.0,1.0,1470,2019-12-20,2025-11-11,2025-11-12,2025-11-12,6,2,82,daily,2
27,xgboost,1,0.85,0.0,1,0,1,0.0,1.0,1470,2019-12-19,2025-11-10,2025-11-11,2025-11-11,6,2,82,daily,2
27,random_forest,1,0.5,1.0,1,0,1,0.0,1.0,1470,2019-12-19,2025-11-10,2025-11-11,2025-11-11,6,2,82,daily,2
28,xgboost,1,0.65,0.0,1,0,1,0.0,1.0,1470,2019-12-18,2025-11-07,2025-11-10,2025-11-10,6,2,82,daily,2
28,random_forest,1,0.55,0.0,1,0,1,0.0,1.0,1470,2019-12-18,2025-11-07,2025-11-10,2025-11-10,6,2,82,daily,2
29,xgboost,1,1.0,1.0,1,1,0,1.0,0.0,1470,2019-12-17,2025-11-06,2025-11-07,2025-11-07,6,2,82,daily,2
29,random_forest,1,0.65,1.0,1,1,0,1.0,0.0,1470,2019-12-17,2025-11-06,2025-11-07,2025-11-07,6,2,82,daily,2
30,xgboost,1,0.15,0.0,1,1,0,1.0,0.0,1470,2019-12-16,2025-11-05,2025-11-06,2025-11-06,6,2,82,daily,2
30,random_forest,1,0.45,0.0,1,1,0,1.0,0.0,1470,2019-12-16,2025-11-05,2025-11-06,2025-11-06,6,2,82,daily,2
31,xgboost,1,0.05,1.0,1,0,1,0.0,1.0,1470,2019-12-13,2025-11-04,2025-11-05,2025-11-05,6,2,82,daily,2
31,random_forest,1,0.45,1.0,1,0,1,0.0,1.0,1470,2019-12-13,2025-11-04,2025-11-05,2025-11-05,6,2,82,daily,2
32,xgboost,1,0.4,1.0,1,0,1,0.0,1.0,1470,2019-12-12,2025-11-03,2025-11-04,2025-11-04,6,2,82,daily,2
32,random_forest,1,0.5,0.0,1,0,1,0.0,1.0,1470,2019-12-12,2025-11-03,2025-11-04,2025-11-04,6,2,82,daily,2
33,xgboost,1,0.15,1.0,1,0,1,0.0,1.0,1470,2019-12-11,2025-10-31,2025-11-03,2025-11-03,6,2,82,daily,2
33,random_forest,1,0.5,1.0,1,0,1,0.0,1.0,1470,2019-12-11,2025-10-31,2025-11-03,2025-11-03,6,2,82,daily,2
34,xgboost,1,0.5,0.0,1,0,1,0.0,1.0,1470,2019-12-10,2025-10-30,2025-10-31,2025-10-31,6,2,82,daily,2
34,random_forest,1,0.55,0.0,1,0,1,0.0,1.0,1470,2019-12-10,2025-10-30,2025-10-31,2025-10-31,6,2,82,daily,2
35,xgboost,1,0.7,1.0,1,1,0,1.0,0.0,1470,2019-12-09,2025-10-29,2025-10-30,2025-10-30,6,2,82,daily,2
35,random_forest,1,0.5,1.0,1,1,0,1.0,0.0,1470,2019-12-09,2025-10-29,2025-10-30,2025-10-30,6,2,82,daily,2
36,xgboost,1,0.4,1.0,1,0,1,0.0,1.0,1470,2019-12-06,2025-10-28,2025-10-29,2025-10-29,6,2,82,daily,2
36,random_forest,1,0.4,1.0,1,0,1,0.0,1.0,1470,2019-12-06,2025-10-28,2025-10-29,2025-10-29,6,2,82,daily,2
37,xgboost,1,0.65,0.0,1,0,1,0.0,1.0,1470,2019-12-05,2025-10-27,2025-10-28,2025-10-28,6,2,82,daily,2
37,random_forest,1,0.6,0.0,1,0,1,0.0,1.0,1470,2019-12-05,2025-10-27,2025-10-28,2025-10-28,6,2,82,daily,2
38,xgboost,1,0.85,1.0,1,1,0,1.0,0.0,1470,2019-12-04,2025-10-24,2025-10-27,2025-10-27,6,2,82,daily,2
38,random_forest,1,0.65,1.0,1,1,0,1.0,0.0,1470,2019-12-04,2025-10-24,2025-10-27,2025-10-27,6,2,82,daily,2
39,xgboost,1,0.55,1.0,1,1,0,1.0,0.0,1470,2019-12-03,2025-10-23,2025-10-24,2025-10-24,6,2,82,daily,2
39,random_forest,1,0.6,1.0,1,1,0,1.0,0.0,1470,2019-12-03,2025-10-23,2025-10-24,2025-10-24,6,2,82,daily,2
40,xgboost,1,0.3,0.0,1,1,0,1.0,0.0,1470,2019-12-02,2025-10-22,2025-10-23,2025-10-23,6,2,82,daily,2
40,random_forest,1,0.4,0.0,1,1,0,1.0,0.0,1470,2019-12-02,2025-10-22,2025-10-23,2025-10-23,6,2,82,daily,2
41,xgboost,1,0.0,0.0,1,1,0,1.0,0.0,1470,2019-11-27,2025-10-21,2025-10-22,2025-10-22,6,2,82,daily,2
41,random_forest,1,0.5,0.0,1,1,0,1.0,0.0,1470,2019-11-27,2025-10-21,2025-10-22,2025-10-22,6,2,82,daily,2
42,xgboost,1,0.3,1.0,1,0,1,0.0,1.0,1470,2019-11-26,2025-10-20,2025-10-21,2025-10-21,6,2,82,daily,2
42,random_forest,1,0.45,1.0,1,0,1,0.0,1.0,1470,2019-11-26,2025-10-20,2025-10-21,2025-10-21,6,2,82,daily,2
43,xgboost,1,0.95,0.0,1,0,1,0.0,1.0,1470,2019-11-25,2025-10-17,2025-10-20,2025-10-20,6,2,82,daily,2
43,random_forest,1,0.7,0.0,1,0,1,0.0,1.0,1470,2019-11-25,2025-10-17,2025-10-20,2025-10-20,6,2,82,daily,2
44,xgboost,1,1.0,1.0,1,1,0,1.0,0.0,1470,2019-11-22,2025-10-16,2025-10-17,2025-10-17,6,2,82,daily,2
44,random_forest,1,0.75,1.0,1,1,0,1.0,0.0,1470,2019-11-22,2025-10-16,2025-10-17,2025-10-17,6,2,82,daily,2
45,xgboost,1,0.95,1.0,1,1,0,1.0,0.0,1470,2019-11-21,2025-10-15,2025-10-16,2025-10-16,6,2,82,daily,2
45,random_forest,1,0.65,1.0,1,1,0,1.0,0.0,1470,2019-11-21,2025-10-15,2025-10-16,2025-10-16,6,2,82,daily,2
46,xgboost,1,1.0,1.0,1,1,0,1.0,0.0,1470,2019-11-20,2025-10-14,2025-10-15,2025-10-15,6,2,82,daily,2
46,random_forest,1,0.7,1.0,1,1,0,1.0,0.0,1470,2019-11-20,2025-10-14,2025-10-15,2025-10-15,6,2,82,daily,2
47,xgboost,1,0.85,1.0,1,1,0,1.0,0.0,1470,2019-11-19,2025-10-13,2025-10-14,2025-10-14,6,2,82,daily,2
47,random_forest,1,0.6,1.0,1,1,0,1.0,0.0,1470,2019-11-19,2025-10-13,2025-10-14,2025-10-14,6,2,82,daily,2
48,xgboost,1,0.95,1.0,1,1,0,1.0,0.0,1470,2019-11-18,2025-10-10,2025-10-13,2025-10-13,6,2,82,daily,2
48,random_forest,1,0.65,1.0,1,1,0,1.0,0.0,1470,2019-11-18,2025-10-10,2025-10-13,2025-10-13,6,2,82,daily,2
49,xgboost,1,0.15,0.0,1,1,0,1.0,0.0,1470,2019-11-15,2025-10-09,2025-10-10,2025-10-10,6,2,82,daily,2
49,random_forest,1,0.5,0.0,1,1,0,1.0,0.0,1470,2019-11-15,2025-10-09,2025-10-10,2025-10-10,6,2,82,daily,2
50,xgboost,1,0.15,1.0,1,0,1,0.0,1.0,1470,2019-11-14,2025-10-08,2025-10-09,2025-10-09,6,2,82,daily,2
50,random_forest,1,0.6,0.0,1,0,1,0.0,1.0,1470,2019-11-14,2025-10-08,2025-10-09,2025-10-09,6,2,82,daily,2
51,xgboost,1,0.85,0.0,1,0,1,0.0,1.0,1470,2019-11-13,2025-10-07,2025-10-08,2025-10-08,6,2,82,daily,2
51,random_forest,1,0.7,0.0,1,0,1,0.0,1.0,1470,2019-11-13,2025-10-07,2025-10-08,2025-10-08,6,2,82,daily,2
52,xgboost,1,0.4,0.0,1,1,0,1.0,0.0,1470,2019-11-12,2025-10-06,2025-10-07,2025-10-07,6,2,82,daily,2
52,random_forest,1,0.6,1.0,1,1,0,1.0,0.0,1470,2019-11-12,2025-10-06,2025-10-07,2025-10-07,6,2,82,daily,2
53,xgboost,1,0.65,1.0,1,1,0,1.0,0.0,1470,2019-11-11,2025-10-03,2025-10-06,2025-10-06,6,2,82,daily,2
53,random_forest,1,0.65,1.0,1,1,0,1.0,0.0,1470,2019-11-11,2025-10-03,2025-10-06,2025-10-06,6,2,82,daily,2
54,xgboost,1,0.45,0.0,1,1,0,1.0,0.0,1470,2019-11-08,2025-10-02,2025-10-03,2025-10-03,6,2,82,daily,2
54,random_forest,1,0.55,1.0,1,1,0,1.0,0.0,1470,2019-11-08,2025-10-02,2025-10-03,2025-10-03,6,2,82,daily,2
55,xgboost,1,0.05,0.0,1,1,0,1.0,0.0,1470,2019-11-07,2025-10-01,2025-10-02,2025-10-02,6,2,82,daily,2
55,random_forest,1,0.4,0.0,1,1,0,1.0,0.0,1470,2019-11-07,2025-10-01,2025-10-02,2025-10-02,6,2,82,daily,2
56,xgboost,1,0.1,1.0,1,0,1,0.0,1.0,1470,2019-11-06,2025-09-30,2025-10-01,2025-10-01,6,2,82,daily,2
56,random_forest,1,0.6,0.0,1,0,1,0.0,1.0,1470,2019-11-06,2025-09-30,2025-10-01,2025-10-01,6,2,82,daily,2
57,xgboost,1,0.5,1.0,1,1,0,1.0,0.0,1470,2019-11-05,2025-09-29,2025-09-30,2025-09-30,6,2,82,daily,2
57,random_forest,1,0.6,1.0,1,1,0,1.0,0.0,1470,2019-11-05,2025-09-29,2025-09-30,2025-09-30,6,2,82,daily,2
58,xgboost,1,0.7,1.0,1,1,0,1.0,0.0,1470,2019-11-04,2025-09-26,2025-09-29,2025-09-29,6,2,82,daily,2
58,random_forest,1,0.55,1.0,1,1,0,1.0,0.0,1470,2019-11-04,2025-09-26,2025-09-29,2025-09-29,6,2,82,daily,2
59,xgboost,1,0.35,0.0,1,1,0,1.0,0.0,1470,2019-11-01,2025-09-25,2025-09-26,2025-09-26,6,2,82,daily,2
59,random_forest,1,0.45,0.0,1,1,0,1.0,0.0,1470,2019-11-01,2025-09-25,2025-09-26,2025-09-26,6,2,82,daily,2
60,xgboost,1,0.15,0.0,1,1,0,1.0,0.0,1470,2019-10-31,2025-09-24,2025-09-25,2025-09-25,6,2,82,daily,2
60,random_forest,1,0.4,0.0,1,1,0,1.0,0.0,1470,2019-10-31,2025-09-24,2025-09-25,2025-09-25,6,2,82,daily,2
61,xgboost,1,1.0,0.0,1,0,1,0.0,1.0,1470,2019-10-30,2025-09-23,2025-09-24,2025-09-24,6,2,82,daily,2
61,random_forest,1,0.5,0.0,1,0,1,0.0,1.0,1470,2019-10-30,2025-09-23,2025-09-24,2025-09-24,6,2,82,daily,2
62,xgboost,1,0.55,0.0,1,0,1,0.0,1.0,1470,2019-10-29,2025-09-22,2025-09-23,2025-09-23,6,2,82,daily,2
62,random_forest,1,0.55,0.0,1,0,1,0.0,1.0,1470,2019-10-29,2025-09-22,2025-09-23,2025-09-23,6,2,82,daily,2
63,xgboost,1,0.1,1.0,1,0,1,0.0,1.0,1470,2019-10-28,2025-09-19,2025-09-22,2025-09-22,6,2,82,daily,2
63,random_forest,1,0.4,1.0,1,0,1,0.0,1.0,1470,2019-10-28,2025-09-19,2025-09-22,2025-09-22,6,2,82,daily,2
64,xgboost,1,0.95,0.0,1,0,1,0.0,1.0,1470,2019-10-25,2025-09-18,2025-09-19,2025-09-19,6,2,82,daily,2
64,random_forest,1,0.7,0.0,1,0,1,0.0,1.0,1470,2019-10-25,2025-09-18,2025-09-19,2025-09-19,6,2,82,daily,2
65,xgboost,1,1.0,1.0,1,1,0,1.0,0.0,1470,2019-10-24,2025-09-17,2025-09-18,2025-09-18,6,2,82,daily,2
65,random_forest,1,0.75,1.0,1,1,0,1.0,0.0,1470,2019-10-24,2025-09-17,2025-09-18,2025-09-18,6,2,82,daily,2
66,xgboost,1,1.0,1.0,1,1,0,1.0,0.0,1470,2019-10-23,2025-09-16,2025-09-17,2025-09-17,6,2,82,daily,2
66,random_forest,1,0.7,1.0,1,1,0,1.0,0.0,1470,2019-10-23,2025-09-16,2025-09-17,2025-09-17,6,2,82,daily,2
67,xgboost,1,0.9,1.0,1,1,0,1.0,0.0,1470,2019-10-22,2025-09-15,2025-09-16,2025-09-16,6,2,82,daily,2
67,random_forest,1,0.5,1.0,1,1,0,1.0,0.0,1470,2019-10-22,2025-09-15,2025-09-16,2025-09-16,6,2,82,daily,2
68,xgboost,1,0.9,0.0,1,0,1,0.0,1.0,1470,2019-10-21,2025-09-12,2025-09-15,2025-09-15,6,2,82,daily,2
68,random_forest,1,0.6,0.0,1,0,1,0.0,1.0,1470,2019-10-21,2025-09-12,2025-09-15,2025-09-15,6,2,82,daily,2
69,xgboost,1,1.0,1.0,1,1,0,1.0,0.0,1470,2019-10-18,2025-09-11,2025-09-12,2025-09-12,6,2,82,daily,2
69,random_forest,1,0.65,1.0,1,1,0,1.0,0.0,1470,2019-10-18,2025-09-11,2025-09-12,2025-09-12,6,2,82,daily,2
70,xgboost,1,0.75,1.0,1,1,0,1.0,0.0,1470,2019-10-17,2025-09-10,2025-09-11,2025-09-11,6,2,82,daily,2
70,random_forest,1,0.6,1.0,1,1,0,1.0,0.0,1470,2019-10-17,2025-09-10,2025-09-11,2025-09-11,6,2,82,daily,2
71,xgboost,1,0.35,0.0,1,1,0,1.0,0.0,1470,2019-10-16,2025-09-09,2025-09-10,2025-09-10,6,2,82,daily,2
71,random_forest,1,0.65,1.0,1,1,0,1.0,0.0,1470,2019-10-16,2025-09-09,2025-09-10,2025-09-10,6,2,82,daily,2
72,xgboost,1,1.0,1.0,1,1,0,1.0,0.0,1470,2019-10-15,2025-09-08,2025-09-09,2025-09-09,6,2,82,daily,2
72,random_forest,1,0.7,1.0,1,1,0,1.0,0.0,1470,2019-10-15,2025-09-08,2025-09-09,2025-09-09,6,2,82,daily,2
73,xgboost,1,0.85,1.0,1,1,0,1.0,0.0,1470,2019-10-14,2025-09-05,2025-09-08,2025-09-08,6,2,82,daily,2
73,random_forest,1,0.7,1.0,1,1,0,1.0,0.0,1470,2019-10-14,2025-09-05,2025-09-08,2025-09-08,6,2,82,daily,2
74,xgboost,1,1.0,1.0,1,1,0,1.0,0.0,1470,2019-10-11,2025-09-04,2025-09-05,2025-09-05,6,2,82,daily,2
74,random_forest,1,0.6,1.0,1,1,0,1.0,0.0,1470,2019-10-11,2025-09-04,2025-09-05,2025-09-05,6,2,82,daily,2
75,xgboost,1,0.95,1.0,1,1,0,1.0,0.0,1470,2019-10-10,2025-09-03,2025-09-04,2025-09-04,6,2,82,daily,2
75,random_forest,1,0.6,1.0,1,1,0,1.0,0.0,1470,2019-10-10,2025-09-03,2025-09-04,2025-09-04,6,2,82,daily,2
76,xgboost,1,0.45,0.0,1,1,0,1.0,0.0,1470,2019-10-09,2025-09-02,2025-09-03,2025-09-03,6,2,82,daily,2
76,random_forest,1,0.5,0.0,1,1,0,1.0,0.0,1470,2019-10-09,2025-09-02,2025-09-03,2025-09-03,6,2,82,daily,2
77,xgboost,1,0.5,0.0,1,1,0,1.0,0.0,1470,2019-10-08,2025-08-29,2025-09-02,2025-09-02,6,2,82,daily,2
77,random_forest,1,0.45,0.0,1,1,0,1.0,0.0,1470,2019-10-08,2025-08-29,2025-09-02,2025-09-02,6,2,82,daily,2
78,xgboost,1,0.25,1.0,1,0,1,0.0,1.0,1470,2019-10-07,2025-08-28,2025-08-29,2025-08-29,6,2,82,daily,2
78,random_forest,1,0.45,1.0,1,0,1,0.0,1.0,1470,2019-10-07,2025-08-28,2025-08-29,2025-08-29,6,2,82,daily,2
79,xgboost,1,0.4,1.0,1,0,1,0.0,1.0,1470,2019-10-04,2025-08-27,2025-08-28,2025-08-28,6,2,82,daily,2
79,random_forest,1,0.45,1.0,1,0,1,0.0,1.0,1470,2019-10-04,2025-08-27,2025-08-28,2025-08-28,6,2,82,daily,2
80,xgboost,1,0.95,0.0,1,0,1,0.0,1.0,1470,2019-10-03,2025-08-26,2025-08-27,2025-08-27,6,2,82,daily,2
80,random_forest,1,0.6,0.0,1,0,1,0.0,1.0,1470,2019-10-03,2025-08-26,2025-08-27,2025-08-27,6,2,82,daily,2
81,xgboost,1,1.0,1.0,1,1,0,1.0,0.0,1470,2019-10-02,2025-08-25,2025-08-26,2025-08-26,6,2,82,daily,2
81,random_forest,1,0.6,1.0,1,1,0,1.0,0.0,1470,2019-10-02,2025-08-25,2025-08-26,2025-08-26,6,2,82,daily,2
82,xgboost,1,0.85,1.0,1,1,0,1.0,0.0,1470,2019-10-01,2025-08-22,2025-08-25,2025-08-25,6,2,82,daily,2
82,random_forest,1,0.6,1.0,1,1,0,1.0,0.0,1470,2019-10-01,2025-08-22,2025-08-25,2025-08-25,6,2,82,daily,2
83,xgboost,1,0.8,1.0,1,1,0,1.0,0.0,1470,2019-09-30,2025-08-21,2025-08-22,2025-08-22,6,2,82,daily,2
83,random_forest,1,0.5,1.0,1,1,0,1.0,0.0,1470,2019-09-30,2025-08-21,2025-08-22,2025-08-22,6,2,82,daily,2
84,xgboost,1,1.0,1.0,1,1,0,1.0,0.0,1470,2019-09-27,2025-08-20,2025-08-21,2025-08-21,6,2,82,daily,2
84,random_forest,1,0.75,1.0,1,1,0,1.0,0.0,1470,2019-09-27,2025-08-20,2025-08-21,2025-08-21,6,2,82,daily,2
85,xgboost,1,0.95,1.0,1,1,0,1.0,0.0,1470,2019-09-26,2025-08-19,2025-08-20,2025-08-20,6,2,82,daily,2
85,random_forest,1,0.65,1.0,1,1,0,1.0,0.0,1470,2019-09-26,2025-08-19,2025-08-20,2025-08-20,6,2,82,daily,2
86,xgboost,1,0.4,1.0,1,0,1,0.0,1.0,1470,2019-09-25,2025-08-18,2025-08-19,2025-08-19,6,2,82,daily,2
86,random_forest,1,0.5,0.0,1,0,1,0.0,1.0,1470,2019-09-25,2025-08-18,2025-08-19,2025-08-19,6,2,82,daily,2
87,xgboost,1,0.5,1.0,1,0,1,0.0,1.0,1470,2019-09-24,2025-08-15,2025-08-18,2025-08-18,6,2,82,daily,2
87,random_forest,1,0.55,0.0,1,0,1,0.0,1.0,1470,2019-09-24,2025-08-15,2025-08-18,2025-08-18,6,2,82,daily,2
88,xgboost,1,0.6,0.0,1,0,1,0.0,1.0,1470,2019-09-23,2025-08-14,2025-08-15,2025-08-15,6,2,82,daily,2
88,random_forest,1,0.5,1.0,1,0,1,0.0,1.0,1470,2019-09-23,2025-08-14,2025-08-15,2025-08-15,6,2,82,daily,2
89,xgboost,1,0.65,0.0,1,0,1,0.0,1.0,1470,2019-09-20,2025-08-13,2025-08-14,2025-08-14,6,2,82,daily,2
89,random_forest,1,0.6,0.0,1,0,1,0.0,1.0,1470,2019-09-20,2025-08-13,2025-08-14,2025-08-14,6,2,82,daily,2
90,xgboost,1,0.7,0.0,1,0,1,0.0,1.0,1470,2019-09-19,2025-08-12,2025-08-13,2025-08-13,6,2,82,daily,2
90,random_forest,1,0.55,0.0,1,0,1,0.0,1.0,1470,2019-09-19,2025-08-12,2025-08-13,2025-08-13,6,2,82,daily,2
91,xgboost,1,1.0,0.0,1,0,1,0.0,1.0,1470,2019-09-18,2025-08-11,2025-08-12,2025-08-12,6,2,82,daily,2
91,random_forest,1,0.75,0.0,1,0,1,0.0,1.0,1470,2019-09-18,2025-08-11,2025-08-12,2025-08-12,6,2,82,daily,2
92,xgboost,1,1.0,1.0,1,1,0,1.0,0.0,1470,2019-09-17,2025-08-08,2025-08-11,2025-08-11,6,2,82,daily,2
92,random_forest,1,0.65,1.0,1,1,0,1.0,0.0,1470,2019-09-17,2025-08-08,2025-08-11,2025-08-11,6,2,82,daily,2
93,xgboost,1,1.0,1.0,1,1,0,1.0,0.0,1470,2019-09-16,2025-08-07,2025-08-08,2025-08-08,6,2,82,daily,2
93,random_forest,1,0.7,1.0,1,1,0,1.0,0.0,1470,2019-09-16,2025-08-07,2025-08-08,2025-08-08,6,2,82,daily,2
94,xgboost,1,0.95,1.0,1,1,0,1.0,0.0,1470,2019-09-13,2025-08-06,2025-08-07,2025-08-07,6,2,82,daily,2
94,random_forest,1,0.7,1.0,1,1,0,1.0,0.0,1470,2019-09-13,2025-08-06,2025-08-07,2025-08-07,6,2,82,daily,2
95,xgboost,1,0.95,1.0,1,1,0,1.0,0.0,1470,2019-09-12,2025-08-05,2025-08-06,2025-08-06,6,2,82,daily,2
95,random_forest,1,0.7,1.0,1,1,0,1.0,0.0,1470,2019-09-12,2025-08-05,2025-08-06,2025-08-06,6,2,82,daily,2
96,xgboost,1,0.15,0.0,1,1,0,1.0,0.0,1470,2019-09-11,2025-08-04,2025-08-05,2025-08-05,6,2,82,daily,2
96,random_forest,1,0.6,1.0,1,1,0,1.0,0.0,1470,2019-09-11,2025-08-04,2025-08-05,2025-08-05,6,2,82,daily,2
97,xgboost,1,0.8,1.0,1,1,0,1.0,0.0,1470,2019-09-10,2025-08-01,2025-08-04,2025-08-04,6,2,82,daily,2
97,random_forest,1,0.7,1.0,1,1,0,1.0,0.0,1470,2019-09-10,2025-08-01,2025-08-04,2025-08-04,6,2,82,daily,2
98,xgboost,1,0.9,1.0,1,1,0,1.0,0.0,1470,2019-09-09,2025-07-31,2025-08-01,2025-08-01,6,2,82,daily,2
98,random_forest,1,0.6,1.0,1,1,0,1.0,0.0,1470,2019-09-09,2025-07-31,2025-08-01,2025-08-01,6,2,82,daily,2
99,xgboost,1,1.0,0.0,1,0,1,0.0,1.0,1470,2019-09-06,2025-07-30,2025-07-31,2025-07-31,6,2,82,daily,2
99,random_forest,1,0.6,0.0,1,0,1,0.0,1.0,1470,2019-09-06,2025-07-30,2025-07-31,2025-07-31,6,2,82,daily,2
100,xgboost,1,0.3,1.0,1,0,1,0.0,1.0,1470,2019-09-05,2025-07-29,2025-07-30,2025-07-30,6,2,82,daily,2
100,random_forest,1,0.5,0.0,1,0,1,0.0,1.0,1470,2019-09-05,2025-07-29,2025-07-30,2025-07-30,6,2,82,daily,2
101,xgboost,1,0.05,1.0,1,0,1,0.0,1.0,1470,2019-09-04,2025-07-28,2025-07-29,2025-07-29,6,2,82,daily,2
101,random_forest,1,0.6,0.0,1,0,1,0.0,1.0,1470,2019-09-04,2025-07-28,2025-07-29,2025-07-29,6,2,82,daily,2
102,xgboost,1,0.95,0.0,1,0,1,0.0,1.0,1470,2019-09-03,2025-07-25,2025-07-28,2025-07-28,6,2,82,daily,2
102,random_forest,1,0.65,0.0,1,0,1,0.0,1.0,1470,2019-09-03,2025-07-25,2025-07-28,2025-07-28,6,2,82,daily,2
103,xgboost,1,1.0,1.0,1,1,0,1.0,0.0,1470,2019-08-30,2025-07-24,2025-07-25,2025-07-25,6,2,82,daily,2
103,random_forest,1,0.6,1.0,1,1,0,1.0,0.0,1470,2019-08-30,2025-07-24,2025-07-25,2025-07-25,6,2,82,daily,2
104,xgboost,1,1.0,1.0,1,1,0,1.0,0.0,1470,2019-08-29,2025-07-23,2025-07-24,2025-07-24,6,2,82,daily,2
104,random_forest,1,0.7,1.0,1,1,0,1.0,0.0,1470,2019-08-29,2025-07-23,2025-07-24,2025-07-24,6,2,82,daily,2
105,xgboost,1,0.9,1.0,1,1,0,1.0,0.0,1470,2019-08-28,2025-07-22,2025-07-23,2025-07-23,6,2,82,daily,2
105,random_forest,1,0.65,1.0,1,1,0,1.0,0.0,1470,2019-08-28,2025-07-22,2025-07-23,2025-07-23,6,2,82,daily,2
106,xgboost,1,1.0,1.0,1,1,0,1.0,0.0,1470,2019-08-27,2025-07-21,2025-07-22,2025-07-22,6,2,82,daily,2
106,random_forest,1,0.7,1.0,1,1,0,1.0,0.0,1470,2019-08-27,2025-07-21,2025-07-22,2025-07-22,6,2,82,daily,2
107,xgboost,1,0.95,0.0,1,0,1,0.0,1.0,1470,2019-08-26,2025-07-18,2025-07-21,2025-07-21,6,2,82,daily,2
107,random_forest,1,0.7,0.0,1,0,1,0.0,1.0,1470,2019-08-26,2025-07-18,2025-07-21,2025-07-21,6,2,82,daily,2
108,xgboost,1,1.0,0.0,1,0,1,0.0,1.0,1470,2019-08-23,2025-07-17,2025-07-18,2025-07-18,6,2,82,daily,2
108,random_forest,1,0.8,0.0,1,0,1,0.0,1.0,1470,2019-08-23,2025-07-17,2025-07-18,2025-07-18,6,2,82,daily,2
109,xgboost,1,0.95,1.0,1,1,0,1.0,0.0,1470,2019-08-22,2025-07-16,2025-07-17,2025-07-17,6,2,82,daily,2
109,random_forest,1,0.65,1.0,1,1,0,1.0,0.0,1470,2019-08-22,2025-07-16,2025-07-17,2025-07-17,6,2,82,daily,2
110,xgboost,1,1.0,1.0,1,1,0,1.0,0.0,1470,2019-08-21,2025-07-15,2025-07-16,2025-07-16,6,2,82,daily,2
110,random_forest,1,0.7,1.0,1,1,0,1.0,0.0,1470,2019-08-21,2025-07-15,2025-07-16,2025-07-16,6,2,82,daily,2
111,xgboost,1,0.9,1.0,1,1,0,1.0,0.0,1470,2019-08-20,2025-07-14,2025-07-15,2025-07-15,6,2,82,daily,2
111,random_forest,1,0.7,1.0,1,1,0,1.0,0.0,1470,2019-08-20,2025-07-14,2025-07-15,2025-07-15,6,2,82,daily,2
112,xgboost,1,1.0,1.0,1,1,0,1.0,0.0,1470,2019-08-19,2025-07-11,2025-07-14,2025-07-14,6,2,82,daily,2
112,random_forest,1,0.75,1.0,1,1,0,1.0,0.0,1470,2019-08-19,2025-07-11,2025-07-14,2025-07-14,6,2,82,daily,2
113,xgboost,1,1.0,1.0,1,1,0,1.0,0.0,1470,2019-08-16,2025-07-10,2025-07-11,2025-07-11,6,2,82,daily,2
113,random_forest,1,0.8,1.0,1,1,0,1.0,0.0,1470,2019-08-16,2025-07-10,2025-07-11,2025-07-11,6,2,82,daily,2
114,xgboost,1,0.8,1.0,1,1,0,1.0,0.0,1470,2019-08-15,2025-07-09,2025-07-10,2025-07-10,6,2,82,daily,2
114,random_forest,1,0.65,1.0,1,1,0,1.0,0.0,1470,2019-08-15,2025-07-09,2025-07-10,2025-07-10,6,2,82,daily,2
115,xgboost,1,1.0,0.0,1,0,1,0.0,1.0,1470,2019-08-14,2025-07-08,2025-07-09,2025-07-09,6,2,82,daily,2
115,random_forest,1,0.75,0.0,1,0,1,0.0,1.0,1470,2019-08-14,2025-07-08,2025-07-09,2025-07-09,6,2,82,daily,2
116,xgboost,1,0.95,1.0,1,1,0,1.0,0.0,1470,2019-08-13,2025-07-07,2025-07-08,2025-07-08,6,2,82,daily,2
116,random_forest,1,0.75,1.0,1,1,0,1.0,0.0,1470,2019-08-13,2025-07-07,2025-07-08,2025-07-08,6,2,82,daily,2
117,xgboost,1,0.6,1.0,1,1,0,1.0,0.0,1470,2019-08-12,2025-07-02,2025-07-07,2025-07-07,6,2,82,daily,2
117,random_forest,1,0.65,1.0,1,1,0,1.0,0.0,1470,2019-08-12,2025-07-02,2025-07-07,2025-07-07,6,2,82,daily,2
118,xgboost,1,1.0,1.0,1,1,0,1.0,0.0,1470,2019-08-09,2025-07-01,2025-07-02,2025-07-02,6,2,82,daily,2
118,random_forest,1,0.55,1.0,1,1,0,1.0,0.0,1470,2019-08-09,2025-07-01,2025-07-02,2025-07-02,6,2,82,daily,2
119,xgboost,1,0.65,1.0,1,1,0,1.0,0.0,1470,2019-08-08,2025-06-30,2025-07-01,2025-07-01,6,2,82,daily,2
119,random_forest,1,0.55,1.0,1,1,0,1.0,0.0,1470,2019-08-08,2025-06-30,2025-07-01,2025-07-01,6,2,82,daily,2
120,xgboost,1,0.25,1.0,1,0,1,0.0,1.0,1470,2019-08-07,2025-06-27,2025-06-30,2025-06-30,6,2,82,daily,2
120,random_forest,1,0.5,0.0,1,0,1,0.0,1.0,1470,2019-08-07,2025-06-27,2025-06-30,2025-06-30,6,2,82,daily,2
121,xgboost,1,1.0,0.0,1,0,1,0.0,1.0,1470,2019-08-06,2025-06-26,2025-06-27,2025-06-27,6,2,82,daily,2
121,random_forest,1,0.75,0.0,1,0,1,0.0,1.0,1470,2019-08-06,2025-06-26,2025-06-27,2025-06-27,6,2,82,daily,2
122,xgboost,1,1.0,1.0,1,1,0,1.0,0.0,1470,2019-08-05,2025-06-25,2025-06-26,2025-06-26,6,2,82,daily,2
122,random_forest,1,0.75,1.0,1,1,0,1.0,0.0,1470,2019-08-05,2025-06-25,2025-06-26,2025-06-26,6,2,82,daily,2
123,xgboost,1,1.0,1.0,1,1,0,1.0,0.0,1470,2019-08-02,2025-06-24,2025-06-25,2025-06-25,6,2,82,daily,2
123,random_forest,1,0.7,1.0,1,1,0,1.0,0.0,1470,2019-08-02,2025-06-24,2025-06-25,2025-06-25,6,2,82,daily,2
124,xgboost,1,0.95,1.0,1,1,0,1.0,0.0,1470,2019-08-01,2025-06-23,2025-06-24,2025-06-24,6,2,82,daily,2
124,random_forest,1,0.6,1.0,1,1,0,1.0,0.0,1470,2019-08-01,2025-06-23,2025-06-24,2025-06-24,6,2,82,daily,2
125,xgboost,1,0.55,1.0,1,1,0,1.0,0.0,1470,2019-07-31,2025-06-20,2025-06-23,2025-06-23,6,2,82,daily,2
125,random_forest,1,0.6,1.0,1,1,0,1.0,0.0,1470,2019-07-31,2025-06-20,2025-06-23,2025-06-23,6,2,82,daily,2
126,xgboost,1,0.85,1.0,1,1,0,1.0,0.0,1470,2019-07-30,2025-06-18,2025-06-20,2025-06-20,6,2,82,daily,2
126,random_forest,1,0.6,1.0,1,1,0,1.0,0.0,1470,2019-07-30,2025-06-18,2025-06-20,2025-06-20,6,2,82,daily,2
127,xgboost,1,0.45,0.0,1,1,0,1.0,0.0,1470,2019-07-29,2025-06-17,2025-06-18,2025-06-18,6,2,82,daily,2
127,random_forest,1,0.5,1.0,1,1,0,1.0,0.0,1470,2019-07-29,2025-06-17,2025-06-18,2025-06-18,6,2,82,daily,2
128,xgboost,1,0.15,1.0,1,0,1,0.0,1.0,1470,2019-07-26,2025-06-16,2025-06-17,2025-06-17,6,2,82,daily,2
128,random_forest,1,0.6,0.0,1,0,1,0.0,1.0,1470,2019-07-26,2025-06-16,2025-06-17,2025-06-17,6,2,82,daily,2
129,xgboost,1,1.0,0.0,1,0,1,0.0,1.0,1470,2019-07-25,2025-06-13,2025-06-16,2025-06-16,6,2,82,daily,2
129,random_forest,1,0.7,0.0,1,0,1,0.0,1.0,1470,2019-07-25,2025-06-13,2025-06-16,2025-06-16,6,2,82,daily,2
130,xgboost,1,1.0,1.0,1,1,0,1.0,0.0,1470,2019-07-24,2025-06-12,2025-06-13,2025-06-13,6,2,82,daily,2
130,random_forest,1,0.75,1.0,1,1,0,1.0,0.0,1470,2019-07-24,2025-06-12,2025-06-13,2025-06-13,6,2,82,daily,2
131,xgboost,1,0.95,1.0,1,1,0,1.0,0.0,1470,2019-07-23,2025-06-11,2025-06-12,2025-06-12,6,2,82,daily,2
131,random_forest,1,0.55,1.0,1,1,0,1.0,0.0,1470,2019-07-23,2025-06-11,2025-06-12,2025-06-12,6,2,82,daily,2
132,xgboost,1,0.9,0.0,1,0,1,0.0,1.0,1470,2019-07-22,2025-06-10,2025-06-11,2025-06-11,6,2,82,daily,2
132,random_forest,1,0.65,0.0,1,0,1,0.0,1.0,1470,2019-07-22,2025-06-10,2025-06-11,2025-06-11,6,2,82,daily,2
133,xgboost,1,1.0,0.0,1,0,1,0.0,1.0,1470,2019-07-19,2025-06-09,2025-06-10,2025-06-10,6,2,82,daily,2
133,random_forest,1,0.7,0.0,1,0,1,0.0,1.0,1470,2019-07-19,2025-06-09,2025-06-10,2025-06-10,6,2,82,daily,2
134,xgboost,1,0.95,1.0,1,1,0,1.0,0.0,1470,2019-07-18,2025-06-06,2025-06-09,2025-06-09,6,2,82,daily,2
134,random_forest,1,0.7,1.0,1,1,0,1.0,0.0,1470,2019-07-18,2025-06-06,2025-06-09,2025-06-09,6,2,82,daily,2
135,xgboost,1,0.95,1.0,1,1,0,1.0,0.0,1470,2019-07-17,2025-06-05,2025-06-06,2025-06-06,6,2,82,daily,2
135,random_forest,1,0.7,1.0,1,1,0,1.0,0.0,1470,2019-07-17,2025-06-05,2025-06-06,2025-06-06,6,2,82,daily,2
136,xgboost,1,0.95,1.0,1,1,0,1.0,0.0,1470,2019-07-16,2025-06-04,2025-06-05,2025-06-05,6,2,82,daily,2
136,random_forest,1,0.65,1.0,1,1,0,1.0,0.0,1470,2019-07-16,2025-06-04,2025-06-05,2025-06-05,6,2,82,daily,2
137,xgboost,1,0.2,0.0,1,1,0,1.0,0.0,1470,2019-07-15,2025-06-03,2025-06-04,2025-06-04,6,2,82,daily,2
137,random_forest,1,0.45,0.0,1,1,0,1.0,0.0,1470,2019-07-15,2025-06-03,2025-06-04,2025-06-04,6,2,82,daily,2
138,xgboost,1,0.6,0.0,1,0,1,0.0,1.0,1470,2019-07-12,2025-06-02,2025-06-03,2025-06-03,6,2,82,daily,2
138,random_forest,1,0.65,0.0,1,0,1,0.0,1.0,1470,2019-07-12,2025-06-02,2025-06-03,2025-06-03,6,2,82,daily,2
139,xgboost,1,0.95,1.0,1,1,0,1.0,0.0,1470,2019-07-11,2025-05-30,2025-06-02,2025-06-02,6,2,82,daily,2
139,random_forest,1,0.6,1.0,1,1,0,1.0,0.0,1470,2019-07-11,2025-05-30,2025-06-02,2025-06-02,6,2,82,daily,2
140,xgboost,1,1.0,1.0,1,1,0,1.0,0.0,1470,2019-07-10,2025-05-29,2025-05-30,2025-05-30,6,2,82,daily,2
140,random_forest,1,0.65,1.0,1,1,0,1.0,0.0,1470,2019-07-10,2025-05-29,2025-05-30,2025-05-30,6,2,82,daily,2
141,xgboost,1,0.65,1.0,1,1,0,1.0,0.0,1470,2019-07-09,2025-05-28,2025-05-29,2025-05-29,6,2,82,daily,2
141,random_forest,1,0.6,1.0,1,1,0,1.0,0.0,1470,2019-07-09,2025-05-28,2025-05-29,2025-05-29,6,2,82,daily,2
142,xgboost,1,0.7,1.0,1,1,0,1.0,0.0,1470,2019-07-08,2025-05-27,2025-05-28,2025-05-28,6,2,82,daily,2
142,random_forest,1,0.6,1.0,1,1,0,1.0,0.0,1470,2019-07-08,2025-05-27,2025-05-28,2025-05-28,6,2,82,daily,2
143,xgboost,1,0.75,0.0,1,0,1,0.0,1.0,1470,2019-07-05,2025-05-23,2025-05-27,2025-05-27,6,2,82,daily,2
143,random_forest,1,0.6,0.0,1,0,1,0.0,1.0,1470,2019-07-05,2025-05-23,2025-05-27,2025-05-27,6,2,82,daily,2
144,xgboost,1,0.95,1.0,1,1,0,1.0,0.0,1470,2019-07-02,2025-05-22,2025-05-23,2025-05-23,6,2,82,daily,2
144,random_forest,1,0.55,1.0,1,1,0,1.0,0.0,1470,2019-07-02,2025-05-22,2025-05-23,2025-05-23,6,2,82,daily,2
145,xgboost,1,0.05,0.0,1,1,0,1.0,0.0,1470,2019-07-01,2025-05-21,2025-05-22,2025-05-22,6,2,82,daily,2
145,random_forest,1,0.55,1.0,1,1,0,1.0,0.0,1470,2019-07-01,2025-05-21,2025-05-22,2025-05-22,6,2,82,daily,2
146,xgboost,1,0.7,0.0,1,0,1,0.0,1.0,1470,2019-06-28,2025-05-20,2025-05-21,2025-05-21,6,2,82,daily,2
146,random_forest,1,0.6,0.0,1,0,1,0.0,1.0,1470,2019-06-28,2025-05-20,2025-05-21,2025-05-21,6,2,82,daily,2
147,xgboost,1,0.05,1.0,1,0,1,0.0,1.0,1470,2019-06-27,2025-05-19,2025-05-20,2025-05-20,6,2,82,daily,2
147,random_forest,1,0.4,1.0,1,0,1,0.0,1.0,1470,2019-06-27,2025-05-19,2025-05-20,2025-05-20,6,2,82,daily,2
148,xgboost,1,0.05,1.0,1,0,1,0.0,1.0,1470,2019-06-26,2025-05-16,2025-05-19,2025-05-19,6,2,82,daily,2
148,random_forest,1,0.4,1.0,1,0,1,0.0,1.0,1470,2019-06-26,2025-05-16,2025-05-19,2025-05-19,6,2,82,daily,2
149,xgboost,1,0.45,1.0,1,0,1,0.0,1.0,1470,2019-06-25,2025-05-15,2025-05-16,2025-05-16,6,2,82,daily,2
149,random_forest,1,0.6,0.0,1,0,1,0.0,1.0,1470,2019-06-25,2025-05-15,2025-05-16,2025-05-16,6,2,82,daily,2
150,xgboost,1,0.9,1.0,1,1,0,1.0,0.0,1470,2019-06-24,2025-05-14,2025-05-15,2025-05-15,6,2,82,daily,2
150,random_forest,1,0.7,1.0,1,1,0,1.0,0.0,1470,2019-06-24,2025-05-14,2025-05-15,2025-05-15,6,2,82,daily,2
151,xgboost,1,0.25,0.0,1,1,0,1.0,0.0,1470,2019-06-21,2025-05-13,2025-05-14,2025-05-14,6,2,82,daily,2
151,random_forest,1,0.5,1.0,1,1,0,1.0,0.0,1470,2019-06-21,2025-05-13,2025-05-14,2025-05-14,6,2,82,daily,2
152,xgboost,1,0.35,0.0,1,1,0,1.0,0.0,1470,2019-06-20,2025-05-12,2025-05-13,2025-05-13,6,2,82,daily,2
152,random_forest,1,0.45,0.0,1,1,0,1.0,0.0,1470,2019-06-20,2025-05-12,2025-05-13,2025-05-13,6,2,82,daily,2
153,xgboost,1,0.1,0.0,1,1,0,1.0,0.0,1470,2019-06-19,2025-05-09,2025-05-12,2025-05-12,6,2,82,daily,2
153,random_forest,1,0.45,0.0,1,1,0,1.0,0.0,1470,2019-06-19,2025-05-09,2025-05-12,2025-05-12,6,2,82,daily,2
154,xgboost,1,1.0,1.0,1,1,0,1.0,0.0,1470,2019-06-18,2025-05-08,2025-05-09,2025-05-09,6,2,82,daily,2
154,random_forest,1,0.65,1.0,1,1,0,1.0,0.0,1470,2019-06-18,2025-05-08,2025-05-09,2025-05-09,6,2,82,daily,2
155,xgboost,1,0.35,0.0,1,1,0,1.0,0.0,1470,2019-06-17,2025-05-07,2025-05-08,2025-05-08,6,2,82,daily,2
155,random_forest,1,0.6,1.0,1,1,0,1.0,0.0,1470,2019-06-17,2025-05-07,2025-05-08,2025-05-08,6,2,82,daily,2
156,xgboost,1,0.8,1.0,1,1,0,1.0,0.0,1470,2019-06-14,2025-05-06,2025-05-07,2025-05-07,6,2,82,daily,2
156,random_forest,1,0.7,1.0,1,1,0,1.0,0.0,1470,2019-06-14,2025-05-06,2025-05-07,2025-05-07,6,2,82,daily,2
157,xgboost,1,1.0,1.0,1,1,0,1.0,0.0,1470,2019-06-13,2025-05-05,2025-05-06,2025-05-06,6,2,82,daily,2
157,random_forest,1,0.6,1.0,1,1,0,1.0,0.0,1470,2019-06-13,2025-05-05,2025-05-06,2025-05-06,6,2,82,daily,2
158,xgboost,1,0.95,0.0,1,0,1,0.0,1.0,1470,2019-06-12,2025-05-02,2025-05-05,2025-05-05,6,2,82,daily,2
158,random_forest,1,0.6,0.0,1,0,1,0.0,1.0,1470,2019-06-12,2025-05-02,2025-05-05,2025-05-05,6,2,82,daily,2
159,xgboost,1,0.95,0.0,1,0,1,0.0,1.0,1470,2019-06-11,2025-05-01,2025-05-02,2025-05-02,6,2,82,daily,2
159,random_forest,1,0.65,0.0,1,0,1,0.0,1.0,1470,2019-06-11,2025-05-01,2025-05-02,2025-05-02,6,2,82,daily,2
160,xgboost,1,1.0,1.0,1,1,0,1.0,0.0,1470,2019-06-10,2025-04-30,2025-05-01,2025-05-01,6,2,82,daily,2
160,random_forest,1,0.8,1.0,1,1,0,1.0,0.0,1470,2019-06-10,2025-04-30,2025-05-01,2025-05-01,6,2,82,daily,2
161,xgboost,1,0.95,1.0,1,1,0,1.0,0.0,1470,2019-06-07,2025-04-29,2025-04-30,2025-04-30,6,2,82,daily,2
161,random_forest,1,0.8,1.0,1,1,0,1.0,0.0,1470,2019-06-07,2025-04-29,2025-04-30,2025-04-30,6,2,82,daily,2
162,xgboost,1,0.85,1.0,1,1,0,1.0,0.0,1470,2019-06-06,2025-04-28,2025-04-29,2025-04-29,6,2,82,daily,2
162,random_forest,1,0.75,1.0,1,1,0,1.0,0.0,1470,2019-06-06,2025-04-28,2025-04-29,2025-04-29,6,2,82,daily,2
163,xgboost,1,0.75,1.0,1,1,0,1.0,0.0,1470,2019-06-05,2025-04-25,2025-04-28,2025-04-28,6,2,82,daily,2
163,random_forest,1,0.7,1.0,1,1,0,1.0,0.0,1470,2019-06-05,2025-04-25,2025-04-28,2025-04-28,6,2,82,daily,2
164,xgboost,1,0.2,0.0,1,1,0,1.0,0.0,1470,2019-06-04,2025-04-24,2025-04-25,2025-04-25,6,2,82,daily,2
164,random_forest,1,0.55,1.0,1,1,0,1.0,0.0,1470,2019-06-04,2025-04-24,2025-04-25,2025-04-25,6,2,82,daily,2
165,xgboost,1,0.85,1.0,1,1,0,1.0,0.0,1470,2019-06-03,2025-04-23,2025-04-24,2025-04-24,6,2,82,daily,2
165,random_forest,1,0.55,1.0,1,1,0,1.0,0.0,1470,2019-06-03,2025-04-23,2025-04-24,2025-04-24,6,2,82,daily,2
166,xgboost,1,0.95,1.0,1,1,0,1.0,0.0,1470,2019-05-31,2025-04-22,2025-04-23,2025-04-23,6,2,82,daily,2
166,random_forest,1,0.65,1.0,1,1,0,1.0,0.0,1470,2019-05-31,2025-04-22,2025-04-23,2025-04-23,6,2,82,daily,2
167,xgboost,1,1.0,1.0,1,1,0,1.0,0.0,1470,2019-05-30,2025-04-21,2025-04-22,2025-04-22,6,2,82,daily,2
167,random_forest,1,0.7,1.0,1,1,0,1.0,0.0,1470,2019-05-30,2025-04-21,2025-04-22,2025-04-22,6,2,82,daily,2
168,xgboost,1,1.0,1.0,1,1,0,1.0,0.0,1470,2019-05-29,2025-04-17,2025-04-21,2025-04-21,6,2,82,daily,2
168,random_forest,1,0.6,1.0,1,1,0,1.0,0.0,1470,2019-05-29,2025-04-17,2025-04-21,2025-04-21,6,2,82,daily,2
169,xgboost,1,0.4,0.0,1,1,0,1.0,0.0,1470,2019-05-28,2025-04-16,2025-04-17,2025-04-17,6,2,82,daily,2
169,random_forest,1,0.45,0.0,1,1,0,1.0,0.0,1470,2019-05-28,2025-04-16,2025-04-17,2025-04-17,6,2,82,daily,2
170,xgboost,1,1.0,0.0,1,0,1,0.0,1.0,1470,2019-05-24,2025-04-15,2025-04-16,2025-04-16,6,2,82,daily,2
170,random_forest,1,0.55,0.0,1,0,1,0.0,1.0,1470,2019-05-24,2025-04-15,2025-04-16,2025-04-16,6,2,82,daily,2
171,xgboost,1,0.1,1.0,1,0,1,0.0,1.0,1470,2019-05-23,2025-04-14,2025-04-15,2025-04-15,6,2,82,daily,2
171,random_forest,1,0.4,1.0,1,0,1,0.0,1.0,1470,2019-05-23,2025-04-14,2025-04-15,2025-04-15,6,2,82,daily,2
172,xgboost,1,0.8,0.0,1,0,1,0.0,1.0,1470,2019-05-22,2025-04-11,2025-04-14,2025-04-14,6,2,82,daily,2
172,random_forest,1,0.55,0.0,1,0,1,0.0,1.0,1470,2019-05-22,2025-04-11,2025-04-14,2025-04-14,6,2,82,daily,2
173,xgboost,1,0.45,0.0,1,1,0,1.0,0.0,1470,2019-05-21,2025-04-10,2025-04-11,2025-04-11,6,2,82,daily,2
173,random_forest,1,0.55,1.0,1,1,0,1.0,0.0,1470,2019-05-21,2025-04-10,2025-04-11,2025-04-11,6,2,82,daily,2
174,xgboost,1,0.95,1.0,1,1,0,1.0,0.0,1470,2019-05-20,2025-04-09,2025-04-10,2025-04-10,6,2,82,daily,2
174,random_forest,1,0.55,1.0,1,1,0,1.0,0.0,1470,2019-05-20,2025-04-09,2025-04-10,2025-04-10,6,2,82,daily,2
175,xgboost,1,0.85,0.0,1,0,1,0.0,1.0,1470,2019-05-17,2025-04-08,2025-04-09,2025-04-09,6,2,82,daily,2
175,random_forest,1,0.5,0.0,1,0,1,0.0,1.0,1470,2019-05-17,2025-04-08,2025-04-09,2025-04-09,6,2,82,daily,2
176,xgboost,1,0.95,1.0,1,1,0,1.0,0.0,1470,2019-05-16,2025-04-07,2025-04-08,2025-04-08,6,2,82,daily,2
176,random_forest,1,0.65,1.0,1,1,0,1.0,0.0,1470,2019-05-16,2025-04-07,2025-04-08,2025-04-08,6,2,82,daily,2
177,xgboost,1,0.4,0.0,1,1,0,1.0,0.0,1470,2019-05-15,2025-04-04,2025-04-07,2025-04-07,6,2,82,daily,2
177,random_forest,1,0.45,0.0,1,1,0,1.0,0.0,1470,2019-05-15,2025-04-04,2025-04-07,2025-04-07,6,2,82,daily,2
178,xgboost,1,0.05,1.0,1,0,1,0.0,1.0,1470,2019-05-14,2025-04-03,2025-04-04,2025-04-04,6,2,82,daily,2
178,random_forest,1,0.45,1.0,1,0,1,0.0,1.0,1470,2019-05-14,2025-04-03,2025-04-04,2025-04-04,6,2,82,daily,2
179,xgboost,1,0.25,1.0,1,0,1,0.0,1.0,1470,2019-05-13,2025-04-02,2025-04-03,2025-04-03,6,2,82,daily,2
179,random_forest,1,0.5,0.0,1,0,1,0.0,1.0,1470,2019-05-13,2025-04-02,2025-04-03,2025-04-03,6,2,82,daily,2
180,xgboost,1,0.15,1.0,1,0,1,0.0,1.0,1470,2019-05-10,2025-04-01,2025-04-02,2025-04-02,6,2,82,daily,2
180,random_forest,1,0.4,1.0,1,0,1,0.0,1.0,1470,2019-05-10,2025-04-01,2025-04-02,2025-04-02,6,2,82,daily,2
181,xgboost,1,0.4,1.0,1,0,1,0.0,1.0,1470,2019-05-09,2025-03-31,2025-04-01,2025-04-01,6,2,82,daily,2
181,random_forest,1,0.5,0.0,1,0,1,0.0,1.0,1470,2019-05-09,2025-03-31,2025-04-01,2025-04-01,6,2,82,daily,2
182,xgboost,1,0.2,0.0,1,1,0,1.0,0.0,1470,2019-05-08,2025-03-28,2025-03-31,2025-03-31,6,2,82,daily,2
182,random_forest,1,0.55,1.0,1,1,0,1.0,0.0,1470,2019-05-08,2025-03-28,2025-03-31,2025-03-31,6,2,82,daily,2
183,xgboost,1,0.65,1.0,1,1,0,1.0,0.0,1470,2019-05-07,2025-03-27,2025-03-28,2025-03-28,6,2,82,daily,2
183,random_forest,1,0.6,1.0,1,1,0,1.0,0.0,1470,2019-05-07,2025-03-27,2025-03-28,2025-03-28,6,2,82,daily,2
184,xgboost,1,0.35,1.0,1,0,1,0.0,1.0,1470,2019-05-06,2025-03-26,2025-03-27,2025-03-27,6,2,82,daily,2
184,random_forest,1,0.5,1.0,1,0,1,0.0,1.0,1470,2019-05-06,2025-03-26,2025-03-27,2025-03-27,6,2,82,daily,2
185,xgboost,1,0.55,0.0,1,0,1,0.0,1.0,1470,2019-05-03,2025-03-25,2025-03-26,2025-03-26,6,2,82,daily,2
185,random_forest,1,0.5,1.0,1,0,1,0.0,1.0,1470,2019-05-03,2025-03-25,2025-03-26,2025-03-26,6,2,82,daily,2
186,xgboost,1,1.0,0.0,1,0,1,0.0,1.0,1470,2019-05-02,2025-03-24,2025-03-25,2025-03-25,6,2,82,daily,2
186,random_forest,1,0.55,0.0,1,0,1,0.0,1.0,1470,2019-05-02,2025-03-24,2025-03-25,2025-03-25,6,2,82,daily,2
187,xgboost,1,0.9,0.0,1,0,1,0.0,1.0,1470,2019-05-01,2025-03-21,2025-03-24,2025-03-24,6,2,82,daily,2
187,random_forest,1,0.65,0.0,1,0,1,0.0,1.0,1470,2019-05-01,2025-03-21,2025-03-24,2025-03-24,6,2,82,daily,2
188,xgboost,1,0.85,1.0,1,1,0,1.0,0.0,1470,2019-04-30,2025-03-20,2025-03-21,2025-03-21,6,2,82,daily,2
188,random_forest,1,0.65,1.0,1,1,0,1.0,0.0,1470,2019-04-30,2025-03-20,2025-03-21,2025-03-21,6,2,82,daily,2
189,xgboost,1,1.0,1.0,1,1,0,1.0,0.0,1470,2019-04-29,2025-03-19,2025-03-20,2025-03-20,6,2,82,daily,2
189,random_forest,1,0.6,1.0,1,1,0,1.0,0.0,1470,2019-04-29,2025-03-19,2025-03-20,2025-03-20,6,2,82,daily,2
190,xgboost,1,0.7,0.0,1,0,1,0.0,1.0,1470,2019-04-26,2025-03-18,2025-03-19,2025-03-19,6,2,82,daily,2
190,random_forest,1,0.6,0.0,1,0,1,0.0,1.0,1470,2019-04-26,2025-03-18,2025-03-19,2025-03-19,6,2,82,daily,2
191,xgboost,1,0.7,1.0,1,1,0,1.0,0.0,1470,2019-04-25,2025-03-17,2025-03-18,2025-03-18,6,2,82,daily,2
191,random_forest,1,0.5,0.0,1,1,0,1.0,0.0,1470,2019-04-25,2025-03-17,2025-03-18,2025-03-18,6,2,82,daily,2
192,xgboost,1,0.05,1.0,1,0,1,0.0,1.0,1470,2019-04-24,2025-03-14,2025-03-17,2025-03-17,6,2,82,daily,2
192,random_forest,1,0.4,1.0,1,0,1,0.0,1.0,1470,2019-04-24,2025-03-14,2025-03-17,2025-03-17,6,2,82,daily,2
193,xgboost,1,0.95,0.0,1,0,1,0.0,1.0,1470,2019-04-23,2025-03-13,2025-03-14,2025-03-14,6,2,82,daily,2
193,random_forest,1,0.65,0.0,1,0,1,0.0,1.0,1470,2019-04-23,2025-03-13,2025-03-14,2025-03-14,6,2,82,daily,2
194,xgboost,1,0.95,1.0,1,1,0,1.0,0.0,1470,2019-04-22,2025-03-12,2025-03-13,2025-03-13,6,2,82,daily,2
194,random_forest,1,0.55,1.0,1,1,0,1.0,0.0,1470,2019-04-22,2025-03-12,2025-03-13,2025-03-13,6,2,82,daily,2
195,xgboost,1,0.05,0.0,1,1,0,1.0,0.0,1470,2019-04-18,2025-03-11,2025-03-12,2025-03-12,6,2,82,daily,2
195,random_forest,1,0.3,0.0,1,1,0,1.0,0.0,1470,2019-04-18,2025-03-11,2025-03-12,2025-03-12,6,2,82,daily,2
196,xgboost,1,0.05,1.0,1,0,1,0.0,1.0,1470,2019-04-17,2025-03-10,2025-03-11,2025-03-11,6,2,82,daily,2
196,random_forest,1,0.4,1.0,1,0,1,0.0,1.0,1470,2019-04-17,2025-03-10,2025-03-11,2025-03-11,6,2,82,daily,2
197,xgboost,1,0.0,0.0,1,1,0,1.0,0.0,1470,2019-04-16,2025-03-07,2025-03-10,2025-03-10,6,2,82,daily,2
197,random_forest,1,0.35,0.0,1,1,0,1.0,0.0,1470,2019-04-16,2025-03-07,2025-03-10,2025-03-10,6,2,82,daily,2
198,xgboost,1,0.1,1.0,1,0,1,0.0,1.0,1470,2019-04-15,2025-03-06,2025-03-07,2025-03-07,6,2,82,daily,2
198,random_forest,1,0.3,1.0,1,0,1,0.0,1.0,1470,2019-04-15,2025-03-06,2025-03-07,2025-03-07,6,2,82,daily,2
199,xgboost,1,0.45,1.0,1,0,1,0.0,1.0,1470,2019-04-12,2025-03-05,2025-03-06,2025-03-06,6,2,82,daily,2
199,random_forest,1,0.4,1.0,1,0,1,0.0,1.0,1470,2019-04-12,2025-03-05,2025-03-06,2025-03-06,6,2,82,daily,2
200,xgboost,1,0.35,1.0,1,0,1,0.0,1.0,1470,2019-04-11,2025-03-04,2025-03-05,2025-03-05,6,2,82,daily,2
200,random_forest,1,0.45,1.0,1,0,1,0.0,1.0,1470,2019-04-11,2025-03-04,2025-03-05,2025-03-05,6,2,82,daily,2
201,xgboost,1,0.8,0.0,1,0,1,0.0,1.0,1470,2019-04-10,2025-03-03,2025-03-04,2025-03-04,6,2,82,daily,2
201,random_forest,1,0.55,0.0,1,0,1,0.0,1.0,1470,2019-04-10,2025-03-03,2025-03-04,2025-03-04,6,2,82,daily,2
202,xgboost,1,0.0,0.0,1,1,0,1.0,0.0,1470,2019-04-09,2025-02-28,2025-03-03,2025-03-03,6,2,82,daily,2
202,random_forest,1,0.35,0.0,1,1,0,1.0,0.0,1470,2019-04-09,2025-02-28,2025-03-03,2025-03-03,6,2,82,daily,2
203,xgboost,1,0.8,0.0,1,0,1,0.0,1.0,1470,2019-04-08,2025-02-27,2025-02-28,2025-02-28,6,2,82,daily,2
203,random_forest,1,0.5,1.0,1,0,1,0.0,1.0,1470,2019-04-08,2025-02-27,2025-02-28,2025-02-28,6,2,82,daily,2
204,xgboost,1,0.95,0.0,1,0,1,0.0,1.0,1470,2019-04-05,2025-02-26,2025-02-27,2025-02-27,6,2,82,daily,2
204,random_forest,1,0.6,0.0,1,0,1,0.0,1.0,1470,2019-04-05,2025-02-26,2025-02-27,2025-02-27,6,2,82,daily,2
205,xgboost,1,0.0,1.0,1,0,1,0.0,1.0,1470,2019-04-04,2025-02-25,2025-02-26,2025-02-26,6,2,82,daily,2
205,random_forest,1,0.3,1.0,1,0,1,0.0,1.0,1470,2019-04-04,2025-02-25,2025-02-26,2025-02-26,6,2,82,daily,2
206,xgboost,1,0.1,1.0,1,0,1,0.0,1.0,1470,2019-04-03,2025-02-24,2025-02-25,2025-02-25,6,2,82,daily,2
206,random_forest,1,0.5,1.0,1,0,1,0.0,1.0,1470,2019-04-03,2025-02-24,2025-02-25,2025-02-25,6,2,82,daily,2
207,xgboost,1,0.45,1.0,1,0,1,0.0,1.0,1470,2019-04-02,2025-02-21,2025-02-24,2025-02-24,6,2,82,daily,2
207,random_forest,1,0.5,1.0,1,0,1,0.0,1.0,1470,2019-04-02,2025-02-21,2025-02-24,2025-02-24,6,2,82,daily,2
208,xgboost,1,0.3,1.0,1,0,1,0.0,1.0,1470,2019-04-01,2025-02-20,2025-02-21,2025-02-21,6,2,82,daily,2
208,random_forest,1,0.55,0.0,1,0,1,0.0,1.0,1470,2019-04-01,2025-02-20,2025-02-21,2025-02-21,6,2,82,daily,2
209,xgboost,1,0.2,1.0,1,0,1,0.0,1.0,1470,2019-03-29,2025-02-19,2025-02-20,2025-02-20,6,2,82,daily,2
209,random_forest,1,0.5,1.0,1,0,1,0.0,1.0,1470,2019-03-29,2025-02-19,2025-02-20,2025-02-20,6,2,82,daily,2
210,xgboost,1,0.05,1.0,1,0,1,0.0,1.0,1470,2019-03-28,2025-02-18,2025-02-19,2025-02-19,6,2,82,daily,2
210,random_forest,1,0.45,1.0,1,0,1,0.0,1.0,1470,2019-03-28,2025-02-18,2025-02-19,2025-02-19,6,2,82,daily,2
211,xgboost,1,1.0,0.0,1,0,1,0.0,1.0,1470,2019-03-27,2025-02-14,2025-02-18,2025-02-18,6,2,82,daily,2
211,random_forest,1,0.65,0.0,1,0,1,0.0,1.0,1470,2019-03-27,2025-02-14,2025-02-18,2025-02-18,6,2,82,daily,2
212,xgboost,1,0.95,1.0,1,1,0,1.0,0.0,1470,2019-03-26,2025-02-13,2025-02-14,2025-02-14,6,2,82,daily,2
212,random_forest,1,0.65,1.0,1,1,0,1.0,0.0,1470,2019-03-26,2025-02-13,2025-02-14,2025-02-14,6,2,82,daily,2
213,xgboost,1,1.0,1.0,1,1,0,1.0,0.0,1470,2019-03-25,2025-02-12,2025-02-13,2025-02-13,6,2,82,daily,2
213,random_forest,1,0.6,1.0,1,1,0,1.0,0.0,1470,2019-03-25,2025-02-12,2025-02-13,2025-02-13,6,2,82,daily,2
214,xgboost,1,0.55,1.0,1,1,0,1.0,0.0,1470,2019-03-22,2025-02-11,2025-02-12,2025-02-12,6,2,82,daily,2
214,random_forest,1,0.5,0.0,1,1,0,1.0,0.0,1470,2019-03-22,2025-02-11,2025-02-12,2025-02-12,6,2,82,daily,2
215,xgboost,1,0.7,1.0,1,1,0,1.0,0.0,1470,2019-03-21,2025-02-10,2025-02-11,2025-02-11,6,2,82,daily,2
215,random_forest,1,0.4,0.0,1,1,0,1.0,0.0,1470,2019-03-21,2025-02-10,2025-02-11,2025-02-11,6,2,82,daily,2
216,xgboost,1,0.5,1.0,1,0,1,0.0,1.0,1470,2019-03-20,2025-02-07,2025-02-10,2025-02-10,6,2,82,daily,2
216,random_forest,1,0.4,1.0,1,0,1,0.0,1.0,1470,2019-03-20,2025-02-07,2025-02-10,2025-02-10,6,2,82,daily,2
217,xgboost,1,0.75,1.0,1,1,0,1.0,0.0,1470,2019-03-19,2025-02-06,2025-02-07,2025-02-07,6,2,82,daily,2
217,random_forest,1,0.5,1.0,1,1,0,1.0,0.0,1470,2019-03-19,2025-02-06,2025-02-07,2025-02-07,6,2,82,daily,2
218,xgboost,1,0.1,1.0,1,0,1,0.0,1.0,1470,2019-03-18,2025-02-05,2025-02-06,2025-02-06,6,2,82,daily,2
218,random_forest,1,0.35,1.0,1,0,1,0.0,1.0,1470,2019-03-18,2025-02-05,2025-02-06,2025-02-06,6,2,82,daily,2
219,xgboost,1,0.35,1.0,1,0,1,0.0,1.0,1470,2019-03-15,2025-02-04,2025-02-05,2025-02-05,6,2,82,daily,2
219,random_forest,1,0.6,0.0,1,0,1,0.0,1.0,1470,2019-03-15,2025-02-04,2025-02-05,2025-02-05,6,2,82,daily,2
220,xgboost,1,0.75,1.0,1,1,0,1.0,0.0,1470,2019-03-14,2025-02-03,2025-02-04,2025-02-04,6,2,82,daily,2
220,random_forest,1,0.5,1.0,1,1,0,1.0,0.0,1470,2019-03-14,2025-02-03,2025-02-04,2025-02-04,6,2,82,daily,2
221,xgboost,1,0.3,0.0,1,1,0,1.0,0.0,1470,2019-03-13,2025-01-31,2025-02-03,2025-02-03,6,2,82,daily,2
221,random_forest,1,0.5,1.0,1,1,0,1.0,0.0,1470,2019-03-13,2025-01-31,2025-02-03,2025-02-03,6,2,82,daily,2
222,xgboost,1,0.65,1.0,1,1,0,1.0,0.0,1470,2019-03-12,2025-01-30,2025-01-31,2025-01-31,6,2,82,daily,2
222,random_forest,1,0.5,0.0,1,1,0,1.0,0.0,1470,2019-03-12,2025-01-30,2025-01-31,2025-01-31,6,2,82,daily,2
223,xgboost,1,1.0,0.0,1,0,1,0.0,1.0,1470,2019-03-11,2025-01-29,2025-01-30,2025-01-30,6,2,82,daily,2
223,random_forest,1,0.65,0.0,1,0,1,0.0,1.0,1470,2019-03-11,2025-01-29,2025-01-30,2025-01-30,6,2,82,daily,2
224,xgboost,1,0.75,1.0,1,1,0,1.0,0.0,1470,2019-03-08,2025-01-28,2025-01-29,2025-01-29,6,2,82,daily,2
224,random_forest,1,0.55,1.0,1,1,0,1.0,0.0,1470,2019-03-08,2025-01-28,2025-01-29,2025-01-29,6,2,82,daily,2
225,xgboost,1,0.4,0.0,1,1,0,1.0,0.0,1470,2019-03-07,2025-01-27,2025-01-28,2025-01-28,6,2,82,daily,2
225,random_forest,1,0.55,1.0,1,1,0,1.0,0.0,1470,2019-03-07,2025-01-27,2025-01-28,2025-01-28,6,2,82,daily,2
226,xgboost,1,0.2,0.0,1,1,0,1.0,0.0,1470,2019-03-06,2025-01-24,2025-01-27,2025-01-27,6,2,82,daily,2
226,random_forest,1,0.45,0.0,1,1,0,1.0,0.0,1470,2019-03-06,2025-01-24,2025-01-27,2025-01-27,6,2,82,daily,2
227,xgboost,1,0.0,1.0,1,0,1,0.0,1.0,1470,2019-03-05,2025-01-23,2025-01-24,2025-01-24,6,2,82,daily,2
227,random_forest,1,0.3,1.0,1,0,1,0.0,1.0,1470,2019-03-05,2025-01-23,2025-01-24,2025-01-24,6,2,82,daily,2
228,xgboost,1,0.95,0.0,1,0,1,0.0,1.0,1470,2019-03-04,2025-01-22,2025-01-23,2025-01-23,6,2,82,daily,2
228,random_forest,1,0.55,0.0,1,0,1,0.0,1.0,1470,2019-03-04,2025-01-22,2025-01-23,2025-01-23,6,2,82,daily,2
1,xgboost,1,0.95,1.0,1,1,0,1.0,0.0,980,2022-01-12,2025-12-18,2025-12-19,2025-12-19,4,5,82,daily,5
1,random_forest,1,0.8,1.0,1,1,0,1.0,0.0,980,2022-01-12,2025-12-18,2025-12-19,2025-12-19,4,5,82,daily,5
2,xgboost,1,1.0,1.0,1,1,0,1.0,0.0,980,2022-01-11,2025-12-17,2025-12-18,2025-12-18,4,5,82,daily,5
2,random_forest,1,0.7,1.0,1,1,0,1.0,0.0,980,2022-01-11,2025-12-17,2025-12-18,2025-12-18,4,5,82,daily,5
3,xgboost,1,0.6,1.0,1,1,0,1.0,0.0,980,2022-01-10,2025-12-16,2025-12-17,2025-12-17,4,5,82,daily,5
3,random_forest,1,0.65,1.0,1,1,0,1.0,0.0,980,2022-01-10,2025-12-16,2025-12-17,2025-12-17,4,5,82,daily,5
4,xgboost,1,1.0,1.0,1,1,0,1.0,0.0,980,2022-01-07,2025-12-15,2025-12-16,2025-12-16,4,5,82,daily,5
4,random_forest,1,0.65,1.0,1,1,0,1.0,0.0,980,2022-01-07,2025-12-15,2025-12-16,2025-12-16,4,5,82,daily,5
5,xgboost,1,0.25,0.0,1,1,0,1.0,0.0,980,2022-01-06,2025-12-12,2025-12-15,2025-12-15,4,5,82,daily,5
5,random_forest,1,0.6,1.0,1,1,0,1.0,0.0,980,2022-01-06,2025-12-12,2025-12-15,2025-12-15,4,5,82,daily,5
6,xgboost,1,0.25,0.0,1,1,0,1.0,0.0,980,2022-01-05,2025-12-11,2025-12-12,2025-12-12,4,5,82,daily,5
6,random_forest,1,0.45,0.0,1,1,0,1.0,0.0,980,2022-01-05,2025-12-11,2025-12-12,2025-12-12,4,5,82,daily,5
7,xgboost,1,0.95,0.0,1,0,1,0.0,1.0,980,2022-01-04,2025-12-10,2025-12-11,2025-12-11,4,5,82,daily,5
7,random_forest,1,0.5,1.0,1,0,1,0.0,1.0,980,2022-01-04,2025-12-10,2025-12-11,2025-12-11,4,5,82,daily,5
8,xgboost,1,0.7,0.0,1,0,1,0.0,1.0,980,2022-01-03,2025-12-09,2025-12-10,2025-12-10,4,5,82,daily,5
8,random_forest,1,0.45,1.0,1,0,1,0.0,1.0,980,2022-01-03,2025-12-09,2025-12-10,2025-12-10,4,5,82,daily,5
9,xgboost,1,0.15,1.0,1,0,1,0.0,1.0,980,2021-12-31,2025-12-08,2025-12-09,2025-12-09,4,5,82,daily,5
9,random_forest,1,0.4,1.0,1,0,1,0.0,1.0,980,2021-12-31,2025-12-08,2025-12-09,2025-12-09,4,5,82,daily,5
10,xgboost,1,0.6,0.0,1,0,1,0.0,1.0,980,2021-12-30,2025-12-05,2025-12-08,2025-12-08,4,5,82,daily,5
10,random_forest,1,0.55,0.0,1,0,1,0.0,1.0,980,2021-12-30,2025-12-05,2025-12-08,2025-12-08,4,5,82,daily,5
11,xgboost,1,1.0,0.0,1,0,1,0.0,1.0,980,2021-12-29,2025-12-04,2025-12-05,2025-12-05,4,5,82,daily,5
11,random_forest,1,0.7,0.0,1,0,1,0.0,1.0,980,2021-12-29,2025-12-04,2025-12-05,2025-12-05,4,5,82,daily,5
12,xgboost,1,1.0,1.0,1,1,0,1.0,0.0,980,2021-12-28,2025-12-03,2025-12-04,2025-12-04,4,5,82,daily,5
12,random_forest,1,0.8,1.0,1,1,0,1.0,0.0,980,2021-12-28,2025-12-03,2025-12-04,2025-12-04,4,5,82,daily,5
13,xgboost,1,1.0,1.0,1,1,0,1.0,0.0,980,2021-12-27,2025-12-02,2025-12-03,2025-12-03,4,5,82,daily,5
13,random_forest,1,0.7,1.0,1,1,0,1.0,0.0,980,2021-12-27,2025-12-02,2025-12-03,2025-12-03,4,5,82,daily,5
14,xgboost,1,0.9,1.0,1,1,0,1.0,0.0,980,2021-12-23,2025-12-01,2025-12-02,2025-12-02,4,5,82,daily,5
14,random_forest,1,0.7,1.0,1,1,0,1.0,0.0,980,2021-12-23,2025-12-01,2025-12-02,2025-12-02,4,5,82,daily,5
15,xgboost,1,0.85,1.0,1,1,0,1.0,0.0,980,2021-12-22,2025-11-26,2025-12-01,2025-12-01,4,5,82,daily,5
15,random_forest,1,0.7,1.0,1,1,0,1.0,0.0,980,2021-12-22,2025-11-26,2025-12-01,2025-12-01,4,5,82,daily,5
16,xgboost,1,1.0,1.0,1,1,0,1.0,0.0,980,2021-12-21,2025-11-25,2025-11-26,2025-11-26,4,5,82,daily,5
16,random_forest,1,0.6,1.0,1,1,0,1.0,0.0,980,2021-12-21,2025-11-25,2025-11-26,2025-11-26,4,5,82,daily,5
17,xgboost,1,0.6,1.0,1,1,0,1.0,0.0,980,2021-12-20,2025-11-24,2025-11-25,2025-11-25,4,5,82,daily,5
17,random_forest,1,0.65,1.0,1,1,0,1.0,0.0,980,2021-12-20,2025-11-24,2025-11-25,2025-11-25,4,5,82,daily,5
18,xgboost,1,0.9,1.0,1,1,0,1.0,0.0,980,2021-12-17,2025-11-21,2025-11-24,2025-11-24,4,5,82,daily,5
18,random_forest,1,0.65,1.0,1,1,0,1.0,0.0,980,2021-12-17,2025-11-21,2025-11-24,2025-11-24,4,5,82,daily,5
19,xgboost,1,0.5,1.0,1,1,0,1.0,0.0,980,2021-12-16,2025-11-20,2025-11-21,2025-11-21,4,5,82,daily,5
19,random_forest,1,0.7,1.0,1,1,0,1.0,0.0,980,2021-12-16,2025-11-20,2025-11-21,2025-11-21,4,5,82,daily,5
20,xgboost,1,1.0,1.0,1,1,0,1.0,0.0,980,2021-12-15,2025-11-19,2025-11-20,2025-11-20,4,5,82,daily,5
20,random_forest,1,0.7,1.0,1,1,0,1.0,0.0,980,2021-12-15,2025-11-19,2025-11-20,2025-11-20,4,5,82,daily,5
21,xgboost,1,0.55,1.0,1,1,0,1.0,0.0,980,2021-12-14,2025-11-18,2025-11-19,2025-11-19,4,5,82,daily,5
21,random_forest,1,0.65,1.0,1,1,0,1.0,0.0,980,2021-12-14,2025-11-18,2025-11-19,2025-11-19,4,5,82,daily,5
22,xgboost,1,0.9,1.0,1,1,0,1.0,0.0,980,2021-12-13,2025-11-17,2025-11-18,2025-11-18,4,5,82,daily,5
22,random_forest,1,0.65,1.0,1,1,0,1.0,0.0,980,2021-12-13,2025-11-17,2025-11-18,2025-11-18,4,5,82,daily,5
23,xgboost,1,0.05,0.0,1,1,0,1.0,0.0,980,2021-12-10,2025-11-14,2025-11-17,2025-11-17,4,5,82,daily,5
23,random_forest,1,0.25,0.0,1,1,0,1.0,0.0,980,2021-12-10,2025-11-14,2025-11-17,2025-11-17,4,5,82,daily,5
24,xgboost,1,0.0,1.0,1,0,1,0.0,1.0,980,2021-12-09,2025-11-13,2025-11-14,2025-11-14,4,5,82,daily,5
24,random_forest,1,0.15,1.0,1,0,1,0.0,1.0,980,2021-12-09,2025-11-13,2025-11-14,2025-11-14,4,5,82,daily,5
25,xgboost,1,0.1,1.0,1,0,1,0.0,1.0,980,2021-12-08,2025-11-12,2025-11-13,2025-11-13,4,5,82,daily,5
25,random_forest,1,0.3,1.0,1,0,1,0.0,1.0,980,2021-12-08,2025-11-12,2025-11-13,2025-11-13,4,5,82,daily,5
26,xgboost,1,0.3,1.0,1,0,1,0.0,1.0,980,2021-12-07,2025-11-11,2025-11-12,2025-11-12,4,5,82,daily,5
26,random_forest,1,0.25,1.0,1,0,1,0.0,1.0,980,2021-12-07,2025-11-11,2025-11-12,2025-11-12,4,5,82,daily,5
27,xgboost,1,0.15,1.0,1,0,1,0.0,1.0,980,2021-12-06,2025-11-10,2025-11-11,2025-11-11,4,5,82,daily,5
27,random_forest,1,0.3,1.0,1,0,1,0.0,1.0,980,2021-12-06,2025-11-10,2025-11-11,2025-11-11,4,5,82,daily,5
28,xgboost,1,0.2,1.0,1,0,1,0.0,1.0,980,2021-12-03,2025-11-07,2025-11-10,2025-11-10,4,5,82,daily,5
28,random_forest,1,0.35,1.0,1,0,1,0.0,1.0,980,2021-12-03,2025-11-07,2025-11-10,2025-11-10,4,5,82,daily,5
29,xgboost,1,0.8,0.0,1,0,1,0.0,1.0,980,2021-12-02,2025-11-06,2025-11-07,2025-11-07,4,5,82,daily,5
29,random_forest,1,0.45,1.0,1,0,1,0.0,1.0,980,2021-12-02,2025-11-06,2025-11-07,2025-11-07,4,5,82,daily,5
30,xgboost,1,0.3,1.0,1,0,1,0.0,1.0,980,2021-12-01,2025-11-05,2025-11-06,2025-11-06,4,5,82,daily,5
30,random_forest,1,0.5,1.0,1,0,1,0.0,1.0,980,2021-12-01,2025-11-05,2025-11-06,2025-11-06,4,5,82,daily,5
31,xgboost,1,0.85,0.0,1,0,1,0.0,1.0,980,2021-11-30,2025-11-04,2025-11-05,2025-11-05,4,5,82,daily,5
31,random_forest,1,0.55,0.0,1,0,1,0.0,1.0,980,2021-11-30,2025-11-04,2025-11-05,2025-11-05,4,5,82,daily,5
32,xgboost,1,0.55,1.0,1,1,0,1.0,0.0,980,2021-11-29,2025-11-03,2025-11-04,2025-11-04,4,5,82,daily,5
32,random_forest,1,0.4,0.0,1,1,0,1.0,0.0,980,2021-11-29,2025-11-03,2025-11-04,2025-11-04,4,5,82,daily,5
33,xgboost,1,0.05,1.0,1,0,1,0.0,1.0,980,2021-11-24,2025-10-31,2025-11-03,2025-11-03,4,5,82,daily,5
33,random_forest,1,0.25,1.0,1,0,1,0.0,1.0,980,2021-11-24,2025-10-31,2025-11-03,2025-11-03,4,5,82,daily,5
34,xgboost,1,0.05,1.0,1,0,1,0.0,1.0,980,2021-11-23,2025-10-30,2025-10-31,2025-10-31,4,5,82,daily,5
34,random_forest,1,0.25,1.0,1,0,1,0.0,1.0,980,2021-11-23,2025-10-30,2025-10-31,2025-10-31,4,5,82,daily,5
35,xgboost,1,0.1,1.0,1,0,1,0.0,1.0,980,2021-11-22,2025-10-29,2025-10-30,2025-10-30,4,5,82,daily,5
35,random_forest,1,0.4,1.0,1,0,1,0.0,1.0,980,2021-11-22,2025-10-29,2025-10-30,2025-10-30,4,5,82,daily,5
36,xgboost,1,0.05,1.0,1,0,1,0.0,1.0,980,2021-11-19,2025-10-28,2025-10-29,2025-10-29,4,5,82,daily,5
36,random_forest,1,0.35,1.0,1,0,1,0.0,1.0,980,2021-11-19,2025-10-28,2025-10-29,2025-10-29,4,5,82,daily,5
37,xgboost,1,0.95,0.0,1,0,1,0.0,1.0,980,2021-11-18,2025-10-27,2025-10-28,2025-10-28,4,5,82,daily,5
37,random_forest,1,0.65,0.0,1,0,1,0.0,1.0,980,2021-11-18,2025-10-27,2025-10-28,2025-10-28,4,5,82,daily,5
38,xgboost,1,0.9,1.0,1,1,0,1.0,0.0,980,2021-11-17,2025-10-24,2025-10-27,2025-10-27,4,5,82,daily,5
38,random_forest,1,0.65,1.0,1,1,0,1.0,0.0,980,2021-11-17,2025-10-24,2025-10-27,2025-10-27,4,5,82,daily,5
39,xgboost,1,0.05,0.0,1,1,0,1.0,0.0,980,2021-11-16,2025-10-23,2025-10-24,2025-10-24,4,5,82,daily,5
39,random_forest,1,0.5,1.0,1,1,0,1.0,0.0,980,2021-11-16,2025-10-23,2025-10-24,2025-10-24,4,5,82,daily,5
40,xgboost,1,0.35,0.0,1,1,0,1.0,0.0,980,2021-11-15,2025-10-22,2025-10-23,2025-10-23,4,5,82,daily,5
40,random_forest,1,0.7,1.0,1,1,0,1.0,0.0,980,2021-11-15,2025-10-22,2025-10-23,2025-10-23,4,5,82,daily,5
41,xgboost,1,0.65,1.0,1,1,0,1.0,0.0,980,2021-11-12,2025-10-21,2025-10-22,2025-10-22,4,5,82,daily,5
41,random_forest,1,0.7,1.0,1,1,0,1.0,0.0,980,2021-11-12,2025-10-21,2025-10-22,2025-10-22,4,5,82,daily,5
42,xgboost,1,0.95,1.0,1,1,0,1.0,0.0,980,2021-11-11,2025-10-20,2025-10-21,2025-10-21,4,5,82,daily,5
42,random_forest,1,0.65,1.0,1,1,0,1.0,0.0,980,2021-11-11,2025-10-20,2025-10-21,2025-10-21,4,5,82,daily,5
43,xgboost,1,0.9,1.0,1,1,0,1.0,0.0,980,2021-11-10,2025-10-17,2025-10-20,2025-10-20,4,5,82,daily,5
43,random_forest,1,0.5,1.0,1,1,0,1.0,0.0,980,2021-11-10,2025-10-17,2025-10-20,2025-10-20,4,5,82,daily,5
44,xgboost,1,1.0,1.0,1,1,0,1.0,0.0,980,2021-11-09,2025-10-16,2025-10-17,2025-10-17,4,5,82,daily,5
44,random_forest,1,0.7,1.0,1,1,0,1.0,0.0,980,2021-11-09,2025-10-16,2025-10-17,2025-10-17,4,5,82,daily,5
45,xgboost,1,1.0,1.0,1,1,0,1.0,0.0,980,2021-11-08,2025-10-15,2025-10-16,2025-10-16,4,5,82,daily,5
45,random_forest,1,0.75,1.0,1,1,0,1.0,0.0,980,2021-11-08,2025-10-15,2025-10-16,2025-10-16,4,5,82,daily,5
46,xgboost,1,1.0,1.0,1,1,0,1.0,0.0,980,2021-11-05,2025-10-14,2025-10-15,2025-10-15,4,5,82,daily,5
46,random_forest,1,0.7,1.0,1,1,0,1.0,0.0,980,2021-11-05,2025-10-14,2025-10-15,2025-10-15,4,5,82,daily,5
47,xgboost,1,1.0,1.0,1,1,0,1.0,0.0,980,2021-11-04,2025-10-13,2025-10-14,2025-10-14,4,5,82,daily,5
47,random_forest,1,0.7,1.0,1,1,0,1.0,0.0,980,2021-11-04,2025-10-13,2025-10-14,2025-10-14,4,5,82,daily,5
48,xgboost,1,0.8,1.0,1,1,0,1.0,0.0,980,2021-11-03,2025-10-10,2025-10-13,2025-10-13,4,5,82,daily,5
48,random_forest,1,0.5,1.0,1,1,0,1.0,0.0,980,2021-11-03,2025-10-10,2025-10-13,2025-10-13,4,5,82,daily,5
49,xgboost,1,0.85,1.0,1,1,0,1.0,0.0,980,2021-11-02,2025-10-09,2025-10-10,2025-10-10,4,5,82,daily,5
49,random_forest,1,0.4,0.0,1,1,0,1.0,0.0,980,2021-11-02,2025-10-09,2025-10-10,2025-10-10,4,5,82,daily,5
50,xgboost,1,0.35,1.0,1,0,1,0.0,1.0,980,2021-11-01,2025-10-08,2025-10-09,2025-10-09,4,5,82,daily,5
50,random_forest,1,0.35,1.0,1,0,1,0.0,1.0,980,2021-11-01,2025-10-08,2025-10-09,2025-10-09,4,5,82,daily,5
51,xgboost,1,0.05,1.0,1,0,1,0.0,1.0,980,2021-10-29,2025-10-07,2025-10-08,2025-10-08,4,5,82,daily,5
51,random_forest,1,0.3,1.0,1,0,1,0.0,1.0,980,2021-10-29,2025-10-07,2025-10-08,2025-10-08,4,5,82,daily,5
52,xgboost,1,0.0,1.0,1,0,1,0.0,1.0,980,2021-10-28,2025-10-06,2025-10-07,2025-10-07,4,5,82,daily,5
52,random_forest,1,0.4,1.0,1,0,1,0.0,1.0,980,2021-10-28,2025-10-06,2025-10-07,2025-10-07,4,5,82,daily,5
53,xgboost,1,0.45,1.0,1,0,1,0.0,1.0,980,2021-10-27,2025-10-03,2025-10-06,2025-10-06,4,5,82,daily,5
53,random_forest,1,0.5,1.0,1,0,1,0.0,1.0,980,2021-10-27,2025-10-03,2025-10-06,2025-10-06,4,5,82,daily,5
54,xgboost,1,1.0,0.0,1,0,1,0.0,1.0,980,2021-10-26,2025-10-02,2025-10-03,2025-10-03,4,5,82,daily,5
54,random_forest,1,0.8,0.0,1,0,1,0.0,1.0,980,2021-10-26,2025-10-02,2025-10-03,2025-10-03,4,5,82,daily,5
55,xgboost,1,1.0,1.0,1,1,0,1.0,0.0,980,2021-10-25,2025-10-01,2025-10-02,2025-10-02,4,5,82,daily,5
55,random_forest,1,0.7,1.0,1,1,0,1.0,0.0,980,2021-10-25,2025-10-01,2025-10-02,2025-10-02,4,5,82,daily,5
56,xgboost,1,0.95,1.0,1,1,0,1.0,0.0,980,2021-10-22,2025-09-30,2025-10-01,2025-10-01,4,5,82,daily,5
56,random_forest,1,0.7,1.0,1,1,0,1.0,0.0,980,2021-10-22,2025-09-30,2025-10-01,2025-10-01,4,5,82,daily,5
57,xgboost,1,1.0,1.0,1,1,0,1.0,0.0,980,2021-10-21,2025-09-29,2025-09-30,2025-09-30,4,5,82,daily,5
57,random_forest,1,0.7,1.0,1,1,0,1.0,0.0,980,2021-10-21,2025-09-29,2025-09-30,2025-09-30,4,5,82,daily,5
58,xgboost,1,1.0,1.0,1,1,0,1.0,0.0,980,2021-10-20,2025-09-26,2025-09-29,2025-09-29,4,5,82,daily,5
58,random_forest,1,0.7,1.0,1,1,0,1.0,0.0,980,2021-10-20,2025-09-26,2025-09-29,2025-09-29,4,5,82,daily,5
59,xgboost,1,0.95,1.0,1,1,0,1.0,0.0,980,2021-10-19,2025-09-25,2025-09-26,2025-09-26,4,5,82,daily,5
59,random_forest,1,0.7,1.0,1,1,0,1.0,0.0,980,2021-10-19,2025-09-25,2025-09-26,2025-09-26,4,5,82,daily,5
60,xgboost,1,1.0,1.0,1,1,0,1.0,0.0,980,2021-10-18,2025-09-24,2025-09-25,2025-09-25,4,5,82,daily,5
60,random_forest,1,0.8,1.0,1,1,0,1.0,0.0,980,2021-10-18,2025-09-24,2025-09-25,2025-09-25,4,5,82,daily,5
61,xgboost,1,1.0,1.0,1,1,0,1.0,0.0,980,2021-10-15,2025-09-23,2025-09-24,2025-09-24,4,5,82,daily,5
61,random_forest,1,0.65,1.0,1,1,0,1.0,0.0,980,2021-10-15,2025-09-23,2025-09-24,2025-09-24,4,5,82,daily,5
62,xgboost,1,0.7,1.0,1,1,0,1.0,0.0,980,2021-10-14,2025-09-22,2025-09-23,2025-09-23,4,5,82,daily,5
62,random_forest,1,0.3,0.0,1,1,0,1.0,0.0,980,2021-10-14,2025-09-22,2025-09-23,2025-09-23,4,5,82,daily,5
63,xgboost,1,0.1,1.0,1,0,1,0.0,1.0,980,2021-10-13,2025-09-19,2025-09-22,2025-09-22,4,5,82,daily,5
63,random_forest,1,0.3,1.0,1,0,1,0.0,1.0,980,2021-10-13,2025-09-19,2025-09-22,2025-09-22,4,5,82,daily,5
64,xgboost,1,0.95,0.0,1,0,1,0.0,1.0,980,2021-10-12,2025-09-18,2025-09-19,2025-09-19,4,5,82,daily,5
64,random_forest,1,0.5,1.0,1,0,1,0.0,1.0,980,2021-10-12,2025-09-18,2025-09-19,2025-09-19,4,5,82,daily,5
65,xgboost,1,1.0,0.0,1,0,1,0.0,1.0,980,2021-10-11,2025-09-17,2025-09-18,2025-09-18,4,5,82,daily,5
65,random_forest,1,0.85,0.0,1,0,1,0.0,1.0,980,2021-10-11,2025-09-17,2025-09-18,2025-09-18,4,5,82,daily,5
66,xgboost,1,1.0,1.0,1,1,0,1.0,0.0,980,2021-10-08,2025-09-16,2025-09-17,2025-09-17,4,5,82,daily,5
66,random_forest,1,0.8,1.0,1,1,0,1.0,0.0,980,2021-10-08,2025-09-16,2025-09-17,2025-09-17,4,5,82,daily,5
67,xgboost,1,1.0,1.0,1,1,0,1.0,0.0,980,2021-10-07,2025-09-15,2025-09-16,2025-09-16,4,5,82,daily,5
67,random_forest,1,0.7,1.0,1,1,0,1.0,0.0,980,2021-10-07,2025-09-15,2025-09-16,2025-09-16,4,5,82,daily,5
68,xgboost,1,0.95,1.0,1,1,0,1.0,0.0,980,2021-10-06,2025-09-12,2025-09-15,2025-09-15,4,5,82,daily,5
68,random_forest,1,0.7,1.0,1,1,0,1.0,0.0,980,2021-10-06,2025-09-12,2025-09-15,2025-09-15,4,5,82,daily,5
69,xgboost,1,0.85,1.0,1,1,0,1.0,0.0,980,2021-10-05,2025-09-11,2025-09-12,2025-09-12,4,5,82,daily,5
69,random_forest,1,0.75,1.0,1,1,0,1.0,0.0,980,2021-10-05,2025-09-11,2025-09-12,2025-09-12,4,5,82,daily,5
70,xgboost,1,1.0,1.0,1,1,0,1.0,0.0,980,2021-10-04,2025-09-10,2025-09-11,2025-09-11,4,5,82,daily,5
70,random_forest,1,0.7,1.0,1,1,0,1.0,0.0,980,2021-10-04,2025-09-10,2025-09-11,2025-09-11,4,5,82,daily,5
71,xgboost,1,0.65,1.0,1,1,0,1.0,0.0,980,2021-10-01,2025-09-09,2025-09-10,2025-09-10,4,5,82,daily,5
71,random_forest,1,0.65,1.0,1,1,0,1.0,0.0,980,2021-10-01,2025-09-09,2025-09-10,2025-09-10,4,5,82,daily,5
72,xgboost,1,0.75,1.0,1,1,0,1.0,0.0,980,2021-09-30,2025-09-08,2025-09-09,2025-09-09,4,5,82,daily,5
72,random_forest,1,0.65,1.0,1,1,0,1.0,0.0,980,2021-09-30,2025-09-08,2025-09-09,2025-09-09,4,5,82,daily,5
73,xgboost,1,1.0,1.0,1,1,0,1.0,0.0,980,2021-09-29,2025-09-05,2025-09-08,2025-09-08,4,5,82,daily,5
73,random_forest,1,0.55,1.0,1,1,0,1.0,0.0,980,2021-09-29,2025-09-05,2025-09-08,2025-09-08,4,5,82,daily,5
74,xgboost,1,1.0,1.0,1,1,0,1.0,0.0,980,2021-09-28,2025-09-04,2025-09-05,2025-09-05,4,5,82,daily,5
74,random_forest,1,0.65,1.0,1,1,0,1.0,0.0,980,2021-09-28,2025-09-04,2025-09-05,2025-09-05,4,5,82,daily,5
75,xgboost,1,0.8,1.0,1,1,0,1.0,0.0,980,2021-09-27,2025-09-03,2025-09-04,2025-09-04,4,5,82,daily,5
75,random_forest,1,0.65,1.0,1,1,0,1.0,0.0,980,2021-09-27,2025-09-03,2025-09-04,2025-09-04,4,5,82,daily,5
76,xgboost,1,1.0,1.0,1,1,0,1.0,0.0,980,2021-09-24,2025-09-02,2025-09-03,2025-09-03,4,5,82,daily,5
76,random_forest,1,0.7,1.0,1,1,0,1.0,0.0,980,2021-09-24,2025-09-02,2025-09-03,2025-09-03,4,5,82,daily,5
77,xgboost,1,0.95,1.0,1,1,0,1.0,0.0,980,2021-09-23,2025-08-29,2025-09-02,2025-09-02,4,5,82,daily,5
77,random_forest,1,0.7,1.0,1,1,0,1.0,0.0,980,2021-09-23,2025-08-29,2025-09-02,2025-09-02,4,5,82,daily,5
78,xgboost,1,0.2,0.0,1,1,0,1.0,0.0,980,2021-09-22,2025-08-28,2025-08-29,2025-08-29,4,5,82,daily,5
78,random_forest,1,0.55,1.0,1,1,0,1.0,0.0,980,2021-09-22,2025-08-28,2025-08-29,2025-08-29,4,5,82,daily,5
79,xgboost,1,0.55,0.0,1,0,1,0.0,1.0,980,2021-09-21,2025-08-27,2025-08-28,2025-08-28,4,5,82,daily,5
79,random_forest,1,0.4,1.0,1,0,1,0.0,1.0,980,2021-09-21,2025-08-27,2025-08-28,2025-08-28,4,5,82,daily,5
80,xgboost,1,0.05,0.0,1,1,0,1.0,0.0,980,2021-09-20,2025-08-26,2025-08-27,2025-08-27,4,5,82,daily,5
80,random_forest,1,0.3,0.0,1,1,0,1.0,0.0,980,2021-09-20,2025-08-26,2025-08-27,2025-08-27,4,5,82,daily,5
81,xgboost,1,0.05,1.0,1,0,1,0.0,1.0,980,2021-09-17,2025-08-25,2025-08-26,2025-08-26,4,5,82,daily,5
81,random_forest,1,0.35,1.0,1,0,1,0.0,1.0,980,2021-09-17,2025-08-25,2025-08-26,2025-08-26,4,5,82,daily,5
82,xgboost,1,0.9,0.0,1,0,1,0.0,1.0,980,2021-09-16,2025-08-22,2025-08-25,2025-08-25,4,5,82,daily,5
82,random_forest,1,0.55,0.0,1,0,1,0.0,1.0,980,2021-09-16,2025-08-22,2025-08-25,2025-08-25,4,5,82,daily,5
83,xgboost,1,0.9,0.0,1,0,1,0.0,1.0,980,2021-09-15,2025-08-21,2025-08-22,2025-08-22,4,5,82,daily,5
83,random_forest,1,0.7,0.0,1,0,1,0.0,1.0,980,2021-09-15,2025-08-21,2025-08-22,2025-08-22,4,5,82,daily,5
84,xgboost,1,1.0,1.0,1,1,0,1.0,0.0,980,2021-09-14,2025-08-20,2025-08-21,2025-08-21,4,5,82,daily,5
84,random_forest,1,0.75,1.0,1,1,0,1.0,0.0,980,2021-09-14,2025-08-20,2025-08-21,2025-08-21,4,5,82,daily,5
85,xgboost,1,0.9,1.0,1,1,0,1.0,0.0,980,2021-09-13,2025-08-19,2025-08-20,2025-08-20,4,5,82,daily,5
85,random_forest,1,0.65,1.0,1,1,0,1.0,0.0,980,2021-09-13,2025-08-19,2025-08-20,2025-08-20,4,5,82,daily,5
86,xgboost,1,0.8,1.0,1,1,0,1.0,0.0,980,2021-09-10,2025-08-18,2025-08-19,2025-08-19,4,5,82,daily,5
86,random_forest,1,0.65,1.0,1,1,0,1.0,0.0,980,2021-09-10,2025-08-18,2025-08-19,2025-08-19,4,5,82,daily,5
87,xgboost,1,0.85,0.0,1,0,1,0.0,1.0,980,2021-09-09,2025-08-15,2025-08-18,2025-08-18,4,5,82,daily,5
87,random_forest,1,0.4,1.0,1,0,1,0.0,1.0,980,2021-09-09,2025-08-15,2025-08-18,2025-08-18,4,5,82,daily,5
88,xgboost,1,0.25,1.0,1,0,1,0.0,1.0,980,2021-09-08,2025-08-14,2025-08-15,2025-08-15,4,5,82,daily,5
88,random_forest,1,0.45,1.0,1,0,1,0.0,1.0,980,2021-09-08,2025-08-14,2025-08-15,2025-08-15,4,5,82,daily,5
89,xgboost,1,0.25,1.0,1,0,1,0.0,1.0,980,2021-09-07,2025-08-13,2025-08-14,2025-08-14,4,5,82,daily,5
89,random_forest,1,0.35,1.0,1,0,1,0.0,1.0,980,2021-09-07,2025-08-13,2025-08-14,2025-08-14,4,5,82,daily,5
90,xgboost,1,0.2,1.0,1,0,1,0.0,1.0,980,2021-09-03,2025-08-12,2025-08-13,2025-08-13,4,5,82,daily,5
90,random_forest,1,0.35,1.0,1,0,1,0.0,1.0,980,2021-09-03,2025-08-12,2025-08-13,2025-08-13,4,5,82,daily,5
91,xgboost,1,1.0,0.0,1,0,1,0.0,1.0,980,2021-09-02,2025-08-11,2025-08-12,2025-08-12,4,5,82,daily,5
91,random_forest,1,0.7,0.0,1,0,1,0.0,1.0,980,2021-09-02,2025-08-11,2025-08-12,2025-08-12,4,5,82,daily,5
92,xgboost,1,0.85,1.0,1,1,0,1.0,0.0,980,2021-09-01,2025-08-08,2025-08-11,2025-08-11,4,5,82,daily,5
92,random_forest,1,0.75,1.0,1,1,0,1.0,0.0,980,2021-09-01,2025-08-08,2025-08-11,2025-08-11,4,5,82,daily,5
93,xgboost,1,0.9,1.0,1,1,0,1.0,0.0,980,2021-08-31,2025-08-07,2025-08-08,2025-08-08,4,5,82,daily,5
93,random_forest,1,0.6,1.0,1,1,0,1.0,0.0,980,2021-08-31,2025-08-07,2025-08-08,2025-08-08,4,5,82,daily,5
94,xgboost,1,1.0,1.0,1,1,0,1.0,0.0,980,2021-08-30,2025-08-06,2025-08-07,2025-08-07,4,5,82,daily,5
94,random_forest,1,0.7,1.0,1,1,0,1.0,0.0,980,2021-08-30,2025-08-06,2025-08-07,2025-08-07,4,5,82,daily,5
95,xgboost,1,0.95,1.0,1,1,0,1.0,0.0,980,2021-08-27,2025-08-05,2025-08-06,2025-08-06,4,5,82,daily,5
95,random_forest,1,0.7,1.0,1,1,0,1.0,0.0,980,2021-08-27,2025-08-05,2025-08-06,2025-08-06,4,5,82,daily,5
96,xgboost,1,0.95,1.0,1,1,0,1.0,0.0,980,2021-08-26,2025-08-04,2025-08-05,2025-08-05,4,5,82,daily,5
96,random_forest,1,0.8,1.0,1,1,0,1.0,0.0,980,2021-08-26,2025-08-04,2025-08-05,2025-08-05,4,5,82,daily,5
97,xgboost,1,0.75,1.0,1,1,0,1.0,0.0,980,2021-08-25,2025-08-01,2025-08-04,2025-08-04,4,5,82,daily,5
97,random_forest,1,0.75,1.0,1,1,0,1.0,0.0,980,2021-08-25,2025-08-01,2025-08-04,2025-08-04,4,5,82,daily,5
98,xgboost,1,0.95,1.0,1,1,0,1.0,0.0,980,2021-08-24,2025-07-31,2025-08-01,2025-08-01,4,5,82,daily,5
98,random_forest,1,0.65,1.0,1,1,0,1.0,0.0,980,2021-08-24,2025-07-31,2025-08-01,2025-08-01,4,5,82,daily,5
99,xgboost,1,0.0,0.0,1,1,0,1.0,0.0,980,2021-08-23,2025-07-30,2025-07-31,2025-07-31,4,5,82,daily,5
99,random_forest,1,0.4,0.0,1,1,0,1.0,0.0,980,2021-08-23,2025-07-30,2025-07-31,2025-07-31,4,5,82,daily,5
100,xgboost,1,0.2,1.0,1,0,1,0.0,1.0,980,2021-08-20,2025-07-29,2025-07-30,2025-07-30,4,5,82,daily,5
100,random_forest,1,0.3,1.0,1,0,1,0.0,1.0,980,2021-08-20,2025-07-29,2025-07-30,2025-07-30,4,5,82,daily,5
101,xgboost,1,0.95,0.0,1,0,1,0.0,1.0,980,2021-08-19,2025-07-28,2025-07-29,2025-07-29,4,5,82,daily,5
101,random_forest,1,0.5,1.0,1,0,1,0.0,1.0,980,2021-08-19,2025-07-28,2025-07-29,2025-07-29,4,5,82,daily,5
102,xgboost,1,0.1,1.0,1,0,1,0.0,1.0,980,2021-08-18,2025-07-25,2025-07-28,2025-07-28,4,5,82,daily,5
102,random_forest,1,0.25,1.0,1,0,1,0.0,1.0,980,2021-08-18,2025-07-25,2025-07-28,2025-07-28,4,5,82,daily,5
103,xgboost,1,0.9,0.0,1,0,1,0.0,1.0,980,2021-08-17,2025-07-24,2025-07-25,2025-07-25,4,5,82,daily,5
103,random_forest,1,0.5,0.0,1,0,1,0.0,1.0,980,2021-08-17,2025-07-24,2025-07-25,2025-07-25,4,5,82,daily,5
104,xgboost,1,1.0,0.0,1,0,1,0.0,1.0,980,2021-08-16,2025-07-23,2025-07-24,2025-07-24,4,5,82,daily,5
104,random_forest,1,0.85,0.0,1,0,1,0.0,1.0,980,2021-08-16,2025-07-23,2025-07-24,2025-07-24,4,5,82,daily,5
105,xgboost,1,1.0,1.0,1,1,0,1.0,0.0,980,2021-08-13,2025-07-22,2025-07-23,2025-07-23,4,5,82,daily,5
105,random_forest,1,0.85,1.0,1,1,0,1.0,0.0,980,2021-08-13,2025-07-22,2025-07-23,2025-07-23,4,5,82,daily,5
106,xgboost,1,1.0,1.0,1,1,0,1.0,0.0,980,2021-08-12,2025-07-21,2025-07-22,2025-07-22,4,5,82,daily,5
106,random_forest,1,0.9,1.0,1,1,0,1.0,0.0,980,2021-08-12,2025-07-21,2025-07-22,2025-07-22,4,5,82,daily,5
107,xgboost,1,1.0,1.0,1,1,0,1.0,0.0,980,2021-08-11,2025-07-18,2025-07-21,2025-07-21,4,5,82,daily,5
107,random_forest,1,0.9,1.0,1,1,0,1.0,0.0,980,2021-08-11,2025-07-18,2025-07-21,2025-07-21,4,5,82,daily,5
108,xgboost,1,1.0,1.0,1,1,0,1.0,0.0,980,2021-08-10,2025-07-17,2025-07-18,2025-07-18,4,5,82,daily,5
108,random_forest,1,0.85,1.0,1,1,0,1.0,0.0,980,2021-08-10,2025-07-17,2025-07-18,2025-07-18,4,5,82,daily,5
109,xgboost,1,0.95,1.0,1,1,0,1.0,0.0,980,2021-08-09,2025-07-16,2025-07-17,2025-07-17,4,5,82,daily,5
109,random_forest,1,0.8,1.0,1,1,0,1.0,0.0,980,2021-08-09,2025-07-16,2025-07-17,2025-07-17,4,5,82,daily,5
110,xgboost,1,1.0,1.0,1,1,0,1.0,0.0,980,2021-08-06,2025-07-15,2025-07-16,2025-07-16,4,5,82,daily,5
110,random_forest,1,0.85,1.0,1,1,0,1.0,0.0,980,2021-08-06,2025-07-15,2025-07-16,2025-07-16,4,5,82,daily,5
111,xgboost,1,1.0,1.0,1,1,0,1.0,0.0,980,2021-08-05,2025-07-14,2025-07-15,2025-07-15,4,5,82,daily,5
111,random_forest,1,0.9,1.0,1,1,0,1.0,0.0,980,2021-08-05,2025-07-14,2025-07-15,2025-07-15,4,5,82,daily,5
112,xgboost,1,1.0,1.0,1,1,0,1.0,0.0,980,2021-08-04,2025-07-11,2025-07-14,2025-07-14,4,5,82,daily,5
112,random_forest,1,0.85,1.0,1,1,0,1.0,0.0,980,2021-08-04,2025-07-11,2025-07-14,2025-07-14,4,5,82,daily,5
113,xgboost,1,1.0,1.0,1,1,0,1.0,0.0,980,2021-08-03,2025-07-10,2025-07-11,2025-07-11,4,5,82,daily,5
113,random_forest,1,0.95,1.0,1,1,0,1.0,0.0,980,2021-08-03,2025-07-10,2025-07-11,2025-07-11,4,5,82,daily,5
114,xgboost,1,1.0,1.0,1,1,0,1.0,0.0,980,2021-08-02,2025-07-09,2025-07-10,2025-07-10,4,5,82,daily,5
114,random_forest,1,0.9,1.0,1,1,0,1.0,0.0,980,2021-08-02,2025-07-09,2025-07-10,2025-07-10,4,5,82,daily,5
115,xgboost,1,1.0,1.0,1,1,0,1.0,0.0,980,2021-07-30,2025-07-08,2025-07-09,2025-07-09,4,5,82,daily,5
115,random_forest,1,0.85,1.0,1,1,0,1.0,0.0,980,2021-07-30,2025-07-08,2025-07-09,2025-07-09,4,5,82,daily,5
116,xgboost,1,1.0,1.0,1,1,0,1.0,0.0,980,2021-07-29,2025-07-07,2025-07-08,2025-07-08,4,5,82,daily,5
116,random_forest,1,0.85,1.0,1,1,0,1.0,0.0,980,2021-07-29,2025-07-07,2025-07-08,2025-07-08,4,5,82,daily,5
117,xgboost,1,1.0,1.0,1,1,0,1.0,0.0,980,2021-07-28,2025-07-02,2025-07-07,2025-07-07,4,5,82,daily,5
117,random_forest,1,0.85,1.0,1,1,0,1.0,0.0,980,2021-07-28,2025-07-02,2025-07-07,2025-07-07,4,5,82,daily,5
118,xgboost,1,0.95,1.0,1,1,0,1.0,0.0,980,2021-07-27,2025-07-01,2025-07-02,2025-07-02,4,5,82,daily,5
118,random_forest,1,0.8,1.0,1,1,0,1.0,0.0,980,2021-07-27,2025-07-01,2025-07-02,2025-07-02,4,5,82,daily,5
119,xgboost,1,1.0,1.0,1,1,0,1.0,0.0,980,2021-07-26,2025-06-30,2025-07-01,2025-07-01,4,5,82,daily,5
119,random_forest,1,0.75,1.0,1,1,0,1.0,0.0,980,2021-07-26,2025-06-30,2025-07-01,2025-07-01,4,5,82,daily,5
120,xgboost,1,0.95,1.0,1,1,0,1.0,0.0,980,2021-07-23,2025-06-27,2025-06-30,2025-06-30,4,5,82,daily,5
120,random_forest,1,0.65,1.0,1,1,0,1.0,0.0,980,2021-07-23,2025-06-27,2025-06-30,2025-06-30,4,5,82,daily,5
121,xgboost,1,0.95,1.0,1,1,0,1.0,0.0,980,2021-07-22,2025-06-26,2025-06-27,2025-06-27,4,5,82,daily,5
121,random_forest,1,0.7,1.0,1,1,0,1.0,0.0,980,2021-07-22,2025-06-26,2025-06-27,2025-06-27,4,5,82,daily,5
122,xgboost,1,1.0,1.0,1,1,0,1.0,0.0,980,2021-07-21,2025-06-25,2025-06-26,2025-06-26,4,5,82,daily,5
122,random_forest,1,0.75,1.0,1,1,0,1.0,0.0,980,2021-07-21,2025-06-25,2025-06-26,2025-06-26,4,5,82,daily,5
123,xgboost,1,0.9,1.0,1,1,0,1.0,0.0,980,2021-07-20,2025-06-24,2025-06-25,2025-06-25,4,5,82,daily,5
123,random_forest,1,0.7,1.0,1,1,0,1.0,0.0,980,2021-07-20,2025-06-24,2025-06-25,2025-06-25,4,5,82,daily,5
124,xgboost,1,0.8,1.0,1,1,0,1.0,0.0,980,2021-07-19,2025-06-23,2025-06-24,2025-06-24,4,5,82,daily,5
124,random_forest,1,0.65,1.0,1,1,0,1.0,0.0,980,2021-07-19,2025-06-23,2025-06-24,2025-06-24,4,5,82,daily,5
125,xgboost,1,0.3,0.0,1,1,0,1.0,0.0,980,2021-07-16,2025-06-20,2025-06-23,2025-06-23,4,5,82,daily,5
125,random_forest,1,0.75,1.0,1,1,0,1.0,0.0,980,2021-07-16,2025-06-20,2025-06-23,2025-06-23,4,5,82,daily,5
126,xgboost,1,1.0,1.0,1,1,0,1.0,0.0,980,2021-07-15,2025-06-18,2025-06-20,2025-06-20,4,5,82,daily,5
126,random_forest,1,0.8,1.0,1,1,0,1.0,0.0,980,2021-07-15,2025-06-18,2025-06-20,2025-06-20,4,5,82,daily,5
127,xgboost,1,1.0,1.0,1,1,0,1.0,0.0,980,2021-07-14,2025-06-17,2025-06-18,2025-06-18,4,5,82,daily,5
127,random_forest,1,0.75,1.0,1,1,0,1.0,0.0,980,2021-07-14,2025-06-17,2025-06-18,2025-06-18,4,5,82,daily,5
128,xgboost,1,1.0,1.0,1,1,0,1.0,0.0,980,2021-07-13,2025-06-16,2025-06-17,2025-06-17,4,5,82,daily,5
128,random_forest,1,0.75,1.0,1,1,0,1.0,0.0,980,2021-07-13,2025-06-16,2025-06-17,2025-06-17,4,5,82,daily,5
129,xgboost,1,0.95,1.0,1,1,0,1.0,0.0,980,2021-07-12,2025-06-13,2025-06-16,2025-06-16,4,5,82,daily,5
129,random_forest,1,0.55,1.0,1,1,0,1.0,0.0,980,2021-07-12,2025-06-13,2025-06-16,2025-06-16,4,5,82,daily,5
130,xgboost,1,0.75,1.0,1,1,0,1.0,0.0,980,2021-07-09,2025-06-12,2025-06-13,2025-06-13,4,5,82,daily,5
130,random_forest,1,0.6,1.0,1,1,0,1.0,0.0,980,2021-07-09,2025-06-12,2025-06-13,2025-06-13,4,5,82,daily,5
131,xgboost,1,0.8,0.0,1,0,1,0.0,1.0,980,2021-07-08,2025-06-11,2025-06-12,2025-06-12,4,5,82,daily,5
131,random_forest,1,0.45,1.0,1,0,1,0.0,1.0,980,2021-07-08,2025-06-11,2025-06-12,2025-06-12,4,5,82,daily,5
132,xgboost,1,0.9,0.0,1,0,1,0.0,1.0,980,2021-07-07,2025-06-10,2025-06-11,2025-06-11,4,5,82,daily,5
132,random_forest,1,0.6,0.0,1,0,1,0.0,1.0,980,2021-07-07,2025-06-10,2025-06-11,2025-06-11,4,5,82,daily,5
133,xgboost,1,0.65,0.0,1,0,1,0.0,1.0,980,2021-07-06,2025-06-09,2025-06-10,2025-06-10,4,5,82,daily,5
133,random_forest,1,0.65,0.0,1,0,1,0.0,1.0,980,2021-07-06,2025-06-09,2025-06-10,2025-06-10,4,5,82,daily,5
134,xgboost,1,0.5,0.0,1,1,0,1.0,0.0,980,2021-07-02,2025-06-06,2025-06-09,2025-06-09,4,5,82,daily,5
134,random_forest,1,0.45,0.0,1,1,0,1.0,0.0,980,2021-07-02,2025-06-06,2025-06-09,2025-06-09,4,5,82,daily,5
135,xgboost,1,1.0,0.0,1,0,1,0.0,1.0,980,2021-07-01,2025-06-05,2025-06-06,2025-06-06,4,5,82,daily,5
135,random_forest,1,0.85,0.0,1,0,1,0.0,1.0,980,2021-07-01,2025-06-05,2025-06-06,2025-06-06,4,5,82,daily,5
136,xgboost,1,1.0,1.0,1,1,0,1.0,0.0,980,2021-06-30,2025-06-04,2025-06-05,2025-06-05,4,5,82,daily,5
136,random_forest,1,0.8,1.0,1,1,0,1.0,0.0,980,2021-06-30,2025-06-04,2025-06-05,2025-06-05,4,5,82,daily,5
137,xgboost,1,0.5,0.0,1,1,0,1.0,0.0,980,2021-06-29,2025-06-03,2025-06-04,2025-06-04,4,5,82,daily,5
137,random_forest,1,0.6,1.0,1,1,0,1.0,0.0,980,2021-06-29,2025-06-03,2025-06-04,2025-06-04,4,5,82,daily,5
138,xgboost,1,0.55,1.0,1,1,0,1.0,0.0,980,2021-06-28,2025-06-02,2025-06-03,2025-06-03,4,5,82,daily,5
138,random_forest,1,0.7,1.0,1,1,0,1.0,0.0,980,2021-06-28,2025-06-02,2025-06-03,2025-06-03,4,5,82,daily,5
139,xgboost,1,0.9,1.0,1,1,0,1.0,0.0,980,2021-06-25,2025-05-30,2025-06-02,2025-06-02,4,5,82,daily,5
139,random_forest,1,0.7,1.0,1,1,0,1.0,0.0,980,2021-06-25,2025-05-30,2025-06-02,2025-06-02,4,5,82,daily,5
140,xgboost,1,0.95,1.0,1,1,0,1.0,0.0,980,2021-06-24,2025-05-29,2025-05-30,2025-05-30,4,5,82,daily,5
140,random_forest,1,0.7,1.0,1,1,0,1.0,0.0,980,2021-06-24,2025-05-29,2025-05-30,2025-05-30,4,5,82,daily,5
141,xgboost,1,0.05,0.0,1,1,0,1.0,0.0,980,2021-06-23,2025-05-28,2025-05-29,2025-05-29,4,5,82,daily,5
141,random_forest,1,0.65,1.0,1,1,0,1.0,0.0,980,2021-06-23,2025-05-28,2025-05-29,2025-05-29,4,5,82,daily,5
142,xgboost,1,0.4,0.0,1,1,0,1.0,0.0,980,2021-06-22,2025-05-27,2025-05-28,2025-05-28,4,5,82,daily,5
142,random_forest,1,0.65,1.0,1,1,0,1.0,0.0,980,2021-06-22,2025-05-27,2025-05-28,2025-05-28,4,5,82,daily,5
143,xgboost,1,0.05,0.0,1,1,0,1.0,0.0,980,2021-06-21,2025-05-23,2025-05-27,2025-05-27,4,5,82,daily,5
143,random_forest,1,0.55,1.0,1,1,0,1.0,0.0,980,2021-06-21,2025-05-23,2025-05-27,2025-05-27,4,5,82,daily,5
144,xgboost,1,0.95,1.0,1,1,0,1.0,0.0,980,2021-06-18,2025-05-22,2025-05-23,2025-05-23,4,5,82,daily,5
144,random_forest,1,0.7,1.0,1,1,0,1.0,0.0,980,2021-06-18,2025-05-22,2025-05-23,2025-05-23,4,5,82,daily,5
145,xgboost,1,0.95,1.0,1,1,0,1.0,0.0,980,2021-06-17,2025-05-21,2025-05-22,2025-05-22,4,5,82,daily,5
145,random_forest,1,0.6,1.0,1,1,0,1.0,0.0,980,2021-06-17,2025-05-21,2025-05-22,2025-05-22,4,5,82,daily,5
146,xgboost,1,0.7,1.0,1,1,0,1.0,0.0,980,2021-06-16,2025-05-20,2025-05-21,2025-05-21,4,5,82,daily,5
146,random_forest,1,0.4,0.0,1,1,0,1.0,0.0,980,2021-06-16,2025-05-20,2025-05-21,2025-05-21,4,5,82,daily,5
147,xgboost,1,0.2,1.0,1,0,1,0.0,1.0,980,2021-06-15,2025-05-19,2025-05-20,2025-05-20,4,5,82,daily,5
147,random_forest,1,0.3,1.0,1,0,1,0.0,1.0,980,2021-06-15,2025-05-19,2025-05-20,2025-05-20,4,5,82,daily,5
148,xgboost,1,0.0,1.0,1,0,1,0.0,1.0,980,2021-06-14,2025-05-16,2025-05-19,2025-05-19,4,5,82,daily,5
148,random_forest,1,0.2,1.0,1,0,1,0.0,1.0,980,2021-06-14,2025-05-16,2025-05-19,2025-05-19,4,5,82,daily,5
149,xgboost,1,0.2,1.0,1,0,1,0.0,1.0,980,2021-06-11,2025-05-15,2025-05-16,2025-05-16,4,5,82,daily,5
149,random_forest,1,0.3,1.0,1,0,1,0.0,1.0,980,2021-06-11,2025-05-15,2025-05-16,2025-05-16,4,5,82,daily,5
150,xgboost,1,0.1,1.0,1,0,1,0.0,1.0,980,2021-06-10,2025-05-14,2025-05-15,2025-05-15,4,5,82,daily,5
150,random_forest,1,0.4,1.0,1,0,1,0.0,1.0,980,2021-06-10,2025-05-14,2025-05-15,2025-05-15,4,5,82,daily,5
151,xgboost,1,0.9,0.0,1,0,1,0.0,1.0,980,2021-06-09,2025-05-13,2025-05-14,2025-05-14,4,5,82,daily,5
151,random_forest,1,0.65,0.0,1,0,1,0.0,1.0,980,2021-06-09,2025-05-13,2025-05-14,2025-05-14,4,5,82,daily,5
152,xgboost,1,0.95,1.0,1,1,0,1.0,0.0,980,2021-06-08,2025-05-12,2025-05-13,2025-05-13,4,5,82,daily,5
152,random_forest,1,0.65,1.0,1,1,0,1.0,0.0,980,2021-06-08,2025-05-12,2025-05-13,2025-05-13,4,5,82,daily,5
153,xgboost,1,0.15,0.0,1,1,0,1.0,0.0,980,2021-06-07,2025-05-09,2025-05-12,2025-05-12,4,5,82,daily,5
153,random_forest,1,0.45,0.0,1,1,0,1.0,0.0,980,2021-06-07,2025-05-09,2025-05-12,2025-05-12,4,5,82,daily,5
154,xgboost,1,1.0,1.0,1,1,0,1.0,0.0,980,2021-06-04,2025-05-08,2025-05-09,2025-05-09,4,5,82,daily,5
154,random_forest,1,0.75,1.0,1,1,0,1.0,0.0,980,2021-06-04,2025-05-08,2025-05-09,2025-05-09,4,5,82,daily,5
155,xgboost,1,0.6,1.0,1,1,0,1.0,0.0,980,2021-06-03,2025-05-07,2025-05-08,2025-05-08,4,5,82,daily,5
155,random_forest,1,0.6,1.0,1,1,0,1.0,0.0,980,2021-06-03,2025-05-07,2025-05-08,2025-05-08,4,5,82,daily,5
156,xgboost,1,0.95,1.0,1,1,0,1.0,0.0,980,2021-06-02,2025-05-06,2025-05-07,2025-05-07,4,5,82,daily,5
156,random_forest,1,0.8,1.0,1,1,0,1.0,0.0,980,2021-06-02,2025-05-06,2025-05-07,2025-05-07,4,5,82,daily,5
157,xgboost,1,0.8,1.0,1,1,0,1.0,0.0,980,2021-06-01,2025-05-05,2025-05-06,2025-05-06,4,5,82,daily,5
157,random_forest,1,0.7,1.0,1,1,0,1.0,0.0,980,2021-06-01,2025-05-05,2025-05-06,2025-05-06,4,5,82,daily,5
158,xgboost,1,0.3,0.0,1,1,0,1.0,0.0,980,2021-05-28,2025-05-02,2025-05-05,2025-05-05,4,5,82,daily,5
158,random_forest,1,0.45,0.0,1,1,0,1.0,0.0,980,2021-05-28,2025-05-02,2025-05-05,2025-05-05,4,5,82,daily,5
159,xgboost,1,0.95,0.0,1,0,1,0.0,1.0,980,2021-05-27,2025-05-01,2025-05-02,2025-05-02,4,5,82,daily,5
159,random_forest,1,0.75,0.0,1,0,1,0.0,1.0,980,2021-05-27,2025-05-01,2025-05-02,2025-05-02,4,5,82,daily,5
160,xgboost,1,1.0,1.0,1,1,0,1.0,0.0,980,2021-05-26,2025-04-30,2025-05-01,2025-05-01,4,5,82,daily,5
160,random_forest,1,0.75,1.0,1,1,0,1.0,0.0,980,2021-05-26,2025-04-30,2025-05-01,2025-05-01,4,5,82,daily,5
161,xgboost,1,1.0,1.0,1,1,0,1.0,0.0,980,2021-05-25,2025-04-29,2025-04-30,2025-04-30,4,5,82,daily,5
161,random_forest,1,0.8,1.0,1,1,0,1.0,0.0,980,2021-05-25,2025-04-29,2025-04-30,2025-04-30,4,5,82,daily,5
162,xgboost,1,1.0,1.0,1,1,0,1.0,0.0,980,2021-05-24,2025-04-28,2025-04-29,2025-04-29,4,5,82,daily,5
162,random_forest,1,0.8,1.0,1,1,0,1.0,0.0,980,2021-05-24,2025-04-28,2025-04-29,2025-04-29,4,5,82,daily,5
163,xgboost,1,1.0,1.0,1,1,0,1.0,0.0,980,2021-05-21,2025-04-25,2025-04-28,2025-04-28,4,5,82,daily,5
163,random_forest,1,0.75,1.0,1,1,0,1.0,0.0,980,2021-05-21,2025-04-25,2025-04-28,2025-04-28,4,5,82,daily,5
164,xgboost,1,0.95,1.0,1,1,0,1.0,0.0,980,2021-05-20,2025-04-24,2025-04-25,2025-04-25,4,5,82,daily,5
164,random_forest,1,0.65,1.0,1,1,0,1.0,0.0,980,2021-05-20,2025-04-24,2025-04-25,2025-04-25,4,5,82,daily,5
165,xgboost,1,0.2,0.0,1,1,0,1.0,0.0,980,2021-05-19,2025-04-23,2025-04-24,2025-04-24,4,5,82,daily,5
165,random_forest,1,0.55,1.0,1,1,0,1.0,0.0,980,2021-05-19,2025-04-23,2025-04-24,2025-04-24,4,5,82,daily,5
166,xgboost,1,0.1,0.0,1,1,0,1.0,0.0,980,2021-05-18,2025-04-22,2025-04-23,2025-04-23,4,5,82,daily,5
166,random_forest,1,0.45,0.0,1,1,0,1.0,0.0,980,2021-05-18,2025-04-22,2025-04-23,2025-04-23,4,5,82,daily,5
167,xgboost,1,0.75,1.0,1,1,0,1.0,0.0,980,2021-05-17,2025-04-21,2025-04-22,2025-04-22,4,5,82,daily,5
167,random_forest,1,0.55,1.0,1,1,0,1.0,0.0,980,2021-05-17,2025-04-21,2025-04-22,2025-04-22,4,5,82,daily,5
168,xgboost,1,0.95,1.0,1,1,0,1.0,0.0,980,2021-05-14,2025-04-17,2025-04-21,2025-04-21,4,5,82,daily,5
168,random_forest,1,0.65,1.0,1,1,0,1.0,0.0,980,2021-05-14,2025-04-17,2025-04-21,2025-04-21,4,5,82,daily,5
169,xgboost,1,0.75,1.0,1,1,0,1.0,0.0,980,2021-05-13,2025-04-16,2025-04-17,2025-04-17,4,5,82,daily,5
169,random_forest,1,0.5,1.0,1,1,0,1.0,0.0,980,2021-05-13,2025-04-16,2025-04-17,2025-04-17,4,5,82,daily,5
170,xgboost,1,0.0,0.0,1,1,0,1.0,0.0,980,2021-05-12,2025-04-15,2025-04-16,2025-04-16,4,5,82,daily,5
170,random_forest,1,0.2,0.0,1,1,0,1.0,0.0,980,2021-05-12,2025-04-15,2025-04-16,2025-04-16,4,5,82,daily,5
171,xgboost,1,0.0,1.0,1,0,1,0.0,1.0,980,2021-05-11,2025-04-14,2025-04-15,2025-04-15,4,5,82,daily,5
171,random_forest,1,0.15,1.0,1,0,1,0.0,1.0,980,2021-05-11,2025-04-14,2025-04-15,2025-04-15,4,5,82,daily,5
172,xgboost,1,0.0,1.0,1,0,1,0.0,1.0,980,2021-05-10,2025-04-11,2025-04-14,2025-04-14,4,5,82,daily,5
172,random_forest,1,0.2,1.0,1,0,1,0.0,1.0,980,2021-05-10,2025-04-11,2025-04-14,2025-04-14,4,5,82,daily,5
173,xgboost,1,0.0,1.0,1,0,1,0.0,1.0,980,2021-05-07,2025-04-10,2025-04-11,2025-04-11,4,5,82,daily,5
173,random_forest,1,0.25,1.0,1,0,1,0.0,1.0,980,2021-05-07,2025-04-10,2025-04-11,2025-04-11,4,5,82,daily,5
174,xgboost,1,0.2,1.0,1,0,1,0.0,1.0,980,2021-05-06,2025-04-09,2025-04-10,2025-04-10,4,5,82,daily,5
174,random_forest,1,0.45,1.0,1,0,1,0.0,1.0,980,2021-05-06,2025-04-09,2025-04-10,2025-04-10,4,5,82,daily,5
175,xgboost,1,0.3,1.0,1,0,1,0.0,1.0,980,2021-05-05,2025-04-08,2025-04-09,2025-04-09,4,5,82,daily,5
175,random_forest,1,0.55,0.0,1,0,1,0.0,1.0,980,2021-05-05,2025-04-08,2025-04-09,2025-04-09,4,5,82,daily,5
176,xgboost,1,1.0,1.0,1,1,0,1.0,0.0,980,2021-05-04,2025-04-07,2025-04-08,2025-04-08,4,5,82,daily,5
176,random_forest,1,0.8,1.0,1,1,0,1.0,0.0,980,2021-05-04,2025-04-07,2025-04-08,2025-04-08,4,5,82,daily,5
177,xgboost,1,0.7,1.0,1,1,0,1.0,0.0,980,2021-05-03,2025-04-04,2025-04-07,2025-04-07,4,5,82,daily,5
177,random_forest,1,0.65,1.0,1,1,0,1.0,0.0,980,2021-05-03,2025-04-04,2025-04-07,2025-04-07,4,5,82,daily,5
178,xgboost,1,1.0,1.0,1,1,0,1.0,0.0,980,2021-04-30,2025-04-03,2025-04-04,2025-04-04,4,5,82,daily,5
178,random_forest,1,0.65,1.0,1,1,0,1.0,0.0,980,2021-04-30,2025-04-03,2025-04-04,2025-04-04,4,5,82,daily,5
179,xgboost,1,0.65,0.0,1,0,1,0.0,1.0,980,2021-04-29,2025-04-02,2025-04-03,2025-04-03,4,5,82,daily,5
179,random_forest,1,0.5,1.0,1,0,1,0.0,1.0,980,2021-04-29,2025-04-02,2025-04-03,2025-04-03,4,5,82,daily,5
180,xgboost,1,0.0,1.0,1,0,1,0.0,1.0,980,2021-04-28,2025-04-01,2025-04-02,2025-04-02,4,5,82,daily,5
180,random_forest,1,0.2,1.0,1,0,1,0.0,1.0,980,2021-04-28,2025-04-01,2025-04-02,2025-04-02,4,5,82,daily,5
181,xgboost,1,0.05,1.0,1,0,1,0.0,1.0,980,2021-04-27,2025-03-31,2025-04-01,2025-04-01,4,5,82,daily,5
181,random_forest,1,0.25,1.0,1,0,1,0.0,1.0,980,2021-04-27,2025-03-31,2025-04-01,2025-04-01,4,5,82,daily,5
182,xgboost,1,0.3,1.0,1,0,1,0.0,1.0,980,2021-04-26,2025-03-28,2025-03-31,2025-03-31,4,5,82,daily,5
182,random_forest,1,0.45,1.0,1,0,1,0.0,1.0,980,2021-04-26,2025-03-28,2025-03-31,2025-03-31,4,5,82,daily,5
183,xgboost,1,0.2,1.0,1,0,1,0.0,1.0,980,2021-04-23,2025-03-27,2025-03-28,2025-03-28,4,5,82,daily,5
183,random_forest,1,0.45,1.0,1,0,1,0.0,1.0,980,2021-04-23,2025-03-27,2025-03-28,2025-03-28,4,5,82,daily,5
184,xgboost,1,0.05,1.0,1,0,1,0.0,1.0,980,2021-04-22,2025-03-26,2025-03-27,2025-03-27,4,5,82,daily,5
184,random_forest,1,0.3,1.0,1,0,1,0.0,1.0,980,2021-04-22,2025-03-26,2025-03-27,2025-03-27,4,5,82,daily,5
185,xgboost,1,0.1,1.0,1,0,1,0.0,1.0,980,2021-04-21,2025-03-25,2025-03-26,2025-03-26,4,5,82,daily,5
185,random_forest,1,0.35,1.0,1,0,1,0.0,1.0,980,2021-04-21,2025-03-25,2025-03-26,2025-03-26,4,5,82,daily,5
186,xgboost,1,0.65,0.0,1,0,1,0.0,1.0,980,2021-04-20,2025-03-24,2025-03-25,2025-03-25,4,5,82,daily,5
186,random_forest,1,0.35,1.0,1,0,1,0.0,1.0,980,2021-04-20,2025-03-24,2025-03-25,2025-03-25,4,5,82,daily,5
187,xgboost,1,0.95,0.0,1,0,1,0.0,1.0,980,2021-04-19,2025-03-21,2025-03-24,2025-03-24,4,5,82,daily,5
187,random_forest,1,0.45,1.0,1,0,1,0.0,1.0,980,2021-04-19,2025-03-21,2025-03-24,2025-03-24,4,5,82,daily,5
188,xgboost,1,1.0,0.0,1,0,1,0.0,1.0,980,2021-04-16,2025-03-20,2025-03-21,2025-03-21,4,5,82,daily,5
188,random_forest,1,0.75,0.0,1,0,1,0.0,1.0,980,2021-04-16,2025-03-20,2025-03-21,2025-03-21,4,5,82,daily,5
189,xgboost,1,1.0,1.0,1,1,0,1.0,0.0,980,2021-04-15,2025-03-19,2025-03-20,2025-03-20,4,5,82,daily,5
189,random_forest,1,0.85,1.0,1,1,0,1.0,0.0,980,2021-04-15,2025-03-19,2025-03-20,2025-03-20,4,5,82,daily,5
190,xgboost,1,1.0,1.0,1,1,0,1.0,0.0,980,2021-04-14,2025-03-18,2025-03-19,2025-03-19,4,5,82,daily,5
190,random_forest,1,0.75,1.0,1,1,0,1.0,0.0,980,2021-04-14,2025-03-18,2025-03-19,2025-03-19,4,5,82,daily,5
191,xgboost,1,1.0,1.0,1,1,0,1.0,0.0,980,2021-04-13,2025-03-17,2025-03-18,2025-03-18,4,5,82,daily,5
191,random_forest,1,0.8,1.0,1,1,0,1.0,0.0,980,2021-04-13,2025-03-17,2025-03-18,2025-03-18,4,5,82,daily,5
192,xgboost,1,0.75,1.0,1,1,0,1.0,0.0,980,2021-04-12,2025-03-14,2025-03-17,2025-03-17,4,5,82,daily,5
192,random_forest,1,0.6,1.0,1,1,0,1.0,0.0,980,2021-04-12,2025-03-14,2025-03-17,2025-03-17,4,5,82,daily,5
193,xgboost,1,0.9,1.0,1,1,0,1.0,0.0,980,2021-04-09,2025-03-13,2025-03-14,2025-03-14,4,5,82,daily,5
193,random_forest,1,0.65,1.0,1,1,0,1.0,0.0,980,2021-04-09,2025-03-13,2025-03-14,2025-03-14,4,5,82,daily,5
194,xgboost,1,0.95,1.0,1,1,0,1.0,0.0,980,2021-04-08,2025-03-12,2025-03-13,2025-03-13,4,5,82,daily,5
194,random_forest,1,0.7,1.0,1,1,0,1.0,0.0,980,2021-04-08,2025-03-12,2025-03-13,2025-03-13,4,5,82,daily,5
195,xgboost,1,0.15,0.0,1,1,0,1.0,0.0,980,2021-04-07,2025-03-11,2025-03-12,2025-03-12,4,5,82,daily,5
195,random_forest,1,0.5,1.0,1,1,0,1.0,0.0,980,2021-04-07,2025-03-11,2025-03-12,2025-03-12,4,5,82,daily,5
196,xgboost,1,0.95,1.0,1,1,0,1.0,0.0,980,2021-04-06,2025-03-10,2025-03-11,2025-03-11,4,5,82,daily,5
196,random_forest,1,0.5,0.0,1,1,0,1.0,0.0,980,2021-04-06,2025-03-10,2025-03-11,2025-03-11,4,5,82,daily,5
197,xgboost,1,0.0,0.0,1,1,0,1.0,0.0,980,2021-04-05,2025-03-07,2025-03-10,2025-03-10,4,5,82,daily,5
197,random_forest,1,0.35,0.0,1,1,0,1.0,0.0,980,2021-04-05,2025-03-07,2025-03-10,2025-03-10,4,5,82,daily,5
198,xgboost,1,0.1,1.0,1,0,1,0.0,1.0,980,2021-04-01,2025-03-06,2025-03-07,2025-03-07,4,5,82,daily,5
198,random_forest,1,0.3,1.0,1,0,1,0.0,1.0,980,2021-04-01,2025-03-06,2025-03-07,2025-03-07,4,5,82,daily,5
199,xgboost,1,0.1,1.0,1,0,1,0.0,1.0,980,2021-03-31,2025-03-05,2025-03-06,2025-03-06,4,5,82,daily,5
199,random_forest,1,0.45,1.0,1,0,1,0.0,1.0,980,2021-03-31,2025-03-05,2025-03-06,2025-03-06,4,5,82,daily,5
200,xgboost,1,0.0,1.0,1,0,1,0.0,1.0,980,2021-03-30,2025-03-04,2025-03-05,2025-03-05,4,5,82,daily,5
200,random_forest,1,0.2,1.0,1,0,1,0.0,1.0,980,2021-03-30,2025-03-04,2025-03-05,2025-03-05,4,5,82,daily,5
201,xgboost,1,0.05,1.0,1,0,1,0.0,1.0,980,2021-03-29,2025-03-03,2025-03-04,2025-03-04,4,5,82,daily,5
201,random_forest,1,0.35,1.0,1,0,1,0.0,1.0,980,2021-03-29,2025-03-03,2025-03-04,2025-03-04,4,5,82,daily,5
202,xgboost,1,0.0,1.0,1,0,1,0.0,1.0,980,2021-03-26,2025-02-28,2025-03-03,2025-03-03,4,5,82,daily,5
202,random_forest,1,0.35,1.0,1,0,1,0.0,1.0,980,2021-03-26,2025-02-28,2025-03-03,2025-03-03,4,5,82,daily,5
203,xgboost,1,0.0,1.0,1,0,1,0.0,1.0,980,2021-03-25,2025-02-27,2025-02-28,2025-02-28,4,5,82,daily,5
203,random_forest,1,0.45,1.0,1,0,1,0.0,1.0,980,2021-03-25,2025-02-27,2025-02-28,2025-02-28,4,5,82,daily,5
204,xgboost,1,0.7,0.0,1,0,1,0.0,1.0,980,2021-03-24,2025-02-26,2025-02-27,2025-02-27,4,5,82,daily,5
204,random_forest,1,0.55,0.0,1,0,1,0.0,1.0,980,2021-03-24,2025-02-26,2025-02-27,2025-02-27,4,5,82,daily,5
205,xgboost,1,0.0,1.0,1,0,1,0.0,1.0,980,2021-03-23,2025-02-25,2025-02-26,2025-02-26,4,5,82,daily,5
205,random_forest,1,0.3,1.0,1,0,1,0.0,1.0,980,2021-03-23,2025-02-25,2025-02-26,2025-02-26,4,5,82,daily,5
206,xgboost,1,0.1,1.0,1,0,1,0.0,1.0,980,2021-03-22,2025-02-24,2025-02-25,2025-02-25,4,5,82,daily,5
206,random_forest,1,0.4,1.0,1,0,1,0.0,1.0,980,2021-03-22,2025-02-24,2025-02-25,2025-02-25,4,5,82,daily,5
207,xgboost,1,0.5,1.0,1,0,1,0.0,1.0,980,2021-03-19,2025-02-21,2025-02-24,2025-02-24,4,5,82,daily,5
207,random_forest,1,0.5,1.0,1,0,1,0.0,1.0,980,2021-03-19,2025-02-21,2025-02-24,2025-02-24,4,5,82,daily,5
208,xgboost,1,0.9,0.0,1,0,1,0.0,1.0,980,2021-03-18,2025-02-20,2025-02-21,2025-02-21,4,5,82,daily,5
208,random_forest,1,0.5,0.0,1,0,1,0.0,1.0,980,2021-03-18,2025-02-20,2025-02-21,2025-02-21,4,5,82,daily,5
209,xgboost,1,0.1,1.0,1,0,1,0.0,1.0,980,2021-03-17,2025-02-19,2025-02-20,2025-02-20,4,5,82,daily,5
209,random_forest,1,0.35,1.0,1,0,1,0.0,1.0,980,2021-03-17,2025-02-19,2025-02-20,2025-02-20,4,5,82,daily,5
210,xgboost,1,0.0,1.0,1,0,1,0.0,1.0,980,2021-03-16,2025-02-18,2025-02-19,2025-02-19,4,5,82,daily,5
210,random_forest,1,0.35,1.0,1,0,1,0.0,1.0,980,2021-03-16,2025-02-18,2025-02-19,2025-02-19,4,5,82,daily,5
211,xgboost,1,0.15,1.0,1,0,1,0.0,1.0,980,2021-03-15,2025-02-14,2025-02-18,2025-02-18,4,5,82,daily,5
211,random_forest,1,0.4,1.0,1,0,1,0.0,1.0,980,2021-03-15,2025-02-14,2025-02-18,2025-02-18,4,5,82,daily,5
212,xgboost,1,0.95,0.0,1,0,1,0.0,1.0,980,2021-03-12,2025-02-13,2025-02-14,2025-02-14,4,5,82,daily,5
212,random_forest,1,0.6,0.0,1,0,1,0.0,1.0,980,2021-03-12,2025-02-13,2025-02-14,2025-02-14,4,5,82,daily,5
213,xgboost,1,1.0,0.0,1,0,1,0.0,1.0,980,2021-03-11,2025-02-12,2025-02-13,2025-02-13,4,5,82,daily,5
213,random_forest,1,0.8,0.0,1,0,1,0.0,1.0,980,2021-03-11,2025-02-12,2025-02-13,2025-02-13,4,5,82,daily,5
214,xgboost,1,1.0,1.0,1,1,0,1.0,0.0,980,2021-03-10,2025-02-11,2025-02-12,2025-02-12,4,5,82,daily,5
214,random_forest,1,0.85,1.0,1,1,0,1.0,0.0,980,2021-03-10,2025-02-11,2025-02-12,2025-02-12,4,5,82,daily,5
215,xgboost,1,1.0,1.0,1,1,0,1.0,0.0,980,2021-03-09,2025-02-10,2025-02-11,2025-02-11,4,5,82,daily,5
215,random_forest,1,0.75,1.0,1,1,0,1.0,0.0,980,2021-03-09,2025-02-10,2025-02-11,2025-02-11,4,5,82,daily,5
216,xgboost,1,1.0,1.0,1,1,0,1.0,0.0,980,2021-03-08,2025-02-07,2025-02-10,2025-02-10,4,5,82,daily,5
216,random_forest,1,0.7,1.0,1,1,0,1.0,0.0,980,2021-03-08,2025-02-07,2025-02-10,2025-02-10,4,5,82,daily,5
217,xgboost,1,1.0,1.0,1,1,0,1.0,0.0,980,2021-03-05,2025-02-06,2025-02-07,2025-02-07,4,5,82,daily,5
217,random_forest,1,0.8,1.0,1,1,0,1.0,0.0,980,2021-03-05,2025-02-06,2025-02-07,2025-02-07,4,5,82,daily,5
218,xgboost,1,0.9,1.0,1,1,0,1.0,0.0,980,2021-03-04,2025-02-05,2025-02-06,2025-02-06,4,5,82,daily,5
218,random_forest,1,0.75,1.0,1,1,0,1.0,0.0,980,2021-03-04,2025-02-05,2025-02-06,2025-02-06,4,5,82,daily,5
219,xgboost,1,0.95,1.0,1,1,0,1.0,0.0,980,2021-03-03,2025-02-04,2025-02-05,2025-02-05,4,5,82,daily,5
219,random_forest,1,0.7,1.0,1,1,0,1.0,0.0,980,2021-03-03,2025-02-04,2025-02-05,2025-02-05,4,5,82,daily,5
220,xgboost,1,1.0,1.0,1,1,0,1.0,0.0,980,2021-03-02,2025-02-03,2025-02-04,2025-02-04,4,5,82,daily,5
220,random_forest,1,0.7,1.0,1,1,0,1.0,0.0,980,2021-03-02,2025-02-03,2025-02-04,2025-02-04,4,5,82,daily,5
221,xgboost,1,1.0,1.0,1,1,0,1.0,0.0,980,2021-03-01,2025-01-31,2025-02-03,2025-02-03,4,5,82,daily,5
221,random_forest,1,0.7,1.0,1,1,0,1.0,0.0,980,2021-03-01,2025-01-31,2025-02-03,2025-02-03,4,5,82,daily,5
222,xgboost,1,0.95,1.0,1,1,0,1.0,0.0,980,2021-02-26,2025-01-30,2025-01-31,2025-01-31,4,5,82,daily,5
222,random_forest,1,0.7,1.0,1,1,0,1.0,0.0,980,2021-02-26,2025-01-30,2025-01-31,2025-01-31,4,5,82,daily,5
223,xgboost,1,0.7,1.0,1,1,0,1.0,0.0,980,2021-02-25,2025-01-29,2025-01-30,2025-01-30,4,5,82,daily,5
223,random_forest,1,0.65,1.0,1,1,0,1.0,0.0,980,2021-02-25,2025-01-29,2025-01-30,2025-01-30,4,5,82,daily,5
224,xgboost,1,0.95,1.0,1,1,0,1.0,0.0,980,2021-02-24,2025-01-28,2025-01-29,2025-01-29,4,5,82,daily,5
224,random_forest,1,0.7,1.0,1,1,0,1.0,0.0,980,2021-02-24,2025-01-28,2025-01-29,2025-01-29,4,5,82,daily,5
225,xgboost,1,0.0,0.0,1,1,0,1.0,0.0,980,2021-02-23,2025-01-27,2025-01-28,2025-01-28,4,5,82,daily,5
225,random_forest,1,0.45,0.0,1,1,0,1.0,0.0,980,2021-02-23,2025-01-27,2025-01-28,2025-01-28,4,5,82,daily,5
226,xgboost,1,0.45,0.0,1,1,0,1.0,0.0,980,2021-02-22,2025-01-24,2025-01-27,2025-01-27,4,5,82,daily,5
226,random_forest,1,0.4,0.0,1,1,0,1.0,0.0,980,2021-02-22,2025-01-24,2025-01-27,2025-01-27,4,5,82,daily,5
227,xgboost,1,0.0,1.0,1,0,1,0.0,1.0,980,2021-02-19,2025-01-23,2025-01-24,2025-01-24,4,5,82,daily,5
227,random_forest,1,0.2,1.0,1,0,1,0.0,1.0,980,2021-02-19,2025-01-23,2025-01-24,2025-01-24,4,5,82,daily,5
228,xgboost,1,0.0,1.0,1,0,1,0.0,1.0,980,2021-02-18,2025-01-22,2025-01-23,2025-01-23,4,5,82,daily,5
228,random_forest,1,0.3,1.0,1,0,1,0.0,1.0,980,2021-02-18,2025-01-22,2025-01-23,2025-01-23,4,5,82,daily,5
1,xgboost,1,0.95,1.0,1,1,0,1.0,0.0,1470,2020-01-30,2025-12-18,2025-12-19,2025-12-19,6,5,82,daily,5
1,random_forest,1,0.7,1.0,1,1,0,1.0,0.0,1470,2020-01-30,2025-12-18,2025-12-19,2025-12-19,6,5,82,daily,5
2,xgboost,1,0.95,1.0,1,1,0,1.0,0.0,1470,2020-01-29,2025-12-17,2025-12-18,2025-12-18,6,5,82,daily,5
2,random_forest,1,0.75,1.0,1,1,0,1.0,0.0,1470,2020-01-29,2025-12-17,2025-12-18,2025-12-18,6,5,82,daily,5
3,xgboost,1,0.9,1.0,1,1,0,1.0,0.0,1470,2020-01-28,2025-12-16,2025-12-17,2025-12-17,6,5,82,daily,5
3,random_forest,1,0.65,1.0,1,1,0,1.0,0.0,1470,2020-01-28,2025-12-16,2025-12-17,2025-12-17,6,5,82,daily,5
4,xgboost,1,1.0,1.0,1,1,0,1.0,0.0,1470,2020-01-27,2025-12-15,2025-12-16,2025-12-16,6,5,82,daily,5
4,random_forest,1,0.7,1.0,1,1,0,1.0,0.0,1470,2020-01-27,2025-12-15,2025-12-16,2025-12-16,6,5,82,daily,5
5,xgboost,1,0.9,1.0,1,1,0,1.0,0.0,1470,2020-01-24,2025-12-12,2025-12-15,2025-12-15,6,5,82,daily,5
5,random_forest,1,0.6,1.0,1,1,0,1.0,0.0,1470,2020-01-24,2025-12-12,2025-12-15,2025-12-15,6,5,82,daily,5
6,xgboost,1,0.0,0.0,1,1,0,1.0,0.0,1470,2020-01-23,2025-12-11,2025-12-12,2025-12-12,6,5,82,daily,5
6,random_forest,1,0.45,0.0,1,1,0,1.0,0.0,1470,2020-01-23,2025-12-11,2025-12-12,2025-12-12,6,5,82,daily,5
7,xgboost,1,0.85,0.0,1,0,1,0.0,1.0,1470,2020-01-22,2025-12-10,2025-12-11,2025-12-11,6,5,82,daily,5
7,random_forest,1,0.45,1.0,1,0,1,0.0,1.0,1470,2020-01-22,2025-12-10,2025-12-11,2025-12-11,6,5,82,daily,5
8,xgboost,1,0.9,0.0,1,0,1,0.0,1.0,1470,2020-01-21,2025-12-09,2025-12-10,2025-12-10,6,5,82,daily,5
8,random_forest,1,0.5,1.0,1,0,1,0.0,1.0,1470,2020-01-21,2025-12-09,2025-12-10,2025-12-10,6,5,82,daily,5
9,xgboost,1,0.1,1.0,1,0,1,0.0,1.0,1470,2020-01-17,2025-12-08,2025-12-09,2025-12-09,6,5,82,daily,5
9,random_forest,1,0.45,1.0,1,0,1,0.0,1.0,1470,2020-01-17,2025-12-08,2025-12-09,2025-12-09,6,5,82,daily,5
10,xgboost,1,0.25,1.0,1,0,1,0.0,1.0,1470,2020-01-16,2025-12-05,2025-12-08,2025-12-08,6,5,82,daily,5
10,random_forest,1,0.6,0.0,1,0,1,0.0,1.0,1470,2020-01-16,2025-12-05,2025-12-08,2025-12-08,6,5,82,daily,5
11,xgboost,1,1.0,0.0,1,0,1,0.0,1.0,1470,2020-01-15,2025-12-04,2025-12-05,2025-12-05,6,5,82,daily,5
11,random_forest,1,0.75,0.0,1,0,1,0.0,1.0,1470,2020-01-15,2025-12-04,2025-12-05,2025-12-05,6,5,82,daily,5
12,xgboost,1,1.0,1.0,1,1,0,1.0,0.0,1470,2020-01-14,2025-12-03,2025-12-04,2025-12-04,6,5,82,daily,5
12,random_forest,1,0.75,1.0,1,1,0,1.0,0.0,1470,2020-01-14,2025-12-03,2025-12-04,2025-12-04,6,5,82,daily,5
13,xgboost,1,1.0,1.0,1,1,0,1.0,0.0,1470,2020-01-13,2025-12-02,2025-12-03,2025-12-03,6,5,82,daily,5
13,random_forest,1,0.7,1.0,1,1,0,1.0,0.0,1470,2020-01-13,2025-12-02,2025-12-03,2025-12-03,6,5,82,daily,5
14,xgboost,1,0.95,1.0,1,1,0,1.0,0.0,1470,2020-01-10,2025-12-01,2025-12-02,2025-12-02,6,5,82,daily,5
14,random_forest,1,0.7,1.0,1,1,0,1.0,0.0,1470,2020-01-10,2025-12-01,2025-12-02,2025-12-02,6,5,82,daily,5
15,xgboost,1,1.0,1.0,1,1,0,1.0,0.0,1470,2020-01-09,2025-11-26,2025-12-01,2025-12-01,6,5,82,daily,5
15,random_forest,1,0.7,1.0,1,1,0,1.0,0.0,1470,2020-01-09,2025-11-26,2025-12-01,2025-12-01,6,5,82,daily,5
16,xgboost,1,1.0,1.0,1,1,0,1.0,0.0,1470,2020-01-08,2025-11-25,2025-11-26,2025-11-26,6,5,82,daily,5
16,random_forest,1,0.6,1.0,1,1,0,1.0,0.0,1470,2020-01-08,2025-11-25,2025-11-26,2025-11-26,6,5,82,daily,5
17,xgboost,1,0.95,1.0,1,1,0,1.0,0.0,1470,2020-01-07,2025-11-24,2025-11-25,2025-11-25,6,5,82,daily,5
17,random_forest,1,0.65,1.0,1,1,0,1.0,0.0,1470,2020-01-07,2025-11-24,2025-11-25,2025-11-25,6,5,82,daily,5
18,xgboost,1,0.95,1.0,1,1,0,1.0,0.0,1470,2020-01-06,2025-11-21,2025-11-24,2025-11-24,6,5,82,daily,5
18,random_forest,1,0.7,1.0,1,1,0,1.0,0.0,1470,2020-01-06,2025-11-21,2025-11-24,2025-11-24,6,5,82,daily,5
19,xgboost,1,1.0,1.0,1,1,0,1.0,0.0,1470,2020-01-03,2025-11-20,2025-11-21,2025-11-21,6,5,82,daily,5
19,random_forest,1,0.7,1.0,1,1,0,1.0,0.0,1470,2020-01-03,2025-11-20,2025-11-21,2025-11-21,6,5,82,daily,5
20,xgboost,1,1.0,1.0,1,1,0,1.0,0.0,1470,2020-01-02,2025-11-19,2025-11-20,2025-11-20,6,5,82,daily,5
20,random_forest,1,0.7,1.0,1,1,0,1.0,0.0,1470,2020-01-02,2025-11-19,2025-11-20,2025-11-20,6,5,82,daily,5
21,xgboost,1,0.9,1.0,1,1,0,1.0,0.0,1470,2019-12-31,2025-11-18,2025-11-19,2025-11-19,6,5,82,daily,5
21,random_forest,1,0.7,1.0,1,1,0,1.0,0.0,1470,2019-12-31,2025-11-18,2025-11-19,2025-11-19,6,5,82,daily,5
22,xgboost,1,0.9,1.0,1,1,0,1.0,0.0,1470,2019-12-30,2025-11-17,2025-11-18,2025-11-18,6,5,82,daily,5
22,random_forest,1,0.65,1.0,1,1,0,1.0,0.0,1470,2019-12-30,2025-11-17,2025-11-18,2025-11-18,6,5,82,daily,5
23,xgboost,1,0.0,0.0,1,1,0,1.0,0.0,1470,2019-12-27,2025-11-14,2025-11-17,2025-11-17,6,5,82,daily,5
23,random_forest,1,0.3,0.0,1,1,0,1.0,0.0,1470,2019-12-27,2025-11-14,2025-11-17,2025-11-17,6,5,82,daily,5
24,xgboost,1,0.0,1.0,1,0,1,0.0,1.0,1470,2019-12-26,2025-11-13,2025-11-14,2025-11-14,6,5,82,daily,5
24,random_forest,1,0.2,1.0,1,0,1,0.0,1.0,1470,2019-12-26,2025-11-13,2025-11-14,2025-11-14,6,5,82,daily,5
25,xgboost,1,0.05,1.0,1,0,1,0.0,1.0,1470,2019-12-23,2025-11-12,2025-11-13,2025-11-13,6,5,82,daily,5
25,random_forest,1,0.3,1.0,1,0,1,0.0,1.0,1470,2019-12-23,2025-11-12,2025-11-13,2025-11-13,6,5,82,daily,5
26,xgboost,1,0.8,0.0,1,0,1,0.0,1.0,1470,2019-12-20,2025-11-11,2025-11-12,2025-11-12,6,5,82,daily,5
26,random_forest,1,0.25,1.0,1,0,1,0.0,1.0,1470,2019-12-20,2025-11-11,2025-11-12,2025-11-12,6,5,82,daily,5
27,xgboost,1,0.05,1.0,1,0,1,0.0,1.0,1470,2019-12-19,2025-11-10,2025-11-11,2025-11-11,6,5,82,daily,5
27,random_forest,1,0.35,1.0,1,0,1,0.0,1.0,1470,2019-12-19,2025-11-10,2025-11-11,2025-11-11,6,5,82,daily,5
28,xgboost,1,0.8,0.0,1,0,1,0.0,1.0,1470,2019-12-18,2025-11-07,2025-11-10,2025-11-10,6,5,82,daily,5
28,random_forest,1,0.45,1.0,1,0,1,0.0,1.0,1470,2019-12-18,2025-11-07,2025-11-10,2025-11-10,6,5,82,daily,5
29,xgboost,1,0.65,0.0,1,0,1,0.0,1.0,1470,2019-12-17,2025-11-06,2025-11-07,2025-11-07,6,5,82,daily,5
29,random_forest,1,0.45,1.0,1,0,1,0.0,1.0,1470,2019-12-17,2025-11-06,2025-11-07,2025-11-07,6,5,82,daily,5
30,xgboost,1,0.9,0.0,1,0,1,0.0,1.0,1470,2019-12-16,2025-11-05,2025-11-06,2025-11-06,6,5,82,daily,5
30,random_forest,1,0.5,0.0,1,0,1,0.0,1.0,1470,2019-12-16,2025-11-05,2025-11-06,2025-11-06,6,5,82,daily,5
31,xgboost,1,0.95,0.0,1,0,1,0.0,1.0,1470,2019-12-13,2025-11-04,2025-11-05,2025-11-05,6,5,82,daily,5
31,random_forest,1,0.6,0.0,1,0,1,0.0,1.0,1470,2019-12-13,2025-11-04,2025-11-05,2025-11-05,6,5,82,daily,5
32,xgboost,1,0.5,0.0,1,1,0,1.0,0.0,1470,2019-12-12,2025-11-03,2025-11-04,2025-11-04,6,5,82,daily,5
32,random_forest,1,0.45,0.0,1,1,0,1.0,0.0,1470,2019-12-12,2025-11-03,2025-11-04,2025-11-04,6,5,82,daily,5
33,xgboost,1,0.25,1.0,1,0,1,0.0,1.0,1470,2019-12-11,2025-10-31,2025-11-03,2025-11-03,6,5,82,daily,5
33,random_forest,1,0.4,1.0,1,0,1,0.0,1.0,1470,2019-12-11,2025-10-31,2025-11-03,2025-11-03,6,5,82,daily,5
34,xgboost,1,0.1,1.0,1,0,1,0.0,1.0,1470,2019-12-10,2025-10-30,2025-10-31,2025-10-31,6,5,82,daily,5
34,random_forest,1,0.4,1.0,1,0,1,0.0,1.0,1470,2019-12-10,2025-10-30,2025-10-31,2025-10-31,6,5,82,daily,5
35,xgboost,1,0.25,1.0,1,0,1,0.0,1.0,1470,2019-12-09,2025-10-29,2025-10-30,2025-10-30,6,5,82,daily,5
35,random_forest,1,0.5,1.0,1,0,1,0.0,1.0,1470,2019-12-09,2025-10-29,2025-10-30,2025-10-30,6,5,82,daily,5
36,xgboost,1,0.1,1.0,1,0,1,0.0,1.0,1470,2019-12-06,2025-10-28,2025-10-29,2025-10-29,6,5,82,daily,5
36,random_forest,1,0.35,1.0,1,0,1,0.0,1.0,1470,2019-12-06,2025-10-28,2025-10-29,2025-10-29,6,5,82,daily,5
37,xgboost,1,0.9,0.0,1,0,1,0.0,1.0,1470,2019-12-05,2025-10-27,2025-10-28,2025-10-28,6,5,82,daily,5
37,random_forest,1,0.6,0.0,1,0,1,0.0,1.0,1470,2019-12-05,2025-10-27,2025-10-28,2025-10-28,6,5,82,daily,5
38,xgboost,1,0.45,0.0,1,1,0,1.0,0.0,1470,2019-12-04,2025-10-24,2025-10-27,2025-10-27,6,5,82,daily,5
38,random_forest,1,0.5,1.0,1,1,0,1.0,0.0,1470,2019-12-04,2025-10-24,2025-10-27,2025-10-27,6,5,82,daily,5
39,xgboost,1,0.6,1.0,1,1,0,1.0,0.0,1470,2019-12-03,2025-10-23,2025-10-24,2025-10-24,6,5,82,daily,5
39,random_forest,1,0.55,1.0,1,1,0,1.0,0.0,1470,2019-12-03,2025-10-23,2025-10-24,2025-10-24,6,5,82,daily,5
40,xgboost,1,0.9,1.0,1,1,0,1.0,0.0,1470,2019-12-02,2025-10-22,2025-10-23,2025-10-23,6,5,82,daily,5
40,random_forest,1,0.7,1.0,1,1,0,1.0,0.0,1470,2019-12-02,2025-10-22,2025-10-23,2025-10-23,6,5,82,daily,5
41,xgboost,1,0.25,0.0,1,1,0,1.0,0.0,1470,2019-11-27,2025-10-21,2025-10-22,2025-10-22,6,5,82,daily,5
41,random_forest,1,0.65,1.0,1,1,0,1.0,0.0,1470,2019-11-27,2025-10-21,2025-10-22,2025-10-22,6,5,82,daily,5
42,xgboost,1,0.95,1.0,1,1,0,1.0,0.0,1470,2019-11-26,2025-10-20,2025-10-21,2025-10-21,6,5,82,daily,5
42,random_forest,1,0.65,1.0,1,1,0,1.0,0.0,1470,2019-11-26,2025-10-20,2025-10-21,2025-10-21,6,5,82,daily,5
43,xgboost,1,1.0,1.0,1,1,0,1.0,0.0,1470,2019-11-25,2025-10-17,2025-10-20,2025-10-20,6,5,82,daily,5
43,random_forest,1,0.65,1.0,1,1,0,1.0,0.0,1470,2019-11-25,2025-10-17,2025-10-20,2025-10-20,6,5,82,daily,5
44,xgboost,1,1.0,1.0,1,1,0,1.0,0.0,1470,2019-11-22,2025-10-16,2025-10-17,2025-10-17,6,5,82,daily,5
44,random_forest,1,0.75,1.0,1,1,0,1.0,0.0,1470,2019-11-22,2025-10-16,2025-10-17,2025-10-17,6,5,82,daily,5
45,xgboost,1,1.0,1.0,1,1,0,1.0,0.0,1470,2019-11-21,2025-10-15,2025-10-16,2025-10-16,6,5,82,daily,5
45,random_forest,1,0.75,1.0,1,1,0,1.0,0.0,1470,2019-11-21,2025-10-15,2025-10-16,2025-10-16,6,5,82,daily,5
46,xgboost,1,1.0,1.0,1,1,0,1.0,0.0,1470,2019-11-20,2025-10-14,2025-10-15,2025-10-15,6,5,82,daily,5
46,random_forest,1,0.8,1.0,1,1,0,1.0,0.0,1470,2019-11-20,2025-10-14,2025-10-15,2025-10-15,6,5,82,daily,5
47,xgboost,1,1.0,1.0,1,1,0,1.0,0.0,1470,2019-11-19,2025-10-13,2025-10-14,2025-10-14,6,5,82,daily,5
47,random_forest,1,0.7,1.0,1,1,0,1.0,0.0,1470,2019-11-19,2025-10-13,2025-10-14,2025-10-14,6,5,82,daily,5
48,xgboost,1,1.0,1.0,1,1,0,1.0,0.0,1470,2019-11-18,2025-10-10,2025-10-13,2025-10-13,6,5,82,daily,5
48,random_forest,1,0.6,1.0,1,1,0,1.0,0.0,1470,2019-11-18,2025-10-10,2025-10-13,2025-10-13,6,5,82,daily,5
49,xgboost,1,0.7,1.0,1,1,0,1.0,0.0,1470,2019-11-15,2025-10-09,2025-10-10,2025-10-10,6,5,82,daily,5
49,random_forest,1,0.45,0.0,1,1,0,1.0,0.0,1470,2019-11-15,2025-10-09,2025-10-10,2025-10-10,6,5,82,daily,5
50,xgboost,1,0.05,1.0,1,0,1,0.0,1.0,1470,2019-11-14,2025-10-08,2025-10-09,2025-10-09,6,5,82,daily,5
50,random_forest,1,0.35,1.0,1,0,1,0.0,1.0,1470,2019-11-14,2025-10-08,2025-10-09,2025-10-09,6,5,82,daily,5
51,xgboost,1,0.05,1.0,1,0,1,0.0,1.0,1470,2019-11-13,2025-10-07,2025-10-08,2025-10-08,6,5,82,daily,5
51,random_forest,1,0.35,1.0,1,0,1,0.0,1.0,1470,2019-11-13,2025-10-07,2025-10-08,2025-10-08,6,5,82,daily,5
52,xgboost,1,0.0,1.0,1,0,1,0.0,1.0,1470,2019-11-12,2025-10-06,2025-10-07,2025-10-07,6,5,82,daily,5
52,random_forest,1,0.4,1.0,1,0,1,0.0,1.0,1470,2019-11-12,2025-10-06,2025-10-07,2025-10-07,6,5,82,daily,5
53,xgboost,1,0.15,1.0,1,0,1,0.0,1.0,1470,2019-11-11,2025-10-03,2025-10-06,2025-10-06,6,5,82,daily,5
53,random_forest,1,0.55,0.0,1,0,1,0.0,1.0,1470,2019-11-11,2025-10-03,2025-10-06,2025-10-06,6,5,82,daily,5
54,xgboost,1,1.0,0.0,1,0,1,0.0,1.0,1470,2019-11-08,2025-10-02,2025-10-03,2025-10-03,6,5,82,daily,5
54,random_forest,1,0.75,0.0,1,0,1,0.0,1.0,1470,2019-11-08,2025-10-02,2025-10-03,2025-10-03,6,5,82,daily,5
55,xgboost,1,0.95,1.0,1,1,0,1.0,0.0,1470,2019-11-07,2025-10-01,2025-10-02,2025-10-02,6,5,82,daily,5
55,random_forest,1,0.65,1.0,1,1,0,1.0,0.0,1470,2019-11-07,2025-10-01,2025-10-02,2025-10-02,6,5,82,daily,5
56,xgboost,1,0.6,1.0,1,1,0,1.0,0.0,1470,2019-11-06,2025-09-30,2025-10-01,2025-10-01,6,5,82,daily,5
56,random_forest,1,0.6,1.0,1,1,0,1.0,0.0,1470,2019-11-06,2025-09-30,2025-10-01,2025-10-01,6,5,82,daily,5
57,xgboost,1,1.0,1.0,1,1,0,1.0,0.0,1470,2019-11-05,2025-09-29,2025-09-30,2025-09-30,6,5,82,daily,5
57,random_forest,1,0.7,1.0,1,1,0,1.0,0.0,1470,2019-11-05,2025-09-29,2025-09-30,2025-09-30,6,5,82,daily,5
58,xgboost,1,1.0,1.0,1,1,0,1.0,0.0,1470,2019-11-04,2025-09-26,2025-09-29,2025-09-29,6,5,82,daily,5
58,random_forest,1,0.8,1.0,1,1,0,1.0,0.0,1470,2019-11-04,2025-09-26,2025-09-29,2025-09-29,6,5,82,daily,5
59,xgboost,1,0.95,1.0,1,1,0,1.0,0.0,1470,2019-11-01,2025-09-25,2025-09-26,2025-09-26,6,5,82,daily,5
59,random_forest,1,0.7,1.0,1,1,0,1.0,0.0,1470,2019-11-01,2025-09-25,2025-09-26,2025-09-26,6,5,82,daily,5
60,xgboost,1,1.0,1.0,1,1,0,1.0,0.0,1470,2019-10-31,2025-09-24,2025-09-25,2025-09-25,6,5,82,daily,5
60,random_forest,1,0.65,1.0,1,1,0,1.0,0.0,1470,2019-10-31,2025-09-24,2025-09-25,2025-09-25,6,5,82,daily,5
61,xgboost,1,0.9,1.0,1,1,0,1.0,0.0,1470,2019-10-30,2025-09-23,2025-09-24,2025-09-24,6,5,82,daily,5
61,random_forest,1,0.6,1.0,1,1,0,1.0,0.0,1470,2019-10-30,2025-09-23,2025-09-24,2025-09-24,6,5,82,daily,5
62,xgboost,1,0.25,0.0,1,1,0,1.0,0.0,1470,2019-10-29,2025-09-22,2025-09-23,2025-09-23,6,5,82,daily,5
62,random_forest,1,0.35,0.0,1,1,0,1.0,0.0,1470,2019-10-29,2025-09-22,2025-09-23,2025-09-23,6,5,82,daily,5
63,xgboost,1,0.0,1.0,1,0,1,0.0,1.0,1470,2019-10-28,2025-09-19,2025-09-22,2025-09-22,6,5,82,daily,5
63,random_forest,1,0.3,1.0,1,0,1,0.0,1.0,1470,2019-10-28,2025-09-19,2025-09-22,2025-09-22,6,5,82,daily,5
64,xgboost,1,0.2,1.0,1,0,1,0.0,1.0,1470,2019-10-25,2025-09-18,2025-09-19,2025-09-19,6,5,82,daily,5
64,random_forest,1,0.45,1.0,1,0,1,0.0,1.0,1470,2019-10-25,2025-09-18,2025-09-19,2025-09-19,6,5,82,daily,5
65,xgboost,1,1.0,0.0,1,0,1,0.0,1.0,1470,2019-10-24,2025-09-17,2025-09-18,2025-09-18,6,5,82,daily,5
65,random_forest,1,0.75,0.0,1,0,1,0.0,1.0,1470,2019-10-24,2025-09-17,2025-09-18,2025-09-18,6,5,82,daily,5
66,xgboost,1,1.0,1.0,1,1,0,1.0,0.0,1470,2019-10-23,2025-09-16,2025-09-17,2025-09-17,6,5,82,daily,5
66,random_forest,1,0.7,1.0,1,1,0,1.0,0.0,1470,2019-10-23,2025-09-16,2025-09-17,2025-09-17,6,5,82,daily,5
67,xgboost,1,1.0,1.0,1,1,0,1.0,0.0,1470,2019-10-22,2025-09-15,2025-09-16,2025-09-16,6,5,82,daily,5
67,random_forest,1,0.75,1.0,1,1,0,1.0,0.0,1470,2019-10-22,2025-09-15,2025-09-16,2025-09-16,6,5,82,daily,5
68,xgboost,1,1.0,1.0,1,1,0,1.0,0.0,1470,2019-10-21,2025-09-12,2025-09-15,2025-09-15,6,5,82,daily,5
68,random_forest,1,0.75,1.0,1,1,0,1.0,0.0,1470,2019-10-21,2025-09-12,2025-09-15,2025-09-15,6,5,82,daily,5
69,xgboost,1,0.95,1.0,1,1,0,1.0,0.0,1470,2019-10-18,2025-09-11,2025-09-12,2025-09-12,6,5,82,daily,5
69,random_forest,1,0.75,1.0,1,1,0,1.0,0.0,1470,2019-10-18,2025-09-11,2025-09-12,2025-09-12,6,5,82,daily,5
70,xgboost,1,0.95,1.0,1,1,0,1.0,0.0,1470,2019-10-17,2025-09-10,2025-09-11,2025-09-11,6,5,82,daily,5
70,random_forest,1,0.7,1.0,1,1,0,1.0,0.0,1470,2019-10-17,2025-09-10,2025-09-11,2025-09-11,6,5,82,daily,5
71,xgboost,1,0.9,1.0,1,1,0,1.0,0.0,1470,2019-10-16,2025-09-09,2025-09-10,2025-09-10,6,5,82,daily,5
71,random_forest,1,0.7,1.0,1,1,0,1.0,0.0,1470,2019-10-16,2025-09-09,2025-09-10,2025-09-10,6,5,82,daily,5
72,xgboost,1,0.9,1.0,1,1,0,1.0,0.0,1470,2019-10-15,2025-09-08,2025-09-09,2025-09-09,6,5,82,daily,5
72,random_forest,1,0.7,1.0,1,1,0,1.0,0.0,1470,2019-10-15,2025-09-08,2025-09-09,2025-09-09,6,5,82,daily,5
73,xgboost,1,1.0,1.0,1,1,0,1.0,0.0,1470,2019-10-14,2025-09-05,2025-09-08,2025-09-08,6,5,82,daily,5
73,random_forest,1,0.7,1.0,1,1,0,1.0,0.0,1470,2019-10-14,2025-09-05,2025-09-08,2025-09-08,6,5,82,daily,5
74,xgboost,1,1.0,1.0,1,1,0,1.0,0.0,1470,2019-10-11,2025-09-04,2025-09-05,2025-09-05,6,5,82,daily,5
74,random_forest,1,0.75,1.0,1,1,0,1.0,0.0,1470,2019-10-11,2025-09-04,2025-09-05,2025-09-05,6,5,82,daily,5
75,xgboost,1,0.95,1.0,1,1,0,1.0,0.0,1470,2019-10-10,2025-09-03,2025-09-04,2025-09-04,6,5,82,daily,5
75,random_forest,1,0.7,1.0,1,1,0,1.0,0.0,1470,2019-10-10,2025-09-03,2025-09-04,2025-09-04,6,5,82,daily,5
76,xgboost,1,1.0,1.0,1,1,0,1.0,0.0,1470,2019-10-09,2025-09-02,2025-09-03,2025-09-03,6,5,82,daily,5
76,random_forest,1,0.7,1.0,1,1,0,1.0,0.0,1470,2019-10-09,2025-09-02,2025-09-03,2025-09-03,6,5,82,daily,5
77,xgboost,1,1.0,1.0,1,1,0,1.0,0.0,1470,2019-10-08,2025-08-29,2025-09-02,2025-09-02,6,5,82,daily,5
77,random_forest,1,0.7,1.0,1,1,0,1.0,0.0,1470,2019-10-08,2025-08-29,2025-09-02,2025-09-02,6,5,82,daily,5
78,xgboost,1,1.0,1.0,1,1,0,1.0,0.0,1470,2019-10-07,2025-08-28,2025-08-29,2025-08-29,6,5,82,daily,5
78,random_forest,1,0.6,1.0,1,1,0,1.0,0.0,1470,2019-10-07,2025-08-28,2025-08-29,2025-08-29,6,5,82,daily,5
79,xgboost,1,0.8,0.0,1,0,1,0.0,1.0,1470,2019-10-04,2025-08-27,2025-08-28,2025-08-28,6,5,82,daily,5
79,random_forest,1,0.55,0.0,1,0,1,0.0,1.0,1470,2019-10-04,2025-08-27,2025-08-28,2025-08-28,6,5,82,daily,5
80,xgboost,1,0.15,0.0,1,1,0,1.0,0.0,1470,2019-10-03,2025-08-26,2025-08-27,2025-08-27,6,5,82,daily,5
80,random_forest,1,0.3,0.0,1,1,0,1.0,0.0,1470,2019-10-03,2025-08-26,2025-08-27,2025-08-27,6,5,82,daily,5
81,xgboost,1,0.0,1.0,1,0,1,0.0,1.0,1470,2019-10-02,2025-08-25,2025-08-26,2025-08-26,6,5,82,daily,5
81,random_forest,1,0.35,1.0,1,0,1,0.0,1.0,1470,2019-10-02,2025-08-25,2025-08-26,2025-08-26,6,5,82,daily,5
82,xgboost,1,0.95,0.0,1,0,1,0.0,1.0,1470,2019-10-01,2025-08-22,2025-08-25,2025-08-25,6,5,82,daily,5
82,random_forest,1,0.5,0.0,1,0,1,0.0,1.0,1470,2019-10-01,2025-08-22,2025-08-25,2025-08-25,6,5,82,daily,5
83,xgboost,1,1.0,0.0,1,0,1,0.0,1.0,1470,2019-09-30,2025-08-21,2025-08-22,2025-08-22,6,5,82,daily,5
83,random_forest,1,0.7,0.0,1,0,1,0.0,1.0,1470,2019-09-30,2025-08-21,2025-08-22,2025-08-22,6,5,82,daily,5
84,xgboost,1,1.0,1.0,1,1,0,1.0,0.0,1470,2019-09-27,2025-08-20,2025-08-21,2025-08-21,6,5,82,daily,5
84,random_forest,1,0.7,1.0,1,1,0,1.0,0.0,1470,2019-09-27,2025-08-20,2025-08-21,2025-08-21,6,5,82,daily,5
85,xgboost,1,0.9,1.0,1,1,0,1.0,0.0,1470,2019-09-26,2025-08-19,2025-08-20,2025-08-20,6,5,82,daily,5
85,random_forest,1,0.7,1.0,1,1,0,1.0,0.0,1470,2019-09-26,2025-08-19,2025-08-20,2025-08-20,6,5,82,daily,5
86,xgboost,1,0.9,1.0,1,1,0,1.0,0.0,1470,2019-09-25,2025-08-18,2025-08-19,2025-08-19,6,5,82,daily,5
86,random_forest,1,0.55,1.0,1,1,0,1.0,0.0,1470,2019-09-25,2025-08-18,2025-08-19,2025-08-19,6,5,82,daily,5
87,xgboost,1,0.9,0.0,1,0,1,0.0,1.0,1470,2019-09-24,2025-08-15,2025-08-18,2025-08-18,6,5,82,daily,5
87,random_forest,1,0.45,1.0,1,0,1,0.0,1.0,1470,2019-09-24,2025-08-15,2025-08-18,2025-08-18,6,5,82,daily,5
88,xgboost,1,0.15,1.0,1,0,1,0.0,1.0,1470,2019-09-23,2025-08-14,2025-08-15,2025-08-15,6,5,82,daily,5
88,random_forest,1,0.55,0.0,1,0,1,0.0,1.0,1470,2019-09-23,2025-08-14,2025-08-15,2025-08-15,6,5,82,daily,5
89,xgboost,1,0.5,0.0,1,0,1,0.0,1.0,1470,2019-09-20,2025-08-13,2025-08-14,2025-08-14,6,5,82,daily,5
89,random_forest,1,0.5,0.0,1,0,1,0.0,1.0,1470,2019-09-20,2025-08-13,2025-08-14,2025-08-14,6,5,82,daily,5
90,xgboost,1,0.95,0.0,1,0,1,0.0,1.0,1470,2019-09-19,2025-08-12,2025-08-13,2025-08-13,6,5,82,daily,5
90,random_forest,1,0.5,1.0,1,0,1,0.0,1.0,1470,2019-09-19,2025-08-12,2025-08-13,2025-08-13,6,5,82,daily,5
91,xgboost,1,1.0,0.0,1,0,1,0.0,1.0,1470,2019-09-18,2025-08-11,2025-08-12,2025-08-12,6,5,82,daily,5
91,random_forest,1,0.75,0.0,1,0,1,0.0,1.0,1470,2019-09-18,2025-08-11,2025-08-12,2025-08-12,6,5,82,daily,5
92,xgboost,1,0.85,1.0,1,1,0,1.0,0.0,1470,2019-09-17,2025-08-08,2025-08-11,2025-08-11,6,5,82,daily,5
92,random_forest,1,0.8,1.0,1,1,0,1.0,0.0,1470,2019-09-17,2025-08-08,2025-08-11,2025-08-11,6,5,82,daily,5
93,xgboost,1,1.0,1.0,1,1,0,1.0,0.0,1470,2019-09-16,2025-08-07,2025-08-08,2025-08-08,6,5,82,daily,5
93,random_forest,1,0.65,1.0,1,1,0,1.0,0.0,1470,2019-09-16,2025-08-07,2025-08-08,2025-08-08,6,5,82,daily,5
94,xgboost,1,1.0,1.0,1,1,0,1.0,0.0,1470,2019-09-13,2025-08-06,2025-08-07,2025-08-07,6,5,82,daily,5
94,random_forest,1,0.75,1.0,1,1,0,1.0,0.0,1470,2019-09-13,2025-08-06,2025-08-07,2025-08-07,6,5,82,daily,5
95,xgboost,1,1.0,1.0,1,1,0,1.0,0.0,1470,2019-09-12,2025-08-05,2025-08-06,2025-08-06,6,5,82,daily,5
95,random_forest,1,0.8,1.0,1,1,0,1.0,0.0,1470,2019-09-12,2025-08-05,2025-08-06,2025-08-06,6,5,82,daily,5
96,xgboost,1,1.0,1.0,1,1,0,1.0,0.0,1470,2019-09-11,2025-08-04,2025-08-05,2025-08-05,6,5,82,daily,5
96,random_forest,1,0.8,1.0,1,1,0,1.0,0.0,1470,2019-09-11,2025-08-04,2025-08-05,2025-08-05,6,5,82,daily,5
97,xgboost,1,1.0,1.0,1,1,0,1.0,0.0,1470,2019-09-10,2025-08-01,2025-08-04,2025-08-04,6,5,82,daily,5
97,random_forest,1,0.8,1.0,1,1,0,1.0,0.0,1470,2019-09-10,2025-08-01,2025-08-04,2025-08-04,6,5,82,daily,5
98,xgboost,1,1.0,1.0,1,1,0,1.0,0.0,1470,2019-09-09,2025-07-31,2025-08-01,2025-08-01,6,5,82,daily,5
98,random_forest,1,0.75,1.0,1,1,0,1.0,0.0,1470,2019-09-09,2025-07-31,2025-08-01,2025-08-01,6,5,82,daily,5
99,xgboost,1,0.65,1.0,1,1,0,1.0,0.0,1470,2019-09-06,2025-07-30,2025-07-31,2025-07-31,6,5,82,daily,5
99,random_forest,1,0.55,1.0,1,1,0,1.0,0.0,1470,2019-09-06,2025-07-30,2025-07-31,2025-07-31,6,5,82,daily,5
100,xgboost,1,0.2,1.0,1,0,1,0.0,1.0,1470,2019-09-05,2025-07-29,2025-07-30,2025-07-30,6,5,82,daily,5
100,random_forest,1,0.4,1.0,1,0,1,0.0,1.0,1470,2019-09-05,2025-07-29,2025-07-30,2025-07-30,6,5,82,daily,5
101,xgboost,1,1.0,0.0,1,0,1,0.0,1.0,1470,2019-09-04,2025-07-28,2025-07-29,2025-07-29,6,5,82,daily,5
101,random_forest,1,0.55,0.0,1,0,1,0.0,1.0,1470,2019-09-04,2025-07-28,2025-07-29,2025-07-29,6,5,82,daily,5
102,xgboost,1,0.45,1.0,1,0,1,0.0,1.0,1470,2019-09-03,2025-07-25,2025-07-28,2025-07-28,6,5,82,daily,5
102,random_forest,1,0.4,1.0,1,0,1,0.0,1.0,1470,2019-09-03,2025-07-25,2025-07-28,2025-07-28,6,5,82,daily,5
103,xgboost,1,1.0,0.0,1,0,1,0.0,1.0,1470,2019-08-30,2025-07-24,2025-07-25,2025-07-25,6,5,82,daily,5
103,random_forest,1,0.65,0.0,1,0,1,0.0,1.0,1470,2019-08-30,2025-07-24,2025-07-25,2025-07-25,6,5,82,daily,5
104,xgboost,1,1.0,0.0,1,0,1,0.0,1.0,1470,2019-08-29,2025-07-23,2025-07-24,2025-07-24,6,5,82,daily,5
104,random_forest,1,0.95,0.0,1,0,1,0.0,1.0,1470,2019-08-29,2025-07-23,2025-07-24,2025-07-24,6,5,82,daily,5
105,xgboost,1,1.0,1.0,1,1,0,1.0,0.0,1470,2019-08-28,2025-07-22,2025-07-23,2025-07-23,6,5,82,daily,5
105,random_forest,1,0.9,1.0,1,1,0,1.0,0.0,1470,2019-08-28,2025-07-22,2025-07-23,2025-07-23,6,5,82,daily,5
106,xgboost,1,1.0,1.0,1,1,0,1.0,0.0,1470,2019-08-27,2025-07-21,2025-07-22,2025-07-22,6,5,82,daily,5
106,random_forest,1,0.95,1.0,1,1,0,1.0,0.0,1470,2019-08-27,2025-07-21,2025-07-22,2025-07-22,6,5,82,daily,5
107,xgboost,1,1.0,1.0,1,1,0,1.0,0.0,1470,2019-08-26,2025-07-18,2025-07-21,2025-07-21,6,5,82,daily,5
107,random_forest,1,0.9,1.0,1,1,0,1.0,0.0,1470,2019-08-26,2025-07-18,2025-07-21,2025-07-21,6,5,82,daily,5
108,xgboost,1,1.0,1.0,1,1,0,1.0,0.0,1470,2019-08-23,2025-07-17,2025-07-18,2025-07-18,6,5,82,daily,5
108,random_forest,1,0.85,1.0,1,1,0,1.0,0.0,1470,2019-08-23,2025-07-17,2025-07-18,2025-07-18,6,5,82,daily,5
109,xgboost,1,1.0,1.0,1,1,0,1.0,0.0,1470,2019-08-22,2025-07-16,2025-07-17,2025-07-17,6,5,82,daily,5
109,random_forest,1,0.85,1.0,1,1,0,1.0,0.0,1470,2019-08-22,2025-07-16,2025-07-17,2025-07-17,6,5,82,daily,5
110,xgboost,1,1.0,1.0,1,1,0,1.0,0.0,1470,2019-08-21,2025-07-15,2025-07-16,2025-07-16,6,5,82,daily,5
110,random_forest,1,0.9,1.0,1,1,0,1.0,0.0,1470,2019-08-21,2025-07-15,2025-07-16,2025-07-16,6,5,82,daily,5
111,xgboost,1,1.0,1.0,1,1,0,1.0,0.0,1470,2019-08-20,2025-07-14,2025-07-15,2025-07-15,6,5,82,daily,5
111,random_forest,1,0.9,1.0,1,1,0,1.0,0.0,1470,2019-08-20,2025-07-14,2025-07-15,2025-07-15,6,5,82,daily,5
112,xgboost,1,1.0,1.0,1,1,0,1.0,0.0,1470,2019-08-19,2025-07-11,2025-07-14,2025-07-14,6,5,82,daily,5
112,random_forest,1,0.9,1.0,1,1,0,1.0,0.0,1470,2019-08-19,2025-07-11,2025-07-14,2025-07-14,6,5,82,daily,5
113,xgboost,1,1.0,1.0,1,1,0,1.0,0.0,1470,2019-08-16,2025-07-10,2025-07-11,2025-07-11,6,5,82,daily,5
113,random_forest,1,0.95,1.0,1,1,0,1.0,0.0,1470,2019-08-16,2025-07-10,2025-07-11,2025-07-11,6,5,82,daily,5
114,xgboost,1,1.0,1.0,1,1,0,1.0,0.0,1470,2019-08-15,2025-07-09,2025-07-10,2025-07-10,6,5,82,daily,5
114,random_forest,1,0.9,1.0,1,1,0,1.0,0.0,1470,2019-08-15,2025-07-09,2025-07-10,2025-07-10,6,5,82,daily,5
115,xgboost,1,0.95,1.0,1,1,0,1.0,0.0,1470,2019-08-14,2025-07-08,2025-07-09,2025-07-09,6,5,82,daily,5
115,random_forest,1,0.8,1.0,1,1,0,1.0,0.0,1470,2019-08-14,2025-07-08,2025-07-09,2025-07-09,6,5,82,daily,5
116,xgboost,1,1.0,1.0,1,1,0,1.0,0.0,1470,2019-08-13,2025-07-07,2025-07-08,2025-07-08,6,5,82,daily,5
116,random_forest,1,0.85,1.0,1,1,0,1.0,0.0,1470,2019-08-13,2025-07-07,2025-07-08,2025-07-08,6,5,82,daily,5
117,xgboost,1,1.0,1.0,1,1,0,1.0,0.0,1470,2019-08-12,2025-07-02,2025-07-07,2025-07-07,6,5,82,daily,5
117,random_forest,1,0.85,1.0,1,1,0,1.0,0.0,1470,2019-08-12,2025-07-02,2025-07-07,2025-07-07,6,5,82,daily,5
118,xgboost,1,1.0,1.0,1,1,0,1.0,0.0,1470,2019-08-09,2025-07-01,2025-07-02,2025-07-02,6,5,82,daily,5
118,random_forest,1,0.85,1.0,1,1,0,1.0,0.0,1470,2019-08-09,2025-07-01,2025-07-02,2025-07-02,6,5,82,daily,5
119,xgboost,1,1.0,1.0,1,1,0,1.0,0.0,1470,2019-08-08,2025-06-30,2025-07-01,2025-07-01,6,5,82,daily,5
119,random_forest,1,0.85,1.0,1,1,0,1.0,0.0,1470,2019-08-08,2025-06-30,2025-07-01,2025-07-01,6,5,82,daily,5
120,xgboost,1,1.0,1.0,1,1,0,1.0,0.0,1470,2019-08-07,2025-06-27,2025-06-30,2025-06-30,6,5,82,daily,5
120,random_forest,1,0.75,1.0,1,1,0,1.0,0.0,1470,2019-08-07,2025-06-27,2025-06-30,2025-06-30,6,5,82,daily,5
121,xgboost,1,1.0,1.0,1,1,0,1.0,0.0,1470,2019-08-06,2025-06-26,2025-06-27,2025-06-27,6,5,82,daily,5
121,random_forest,1,0.8,1.0,1,1,0,1.0,0.0,1470,2019-08-06,2025-06-26,2025-06-27,2025-06-27,6,5,82,daily,5
122,xgboost,1,1.0,1.0,1,1,0,1.0,0.0,1470,2019-08-05,2025-06-25,2025-06-26,2025-06-26,6,5,82,daily,5
122,random_forest,1,0.85,1.0,1,1,0,1.0,0.0,1470,2019-08-05,2025-06-25,2025-06-26,2025-06-26,6,5,82,daily,5
123,xgboost,1,1.0,1.0,1,1,0,1.0,0.0,1470,2019-08-02,2025-06-24,2025-06-25,2025-06-25,6,5,82,daily,5
123,random_forest,1,0.85,1.0,1,1,0,1.0,0.0,1470,2019-08-02,2025-06-24,2025-06-25,2025-06-25,6,5,82,daily,5
124,xgboost,1,1.0,1.0,1,1,0,1.0,0.0,1470,2019-08-01,2025-06-23,2025-06-24,2025-06-24,6,5,82,daily,5
124,random_forest,1,0.7,1.0,1,1,0,1.0,0.0,1470,2019-08-01,2025-06-23,2025-06-24,2025-06-24,6,5,82,daily,5
125,xgboost,1,0.65,1.0,1,1,0,1.0,0.0,1470,2019-07-31,2025-06-20,2025-06-23,2025-06-23,6,5,82,daily,5
125,random_forest,1,0.75,1.0,1,1,0,1.0,0.0,1470,2019-07-31,2025-06-20,2025-06-23,2025-06-23,6,5,82,daily,5
126,xgboost,1,1.0,1.0,1,1,0,1.0,0.0,1470,2019-07-30,2025-06-18,2025-06-20,2025-06-20,6,5,82,daily,5
126,random_forest,1,0.7,1.0,1,1,0,1.0,0.0,1470,2019-07-30,2025-06-18,2025-06-20,2025-06-20,6,5,82,daily,5
127,xgboost,1,1.0,1.0,1,1,0,1.0,0.0,1470,2019-07-29,2025-06-17,2025-06-18,2025-06-18,6,5,82,daily,5
127,random_forest,1,0.8,1.0,1,1,0,1.0,0.0,1470,2019-07-29,2025-06-17,2025-06-18,2025-06-18,6,5,82,daily,5
128,xgboost,1,1.0,1.0,1,1,0,1.0,0.0,1470,2019-07-26,2025-06-16,2025-06-17,2025-06-17,6,5,82,daily,5
128,random_forest,1,0.75,1.0,1,1,0,1.0,0.0,1470,2019-07-26,2025-06-16,2025-06-17,2025-06-17,6,5,82,daily,5
129,xgboost,1,0.9,1.0,1,1,0,1.0,0.0,1470,2019-07-25,2025-06-13,2025-06-16,2025-06-16,6,5,82,daily,5
129,random_forest,1,0.6,1.0,1,1,0,1.0,0.0,1470,2019-07-25,2025-06-13,2025-06-16,2025-06-16,6,5,82,daily,5
130,xgboost,1,0.95,1.0,1,1,0,1.0,0.0,1470,2019-07-24,2025-06-12,2025-06-13,2025-06-13,6,5,82,daily,5
130,random_forest,1,0.6,1.0,1,1,0,1.0,0.0,1470,2019-07-24,2025-06-12,2025-06-13,2025-06-13,6,5,82,daily,5
131,xgboost,1,0.85,0.0,1,0,1,0.0,1.0,1470,2019-07-23,2025-06-11,2025-06-12,2025-06-12,6,5,82,daily,5
131,random_forest,1,0.55,0.0,1,0,1,0.0,1.0,1470,2019-07-23,2025-06-11,2025-06-12,2025-06-12,6,5,82,daily,5
132,xgboost,1,0.95,0.0,1,0,1,0.0,1.0,1470,2019-07-22,2025-06-10,2025-06-11,2025-06-11,6,5,82,daily,5
132,random_forest,1,0.75,0.0,1,0,1,0.0,1.0,1470,2019-07-22,2025-06-10,2025-06-11,2025-06-11,6,5,82,daily,5
133,xgboost,1,0.9,0.0,1,0,1,0.0,1.0,1470,2019-07-19,2025-06-09,2025-06-10,2025-06-10,6,5,82,daily,5
133,random_forest,1,0.8,0.0,1,0,1,0.0,1.0,1470,2019-07-19,2025-06-09,2025-06-10,2025-06-10,6,5,82,daily,5
134,xgboost,1,0.8,1.0,1,1,0,1.0,0.0,1470,2019-07-18,2025-06-06,2025-06-09,2025-06-09,6,5,82,daily,5
134,random_forest,1,0.6,1.0,1,1,0,1.0,0.0,1470,2019-07-18,2025-06-06,2025-06-09,2025-06-09,6,5,82,daily,5
135,xgboost,1,1.0,0.0,1,0,1,0.0,1.0,1470,2019-07-17,2025-06-05,2025-06-06,2025-06-06,6,5,82,daily,5
135,random_forest,1,0.85,0.0,1,0,1,0.0,1.0,1470,2019-07-17,2025-06-05,2025-06-06,2025-06-06,6,5,82,daily,5
136,xgboost,1,1.0,1.0,1,1,0,1.0,0.0,1470,2019-07-16,2025-06-04,2025-06-05,2025-06-05,6,5,82,daily,5
136,random_forest,1,0.9,1.0,1,1,0,1.0,0.0,1470,2019-07-16,2025-06-04,2025-06-05,2025-06-05,6,5,82,daily,5
137,xgboost,1,1.0,1.0,1,1,0,1.0,0.0,1470,2019-07-15,2025-06-03,2025-06-04,2025-06-04,6,5,82,daily,5
137,random_forest,1,0.75,1.0,1,1,0,1.0,0.0,1470,2019-07-15,2025-06-03,2025-06-04,2025-06-04,6,5,82,daily,5
138,xgboost,1,0.85,1.0,1,1,0,1.0,0.0,1470,2019-07-12,2025-06-02,2025-06-03,2025-06-03,6,5,82,daily,5
138,random_forest,1,0.75,1.0,1,1,0,1.0,0.0,1470,2019-07-12,2025-06-02,2025-06-03,2025-06-03,6,5,82,daily,5
139,xgboost,1,1.0,1.0,1,1,0,1.0,0.0,1470,2019-07-11,2025-05-30,2025-06-02,2025-06-02,6,5,82,daily,5
139,random_forest,1,0.75,1.0,1,1,0,1.0,0.0,1470,2019-07-11,2025-05-30,2025-06-02,2025-06-02,6,5,82,daily,5
140,xgboost,1,1.0,1.0,1,1,0,1.0,0.0,1470,2019-07-10,2025-05-29,2025-05-30,2025-05-30,6,5,82,daily,5
140,random_forest,1,0.8,1.0,1,1,0,1.0,0.0,1470,2019-07-10,2025-05-29,2025-05-30,2025-05-30,6,5,82,daily,5
141,xgboost,1,0.15,0.0,1,1,0,1.0,0.0,1470,2019-07-09,2025-05-28,2025-05-29,2025-05-29,6,5,82,daily,5
141,random_forest,1,0.75,1.0,1,1,0,1.0,0.0,1470,2019-07-09,2025-05-28,2025-05-29,2025-05-29,6,5,82,daily,5
142,xgboost,1,0.9,1.0,1,1,0,1.0,0.0,1470,2019-07-08,2025-05-27,2025-05-28,2025-05-28,6,5,82,daily,5
142,random_forest,1,0.8,1.0,1,1,0,1.0,0.0,1470,2019-07-08,2025-05-27,2025-05-28,2025-05-28,6,5,82,daily,5
143,xgboost,1,0.15,0.0,1,1,0,1.0,0.0,1470,2019-07-05,2025-05-23,2025-05-27,2025-05-27,6,5,82,daily,5
143,random_forest,1,0.6,1.0,1,1,0,1.0,0.0,1470,2019-07-05,2025-05-23,2025-05-27,2025-05-27,6,5,82,daily,5
144,xgboost,1,1.0,1.0,1,1,0,1.0,0.0,1470,2019-07-02,2025-05-22,2025-05-23,2025-05-23,6,5,82,daily,5
144,random_forest,1,0.75,1.0,1,1,0,1.0,0.0,1470,2019-07-02,2025-05-22,2025-05-23,2025-05-23,6,5,82,daily,5
145,xgboost,1,0.95,1.0,1,1,0,1.0,0.0,1470,2019-07-01,2025-05-21,2025-05-22,2025-05-22,6,5,82,daily,5
145,random_forest,1,0.7,1.0,1,1,0,1.0,0.0,1470,2019-07-01,2025-05-21,2025-05-22,2025-05-22,6,5,82,daily,5
146,xgboost,1,0.85,1.0,1,1,0,1.0,0.0,1470,2019-06-28,2025-05-20,2025-05-21,2025-05-21,6,5,82,daily,5
146,random_forest,1,0.6,1.0,1,1,0,1.0,0.0,1470,2019-06-28,2025-05-20,2025-05-21,2025-05-21,6,5,82,daily,5
147,xgboost,1,0.15,1.0,1,0,1,0.0,1.0,1470,2019-06-27,2025-05-19,2025-05-20,2025-05-20,6,5,82,daily,5
147,random_forest,1,0.4,1.0,1,0,1,0.0,1.0,1470,2019-06-27,2025-05-19,2025-05-20,2025-05-20,6,5,82,daily,5
148,xgboost,1,0.55,0.0,1,0,1,0.0,1.0,1470,2019-06-26,2025-05-16,2025-05-19,2025-05-19,6,5,82,daily,5
148,random_forest,1,0.25,1.0,1,0,1,0.0,1.0,1470,2019-06-26,2025-05-16,2025-05-19,2025-05-19,6,5,82,daily,5
149,xgboost,1,0.1,1.0,1,0,1,0.0,1.0,1470,2019-06-25,2025-05-15,2025-05-16,2025-05-16,6,5,82,daily,5
149,random_forest,1,0.3,1.0,1,0,1,0.0,1.0,1470,2019-06-25,2025-05-15,2025-05-16,2025-05-16,6,5,82,daily,5
150,xgboost,1,0.4,1.0,1,0,1,0.0,1.0,1470,2019-06-24,2025-05-14,2025-05-15,2025-05-15,6,5,82,daily,5
150,random_forest,1,0.45,1.0,1,0,1,0.0,1.0,1470,2019-06-24,2025-05-14,2025-05-15,2025-05-15,6,5,82,daily,5
151,xgboost,1,0.95,0.0,1,0,1,0.0,1.0,1470,2019-06-21,2025-05-13,2025-05-14,2025-05-14,6,5,82,daily,5
151,random_forest,1,0.65,0.0,1,0,1,0.0,1.0,1470,2019-06-21,2025-05-13,2025-05-14,2025-05-14,6,5,82,daily,5
152,xgboost,1,0.85,1.0,1,1,0,1.0,0.0,1470,2019-06-20,2025-05-12,2025-05-13,2025-05-13,6,5,82,daily,5
152,random_forest,1,0.6,1.0,1,1,0,1.0,0.0,1470,2019-06-20,2025-05-12,2025-05-13,2025-05-13,6,5,82,daily,5
153,xgboost,1,0.05,0.0,1,1,0,1.0,0.0,1470,2019-06-19,2025-05-09,2025-05-12,2025-05-12,6,5,82,daily,5
153,random_forest,1,0.45,0.0,1,1,0,1.0,0.0,1470,2019-06-19,2025-05-09,2025-05-12,2025-05-12,6,5,82,daily,5
154,xgboost,1,1.0,1.0,1,1,0,1.0,0.0,1470,2019-06-18,2025-05-08,2025-05-09,2025-05-09,6,5,82,daily,5
154,random_forest,1,0.8,1.0,1,1,0,1.0,0.0,1470,2019-06-18,2025-05-08,2025-05-09,2025-05-09,6,5,82,daily,5
155,xgboost,1,0.2,0.0,1,1,0,1.0,0.0,1470,2019-06-17,2025-05-07,2025-05-08,2025-05-08,6,5,82,daily,5
155,random_forest,1,0.7,1.0,1,1,0,1.0,0.0,1470,2019-06-17,2025-05-07,2025-05-08,2025-05-08,6,5,82,daily,5
156,xgboost,1,1.0,1.0,1,1,0,1.0,0.0,1470,2019-06-14,2025-05-06,2025-05-07,2025-05-07,6,5,82,daily,5
156,random_forest,1,0.85,1.0,1,1,0,1.0,0.0,1470,2019-06-14,2025-05-06,2025-05-07,2025-05-07,6,5,82,daily,5
157,xgboost,1,1.0,1.0,1,1,0,1.0,0.0,1470,2019-06-13,2025-05-05,2025-05-06,2025-05-06,6,5,82,daily,5
157,random_forest,1,0.8,1.0,1,1,0,1.0,0.0,1470,2019-06-13,2025-05-05,2025-05-06,2025-05-06,6,5,82,daily,5
158,xgboost,1,0.8,1.0,1,1,0,1.0,0.0,1470,2019-06-12,2025-05-02,2025-05-05,2025-05-05,6,5,82,daily,5
158,random_forest,1,0.65,1.0,1,1,0,1.0,0.0,1470,2019-06-12,2025-05-02,2025-05-05,2025-05-05,6,5,82,daily,5
159,xgboost,1,0.95,0.0,1,0,1,0.0,1.0,1470,2019-06-11,2025-05-01,2025-05-02,2025-05-02,6,5,82,daily,5
159,random_forest,1,0.75,0.0,1,0,1,0.0,1.0,1470,2019-06-11,2025-05-01,2025-05-02,2025-05-02,6,5,82,daily,5
160,xgboost,1,1.0,1.0,1,1,0,1.0,0.0,1470,2019-06-10,2025-04-30,2025-05-01,2025-05-01,6,5,82,daily,5
160,random_forest,1,0.75,1.0,1,1,0,1.0,0.0,1470,2019-06-10,2025-04-30,2025-05-01,2025-05-01,6,5,82,daily,5
161,xgboost,1,1.0,1.0,1,1,0,1.0,0.0,1470,2019-06-07,2025-04-29,2025-04-30,2025-04-30,6,5,82,daily,5
161,random_forest,1,0.85,1.0,1,1,0,1.0,0.0,1470,2019-06-07,2025-04-29,2025-04-30,2025-04-30,6,5,82,daily,5
162,xgboost,1,1.0,1.0,1,1,0,1.0,0.0,1470,2019-06-06,2025-04-28,2025-04-29,2025-04-29,6,5,82,daily,5
162,random_forest,1,0.8,1.0,1,1,0,1.0,0.0,1470,2019-06-06,2025-04-28,2025-04-29,2025-04-29,6,5,82,daily,5
163,xgboost,1,1.0,1.0,1,1,0,1.0,0.0,1470,2019-06-05,2025-04-25,2025-04-28,2025-04-28,6,5,82,daily,5
163,random_forest,1,0.8,1.0,1,1,0,1.0,0.0,1470,2019-06-05,2025-04-25,2025-04-28,2025-04-28,6,5,82,daily,5
164,xgboost,1,0.95,1.0,1,1,0,1.0,0.0,1470,2019-06-04,2025-04-24,2025-04-25,2025-04-25,6,5,82,daily,5
164,random_forest,1,0.6,1.0,1,1,0,1.0,0.0,1470,2019-06-04,2025-04-24,2025-04-25,2025-04-25,6,5,82,daily,5
165,xgboost,1,0.7,1.0,1,1,0,1.0,0.0,1470,2019-06-03,2025-04-23,2025-04-24,2025-04-24,6,5,82,daily,5
165,random_forest,1,0.55,1.0,1,1,0,1.0,0.0,1470,2019-06-03,2025-04-23,2025-04-24,2025-04-24,6,5,82,daily,5
166,xgboost,1,0.8,1.0,1,1,0,1.0,0.0,1470,2019-05-31,2025-04-22,2025-04-23,2025-04-23,6,5,82,daily,5
166,random_forest,1,0.55,1.0,1,1,0,1.0,0.0,1470,2019-05-31,2025-04-22,2025-04-23,2025-04-23,6,5,82,daily,5
167,xgboost,1,0.85,1.0,1,1,0,1.0,0.0,1470,2019-05-30,2025-04-21,2025-04-22,2025-04-22,6,5,82,daily,5
167,random_forest,1,0.6,1.0,1,1,0,1.0,0.0,1470,2019-05-30,2025-04-21,2025-04-22,2025-04-22,6,5,82,daily,5
168,xgboost,1,1.0,1.0,1,1,0,1.0,0.0,1470,2019-05-29,2025-04-17,2025-04-21,2025-04-21,6,5,82,daily,5
168,random_forest,1,0.7,1.0,1,1,0,1.0,0.0,1470,2019-05-29,2025-04-17,2025-04-21,2025-04-21,6,5,82,daily,5
169,xgboost,1,0.95,1.0,1,1,0,1.0,0.0,1470,2019-05-28,2025-04-16,2025-04-17,2025-04-17,6,5,82,daily,5
169,random_forest,1,0.55,1.0,1,1,0,1.0,0.0,1470,2019-05-28,2025-04-16,2025-04-17,2025-04-17,6,5,82,daily,5
170,xgboost,1,0.0,0.0,1,1,0,1.0,0.0,1470,2019-05-24,2025-04-15,2025-04-16,2025-04-16,6,5,82,daily,5
170,random_forest,1,0.3,0.0,1,1,0,1.0,0.0,1470,2019-05-24,2025-04-15,2025-04-16,2025-04-16,6,5,82,daily,5
171,xgboost,1,0.0,1.0,1,0,1,0.0,1.0,1470,2019-05-23,2025-04-14,2025-04-15,2025-04-15,6,5,82,daily,5
171,random_forest,1,0.3,1.0,1,0,1,0.0,1.0,1470,2019-05-23,2025-04-14,2025-04-15,2025-04-15,6,5,82,daily,5
172,xgboost,1,0.0,1.0,1,0,1,0.0,1.0,1470,2019-05-22,2025-04-11,2025-04-14,2025-04-14,6,5,82,daily,5
172,random_forest,1,0.3,1.0,1,0,1,0.0,1.0,1470,2019-05-22,2025-04-11,2025-04-14,2025-04-14,6,5,82,daily,5
173,xgboost,1,0.0,1.0,1,0,1,0.0,1.0,1470,2019-05-21,2025-04-10,2025-04-11,2025-04-11,6,5,82,daily,5
173,random_forest,1,0.35,1.0,1,0,1,0.0,1.0,1470,2019-05-21,2025-04-10,2025-04-11,2025-04-11,6,5,82,daily,5
174,xgboost,1,0.6,0.0,1,0,1,0.0,1.0,1470,2019-05-20,2025-04-09,2025-04-10,2025-04-10,6,5,82,daily,5
174,random_forest,1,0.55,0.0,1,0,1,0.0,1.0,1470,2019-05-20,2025-04-09,2025-04-10,2025-04-10,6,5,82,daily,5
175,xgboost,1,0.9,0.0,1,0,1,0.0,1.0,1470,2019-05-17,2025-04-08,2025-04-09,2025-04-09,6,5,82,daily,5
175,random_forest,1,0.55,0.0,1,0,1,0.0,1.0,1470,2019-05-17,2025-04-08,2025-04-09,2025-04-09,6,5,82,daily,5
176,xgboost,1,1.0,1.0,1,1,0,1.0,0.0,1470,2019-05-16,2025-04-07,2025-04-08,2025-04-08,6,5,82,daily,5
176,random_forest,1,0.85,1.0,1,1,0,1.0,0.0,1470,2019-05-16,2025-04-07,2025-04-08,2025-04-08,6,5,82,daily,5
177,xgboost,1,1.0,1.0,1,1,0,1.0,0.0,1470,2019-05-15,2025-04-04,2025-04-07,2025-04-07,6,5,82,daily,5
177,random_forest,1,0.7,1.0,1,1,0,1.0,0.0,1470,2019-05-15,2025-04-04,2025-04-07,2025-04-07,6,5,82,daily,5
178,xgboost,1,1.0,1.0,1,1,0,1.0,0.0,1470,2019-05-14,2025-04-03,2025-04-04,2025-04-04,6,5,82,daily,5
178,random_forest,1,0.7,1.0,1,1,0,1.0,0.0,1470,2019-05-14,2025-04-03,2025-04-04,2025-04-04,6,5,82,daily,5
179,xgboost,1,0.6,0.0,1,0,1,0.0,1.0,1470,2019-05-13,2025-04-02,2025-04-03,2025-04-03,6,5,82,daily,5
179,random_forest,1,0.5,0.0,1,0,1,0.0,1.0,1470,2019-05-13,2025-04-02,2025-04-03,2025-04-03,6,5,82,daily,5
180,xgboost,1,0.0,1.0,1,0,1,0.0,1.0,1470,2019-05-10,2025-04-01,2025-04-02,2025-04-02,6,5,82,daily,5
180,random_forest,1,0.15,1.0,1,0,1,0.0,1.0,1470,2019-05-10,2025-04-01,2025-04-02,2025-04-02,6,5,82,daily,5
181,xgboost,1,0.05,1.0,1,0,1,0.0,1.0,1470,2019-05-09,2025-03-31,2025-04-01,2025-04-01,6,5,82,daily,5
181,random_forest,1,0.25,1.0,1,0,1,0.0,1.0,1470,2019-05-09,2025-03-31,2025-04-01,2025-04-01,6,5,82,daily,5
182,xgboost,1,0.7,0.0,1,0,1,0.0,1.0,1470,2019-05-08,2025-03-28,2025-03-31,2025-03-31,6,5,82,daily,5
182,random_forest,1,0.45,1.0,1,0,1,0.0,1.0,1470,2019-05-08,2025-03-28,2025-03-31,2025-03-31,6,5,82,daily,5
183,xgboost,1,0.9,0.0,1,0,1,0.0,1.0,1470,2019-05-07,2025-03-27,2025-03-28,2025-03-28,6,5,82,daily,5
183,random_forest,1,0.55,0.0,1,0,1,0.0,1.0,1470,2019-05-07,2025-03-27,2025-03-28,2025-03-28,6,5,82,daily,5
184,xgboost,1,0.1,1.0,1,0,1,0.0,1.0,1470,2019-05-06,2025-03-26,2025-03-27,2025-03-27,6,5,82,daily,5
184,random_forest,1,0.35,1.0,1,0,1,0.0,1.0,1470,2019-05-06,2025-03-26,2025-03-27,2025-03-27,6,5,82,daily,5
185,xgboost,1,0.05,1.0,1,0,1,0.0,1.0,1470,2019-05-03,2025-03-25,2025-03-26,2025-03-26,6,5,82,daily,5
185,random_forest,1,0.3,1.0,1,0,1,0.0,1.0,1470,2019-05-03,2025-03-25,2025-03-26,2025-03-26,6,5,82,daily,5
186,xgboost,1,0.45,1.0,1,0,1,0.0,1.0,1470,2019-05-02,2025-03-24,2025-03-25,2025-03-25,6,5,82,daily,5
186,random_forest,1,0.4,1.0,1,0,1,0.0,1.0,1470,2019-05-02,2025-03-24,2025-03-25,2025-03-25,6,5,82,daily,5
187,xgboost,1,0.95,0.0,1,0,1,0.0,1.0,1470,2019-05-01,2025-03-21,2025-03-24,2025-03-24,6,5,82,daily,5
187,random_forest,1,0.5,0.0,1,0,1,0.0,1.0,1470,2019-05-01,2025-03-21,2025-03-24,2025-03-24,6,5,82,daily,5
188,xgboost,1,1.0,0.0,1,0,1,0.0,1.0,1470,2019-04-30,2025-03-20,2025-03-21,2025-03-21,6,5,82,daily,5
188,random_forest,1,0.8,0.0,1,0,1,0.0,1.0,1470,2019-04-30,2025-03-20,2025-03-21,2025-03-21,6,5,82,daily,5
189,xgboost,1,1.0,1.0,1,1,0,1.0,0.0,1470,2019-04-29,2025-03-19,2025-03-20,2025-03-20,6,5,82,daily,5
189,random_forest,1,0.85,1.0,1,1,0,1.0,0.0,1470,2019-04-29,2025-03-19,2025-03-20,2025-03-20,6,5,82,daily,5
190,xgboost,1,1.0,1.0,1,1,0,1.0,0.0,1470,2019-04-26,2025-03-18,2025-03-19,2025-03-19,6,5,82,daily,5
190,random_forest,1,0.8,1.0,1,1,0,1.0,0.0,1470,2019-04-26,2025-03-18,2025-03-19,2025-03-19,6,5,82,daily,5
191,xgboost,1,1.0,1.0,1,1,0,1.0,0.0,1470,2019-04-25,2025-03-17,2025-03-18,2025-03-18,6,5,82,daily,5
191,random_forest,1,0.8,1.0,1,1,0,1.0,0.0,1470,2019-04-25,2025-03-17,2025-03-18,2025-03-18,6,5,82,daily,5
192,xgboost,1,0.95,1.0,1,1,0,1.0,0.0,1470,2019-04-24,2025-03-14,2025-03-17,2025-03-17,6,5,82,daily,5
192,random_forest,1,0.6,1.0,1,1,0,1.0,0.0,1470,2019-04-24,2025-03-14,2025-03-17,2025-03-17,6,5,82,daily,5
193,xgboost,1,0.95,1.0,1,1,0,1.0,0.0,1470,2019-04-23,2025-03-13,2025-03-14,2025-03-14,6,5,82,daily,5
193,random_forest,1,0.7,1.0,1,1,0,1.0,0.0,1470,2019-04-23,2025-03-13,2025-03-14,2025-03-14,6,5,82,daily,5
194,xgboost,1,1.0,1.0,1,1,0,1.0,0.0,1470,2019-04-22,2025-03-12,2025-03-13,2025-03-13,6,5,82,daily,5
194,random_forest,1,0.7,1.0,1,1,0,1.0,0.0,1470,2019-04-22,2025-03-12,2025-03-13,2025-03-13,6,5,82,daily,5
195,xgboost,1,0.35,0.0,1,1,0,1.0,0.0,1470,2019-04-18,2025-03-11,2025-03-12,2025-03-12,6,5,82,daily,5
195,random_forest,1,0.45,0.0,1,1,0,1.0,0.0,1470,2019-04-18,2025-03-11,2025-03-12,2025-03-12,6,5,82,daily,5
196,xgboost,1,0.1,0.0,1,1,0,1.0,0.0,1470,2019-04-17,2025-03-10,2025-03-11,2025-03-11,6,5,82,daily,5
196,random_forest,1,0.5,1.0,1,1,0,1.0,0.0,1470,2019-04-17,2025-03-10,2025-03-11,2025-03-11,6,5,82,daily,5
197,xgboost,1,0.1,0.0,1,1,0,1.0,0.0,1470,2019-04-16,2025-03-07,2025-03-10,2025-03-10,6,5,82,daily,5
197,random_forest,1,0.45,0.0,1,1,0,1.0,0.0,1470,2019-04-16,2025-03-07,2025-03-10,2025-03-10,6,5,82,daily,5
198,xgboost,1,0.05,1.0,1,0,1,0.0,1.0,1470,2019-04-15,2025-03-06,2025-03-07,2025-03-07,6,5,82,daily,5
198,random_forest,1,0.3,1.0,1,0,1,0.0,1.0,1470,2019-04-15,2025-03-06,2025-03-07,2025-03-07,6,5,82,daily,5
199,xgboost,1,0.65,0.0,1,0,1,0.0,1.0,1470,2019-04-12,2025-03-05,2025-03-06,2025-03-06,6,5,82,daily,5
199,random_forest,1,0.4,1.0,1,0,1,0.0,1.0,1470,2019-04-12,2025-03-05,2025-03-06,2025-03-06,6,5,82,daily,5
200,xgboost,1,0.0,1.0,1,0,1,0.0,1.0,1470,2019-04-11,2025-03-04,2025-03-05,2025-03-05,6,5,82,daily,5
200,random_forest,1,0.2,1.0,1,0,1,0.0,1.0,1470,2019-04-11,2025-03-04,2025-03-05,2025-03-05,6,5,82,daily,5
201,xgboost,1,0.0,1.0,1,0,1,0.0,1.0,1470,2019-04-10,2025-03-03,2025-03-04,2025-03-04,6,5,82,daily,5
201,random_forest,1,0.3,1.0,1,0,1,0.0,1.0,1470,2019-04-10,2025-03-03,2025-03-04,2025-03-04,6,5,82,daily,5
202,xgboost,1,0.0,1.0,1,0,1,0.0,1.0,1470,2019-04-09,2025-02-28,2025-03-03,2025-03-03,6,5,82,daily,5
202,random_forest,1,0.35,1.0,1,0,1,0.0,1.0,1470,2019-04-09,2025-02-28,2025-03-03,2025-03-03,6,5,82,daily,5
203,xgboost,1,0.1,1.0,1,0,1,0.0,1.0,1470,2019-04-08,2025-02-27,2025-02-28,2025-02-28,6,5,82,daily,5
203,random_forest,1,0.4,1.0,1,0,1,0.0,1.0,1470,2019-04-08,2025-02-27,2025-02-28,2025-02-28,6,5,82,daily,5
204,xgboost,1,0.95,0.0,1,0,1,0.0,1.0,1470,2019-04-05,2025-02-26,2025-02-27,2025-02-27,6,5,82,daily,5
204,random_forest,1,0.55,0.0,1,0,1,0.0,1.0,1470,2019-04-05,2025-02-26,2025-02-27,2025-02-27,6,5,82,daily,5
205,xgboost,1,0.0,1.0,1,0,1,0.0,1.0,1470,2019-04-04,2025-02-25,2025-02-26,2025-02-26,6,5,82,daily,5
205,random_forest,1,0.3,1.0,1,0,1,0.0,1.0,1470,2019-04-04,2025-02-25,2025-02-26,2025-02-26,6,5,82,daily,5
206,xgboost,1,0.1,1.0,1,0,1,0.0,1.0,1470,2019-04-03,2025-02-24,2025-02-25,2025-02-25,6,5,82,daily,5
206,random_forest,1,0.4,1.0,1,0,1,0.0,1.0,1470,2019-04-03,2025-02-24,2025-02-25,2025-02-25,6,5,82,daily,5
207,xgboost,1,0.45,1.0,1,0,1,0.0,1.0,1470,2019-04-02,2025-02-21,2025-02-24,2025-02-24,6,5,82,daily,5
207,random_forest,1,0.5,0.0,1,0,1,0.0,1.0,1470,2019-04-02,2025-02-21,2025-02-24,2025-02-24,6,5,82,daily,5
208,xgboost,1,0.75,0.0,1,0,1,0.0,1.0,1470,2019-04-01,2025-02-20,2025-02-21,2025-02-21,6,5,82,daily,5
208,random_forest,1,0.55,0.0,1,0,1,0.0,1.0,1470,2019-04-01,2025-02-20,2025-02-21,2025-02-21,6,5,82,daily,5
209,xgboost,1,0.5,1.0,1,0,1,0.0,1.0,1470,2019-03-29,2025-02-19,2025-02-20,2025-02-20,6,5,82,daily,5
209,random_forest,1,0.4,1.0,1,0,1,0.0,1.0,1470,2019-03-29,2025-02-19,2025-02-20,2025-02-20,6,5,82,daily,5
210,xgboost,1,0.05,1.0,1,0,1,0.0,1.0,1470,2019-03-28,2025-02-18,2025-02-19,2025-02-19,6,5,82,daily,5
210,random_forest,1,0.4,1.0,1,0,1,0.0,1.0,1470,2019-03-28,2025-02-18,2025-02-19,2025-02-19,6,5,82,daily,5
211,xgboost,1,0.3,1.0,1,0,1,0.0,1.0,1470,2019-03-27,2025-02-14,2025-02-18,2025-02-18,6,5,82,daily,5
211,random_forest,1,0.45,1.0,1,0,1,0.0,1.0,1470,2019-03-27,2025-02-14,2025-02-18,2025-02-18,6,5,82,daily,5
212,xgboost,1,1.0,0.0,1,0,1,0.0,1.0,1470,2019-03-26,2025-02-13,2025-02-14,2025-02-14,6,5,82,daily,5
212,random_forest,1,0.65,0.0,1,0,1,0.0,1.0,1470,2019-03-26,2025-02-13,2025-02-14,2025-02-14,6,5,82,daily,5
213,xgboost,1,1.0,0.0,1,0,1,0.0,1.0,1470,2019-03-25,2025-02-12,2025-02-13,2025-02-13,6,5,82,daily,5
213,random_forest,1,0.75,0.0,1,0,1,0.0,1.0,1470,2019-03-25,2025-02-12,2025-02-13,2025-02-13,6,5,82,daily,5
214,xgboost,1,0.95,1.0,1,1,0,1.0,0.0,1470,2019-03-22,2025-02-11,2025-02-12,2025-02-12,6,5,82,daily,5
214,random_forest,1,0.8,1.0,1,1,0,1.0,0.0,1470,2019-03-22,2025-02-11,2025-02-12,2025-02-12,6,5,82,daily,5
215,xgboost,1,0.9,1.0,1,1,0,1.0,0.0,1470,2019-03-21,2025-02-10,2025-02-11,2025-02-11,6,5,82,daily,5
215,random_forest,1,0.7,1.0,1,1,0,1.0,0.0,1470,2019-03-21,2025-02-10,2025-02-11,2025-02-11,6,5,82,daily,5
216,xgboost,1,1.0,1.0,1,1,0,1.0,0.0,1470,2019-03-20,2025-02-07,2025-02-10,2025-02-10,6,5,82,daily,5
216,random_forest,1,0.65,1.0,1,1,0,1.0,0.0,1470,2019-03-20,2025-02-07,2025-02-10,2025-02-10,6,5,82,daily,5
217,xgboost,1,0.9,1.0,1,1,0,1.0,0.0,1470,2019-03-19,2025-02-06,2025-02-07,2025-02-07,6,5,82,daily,5
217,random_forest,1,0.7,1.0,1,1,0,1.0,0.0,1470,2019-03-19,2025-02-06,2025-02-07,2025-02-07,6,5,82,daily,5
218,xgboost,1,1.0,1.0,1,1,0,1.0,0.0,1470,2019-03-18,2025-02-05,2025-02-06,2025-02-06,6,5,82,daily,5
218,random_forest,1,0.75,1.0,1,1,0,1.0,0.0,1470,2019-03-18,2025-02-05,2025-02-06,2025-02-06,6,5,82,daily,5
219,xgboost,1,1.0,1.0,1,1,0,1.0,0.0,1470,2019-03-15,2025-02-04,2025-02-05,2025-02-05,6,5,82,daily,5
219,random_forest,1,0.7,1.0,1,1,0,1.0,0.0,1470,2019-03-15,2025-02-04,2025-02-05,2025-02-05,6,5,82,daily,5
220,xgboost,1,0.95,1.0,1,1,0,1.0,0.0,1470,2019-03-14,2025-02-03,2025-02-04,2025-02-04,6,5,82,daily,5
220,random_forest,1,0.65,1.0,1,1,0,1.0,0.0,1470,2019-03-14,2025-02-03,2025-02-04,2025-02-04,6,5,82,daily,5
221,xgboost,1,0.75,1.0,1,1,0,1.0,0.0,1470,2019-03-13,2025-01-31,2025-02-03,2025-02-03,6,5,82,daily,5
221,random_forest,1,0.65,1.0,1,1,0,1.0,0.0,1470,2019-03-13,2025-01-31,2025-02-03,2025-02-03,6,5,82,daily,5
222,xgboost,1,0.95,1.0,1,1,0,1.0,0.0,1470,2019-03-12,2025-01-30,2025-01-31,2025-01-31,6,5,82,daily,5
222,random_forest,1,0.7,1.0,1,1,0,1.0,0.0,1470,2019-03-12,2025-01-30,2025-01-31,2025-01-31,6,5,82,daily,5
223,xgboost,1,0.95,1.0,1,1,0,1.0,0.0,1470,2019-03-11,2025-01-29,2025-01-30,2025-01-30,6,5,82,daily,5
223,random_forest,1,0.6,1.0,1,1,0,1.0,0.0,1470,2019-03-11,2025-01-29,2025-01-30,2025-01-30,6,5,82,daily,5
224,xgboost,1,0.65,1.0,1,1,0,1.0,0.0,1470,2019-03-08,2025-01-28,2025-01-29,2025-01-29,6,5,82,daily,5
224,random_forest,1,0.6,1.0,1,1,0,1.0,0.0,1470,2019-03-08,2025-01-28,2025-01-29,2025-01-29,6,5,82,daily,5
225,xgboost,1,0.4,0.0,1,1,0,1.0,0.0,1470,2019-03-07,2025-01-27,2025-01-28,2025-01-28,6,5,82,daily,5
225,random_forest,1,0.45,0.0,1,1,0,1.0,0.0,1470,2019-03-07,2025-01-27,2025-01-28,2025-01-28,6,5,82,daily,5
226,xgboost,1,0.05,0.0,1,1,0,1.0,0.0,1470,2019-03-06,2025-01-24,2025-01-27,2025-01-27,6,5,82,daily,5
226,random_forest,1,0.45,0.0,1,1,0,1.0,0.0,1470,2019-03-06,2025-01-24,2025-01-27,2025-01-27,6,5,82,daily,5
227,xgboost,1,0.0,1.0,1,0,1,0.0,1.0,1470,2019-03-05,2025-01-23,2025-01-24,2025-01-24,6,5,82,daily,5
227,random_forest,1,0.2,1.0,1,0,1,0.0,1.0,1470,2019-03-05,2025-01-23,2025-01-24,2025-01-24,6,5,82,daily,5
228,xgboost,1,0.0,1.0,1,0,1,0.0,1.0,1470,2019-03-04,2025-01-22,2025-01-23,2025-01-23,6,5,82,daily,5
228,random_forest,1,0.3,1.0,1,0,1,0.0,1.0,1470,2019-03-04,2025-01-22,2025-01-23,2025-01-23,6,5,82,daily,5
1,xgboost,1,0.25,0.0,1,1,0,1.0,0.0,980,2022-01-12,2025-12-18,2025-12-19,2025-12-19,4,10,82,daily,10
1,random_forest,1,0.6,1.0,1,1,0,1.0,0.0,980,2022-01-12,2025-12-18,2025-12-19,2025-12-19,4,10,82,daily,10
2,xgboost,1,0.7,1.0,1,1,0,1.0,0.0,980,2022-01-11,2025-12-17,2025-12-18,2025-12-18,4,10,82,daily,10
2,random_forest,1,0.8,1.0,1,1,0,1.0,0.0,980,2022-01-11,2025-12-17,2025-12-18,2025-12-18,4,10,82,daily,10
3,xgboost,1,0.8,1.0,1,1,0,1.0,0.0,980,2022-01-10,2025-12-16,2025-12-17,2025-12-17,4,10,82,daily,10
3,random_forest,1,0.85,1.0,1,1,0,1.0,0.0,980,2022-01-10,2025-12-16,2025-12-17,2025-12-17,4,10,82,daily,10
4,xgboost,1,0.75,1.0,1,1,0,1.0,0.0,980,2022-01-07,2025-12-15,2025-12-16,2025-12-16,4,10,82,daily,10
4,random_forest,1,0.75,1.0,1,1,0,1.0,0.0,980,2022-01-07,2025-12-15,2025-12-16,2025-12-16,4,10,82,daily,10
5,xgboost,1,0.95,1.0,1,1,0,1.0,0.0,980,2022-01-06,2025-12-12,2025-12-15,2025-12-15,4,10,82,daily,10
5,random_forest,1,0.65,1.0,1,1,0,1.0,0.0,980,2022-01-06,2025-12-12,2025-12-15,2025-12-15,4,10,82,daily,10
6,xgboost,1,0.15,0.0,1,1,0,1.0,0.0,980,2022-01-05,2025-12-11,2025-12-12,2025-12-12,4,10,82,daily,10
6,random_forest,1,0.5,1.0,1,1,0,1.0,0.0,980,2022-01-05,2025-12-11,2025-12-12,2025-12-12,4,10,82,daily,10
7,xgboost,1,0.0,1.0,1,0,1,0.0,1.0,980,2022-01-04,2025-12-10,2025-12-11,2025-12-11,4,10,82,daily,10
7,random_forest,1,0.2,1.0,1,0,1,0.0,1.0,980,2022-01-04,2025-12-10,2025-12-11,2025-12-11,4,10,82,daily,10
8,xgboost,1,0.0,1.0,1,0,1,0.0,1.0,980,2022-01-03,2025-12-09,2025-12-10,2025-12-10,4,10,82,daily,10
8,random_forest,1,0.2,1.0,1,0,1,0.0,1.0,980,2022-01-03,2025-12-09,2025-12-10,2025-12-10,4,10,82,daily,10
9,xgboost,1,0.0,1.0,1,0,1,0.0,1.0,980,2021-12-31,2025-12-08,2025-12-09,2025-12-09,4,10,82,daily,10
9,random_forest,1,0.1,1.0,1,0,1,0.0,1.0,980,2021-12-31,2025-12-08,2025-12-09,2025-12-09,4,10,82,daily,10
10,xgboost,1,0.0,1.0,1,0,1,0.0,1.0,980,2021-12-30,2025-12-05,2025-12-08,2025-12-08,4,10,82,daily,10
10,random_forest,1,0.15,1.0,1,0,1,0.0,1.0,980,2021-12-30,2025-12-05,2025-12-08,2025-12-08,4,10,82,daily,10
11,xgboost,1,0.4,1.0,1,0,1,0.0,1.0,980,2021-12-29,2025-12-04,2025-12-05,2025-12-05,4,10,82,daily,10
11,random_forest,1,0.2,1.0,1,0,1,0.0,1.0,980,2021-12-29,2025-12-04,2025-12-05,2025-12-05,4,10,82,daily,10
12,xgboost,1,0.05,1.0,1,0,1,0.0,1.0,980,2021-12-28,2025-12-03,2025-12-04,2025-12-04,4,10,82,daily,10
12,random_forest,1,0.2,1.0,1,0,1,0.0,1.0,980,2021-12-28,2025-12-03,2025-12-04,2025-12-04,4,10,82,daily,10
13,xgboost,1,0.55,0.0,1,0,1,0.0,1.0,980,2021-12-27,2025-12-02,2025-12-03,2025-12-03,4,10,82,daily,10
13,random_forest,1,0.25,1.0,1,0,1,0.0,1.0,980,2021-12-27,2025-12-02,2025-12-03,2025-12-03,4,10,82,daily,10
14,xgboost,1,0.25,1.0,1,0,1,0.0,1.0,980,2021-12-23,2025-12-01,2025-12-02,2025-12-02,4,10,82,daily,10
14,random_forest,1,0.4,1.0,1,0,1,0.0,1.0,980,2021-12-23,2025-12-01,2025-12-02,2025-12-02,4,10,82,daily,10
15,xgboost,1,0.9,0.0,1,0,1,0.0,1.0,980,2021-12-22,2025-11-26,2025-12-01,2025-12-01,4,10,82,daily,10
15,random_forest,1,0.6,0.0,1,0,1,0.0,1.0,980,2021-12-22,2025-11-26,2025-12-01,2025-12-01,4,10,82,daily,10
16,xgboost,1,0.95,1.0,1,1,0,1.0,0.0,980,2021-12-21,2025-11-25,2025-11-26,2025-11-26,4,10,82,daily,10
16,random_forest,1,0.65,1.0,1,1,0,1.0,0.0,980,2021-12-21,2025-11-25,2025-11-26,2025-11-26,4,10,82,daily,10
17,xgboost,1,1.0,1.0,1,1,0,1.0,0.0,980,2021-12-20,2025-11-24,2025-11-25,2025-11-25,4,10,82,daily,10
17,random_forest,1,0.7,1.0,1,1,0,1.0,0.0,980,2021-12-20,2025-11-24,2025-11-25,2025-11-25,4,10,82,daily,10
18,xgboost,1,1.0,1.0,1,1,0,1.0,0.0,980,2021-12-17,2025-11-21,2025-11-24,2025-11-24,4,10,82,daily,10
18,random_forest,1,0.8,1.0,1,1,0,1.0,0.0,980,2021-12-17,2025-11-21,2025-11-24,2025-11-24,4,10,82,daily,10
19,xgboost,1,0.95,1.0,1,1,0,1.0,0.0,980,2021-12-16,2025-11-20,2025-11-21,2025-11-21,4,10,82,daily,10
19,random_forest,1,0.75,1.0,1,1,0,1.0,0.0,980,2021-12-16,2025-11-20,2025-11-21,2025-11-21,4,10,82,daily,10
20,xgboost,1,1.0,1.0,1,1,0,1.0,0.0,980,2021-12-15,2025-11-19,2025-11-20,2025-11-20,4,10,82,daily,10
20,random_forest,1,0.75,1.0,1,1,0,1.0,0.0,980,2021-12-15,2025-11-19,2025-11-20,2025-11-20,4,10,82,daily,10
21,xgboost,1,0.95,1.0,1,1,0,1.0,0.0,980,2021-12-14,2025-11-18,2025-11-19,2025-11-19,4,10,82,daily,10
21,random_forest,1,0.8,1.0,1,1,0,1.0,0.0,980,2021-12-14,2025-11-18,2025-11-19,2025-11-19,4,10,82,daily,10
22,xgboost,1,1.0,1.0,1,1,0,1.0,0.0,980,2021-12-13,2025-11-17,2025-11-18,2025-11-18,4,10,82,daily,10
22,random_forest,1,0.8,1.0,1,1,0,1.0,0.0,980,2021-12-13,2025-11-17,2025-11-18,2025-11-18,4,10,82,daily,10
23,xgboost,1,1.0,1.0,1,1,0,1.0,0.0,980,2021-12-10,2025-11-14,2025-11-17,2025-11-17,4,10,82,daily,10
23,random_forest,1,0.6,1.0,1,1,0,1.0,0.0,980,2021-12-10,2025-11-14,2025-11-17,2025-11-17,4,10,82,daily,10
24,xgboost,1,0.75,1.0,1,1,0,1.0,0.0,980,2021-12-09,2025-11-13,2025-11-14,2025-11-14,4,10,82,daily,10
24,random_forest,1,0.5,1.0,1,1,0,1.0,0.0,980,2021-12-09,2025-11-13,2025-11-14,2025-11-14,4,10,82,daily,10
25,xgboost,1,0.1,0.0,1,1,0,1.0,0.0,980,2021-12-08,2025-11-12,2025-11-13,2025-11-13,4,10,82,daily,10
25,random_forest,1,0.25,0.0,1,1,0,1.0,0.0,980,2021-12-08,2025-11-12,2025-11-13,2025-11-13,4,10,82,daily,10
26,xgboost,1,0.05,1.0,1,0,1,0.0,1.0,980,2021-12-07,2025-11-11,2025-11-12,2025-11-12,4,10,82,daily,10
26,random_forest,1,0.15,1.0,1,0,1,0.0,1.0,980,2021-12-07,2025-11-11,2025-11-12,2025-11-12,4,10,82,daily,10
27,xgboost,1,0.2,1.0,1,0,1,0.0,1.0,980,2021-12-06,2025-11-10,2025-11-11,2025-11-11,4,10,82,daily,10
27,random_forest,1,0.25,1.0,1,0,1,0.0,1.0,980,2021-12-06,2025-11-10,2025-11-11,2025-11-11,4,10,82,daily,10
28,xgboost,1,0.6,0.0,1,0,1,0.0,1.0,980,2021-12-03,2025-11-07,2025-11-10,2025-11-10,4,10,82,daily,10
28,random_forest,1,0.25,1.0,1,0,1,0.0,1.0,980,2021-12-03,2025-11-07,2025-11-10,2025-11-10,4,10,82,daily,10
29,xgboost,1,0.4,1.0,1,0,1,0.0,1.0,980,2021-12-02,2025-11-06,2025-11-07,2025-11-07,4,10,82,daily,10
29,random_forest,1,0.3,1.0,1,0,1,0.0,1.0,980,2021-12-02,2025-11-06,2025-11-07,2025-11-07,4,10,82,daily,10
30,xgboost,1,0.05,1.0,1,0,1,0.0,1.0,980,2021-12-01,2025-11-05,2025-11-06,2025-11-06,4,10,82,daily,10
30,random_forest,1,0.25,1.0,1,0,1,0.0,1.0,980,2021-12-01,2025-11-05,2025-11-06,2025-11-06,4,10,82,daily,10
31,xgboost,1,0.05,1.0,1,0,1,0.0,1.0,980,2021-11-30,2025-11-04,2025-11-05,2025-11-05,4,10,82,daily,10
31,random_forest,1,0.15,1.0,1,0,1,0.0,1.0,980,2021-11-30,2025-11-04,2025-11-05,2025-11-05,4,10,82,daily,10
32,xgboost,1,0.25,1.0,1,0,1,0.0,1.0,980,2021-11-29,2025-11-03,2025-11-04,2025-11-04,4,10,82,daily,10
32,random_forest,1,0.3,1.0,1,0,1,0.0,1.0,980,2021-11-29,2025-11-03,2025-11-04,2025-11-04,4,10,82,daily,10
33,xgboost,1,0.1,1.0,1,0,1,0.0,1.0,980,2021-11-24,2025-10-31,2025-11-03,2025-11-03,4,10,82,daily,10
33,random_forest,1,0.25,1.0,1,0,1,0.0,1.0,980,2021-11-24,2025-10-31,2025-11-03,2025-11-03,4,10,82,daily,10
34,xgboost,1,0.05,1.0,1,0,1,0.0,1.0,980,2021-11-23,2025-10-30,2025-10-31,2025-10-31,4,10,82,daily,10
34,random_forest,1,0.25,1.0,1,0,1,0.0,1.0,980,2021-11-23,2025-10-30,2025-10-31,2025-10-31,4,10,82,daily,10
35,xgboost,1,0.0,1.0,1,0,1,0.0,1.0,980,2021-11-22,2025-10-29,2025-10-30,2025-10-30,4,10,82,daily,10
35,random_forest,1,0.3,1.0,1,0,1,0.0,1.0,980,2021-11-22,2025-10-29,2025-10-30,2025-10-30,4,10,82,daily,10
36,xgboost,1,0.05,1.0,1,0,1,0.0,1.0,980,2021-11-19,2025-10-28,2025-10-29,2025-10-29,4,10,82,daily,10
36,random_forest,1,0.25,1.0,1,0,1,0.0,1.0,980,2021-11-19,2025-10-28,2025-10-29,2025-10-29,4,10,82,daily,10
37,xgboost,1,0.15,1.0,1,0,1,0.0,1.0,980,2021-11-18,2025-10-27,2025-10-28,2025-10-28,4,10,82,daily,10
37,random_forest,1,0.3,1.0,1,0,1,0.0,1.0,980,2021-11-18,2025-10-27,2025-10-28,2025-10-28,4,10,82,daily,10
38,xgboost,1,0.7,0.0,1,0,1,0.0,1.0,980,2021-11-17,2025-10-24,2025-10-27,2025-10-27,4,10,82,daily,10
38,random_forest,1,0.45,1.0,1,0,1,0.0,1.0,980,2021-11-17,2025-10-24,2025-10-27,2025-10-27,4,10,82,daily,10
39,xgboost,1,0.8,0.0,1,0,1,0.0,1.0,980,2021-11-16,2025-10-23,2025-10-24,2025-10-24,4,10,82,daily,10
39,random_forest,1,0.7,0.0,1,0,1,0.0,1.0,980,2021-11-16,2025-10-23,2025-10-24,2025-10-24,4,10,82,daily,10
40,xgboost,1,1.0,1.0,1,1,0,1.0,0.0,980,2021-11-15,2025-10-22,2025-10-23,2025-10-23,4,10,82,daily,10
40,random_forest,1,0.8,1.0,1,1,0,1.0,0.0,980,2021-11-15,2025-10-22,2025-10-23,2025-10-23,4,10,82,daily,10
41,xgboost,1,1.0,1.0,1,1,0,1.0,0.0,980,2021-11-12,2025-10-21,2025-10-22,2025-10-22,4,10,82,daily,10
41,random_forest,1,0.85,1.0,1,1,0,1.0,0.0,980,2021-11-12,2025-10-21,2025-10-22,2025-10-22,4,10,82,daily,10
42,xgboost,1,1.0,1.0,1,1,0,1.0,0.0,980,2021-11-11,2025-10-20,2025-10-21,2025-10-21,4,10,82,daily,10
42,random_forest,1,0.75,1.0,1,1,0,1.0,0.0,980,2021-11-11,2025-10-20,2025-10-21,2025-10-21,4,10,82,daily,10
43,xgboost,1,1.0,1.0,1,1,0,1.0,0.0,980,2021-11-10,2025-10-17,2025-10-20,2025-10-20,4,10,82,daily,10
43,random_forest,1,0.6,1.0,1,1,0,1.0,0.0,980,2021-11-10,2025-10-17,2025-10-20,2025-10-20,4,10,82,daily,10
44,xgboost,1,0.65,1.0,1,1,0,1.0,0.0,980,2021-11-09,2025-10-16,2025-10-17,2025-10-17,4,10,82,daily,10
44,random_forest,1,0.8,1.0,1,1,0,1.0,0.0,980,2021-11-09,2025-10-16,2025-10-17,2025-10-17,4,10,82,daily,10
45,xgboost,1,1.0,1.0,1,1,0,1.0,0.0,980,2021-11-08,2025-10-15,2025-10-16,2025-10-16,4,10,82,daily,10
45,random_forest,1,0.8,1.0,1,1,0,1.0,0.0,980,2021-11-08,2025-10-15,2025-10-16,2025-10-16,4,10,82,daily,10
46,xgboost,1,0.75,1.0,1,1,0,1.0,0.0,980,2021-11-05,2025-10-14,2025-10-15,2025-10-15,4,10,82,daily,10
46,random_forest,1,0.75,1.0,1,1,0,1.0,0.0,980,2021-11-05,2025-10-14,2025-10-15,2025-10-15,4,10,82,daily,10
47,xgboost,1,0.95,1.0,1,1,0,1.0,0.0,980,2021-11-04,2025-10-13,2025-10-14,2025-10-14,4,10,82,daily,10
47,random_forest,1,0.8,1.0,1,1,0,1.0,0.0,980,2021-11-04,2025-10-13,2025-10-14,2025-10-14,4,10,82,daily,10
48,xgboost,1,1.0,1.0,1,1,0,1.0,0.0,980,2021-11-03,2025-10-10,2025-10-13,2025-10-13,4,10,82,daily,10
48,random_forest,1,0.6,1.0,1,1,0,1.0,0.0,980,2021-11-03,2025-10-10,2025-10-13,2025-10-13,4,10,82,daily,10
49,xgboost,1,0.95,1.0,1,1,0,1.0,0.0,980,2021-11-02,2025-10-09,2025-10-10,2025-10-10,4,10,82,daily,10
49,random_forest,1,0.55,1.0,1,1,0,1.0,0.0,980,2021-11-02,2025-10-09,2025-10-10,2025-10-10,4,10,82,daily,10
50,xgboost,1,0.15,1.0,1,0,1,0.0,1.0,980,2021-11-01,2025-10-08,2025-10-09,2025-10-09,4,10,82,daily,10
50,random_forest,1,0.45,1.0,1,0,1,0.0,1.0,980,2021-11-01,2025-10-08,2025-10-09,2025-10-09,4,10,82,daily,10
51,xgboost,1,1.0,0.0,1,0,1,0.0,1.0,980,2021-10-29,2025-10-07,2025-10-08,2025-10-08,4,10,82,daily,10
51,random_forest,1,0.65,0.0,1,0,1,0.0,1.0,980,2021-10-29,2025-10-07,2025-10-08,2025-10-08,4,10,82,daily,10
52,xgboost,1,0.85,1.0,1,1,0,1.0,0.0,980,2021-10-28,2025-10-06,2025-10-07,2025-10-07,4,10,82,daily,10
52,random_forest,1,0.7,1.0,1,1,0,1.0,0.0,980,2021-10-28,2025-10-06,2025-10-07,2025-10-07,4,10,82,daily,10
53,xgboost,1,0.9,1.0,1,1,0,1.0,0.0,980,2021-10-27,2025-10-03,2025-10-06,2025-10-06,4,10,82,daily,10
53,random_forest,1,0.5,1.0,1,1,0,1.0,0.0,980,2021-10-27,2025-10-03,2025-10-06,2025-10-06,4,10,82,daily,10
54,xgboost,1,0.15,0.0,1,1,0,1.0,0.0,980,2021-10-26,2025-10-02,2025-10-03,2025-10-03,4,10,82,daily,10
54,random_forest,1,0.35,0.0,1,1,0,1.0,0.0,980,2021-10-26,2025-10-02,2025-10-03,2025-10-03,4,10,82,daily,10
55,xgboost,1,0.35,1.0,1,0,1,0.0,1.0,980,2021-10-25,2025-10-01,2025-10-02,2025-10-02,4,10,82,daily,10
55,random_forest,1,0.35,1.0,1,0,1,0.0,1.0,980,2021-10-25,2025-10-01,2025-10-02,2025-10-02,4,10,82,daily,10
56,xgboost,1,0.45,1.0,1,0,1,0.0,1.0,980,2021-10-22,2025-09-30,2025-10-01,2025-10-01,4,10,82,daily,10
56,random_forest,1,0.5,1.0,1,0,1,0.0,1.0,980,2021-10-22,2025-09-30,2025-10-01,2025-10-01,4,10,82,daily,10
57,xgboost,1,1.0,0.0,1,0,1,0.0,1.0,980,2021-10-21,2025-09-29,2025-09-30,2025-09-30,4,10,82,daily,10
57,random_forest,1,0.8,0.0,1,0,1,0.0,1.0,980,2021-10-21,2025-09-29,2025-09-30,2025-09-30,4,10,82,daily,10
58,xgboost,1,0.95,1.0,1,1,0,1.0,0.0,980,2021-10-20,2025-09-26,2025-09-29,2025-09-29,4,10,82,daily,10
58,random_forest,1,0.65,1.0,1,1,0,1.0,0.0,980,2021-10-20,2025-09-26,2025-09-29,2025-09-29,4,10,82,daily,10
59,xgboost,1,1.0,0.0,1,0,1,0.0,1.0,980,2021-10-19,2025-09-25,2025-09-26,2025-09-26,4,10,82,daily,10
59,random_forest,1,0.9,0.0,1,0,1,0.0,1.0,980,2021-10-19,2025-09-25,2025-09-26,2025-09-26,4,10,82,daily,10
60,xgboost,1,1.0,1.0,1,1,0,1.0,0.0,980,2021-10-18,2025-09-24,2025-09-25,2025-09-25,4,10,82,daily,10
60,random_forest,1,0.85,1.0,1,1,0,1.0,0.0,980,2021-10-18,2025-09-24,2025-09-25,2025-09-25,4,10,82,daily,10
61,xgboost,1,1.0,1.0,1,1,0,1.0,0.0,980,2021-10-15,2025-09-23,2025-09-24,2025-09-24,4,10,82,daily,10
61,random_forest,1,0.85,1.0,1,1,0,1.0,0.0,980,2021-10-15,2025-09-23,2025-09-24,2025-09-24,4,10,82,daily,10
62,xgboost,1,1.0,1.0,1,1,0,1.0,0.0,980,2021-10-14,2025-09-22,2025-09-23,2025-09-23,4,10,82,daily,10
62,random_forest,1,0.85,1.0,1,1,0,1.0,0.0,980,2021-10-14,2025-09-22,2025-09-23,2025-09-23,4,10,82,daily,10
63,xgboost,1,0.95,1.0,1,1,0,1.0,0.0,980,2021-10-13,2025-09-19,2025-09-22,2025-09-22,4,10,82,daily,10
63,random_forest,1,0.85,1.0,1,1,0,1.0,0.0,980,2021-10-13,2025-09-19,2025-09-22,2025-09-22,4,10,82,daily,10
64,xgboost,1,1.0,1.0,1,1,0,1.0,0.0,980,2021-10-12,2025-09-18,2025-09-19,2025-09-19,4,10,82,daily,10
64,random_forest,1,0.85,1.0,1,1,0,1.0,0.0,980,2021-10-12,2025-09-18,2025-09-19,2025-09-19,4,10,82,daily,10
65,xgboost,1,1.0,1.0,1,1,0,1.0,0.0,980,2021-10-11,2025-09-17,2025-09-18,2025-09-18,4,10,82,daily,10
65,random_forest,1,0.85,1.0,1,1,0,1.0,0.0,980,2021-10-11,2025-09-17,2025-09-18,2025-09-18,4,10,82,daily,10
66,xgboost,1,1.0,1.0,1,1,0,1.0,0.0,980,2021-10-08,2025-09-16,2025-09-17,2025-09-17,4,10,82,daily,10
66,random_forest,1,0.8,1.0,1,1,0,1.0,0.0,980,2021-10-08,2025-09-16,2025-09-17,2025-09-17,4,10,82,daily,10
67,xgboost,1,1.0,1.0,1,1,0,1.0,0.0,980,2021-10-07,2025-09-15,2025-09-16,2025-09-16,4,10,82,daily,10
67,random_forest,1,0.75,1.0,1,1,0,1.0,0.0,980,2021-10-07,2025-09-15,2025-09-16,2025-09-16,4,10,82,daily,10
68,xgboost,1,1.0,1.0,1,1,0,1.0,0.0,980,2021-10-06,2025-09-12,2025-09-15,2025-09-15,4,10,82,daily,10
68,random_forest,1,0.75,1.0,1,1,0,1.0,0.0,980,2021-10-06,2025-09-12,2025-09-15,2025-09-15,4,10,82,daily,10
69,xgboost,1,1.0,1.0,1,1,0,1.0,0.0,980,2021-10-05,2025-09-11,2025-09-12,2025-09-12,4,10,82,daily,10
69,random_forest,1,0.75,1.0,1,1,0,1.0,0.0,980,2021-10-05,2025-09-11,2025-09-12,2025-09-12,4,10,82,daily,10
70,xgboost,1,1.0,1.0,1,1,0,1.0,0.0,980,2021-10-04,2025-09-10,2025-09-11,2025-09-11,4,10,82,daily,10
70,random_forest,1,0.8,1.0,1,1,0,1.0,0.0,980,2021-10-04,2025-09-10,2025-09-11,2025-09-11,4,10,82,daily,10
71,xgboost,1,0.95,1.0,1,1,0,1.0,0.0,980,2021-10-01,2025-09-09,2025-09-10,2025-09-10,4,10,82,daily,10
71,random_forest,1,0.8,1.0,1,1,0,1.0,0.0,980,2021-10-01,2025-09-09,2025-09-10,2025-09-10,4,10,82,daily,10
72,xgboost,1,1.0,1.0,1,1,0,1.0,0.0,980,2021-09-30,2025-09-08,2025-09-09,2025-09-09,4,10,82,daily,10
72,random_forest,1,0.7,1.0,1,1,0,1.0,0.0,980,2021-09-30,2025-09-08,2025-09-09,2025-09-09,4,10,82,daily,10
73,xgboost,1,1.0,1.0,1,1,0,1.0,0.0,980,2021-09-29,2025-09-05,2025-09-08,2025-09-08,4,10,82,daily,10
73,random_forest,1,0.7,1.0,1,1,0,1.0,0.0,980,2021-09-29,2025-09-05,2025-09-08,2025-09-08,4,10,82,daily,10
74,xgboost,1,0.9,1.0,1,1,0,1.0,0.0,980,2021-09-28,2025-09-04,2025-09-05,2025-09-05,4,10,82,daily,10
74,random_forest,1,0.7,1.0,1,1,0,1.0,0.0,980,2021-09-28,2025-09-04,2025-09-05,2025-09-05,4,10,82,daily,10
75,xgboost,1,1.0,1.0,1,1,0,1.0,0.0,980,2021-09-27,2025-09-03,2025-09-04,2025-09-04,4,10,82,daily,10
75,random_forest,1,0.7,1.0,1,1,0,1.0,0.0,980,2021-09-27,2025-09-03,2025-09-04,2025-09-04,4,10,82,daily,10
76,xgboost,1,1.0,1.0,1,1,0,1.0,0.0,980,2021-09-24,2025-09-02,2025-09-03,2025-09-03,4,10,82,daily,10
76,random_forest,1,0.85,1.0,1,1,0,1.0,0.0,980,2021-09-24,2025-09-02,2025-09-03,2025-09-03,4,10,82,daily,10
77,xgboost,1,1.0,1.0,1,1,0,1.0,0.0,980,2021-09-23,2025-08-29,2025-09-02,2025-09-02,4,10,82,daily,10
77,random_forest,1,0.8,1.0,1,1,0,1.0,0.0,980,2021-09-23,2025-08-29,2025-09-02,2025-09-02,4,10,82,daily,10
78,xgboost,1,1.0,1.0,1,1,0,1.0,0.0,980,2021-09-22,2025-08-28,2025-08-29,2025-08-29,4,10,82,daily,10
78,random_forest,1,0.85,1.0,1,1,0,1.0,0.0,980,2021-09-22,2025-08-28,2025-08-29,2025-08-29,4,10,82,daily,10
79,xgboost,1,0.15,0.0,1,1,0,1.0,0.0,980,2021-09-21,2025-08-27,2025-08-28,2025-08-28,4,10,82,daily,10
79,random_forest,1,0.45,0.0,1,1,0,1.0,0.0,980,2021-09-21,2025-08-27,2025-08-28,2025-08-28,4,10,82,daily,10
80,xgboost,1,0.5,1.0,1,1,0,1.0,0.0,980,2021-09-20,2025-08-26,2025-08-27,2025-08-27,4,10,82,daily,10
80,random_forest,1,0.5,0.0,1,1,0,1.0,0.0,980,2021-09-20,2025-08-26,2025-08-27,2025-08-27,4,10,82,daily,10
81,xgboost,1,0.95,1.0,1,1,0,1.0,0.0,980,2021-09-17,2025-08-25,2025-08-26,2025-08-26,4,10,82,daily,10
81,random_forest,1,0.7,1.0,1,1,0,1.0,0.0,980,2021-09-17,2025-08-25,2025-08-26,2025-08-26,4,10,82,daily,10
82,xgboost,1,1.0,1.0,1,1,0,1.0,0.0,980,2021-09-16,2025-08-22,2025-08-25,2025-08-25,4,10,82,daily,10
82,random_forest,1,0.7,1.0,1,1,0,1.0,0.0,980,2021-09-16,2025-08-22,2025-08-25,2025-08-25,4,10,82,daily,10
83,xgboost,1,0.95,1.0,1,1,0,1.0,0.0,980,2021-09-15,2025-08-21,2025-08-22,2025-08-22,4,10,82,daily,10
83,random_forest,1,0.7,1.0,1,1,0,1.0,0.0,980,2021-09-15,2025-08-21,2025-08-22,2025-08-22,4,10,82,daily,10
84,xgboost,1,1.0,1.0,1,1,0,1.0,0.0,980,2021-09-14,2025-08-20,2025-08-21,2025-08-21,4,10,82,daily,10
84,random_forest,1,0.7,1.0,1,1,0,1.0,0.0,980,2021-09-14,2025-08-20,2025-08-21,2025-08-21,4,10,82,daily,10
85,xgboost,1,0.9,1.0,1,1,0,1.0,0.0,980,2021-09-13,2025-08-19,2025-08-20,2025-08-20,4,10,82,daily,10
85,random_forest,1,0.6,1.0,1,1,0,1.0,0.0,980,2021-09-13,2025-08-19,2025-08-20,2025-08-20,4,10,82,daily,10
86,xgboost,1,0.1,0.0,1,1,0,1.0,0.0,980,2021-09-10,2025-08-18,2025-08-19,2025-08-19,4,10,82,daily,10
86,random_forest,1,0.45,0.0,1,1,0,1.0,0.0,980,2021-09-10,2025-08-18,2025-08-19,2025-08-19,4,10,82,daily,10
87,xgboost,1,0.0,1.0,1,0,1,0.0,1.0,980,2021-09-09,2025-08-15,2025-08-18,2025-08-18,4,10,82,daily,10
87,random_forest,1,0.15,1.0,1,0,1,0.0,1.0,980,2021-09-09,2025-08-15,2025-08-18,2025-08-18,4,10,82,daily,10
88,xgboost,1,0.05,1.0,1,0,1,0.0,1.0,980,2021-09-08,2025-08-14,2025-08-15,2025-08-15,4,10,82,daily,10
88,random_forest,1,0.3,1.0,1,0,1,0.0,1.0,980,2021-09-08,2025-08-14,2025-08-15,2025-08-15,4,10,82,daily,10
89,xgboost,1,0.05,1.0,1,0,1,0.0,1.0,980,2021-09-07,2025-08-13,2025-08-14,2025-08-14,4,10,82,daily,10
89,random_forest,1,0.25,1.0,1,0,1,0.0,1.0,980,2021-09-07,2025-08-13,2025-08-14,2025-08-14,4,10,82,daily,10
90,xgboost,1,0.0,1.0,1,0,1,0.0,1.0,980,2021-09-03,2025-08-12,2025-08-13,2025-08-13,4,10,82,daily,10
90,random_forest,1,0.25,1.0,1,0,1,0.0,1.0,980,2021-09-03,2025-08-12,2025-08-13,2025-08-13,4,10,82,daily,10
91,xgboost,1,0.25,1.0,1,0,1,0.0,1.0,980,2021-09-02,2025-08-11,2025-08-12,2025-08-12,4,10,82,daily,10
91,random_forest,1,0.4,1.0,1,0,1,0.0,1.0,980,2021-09-02,2025-08-11,2025-08-12,2025-08-12,4,10,82,daily,10
92,xgboost,1,0.3,1.0,1,0,1,0.0,1.0,980,2021-09-01,2025-08-08,2025-08-11,2025-08-11,4,10,82,daily,10
92,random_forest,1,0.4,1.0,1,0,1,0.0,1.0,980,2021-09-01,2025-08-08,2025-08-11,2025-08-11,4,10,82,daily,10
93,xgboost,1,0.5,0.0,1,0,1,0.0,1.0,980,2021-08-31,2025-08-07,2025-08-08,2025-08-08,4,10,82,daily,10
93,random_forest,1,0.55,0.0,1,0,1,0.0,1.0,980,2021-08-31,2025-08-07,2025-08-08,2025-08-08,4,10,82,daily,10
94,xgboost,1,0.55,0.0,1,0,1,0.0,1.0,980,2021-08-30,2025-08-06,2025-08-07,2025-08-07,4,10,82,daily,10
94,random_forest,1,0.6,0.0,1,0,1,0.0,1.0,980,2021-08-30,2025-08-06,2025-08-07,2025-08-07,4,10,82,daily,10
95,xgboost,1,1.0,0.0,1,0,1,0.0,1.0,980,2021-08-27,2025-08-05,2025-08-06,2025-08-06,4,10,82,daily,10
95,random_forest,1,0.9,0.0,1,0,1,0.0,1.0,980,2021-08-27,2025-08-05,2025-08-06,2025-08-06,4,10,82,daily,10
96,xgboost,1,1.0,1.0,1,1,0,1.0,0.0,980,2021-08-26,2025-08-04,2025-08-05,2025-08-05,4,10,82,daily,10
96,random_forest,1,0.9,1.0,1,1,0,1.0,0.0,980,2021-08-26,2025-08-04,2025-08-05,2025-08-05,4,10,82,daily,10
97,xgboost,1,1.0,1.0,1,1,0,1.0,0.0,980,2021-08-25,2025-08-01,2025-08-04,2025-08-04,4,10,82,daily,10
97,random_forest,1,0.85,1.0,1,1,0,1.0,0.0,980,2021-08-25,2025-08-01,2025-08-04,2025-08-04,4,10,82,daily,10
98,xgboost,1,1.0,1.0,1,1,0,1.0,0.0,980,2021-08-24,2025-07-31,2025-08-01,2025-08-01,4,10,82,daily,10
98,random_forest,1,0.75,1.0,1,1,0,1.0,0.0,980,2021-08-24,2025-07-31,2025-08-01,2025-08-01,4,10,82,daily,10
99,xgboost,1,0.95,1.0,1,1,0,1.0,0.0,980,2021-08-23,2025-07-30,2025-07-31,2025-07-31,4,10,82,daily,10
99,random_forest,1,0.7,1.0,1,1,0,1.0,0.0,980,2021-08-23,2025-07-30,2025-07-31,2025-07-31,4,10,82,daily,10
100,xgboost,1,1.0,1.0,1,1,0,1.0,0.0,980,2021-08-20,2025-07-29,2025-07-30,2025-07-30,4,10,82,daily,10
100,random_forest,1,0.8,1.0,1,1,0,1.0,0.0,980,2021-08-20,2025-07-29,2025-07-30,2025-07-30,4,10,82,daily,10
101,xgboost,1,0.9,1.0,1,1,0,1.0,0.0,980,2021-08-19,2025-07-28,2025-07-29,2025-07-29,4,10,82,daily,10
101,random_forest,1,0.75,1.0,1,1,0,1.0,0.0,980,2021-08-19,2025-07-28,2025-07-29,2025-07-29,4,10,82,daily,10
102,xgboost,1,1.0,1.0,1,1,0,1.0,0.0,980,2021-08-18,2025-07-25,2025-07-28,2025-07-28,4,10,82,daily,10
102,random_forest,1,0.8,1.0,1,1,0,1.0,0.0,980,2021-08-18,2025-07-25,2025-07-28,2025-07-28,4,10,82,daily,10
103,xgboost,1,0.95,1.0,1,1,0,1.0,0.0,980,2021-08-17,2025-07-24,2025-07-25,2025-07-25,4,10,82,daily,10
103,random_forest,1,0.7,1.0,1,1,0,1.0,0.0,980,2021-08-17,2025-07-24,2025-07-25,2025-07-25,4,10,82,daily,10
104,xgboost,1,0.85,1.0,1,1,0,1.0,0.0,980,2021-08-16,2025-07-23,2025-07-24,2025-07-24,4,10,82,daily,10
104,random_forest,1,0.65,1.0,1,1,0,1.0,0.0,980,2021-08-16,2025-07-23,2025-07-24,2025-07-24,4,10,82,daily,10
105,xgboost,1,1.0,1.0,1,1,0,1.0,0.0,980,2021-08-13,2025-07-22,2025-07-23,2025-07-23,4,10,82,daily,10
105,random_forest,1,0.4,0.0,1,1,0,1.0,0.0,980,2021-08-13,2025-07-22,2025-07-23,2025-07-23,4,10,82,daily,10
106,xgboost,1,0.7,0.0,1,0,1,0.0,1.0,980,2021-08-12,2025-07-21,2025-07-22,2025-07-22,4,10,82,daily,10
106,random_forest,1,0.6,0.0,1,0,1,0.0,1.0,980,2021-08-12,2025-07-21,2025-07-22,2025-07-22,4,10,82,daily,10
107,xgboost,1,1.0,0.0,1,0,1,0.0,1.0,980,2021-08-11,2025-07-18,2025-07-21,2025-07-21,4,10,82,daily,10
107,random_forest,1,0.75,0.0,1,0,1,0.0,1.0,980,2021-08-11,2025-07-18,2025-07-21,2025-07-21,4,10,82,daily,10
108,xgboost,1,1.0,0.0,1,0,1,0.0,1.0,980,2021-08-10,2025-07-17,2025-07-18,2025-07-18,4,10,82,daily,10
108,random_forest,1,0.95,0.0,1,0,1,0.0,1.0,980,2021-08-10,2025-07-17,2025-07-18,2025-07-18,4,10,82,daily,10
109,xgboost,1,1.0,1.0,1,1,0,1.0,0.0,980,2021-08-09,2025-07-16,2025-07-17,2025-07-17,4,10,82,daily,10
109,random_forest,1,0.95,1.0,1,1,0,1.0,0.0,980,2021-08-09,2025-07-16,2025-07-17,2025-07-17,4,10,82,daily,10
110,xgboost,1,1.0,1.0,1,1,0,1.0,0.0,980,2021-08-06,2025-07-15,2025-07-16,2025-07-16,4,10,82,daily,10
110,random_forest,1,0.9,1.0,1,1,0,1.0,0.0,980,2021-08-06,2025-07-15,2025-07-16,2025-07-16,4,10,82,daily,10
111,xgboost,1,1.0,1.0,1,1,0,1.0,0.0,980,2021-08-05,2025-07-14,2025-07-15,2025-07-15,4,10,82,daily,10
111,random_forest,1,0.95,1.0,1,1,0,1.0,0.0,980,2021-08-05,2025-07-14,2025-07-15,2025-07-15,4,10,82,daily,10
112,xgboost,1,1.0,1.0,1,1,0,1.0,0.0,980,2021-08-04,2025-07-11,2025-07-14,2025-07-14,4,10,82,daily,10
112,random_forest,1,0.9,1.0,1,1,0,1.0,0.0,980,2021-08-04,2025-07-11,2025-07-14,2025-07-14,4,10,82,daily,10
113,xgboost,1,1.0,1.0,1,1,0,1.0,0.0,980,2021-08-03,2025-07-10,2025-07-11,2025-07-11,4,10,82,daily,10
113,random_forest,1,0.95,1.0,1,1,0,1.0,0.0,980,2021-08-03,2025-07-10,2025-07-11,2025-07-11,4,10,82,daily,10
114,xgboost,1,1.0,1.0,1,1,0,1.0,0.0,980,2021-08-02,2025-07-09,2025-07-10,2025-07-10,4,10,82,daily,10
114,random_forest,1,0.9,1.0,1,1,0,1.0,0.0,980,2021-08-02,2025-07-09,2025-07-10,2025-07-10,4,10,82,daily,10
115,xgboost,1,1.0,1.0,1,1,0,1.0,0.0,980,2021-07-30,2025-07-08,2025-07-09,2025-07-09,4,10,82,daily,10
115,random_forest,1,0.9,1.0,1,1,0,1.0,0.0,980,2021-07-30,2025-07-08,2025-07-09,2025-07-09,4,10,82,daily,10
116,xgboost,1,1.0,1.0,1,1,0,1.0,0.0,980,2021-07-29,2025-07-07,2025-07-08,2025-07-08,4,10,82,daily,10
116,random_forest,1,0.9,1.0,1,1,0,1.0,0.0,980,2021-07-29,2025-07-07,2025-07-08,2025-07-08,4,10,82,daily,10
117,xgboost,1,1.0,1.0,1,1,0,1.0,0.0,980,2021-07-28,2025-07-02,2025-07-07,2025-07-07,4,10,82,daily,10
117,random_forest,1,0.9,1.0,1,1,0,1.0,0.0,980,2021-07-28,2025-07-02,2025-07-07,2025-07-07,4,10,82,daily,10
118,xgboost,1,1.0,1.0,1,1,0,1.0,0.0,980,2021-07-27,2025-07-01,2025-07-02,2025-07-02,4,10,82,daily,10
118,random_forest,1,0.9,1.0,1,1,0,1.0,0.0,980,2021-07-27,2025-07-01,2025-07-02,2025-07-02,4,10,82,daily,10
119,xgboost,1,1.0,1.0,1,1,0,1.0,0.0,980,2021-07-26,2025-06-30,2025-07-01,2025-07-01,4,10,82,daily,10
119,random_forest,1,0.9,1.0,1,1,0,1.0,0.0,980,2021-07-26,2025-06-30,2025-07-01,2025-07-01,4,10,82,daily,10
120,xgboost,1,1.0,1.0,1,1,0,1.0,0.0,980,2021-07-23,2025-06-27,2025-06-30,2025-06-30,4,10,82,daily,10
120,random_forest,1,0.85,1.0,1,1,0,1.0,0.0,980,2021-07-23,2025-06-27,2025-06-30,2025-06-30,4,10,82,daily,10
121,xgboost,1,1.0,1.0,1,1,0,1.0,0.0,980,2021-07-22,2025-06-26,2025-06-27,2025-06-27,4,10,82,daily,10
121,random_forest,1,0.9,1.0,1,1,0,1.0,0.0,980,2021-07-22,2025-06-26,2025-06-27,2025-06-27,4,10,82,daily,10
122,xgboost,1,1.0,1.0,1,1,0,1.0,0.0,980,2021-07-21,2025-06-25,2025-06-26,2025-06-26,4,10,82,daily,10
122,random_forest,1,0.85,1.0,1,1,0,1.0,0.0,980,2021-07-21,2025-06-25,2025-06-26,2025-06-26,4,10,82,daily,10
123,xgboost,1,1.0,1.0,1,1,0,1.0,0.0,980,2021-07-20,2025-06-24,2025-06-25,2025-06-25,4,10,82,daily,10
123,random_forest,1,0.85,1.0,1,1,0,1.0,0.0,980,2021-07-20,2025-06-24,2025-06-25,2025-06-25,4,10,82,daily,10
124,xgboost,1,1.0,1.0,1,1,0,1.0,0.0,980,2021-07-19,2025-06-23,2025-06-24,2025-06-24,4,10,82,daily,10
124,random_forest,1,0.9,1.0,1,1,0,1.0,0.0,980,2021-07-19,2025-06-23,2025-06-24,2025-06-24,4,10,82,daily,10
125,xgboost,1,1.0,1.0,1,1,0,1.0,0.0,980,2021-07-16,2025-06-20,2025-06-23,2025-06-23,4,10,82,daily,10
125,random_forest,1,0.85,1.0,1,1,0,1.0,0.0,980,2021-07-16,2025-06-20,2025-06-23,2025-06-23,4,10,82,daily,10
126,xgboost,1,1.0,1.0,1,1,0,1.0,0.0,980,2021-07-15,2025-06-18,2025-06-20,2025-06-20,4,10,82,daily,10
126,random_forest,1,0.8,1.0,1,1,0,1.0,0.0,980,2021-07-15,2025-06-18,2025-06-20,2025-06-20,4,10,82,daily,10
127,xgboost,1,1.0,1.0,1,1,0,1.0,0.0,980,2021-07-14,2025-06-17,2025-06-18,2025-06-18,4,10,82,daily,10
127,random_forest,1,0.85,1.0,1,1,0,1.0,0.0,980,2021-07-14,2025-06-17,2025-06-18,2025-06-18,4,10,82,daily,10
128,xgboost,1,1.0,1.0,1,1,0,1.0,0.0,980,2021-07-13,2025-06-16,2025-06-17,2025-06-17,4,10,82,daily,10
128,random_forest,1,0.85,1.0,1,1,0,1.0,0.0,980,2021-07-13,2025-06-16,2025-06-17,2025-06-17,4,10,82,daily,10
129,xgboost,1,1.0,1.0,1,1,0,1.0,0.0,980,2021-07-12,2025-06-13,2025-06-16,2025-06-16,4,10,82,daily,10
129,random_forest,1,0.9,1.0,1,1,0,1.0,0.0,980,2021-07-12,2025-06-13,2025-06-16,2025-06-16,4,10,82,daily,10
130,xgboost,1,1.0,1.0,1,1,0,1.0,0.0,980,2021-07-09,2025-06-12,2025-06-13,2025-06-13,4,10,82,daily,10
130,random_forest,1,0.85,1.0,1,1,0,1.0,0.0,980,2021-07-09,2025-06-12,2025-06-13,2025-06-13,4,10,82,daily,10
131,xgboost,1,1.0,1.0,1,1,0,1.0,0.0,980,2021-07-08,2025-06-11,2025-06-12,2025-06-12,4,10,82,daily,10
131,random_forest,1,0.9,1.0,1,1,0,1.0,0.0,980,2021-07-08,2025-06-11,2025-06-12,2025-06-12,4,10,82,daily,10
132,xgboost,1,1.0,1.0,1,1,0,1.0,0.0,980,2021-07-07,2025-06-10,2025-06-11,2025-06-11,4,10,82,daily,10
132,random_forest,1,0.95,1.0,1,1,0,1.0,0.0,980,2021-07-07,2025-06-10,2025-06-11,2025-06-11,4,10,82,daily,10
133,xgboost,1,1.0,1.0,1,1,0,1.0,0.0,980,2021-07-06,2025-06-09,2025-06-10,2025-06-10,4,10,82,daily,10
133,random_forest,1,0.95,1.0,1,1,0,1.0,0.0,980,2021-07-06,2025-06-09,2025-06-10,2025-06-10,4,10,82,daily,10
134,xgboost,1,1.0,1.0,1,1,0,1.0,0.0,980,2021-07-02,2025-06-06,2025-06-09,2025-06-09,4,10,82,daily,10
134,random_forest,1,0.85,1.0,1,1,0,1.0,0.0,980,2021-07-02,2025-06-06,2025-06-09,2025-06-09,4,10,82,daily,10
135,xgboost,1,1.0,1.0,1,1,0,1.0,0.0,980,2021-07-01,2025-06-05,2025-06-06,2025-06-06,4,10,82,daily,10
135,random_forest,1,0.85,1.0,1,1,0,1.0,0.0,980,2021-07-01,2025-06-05,2025-06-06,2025-06-06,4,10,82,daily,10
136,xgboost,1,1.0,1.0,1,1,0,1.0,0.0,980,2021-06-30,2025-06-04,2025-06-05,2025-06-05,4,10,82,daily,10
136,random_forest,1,0.9,1.0,1,1,0,1.0,0.0,980,2021-06-30,2025-06-04,2025-06-05,2025-06-05,4,10,82,daily,10
137,xgboost,1,1.0,1.0,1,1,0,1.0,0.0,980,2021-06-29,2025-06-03,2025-06-04,2025-06-04,4,10,82,daily,10
137,random_forest,1,0.85,1.0,1,1,0,1.0,0.0,980,2021-06-29,2025-06-03,2025-06-04,2025-06-04,4,10,82,daily,10
138,xgboost,1,1.0,1.0,1,1,0,1.0,0.0,980,2021-06-28,2025-06-02,2025-06-03,2025-06-03,4,10,82,daily,10
138,random_forest,1,0.85,1.0,1,1,0,1.0,0.0,980,2021-06-28,2025-06-02,2025-06-03,2025-06-03,4,10,82,daily,10
139,xgboost,1,1.0,1.0,1,1,0,1.0,0.0,980,2021-06-25,2025-05-30,2025-06-02,2025-06-02,4,10,82,daily,10
139,random_forest,1,0.85,1.0,1,1,0,1.0,0.0,980,2021-06-25,2025-05-30,2025-06-02,2025-06-02,4,10,82,daily,10
140,xgboost,1,1.0,1.0,1,1,0,1.0,0.0,980,2021-06-24,2025-05-29,2025-05-30,2025-05-30,4,10,82,daily,10
140,random_forest,1,0.8,1.0,1,1,0,1.0,0.0,980,2021-06-24,2025-05-29,2025-05-30,2025-05-30,4,10,82,daily,10
141,xgboost,1,0.9,1.0,1,1,0,1.0,0.0,980,2021-06-23,2025-05-28,2025-05-29,2025-05-29,4,10,82,daily,10
141,random_forest,1,0.8,1.0,1,1,0,1.0,0.0,980,2021-06-23,2025-05-28,2025-05-29,2025-05-29,4,10,82,daily,10
142,xgboost,1,0.95,1.0,1,1,0,1.0,0.0,980,2021-06-22,2025-05-27,2025-05-28,2025-05-28,4,10,82,daily,10
142,random_forest,1,0.65,1.0,1,1,0,1.0,0.0,980,2021-06-22,2025-05-27,2025-05-28,2025-05-28,4,10,82,daily,10
143,xgboost,1,1.0,1.0,1,1,0,1.0,0.0,980,2021-06-21,2025-05-23,2025-05-27,2025-05-27,4,10,82,daily,10
143,random_forest,1,0.8,1.0,1,1,0,1.0,0.0,980,2021-06-21,2025-05-23,2025-05-27,2025-05-27,4,10,82,daily,10
144,xgboost,1,1.0,1.0,1,1,0,1.0,0.0,980,2021-06-18,2025-05-22,2025-05-23,2025-05-23,4,10,82,daily,10
144,random_forest,1,0.75,1.0,1,1,0,1.0,0.0,980,2021-06-18,2025-05-22,2025-05-23,2025-05-23,4,10,82,daily,10
145,xgboost,1,1.0,1.0,1,1,0,1.0,0.0,980,2021-06-17,2025-05-21,2025-05-22,2025-05-22,4,10,82,daily,10
145,random_forest,1,0.8,1.0,1,1,0,1.0,0.0,980,2021-06-17,2025-05-21,2025-05-22,2025-05-22,4,10,82,daily,10
146,xgboost,1,1.0,1.0,1,1,0,1.0,0.0,980,2021-06-16,2025-05-20,2025-05-21,2025-05-21,4,10,82,daily,10
146,random_forest,1,0.65,1.0,1,1,0,1.0,0.0,980,2021-06-16,2025-05-20,2025-05-21,2025-05-21,4,10,82,daily,10
147,xgboost,1,0.95,1.0,1,1,0,1.0,0.0,980,2021-06-15,2025-05-19,2025-05-20,2025-05-20,4,10,82,daily,10
147,random_forest,1,0.7,1.0,1,1,0,1.0,0.0,980,2021-06-15,2025-05-19,2025-05-20,2025-05-20,4,10,82,daily,10
148,xgboost,1,0.85,1.0,1,1,0,1.0,0.0,980,2021-06-14,2025-05-16,2025-05-19,2025-05-19,4,10,82,daily,10
148,random_forest,1,0.65,1.0,1,1,0,1.0,0.0,980,2021-06-14,2025-05-16,2025-05-19,2025-05-19,4,10,82,daily,10
149,xgboost,1,0.2,0.0,1,1,0,1.0,0.0,980,2021-06-11,2025-05-15,2025-05-16,2025-05-16,4,10,82,daily,10
149,random_forest,1,0.4,0.0,1,1,0,1.0,0.0,980,2021-06-11,2025-05-15,2025-05-16,2025-05-16,4,10,82,daily,10
150,xgboost,1,1.0,0.0,1,0,1,0.0,1.0,980,2021-06-10,2025-05-14,2025-05-15,2025-05-15,4,10,82,daily,10
150,random_forest,1,0.85,0.0,1,0,1,0.0,1.0,980,2021-06-10,2025-05-14,2025-05-15,2025-05-15,4,10,82,daily,10
151,xgboost,1,1.0,1.0,1,1,0,1.0,0.0,980,2021-06-09,2025-05-13,2025-05-14,2025-05-14,4,10,82,daily,10
151,random_forest,1,0.7,1.0,1,1,0,1.0,0.0,980,2021-06-09,2025-05-13,2025-05-14,2025-05-14,4,10,82,daily,10
152,xgboost,1,0.9,1.0,1,1,0,1.0,0.0,980,2021-06-08,2025-05-12,2025-05-13,2025-05-13,4,10,82,daily,10
152,random_forest,1,0.7,1.0,1,1,0,1.0,0.0,980,2021-06-08,2025-05-12,2025-05-13,2025-05-13,4,10,82,daily,10
153,xgboost,1,0.95,1.0,1,1,0,1.0,0.0,980,2021-06-07,2025-05-09,2025-05-12,2025-05-12,4,10,82,daily,10
153,random_forest,1,0.65,1.0,1,1,0,1.0,0.0,980,2021-06-07,2025-05-09,2025-05-12,2025-05-12,4,10,82,daily,10
154,xgboost,1,1.0,1.0,1,1,0,1.0,0.0,980,2021-06-04,2025-05-08,2025-05-09,2025-05-09,4,10,82,daily,10
154,random_forest,1,0.8,1.0,1,1,0,1.0,0.0,980,2021-06-04,2025-05-08,2025-05-09,2025-05-09,4,10,82,daily,10
155,xgboost,1,1.0,1.0,1,1,0,1.0,0.0,980,2021-06-03,2025-05-07,2025-05-08,2025-05-08,4,10,82,daily,10
155,random_forest,1,0.7,1.0,1,1,0,1.0,0.0,980,2021-06-03,2025-05-07,2025-05-08,2025-05-08,4,10,82,daily,10
156,xgboost,1,1.0,1.0,1,1,0,1.0,0.0,980,2021-06-02,2025-05-06,2025-05-07,2025-05-07,4,10,82,daily,10
156,random_forest,1,0.9,1.0,1,1,0,1.0,0.0,980,2021-06-02,2025-05-06,2025-05-07,2025-05-07,4,10,82,daily,10
157,xgboost,1,0.95,1.0,1,1,0,1.0,0.0,980,2021-06-01,2025-05-05,2025-05-06,2025-05-06,4,10,82,daily,10
157,random_forest,1,0.8,1.0,1,1,0,1.0,0.0,980,2021-06-01,2025-05-05,2025-05-06,2025-05-06,4,10,82,daily,10
158,xgboost,1,0.95,1.0,1,1,0,1.0,0.0,980,2021-05-28,2025-05-02,2025-05-05,2025-05-05,4,10,82,daily,10
158,random_forest,1,0.7,1.0,1,1,0,1.0,0.0,980,2021-05-28,2025-05-02,2025-05-05,2025-05-05,4,10,82,daily,10
159,xgboost,1,1.0,1.0,1,1,0,1.0,0.0,980,2021-05-27,2025-05-01,2025-05-02,2025-05-02,4,10,82,daily,10
159,random_forest,1,0.7,1.0,1,1,0,1.0,0.0,980,2021-05-27,2025-05-01,2025-05-02,2025-05-02,4,10,82,daily,10
160,xgboost,1,0.65,1.0,1,1,0,1.0,0.0,980,2021-05-26,2025-04-30,2025-05-01,2025-05-01,4,10,82,daily,10
160,random_forest,1,0.65,1.0,1,1,0,1.0,0.0,980,2021-05-26,2025-04-30,2025-05-01,2025-05-01,4,10,82,daily,10
161,xgboost,1,1.0,1.0,1,1,0,1.0,0.0,980,2021-05-25,2025-04-29,2025-04-30,2025-04-30,4,10,82,daily,10
161,random_forest,1,0.75,1.0,1,1,0,1.0,0.0,980,2021-05-25,2025-04-29,2025-04-30,2025-04-30,4,10,82,daily,10
162,xgboost,1,1.0,1.0,1,1,0,1.0,0.0,980,2021-05-24,2025-04-28,2025-04-29,2025-04-29,4,10,82,daily,10
162,random_forest,1,0.8,1.0,1,1,0,1.0,0.0,980,2021-05-24,2025-04-28,2025-04-29,2025-04-29,4,10,82,daily,10
163,xgboost,1,1.0,1.0,1,1,0,1.0,0.0,980,2021-05-21,2025-04-25,2025-04-28,2025-04-28,4,10,82,daily,10
163,random_forest,1,0.75,1.0,1,1,0,1.0,0.0,980,2021-05-21,2025-04-25,2025-04-28,2025-04-28,4,10,82,daily,10
164,xgboost,1,1.0,1.0,1,1,0,1.0,0.0,980,2021-05-20,2025-04-24,2025-04-25,2025-04-25,4,10,82,daily,10
164,random_forest,1,0.7,1.0,1,1,0,1.0,0.0,980,2021-05-20,2025-04-24,2025-04-25,2025-04-25,4,10,82,daily,10
165,xgboost,1,1.0,1.0,1,1,0,1.0,0.0,980,2021-05-19,2025-04-23,2025-04-24,2025-04-24,4,10,82,daily,10
165,random_forest,1,0.75,1.0,1,1,0,1.0,0.0,980,2021-05-19,2025-04-23,2025-04-24,2025-04-24,4,10,82,daily,10
166,xgboost,1,1.0,1.0,1,1,0,1.0,0.0,980,2021-05-18,2025-04-22,2025-04-23,2025-04-23,4,10,82,daily,10
166,random_forest,1,0.8,1.0,1,1,0,1.0,0.0,980,2021-05-18,2025-04-22,2025-04-23,2025-04-23,4,10,82,daily,10
167,xgboost,1,1.0,1.0,1,1,0,1.0,0.0,980,2021-05-17,2025-04-21,2025-04-22,2025-04-22,4,10,82,daily,10
167,random_forest,1,0.8,1.0,1,1,0,1.0,0.0,980,2021-05-17,2025-04-21,2025-04-22,2025-04-22,4,10,82,daily,10
168,xgboost,1,1.0,1.0,1,1,0,1.0,0.0,980,2021-05-14,2025-04-17,2025-04-21,2025-04-21,4,10,82,daily,10
168,random_forest,1,0.8,1.0,1,1,0,1.0,0.0,980,2021-05-14,2025-04-17,2025-04-21,2025-04-21,4,10,82,daily,10
169,xgboost,1,1.0,1.0,1,1,0,1.0,0.0,980,2021-05-13,2025-04-16,2025-04-17,2025-04-17,4,10,82,daily,10
169,random_forest,1,0.8,1.0,1,1,0,1.0,0.0,980,2021-05-13,2025-04-16,2025-04-17,2025-04-17,4,10,82,daily,10
170,xgboost,1,1.0,1.0,1,1,0,1.0,0.0,980,2021-05-12,2025-04-15,2025-04-16,2025-04-16,4,10,82,daily,10
170,random_forest,1,0.8,1.0,1,1,0,1.0,0.0,980,2021-05-12,2025-04-15,2025-04-16,2025-04-16,4,10,82,daily,10
171,xgboost,1,0.95,1.0,1,1,0,1.0,0.0,980,2021-05-11,2025-04-14,2025-04-15,2025-04-15,4,10,82,daily,10
171,random_forest,1,0.75,1.0,1,1,0,1.0,0.0,980,2021-05-11,2025-04-14,2025-04-15,2025-04-15,4,10,82,daily,10
172,xgboost,1,0.9,1.0,1,1,0,1.0,0.0,980,2021-05-10,2025-04-11,2025-04-14,2025-04-14,4,10,82,daily,10
172,random_forest,1,0.6,1.0,1,1,0,1.0,0.0,980,2021-05-10,2025-04-11,2025-04-14,2025-04-14,4,10,82,daily,10
173,xgboost,1,0.65,1.0,1,1,0,1.0,0.0,980,2021-05-07,2025-04-10,2025-04-11,2025-04-11,4,10,82,daily,10
173,random_forest,1,0.55,1.0,1,1,0,1.0,0.0,980,2021-05-07,2025-04-10,2025-04-11,2025-04-11,4,10,82,daily,10
174,xgboost,1,0.65,1.0,1,1,0,1.0,0.0,980,2021-05-06,2025-04-09,2025-04-10,2025-04-10,4,10,82,daily,10
174,random_forest,1,0.55,1.0,1,1,0,1.0,0.0,980,2021-05-06,2025-04-09,2025-04-10,2025-04-10,4,10,82,daily,10
175,xgboost,1,0.35,0.0,1,1,0,1.0,0.0,980,2021-05-05,2025-04-08,2025-04-09,2025-04-09,4,10,82,daily,10
175,random_forest,1,0.4,0.0,1,1,0,1.0,0.0,980,2021-05-05,2025-04-08,2025-04-09,2025-04-09,4,10,82,daily,10
176,xgboost,1,1.0,1.0,1,1,0,1.0,0.0,980,2021-05-04,2025-04-07,2025-04-08,2025-04-08,4,10,82,daily,10
176,random_forest,1,0.8,1.0,1,1,0,1.0,0.0,980,2021-05-04,2025-04-07,2025-04-08,2025-04-08,4,10,82,daily,10
177,xgboost,1,0.35,0.0,1,1,0,1.0,0.0,980,2021-05-03,2025-04-04,2025-04-07,2025-04-07,4,10,82,daily,10
177,random_forest,1,0.65,1.0,1,1,0,1.0,0.0,980,2021-05-03,2025-04-04,2025-04-07,2025-04-07,4,10,82,daily,10
178,xgboost,1,0.6,1.0,1,1,0,1.0,0.0,980,2021-04-30,2025-04-03,2025-04-04,2025-04-04,4,10,82,daily,10
178,random_forest,1,0.55,1.0,1,1,0,1.0,0.0,980,2021-04-30,2025-04-03,2025-04-04,2025-04-04,4,10,82,daily,10
179,xgboost,1,0.05,1.0,1,0,1,0.0,1.0,980,2021-04-29,2025-04-02,2025-04-03,2025-04-03,4,10,82,daily,10
179,random_forest,1,0.3,1.0,1,0,1,0.0,1.0,980,2021-04-29,2025-04-02,2025-04-03,2025-04-03,4,10,82,daily,10
180,xgboost,1,0.0,1.0,1,0,1,0.0,1.0,980,2021-04-28,2025-04-01,2025-04-02,2025-04-02,4,10,82,daily,10
180,random_forest,1,0.05,1.0,1,0,1,0.0,1.0,980,2021-04-28,2025-04-01,2025-04-02,2025-04-02,4,10,82,daily,10
181,xgboost,1,0.0,1.0,1,0,1,0.0,1.0,980,2021-04-27,2025-03-31,2025-04-01,2025-04-01,4,10,82,daily,10
181,random_forest,1,0.05,1.0,1,0,1,0.0,1.0,980,2021-04-27,2025-03-31,2025-04-01,2025-04-01,4,10,82,daily,10
182,xgboost,1,0.0,1.0,1,0,1,0.0,1.0,980,2021-04-26,2025-03-28,2025-03-31,2025-03-31,4,10,82,daily,10
182,random_forest,1,0.15,1.0,1,0,1,0.0,1.0,980,2021-04-26,2025-03-28,2025-03-31,2025-03-31,4,10,82,daily,10
183,xgboost,1,0.1,1.0,1,0,1,0.0,1.0,980,2021-04-23,2025-03-27,2025-03-28,2025-03-28,4,10,82,daily,10
183,random_forest,1,0.15,1.0,1,0,1,0.0,1.0,980,2021-04-23,2025-03-27,2025-03-28,2025-03-28,4,10,82,daily,10
184,xgboost,1,0.0,1.0,1,0,1,0.0,1.0,980,2021-04-22,2025-03-26,2025-03-27,2025-03-27,4,10,82,daily,10
184,random_forest,1,0.15,1.0,1,0,1,0.0,1.0,980,2021-04-22,2025-03-26,2025-03-27,2025-03-27,4,10,82,daily,10
185,xgboost,1,0.0,1.0,1,0,1,0.0,1.0,980,2021-04-21,2025-03-25,2025-03-26,2025-03-26,4,10,82,daily,10
185,random_forest,1,0.15,1.0,1,0,1,0.0,1.0,980,2021-04-21,2025-03-25,2025-03-26,2025-03-26,4,10,82,daily,10
186,xgboost,1,0.05,1.0,1,0,1,0.0,1.0,980,2021-04-20,2025-03-24,2025-03-25,2025-03-25,4,10,82,daily,10
186,random_forest,1,0.2,1.0,1,0,1,0.0,1.0,980,2021-04-20,2025-03-24,2025-03-25,2025-03-25,4,10,82,daily,10
187,xgboost,1,0.0,1.0,1,0,1,0.0,1.0,980,2021-04-19,2025-03-21,2025-03-24,2025-03-24,4,10,82,daily,10
187,random_forest,1,0.2,1.0,1,0,1,0.0,1.0,980,2021-04-19,2025-03-21,2025-03-24,2025-03-24,4,10,82,daily,10
188,xgboost,1,0.1,1.0,1,0,1,0.0,1.0,980,2021-04-16,2025-03-20,2025-03-21,2025-03-21,4,10,82,daily,10
188,random_forest,1,0.15,1.0,1,0,1,0.0,1.0,980,2021-04-16,2025-03-20,2025-03-21,2025-03-21,4,10,82,daily,10
189,xgboost,1,0.1,1.0,1,0,1,0.0,1.0,980,2021-04-15,2025-03-19,2025-03-20,2025-03-20,4,10,82,daily,10
189,random_forest,1,0.2,1.0,1,0,1,0.0,1.0,980,2021-04-15,2025-03-19,2025-03-20,2025-03-20,4,10,82,daily,10
190,xgboost,1,0.05,1.0,1,0,1,0.0,1.0,980,2021-04-14,2025-03-18,2025-03-19,2025-03-19,4,10,82,daily,10
190,random_forest,1,0.2,1.0,1,0,1,0.0,1.0,980,2021-04-14,2025-03-18,2025-03-19,2025-03-19,4,10,82,daily,10
191,xgboost,1,0.35,1.0,1,0,1,0.0,1.0,980,2021-04-13,2025-03-17,2025-03-18,2025-03-18,4,10,82,daily,10
191,random_forest,1,0.25,1.0,1,0,1,0.0,1.0,980,2021-04-13,2025-03-17,2025-03-18,2025-03-18,4,10,82,daily,10
192,xgboost,1,0.05,1.0,1,0,1,0.0,1.0,980,2021-04-12,2025-03-14,2025-03-17,2025-03-17,4,10,82,daily,10
192,random_forest,1,0.3,1.0,1,0,1,0.0,1.0,980,2021-04-12,2025-03-14,2025-03-17,2025-03-17,4,10,82,daily,10
193,xgboost,1,0.8,0.0,1,0,1,0.0,1.0,980,2021-04-09,2025-03-13,2025-03-14,2025-03-14,4,10,82,daily,10
193,random_forest,1,0.6,0.0,1,0,1,0.0,1.0,980,2021-04-09,2025-03-13,2025-03-14,2025-03-14,4,10,82,daily,10
194,xgboost,1,1.0,1.0,1,1,0,1.0,0.0,980,2021-04-08,2025-03-12,2025-03-13,2025-03-13,4,10,82,daily,10
194,random_forest,1,0.6,1.0,1,1,0,1.0,0.0,980,2021-04-08,2025-03-12,2025-03-13,2025-03-13,4,10,82,daily,10
195,xgboost,1,0.25,0.0,1,1,0,1.0,0.0,980,2021-04-07,2025-03-11,2025-03-12,2025-03-12,4,10,82,daily,10
195,random_forest,1,0.5,0.0,1,1,0,1.0,0.0,980,2021-04-07,2025-03-11,2025-03-12,2025-03-12,4,10,82,daily,10
196,xgboost,1,0.3,0.0,1,1,0,1.0,0.0,980,2021-04-06,2025-03-10,2025-03-11,2025-03-11,4,10,82,daily,10
196,random_forest,1,0.5,0.0,1,1,0,1.0,0.0,980,2021-04-06,2025-03-10,2025-03-11,2025-03-11,4,10,82,daily,10
197,xgboost,1,0.35,0.0,1,1,0,1.0,0.0,980,2021-04-05,2025-03-07,2025-03-10,2025-03-10,4,10,82,daily,10
197,random_forest,1,0.35,0.0,1,1,0,1.0,0.0,980,2021-04-05,2025-03-07,2025-03-10,2025-03-10,4,10,82,daily,10
198,xgboost,1,0.0,1.0,1,0,1,0.0,1.0,980,2021-04-01,2025-03-06,2025-03-07,2025-03-07,4,10,82,daily,10
198,random_forest,1,0.35,1.0,1,0,1,0.0,1.0,980,2021-04-01,2025-03-06,2025-03-07,2025-03-07,4,10,82,daily,10
199,xgboost,1,0.1,1.0,1,0,1,0.0,1.0,980,2021-03-31,2025-03-05,2025-03-06,2025-03-06,4,10,82,daily,10
199,random_forest,1,0.5,1.0,1,0,1,0.0,1.0,980,2021-03-31,2025-03-05,2025-03-06,2025-03-06,4,10,82,daily,10
200,xgboost,1,0.0,1.0,1,0,1,0.0,1.0,980,2021-03-30,2025-03-04,2025-03-05,2025-03-05,4,10,82,daily,10
200,random_forest,1,0.25,1.0,1,0,1,0.0,1.0,980,2021-03-30,2025-03-04,2025-03-05,2025-03-05,4,10,82,daily,10
201,xgboost,1,0.7,0.0,1,0,1,0.0,1.0,980,2021-03-29,2025-03-03,2025-03-04,2025-03-04,4,10,82,daily,10
201,random_forest,1,0.3,1.0,1,0,1,0.0,1.0,980,2021-03-29,2025-03-03,2025-03-04,2025-03-04,4,10,82,daily,10
202,xgboost,1,0.1,1.0,1,0,1,0.0,1.0,980,2021-03-26,2025-02-28,2025-03-03,2025-03-03,4,10,82,daily,10
202,random_forest,1,0.35,1.0,1,0,1,0.0,1.0,980,2021-03-26,2025-02-28,2025-03-03,2025-03-03,4,10,82,daily,10
203,xgboost,1,0.05,1.0,1,0,1,0.0,1.0,980,2021-03-25,2025-02-27,2025-02-28,2025-02-28,4,10,82,daily,10
203,random_forest,1,0.5,1.0,1,0,1,0.0,1.0,980,2021-03-25,2025-02-27,2025-02-28,2025-02-28,4,10,82,daily,10
204,xgboost,1,0.6,0.0,1,0,1,0.0,1.0,980,2021-03-24,2025-02-26,2025-02-27,2025-02-27,4,10,82,daily,10
204,random_forest,1,0.5,1.0,1,0,1,0.0,1.0,980,2021-03-24,2025-02-26,2025-02-27,2025-02-27,4,10,82,daily,10
205,xgboost,1,0.0,1.0,1,0,1,0.0,1.0,980,2021-03-23,2025-02-25,2025-02-26,2025-02-26,4,10,82,daily,10
205,random_forest,1,0.3,1.0,1,0,1,0.0,1.0,980,2021-03-23,2025-02-25,2025-02-26,2025-02-26,4,10,82,daily,10
206,xgboost,1,0.05,1.0,1,0,1,0.0,1.0,980,2021-03-22,2025-02-24,2025-02-25,2025-02-25,4,10,82,daily,10
206,random_forest,1,0.3,1.0,1,0,1,0.0,1.0,980,2021-03-22,2025-02-24,2025-02-25,2025-02-25,4,10,82,daily,10
207,xgboost,1,0.65,0.0,1,0,1,0.0,1.0,980,2021-03-19,2025-02-21,2025-02-24,2025-02-24,4,10,82,daily,10
207,random_forest,1,0.45,1.0,1,0,1,0.0,1.0,980,2021-03-19,2025-02-21,2025-02-24,2025-02-24,4,10,82,daily,10
208,xgboost,1,0.65,0.0,1,0,1,0.0,1.0,980,2021-03-18,2025-02-20,2025-02-21,2025-02-21,4,10,82,daily,10
208,random_forest,1,0.4,1.0,1,0,1,0.0,1.0,980,2021-03-18,2025-02-20,2025-02-21,2025-02-21,4,10,82,daily,10
209,xgboost,1,0.0,1.0,1,0,1,0.0,1.0,980,2021-03-17,2025-02-19,2025-02-20,2025-02-20,4,10,82,daily,10
209,random_forest,1,0.2,1.0,1,0,1,0.0,1.0,980,2021-03-17,2025-02-19,2025-02-20,2025-02-20,4,10,82,daily,10
210,xgboost,1,0.0,1.0,1,0,1,0.0,1.0,980,2021-03-16,2025-02-18,2025-02-19,2025-02-19,4,10,82,daily,10
210,random_forest,1,0.2,1.0,1,0,1,0.0,1.0,980,2021-03-16,2025-02-18,2025-02-19,2025-02-19,4,10,82,daily,10
211,xgboost,1,0.1,1.0,1,0,1,0.0,1.0,980,2021-03-15,2025-02-14,2025-02-18,2025-02-18,4,10,82,daily,10
211,random_forest,1,0.3,1.0,1,0,1,0.0,1.0,980,2021-03-15,2025-02-14,2025-02-18,2025-02-18,4,10,82,daily,10
212,xgboost,1,0.0,1.0,1,0,1,0.0,1.0,980,2021-03-12,2025-02-13,2025-02-14,2025-02-14,4,10,82,daily,10
212,random_forest,1,0.3,1.0,1,0,1,0.0,1.0,980,2021-03-12,2025-02-13,2025-02-14,2025-02-14,4,10,82,daily,10
213,xgboost,1,0.1,1.0,1,0,1,0.0,1.0,980,2021-03-11,2025-02-12,2025-02-13,2025-02-13,4,10,82,daily,10
213,random_forest,1,0.3,1.0,1,0,1,0.0,1.0,980,2021-03-11,2025-02-12,2025-02-13,2025-02-13,4,10,82,daily,10
214,xgboost,1,0.2,1.0,1,0,1,0.0,1.0,980,2021-03-10,2025-02-11,2025-02-12,2025-02-12,4,10,82,daily,10
214,random_forest,1,0.35,1.0,1,0,1,0.0,1.0,980,2021-03-10,2025-02-11,2025-02-12,2025-02-12,4,10,82,daily,10
215,xgboost,1,0.0,1.0,1,0,1,0.0,1.0,980,2021-03-09,2025-02-10,2025-02-11,2025-02-11,4,10,82,daily,10
215,random_forest,1,0.3,1.0,1,0,1,0.0,1.0,980,2021-03-09,2025-02-10,2025-02-11,2025-02-11,4,10,82,daily,10
216,xgboost,1,0.1,1.0,1,0,1,0.0,1.0,980,2021-03-08,2025-02-07,2025-02-10,2025-02-10,4,10,82,daily,10
216,random_forest,1,0.4,1.0,1,0,1,0.0,1.0,980,2021-03-08,2025-02-07,2025-02-10,2025-02-10,4,10,82,daily,10
217,xgboost,1,1.0,0.0,1,0,1,0.0,1.0,980,2021-03-05,2025-02-06,2025-02-07,2025-02-07,4,10,82,daily,10
217,random_forest,1,0.65,0.0,1,0,1,0.0,1.0,980,2021-03-05,2025-02-06,2025-02-07,2025-02-07,4,10,82,daily,10
218,xgboost,1,0.9,0.0,1,0,1,0.0,1.0,980,2021-03-04,2025-02-05,2025-02-06,2025-02-06,4,10,82,daily,10
218,random_forest,1,0.65,0.0,1,0,1,0.0,1.0,980,2021-03-04,2025-02-05,2025-02-06,2025-02-06,4,10,82,daily,10
219,xgboost,1,0.8,1.0,1,1,0,1.0,0.0,980,2021-03-03,2025-02-04,2025-02-05,2025-02-05,4,10,82,daily,10
219,random_forest,1,0.7,1.0,1,1,0,1.0,0.0,980,2021-03-03,2025-02-04,2025-02-05,2025-02-05,4,10,82,daily,10
220,xgboost,1,0.75,1.0,1,1,0,1.0,0.0,980,2021-03-02,2025-02-03,2025-02-04,2025-02-04,4,10,82,daily,10
220,random_forest,1,0.75,1.0,1,1,0,1.0,0.0,980,2021-03-02,2025-02-03,2025-02-04,2025-02-04,4,10,82,daily,10
221,xgboost,1,1.0,1.0,1,1,0,1.0,0.0,980,2021-03-01,2025-01-31,2025-02-03,2025-02-03,4,10,82,daily,10
221,random_forest,1,0.7,1.0,1,1,0,1.0,0.0,980,2021-03-01,2025-01-31,2025-02-03,2025-02-03,4,10,82,daily,10
222,xgboost,1,1.0,1.0,1,1,0,1.0,0.0,980,2021-02-26,2025-01-30,2025-01-31,2025-01-31,4,10,82,daily,10
222,random_forest,1,0.8,1.0,1,1,0,1.0,0.0,980,2021-02-26,2025-01-30,2025-01-31,2025-01-31,4,10,82,daily,10
223,xgboost,1,0.95,1.0,1,1,0,1.0,0.0,980,2021-02-25,2025-01-29,2025-01-30,2025-01-30,4,10,82,daily,10
223,random_forest,1,0.7,1.0,1,1,0,1.0,0.0,980,2021-02-25,2025-01-29,2025-01-30,2025-01-30,4,10,82,daily,10
224,xgboost,1,1.0,1.0,1,1,0,1.0,0.0,980,2021-02-24,2025-01-28,2025-01-29,2025-01-29,4,10,82,daily,10
224,random_forest,1,0.7,1.0,1,1,0,1.0,0.0,980,2021-02-24,2025-01-28,2025-01-29,2025-01-29,4,10,82,daily,10
225,xgboost,1,0.05,0.0,1,1,0,1.0,0.0,980,2021-02-23,2025-01-27,2025-01-28,2025-01-28,4,10,82,daily,10
225,random_forest,1,0.45,0.0,1,1,0,1.0,0.0,980,2021-02-23,2025-01-27,2025-01-28,2025-01-28,4,10,82,daily,10
226,xgboost,1,0.15,0.0,1,1,0,1.0,0.0,980,2021-02-22,2025-01-24,2025-01-27,2025-01-27,4,10,82,daily,10
226,random_forest,1,0.45,0.0,1,1,0,1.0,0.0,980,2021-02-22,2025-01-24,2025-01-27,2025-01-27,4,10,82,daily,10
227,xgboost,1,0.0,1.0,1,0,1,0.0,1.0,980,2021-02-19,2025-01-23,2025-01-24,2025-01-24,4,10,82,daily,10
227,random_forest,1,0.2,1.0,1,0,1,0.0,1.0,980,2021-02-19,2025-01-23,2025-01-24,2025-01-24,4,10,82,daily,10
228,xgboost,1,0.1,1.0,1,0,1,0.0,1.0,980,2021-02-18,2025-01-22,2025-01-23,2025-01-23,4,10,82,daily,10
228,random_forest,1,0.2,1.0,1,0,1,0.0,1.0,980,2021-02-18,2025-01-22,2025-01-23,2025-01-23,4,10,82,daily,10
1,xgboost,1,0.85,1.0,1,1,0,1.0,0.0,1470,2020-01-30,2025-12-18,2025-12-19,2025-12-19,6,10,82,daily,10
1,random_forest,1,0.75,1.0,1,1,0,1.0,0.0,1470,2020-01-30,2025-12-18,2025-12-19,2025-12-19,6,10,82,daily,10
2,xgboost,1,0.6,1.0,1,1,0,1.0,0.0,1470,2020-01-29,2025-12-17,2025-12-18,2025-12-18,6,10,82,daily,10
2,random_forest,1,0.75,1.0,1,1,0,1.0,0.0,1470,2020-01-29,2025-12-17,2025-12-18,2025-12-18,6,10,82,daily,10
3,xgboost,1,0.95,1.0,1,1,0,1.0,0.0,1470,2020-01-28,2025-12-16,2025-12-17,2025-12-17,6,10,82,daily,10
3,random_forest,1,0.8,1.0,1,1,0,1.0,0.0,1470,2020-01-28,2025-12-16,2025-12-17,2025-12-17,6,10,82,daily,10
4,xgboost,1,0.95,1.0,1,1,0,1.0,0.0,1470,2020-01-27,2025-12-15,2025-12-16,2025-12-16,6,10,82,daily,10
4,random_forest,1,0.7,1.0,1,1,0,1.0,0.0,1470,2020-01-27,2025-12-15,2025-12-16,2025-12-16,6,10,82,daily,10
5,xgboost,1,0.95,1.0,1,1,0,1.0,0.0,1470,2020-01-24,2025-12-12,2025-12-15,2025-12-15,6,10,82,daily,10
5,random_forest,1,0.6,1.0,1,1,0,1.0,0.0,1470,2020-01-24,2025-12-12,2025-12-15,2025-12-15,6,10,82,daily,10
6,xgboost,1,0.05,0.0,1,1,0,1.0,0.0,1470,2020-01-23,2025-12-11,2025-12-12,2025-12-12,6,10,82,daily,10
6,random_forest,1,0.45,0.0,1,1,0,1.0,0.0,1470,2020-01-23,2025-12-11,2025-12-12,2025-12-12,6,10,82,daily,10
7,xgboost,1,0.0,1.0,1,0,1,0.0,1.0,1470,2020-01-22,2025-12-10,2025-12-11,2025-12-11,6,10,82,daily,10
7,random_forest,1,0.25,1.0,1,0,1,0.0,1.0,1470,2020-01-22,2025-12-10,2025-12-11,2025-12-11,6,10,82,daily,10
8,xgboost,1,0.0,1.0,1,0,1,0.0,1.0,1470,2020-01-21,2025-12-09,2025-12-10,2025-12-10,6,10,82,daily,10
8,random_forest,1,0.3,1.0,1,0,1,0.0,1.0,1470,2020-01-21,2025-12-09,2025-12-10,2025-12-10,6,10,82,daily,10
9,xgboost,1,0.05,1.0,1,0,1,0.0,1.0,1470,2020-01-17,2025-12-08,2025-12-09,2025-12-09,6,10,82,daily,10
9,random_forest,1,0.25,1.0,1,0,1,0.0,1.0,1470,2020-01-17,2025-12-08,2025-12-09,2025-12-09,6,10,82,daily,10
10,xgboost,1,0.05,1.0,1,0,1,0.0,1.0,1470,2020-01-16,2025-12-05,2025-12-08,2025-12-08,6,10,82,daily,10
10,random_forest,1,0.35,1.0,1,0,1,0.0,1.0,1470,2020-01-16,2025-12-05,2025-12-08,2025-12-08,6,10,82,daily,10
11,xgboost,1,0.05,1.0,1,0,1,0.0,1.0,1470,2020-01-15,2025-12-04,2025-12-05,2025-12-05,6,10,82,daily,10
11,random_forest,1,0.35,1.0,1,0,1,0.0,1.0,1470,2020-01-15,2025-12-04,2025-12-05,2025-12-05,6,10,82,daily,10
12,xgboost,1,0.65,0.0,1,0,1,0.0,1.0,1470,2020-01-14,2025-12-03,2025-12-04,2025-12-04,6,10,82,daily,10
12,random_forest,1,0.45,1.0,1,0,1,0.0,1.0,1470,2020-01-14,2025-12-03,2025-12-04,2025-12-04,6,10,82,daily,10
13,xgboost,1,0.5,1.0,1,0,1,0.0,1.0,1470,2020-01-13,2025-12-02,2025-12-03,2025-12-03,6,10,82,daily,10
13,random_forest,1,0.4,1.0,1,0,1,0.0,1.0,1470,2020-01-13,2025-12-02,2025-12-03,2025-12-03,6,10,82,daily,10
14,xgboost,1,0.8,0.0,1,0,1,0.0,1.0,1470,2020-01-10,2025-12-01,2025-12-02,2025-12-02,6,10,82,daily,10
14,random_forest,1,0.65,0.0,1,0,1,0.0,1.0,1470,2020-01-10,2025-12-01,2025-12-02,2025-12-02,6,10,82,daily,10
15,xgboost,1,1.0,0.0,1,0,1,0.0,1.0,1470,2020-01-09,2025-11-26,2025-12-01,2025-12-01,6,10,82,daily,10
15,random_forest,1,0.8,0.0,1,0,1,0.0,1.0,1470,2020-01-09,2025-11-26,2025-12-01,2025-12-01,6,10,82,daily,10
16,xgboost,1,1.0,1.0,1,1,0,1.0,0.0,1470,2020-01-08,2025-11-25,2025-11-26,2025-11-26,6,10,82,daily,10
16,random_forest,1,0.75,1.0,1,1,0,1.0,0.0,1470,2020-01-08,2025-11-25,2025-11-26,2025-11-26,6,10,82,daily,10
17,xgboost,1,1.0,1.0,1,1,0,1.0,0.0,1470,2020-01-07,2025-11-24,2025-11-25,2025-11-25,6,10,82,daily,10
17,random_forest,1,0.75,1.0,1,1,0,1.0,0.0,1470,2020-01-07,2025-11-24,2025-11-25,2025-11-25,6,10,82,daily,10
18,xgboost,1,1.0,1.0,1,1,0,1.0,0.0,1470,2020-01-06,2025-11-21,2025-11-24,2025-11-24,6,10,82,daily,10
18,random_forest,1,0.8,1.0,1,1,0,1.0,0.0,1470,2020-01-06,2025-11-21,2025-11-24,2025-11-24,6,10,82,daily,10
19,xgboost,1,1.0,1.0,1,1,0,1.0,0.0,1470,2020-01-03,2025-11-20,2025-11-21,2025-11-21,6,10,82,daily,10
19,random_forest,1,0.8,1.0,1,1,0,1.0,0.0,1470,2020-01-03,2025-11-20,2025-11-21,2025-11-21,6,10,82,daily,10
20,xgboost,1,1.0,1.0,1,1,0,1.0,0.0,1470,2020-01-02,2025-11-19,2025-11-20,2025-11-20,6,10,82,daily,10
20,random_forest,1,0.8,1.0,1,1,0,1.0,0.0,1470,2020-01-02,2025-11-19,2025-11-20,2025-11-20,6,10,82,daily,10
21,xgboost,1,0.95,1.0,1,1,0,1.0,0.0,1470,2019-12-31,2025-11-18,2025-11-19,2025-11-19,6,10,82,daily,10
21,random_forest,1,0.8,1.0,1,1,0,1.0,0.0,1470,2019-12-31,2025-11-18,2025-11-19,2025-11-19,6,10,82,daily,10
22,xgboost,1,1.0,1.0,1,1,0,1.0,0.0,1470,2019-12-30,2025-11-17,2025-11-18,2025-11-18,6,10,82,daily,10
22,random_forest,1,0.8,1.0,1,1,0,1.0,0.0,1470,2019-12-30,2025-11-17,2025-11-18,2025-11-18,6,10,82,daily,10
23,xgboost,1,1.0,1.0,1,1,0,1.0,0.0,1470,2019-12-27,2025-11-14,2025-11-17,2025-11-17,6,10,82,daily,10
23,random_forest,1,0.6,1.0,1,1,0,1.0,0.0,1470,2019-12-27,2025-11-14,2025-11-17,2025-11-17,6,10,82,daily,10
24,xgboost,1,0.25,0.0,1,1,0,1.0,0.0,1470,2019-12-26,2025-11-13,2025-11-14,2025-11-14,6,10,82,daily,10
24,random_forest,1,0.5,0.0,1,1,0,1.0,0.0,1470,2019-12-26,2025-11-13,2025-11-14,2025-11-14,6,10,82,daily,10
25,xgboost,1,0.15,0.0,1,1,0,1.0,0.0,1470,2019-12-23,2025-11-12,2025-11-13,2025-11-13,6,10,82,daily,10
25,random_forest,1,0.3,0.0,1,1,0,1.0,0.0,1470,2019-12-23,2025-11-12,2025-11-13,2025-11-13,6,10,82,daily,10
26,xgboost,1,0.05,1.0,1,0,1,0.0,1.0,1470,2019-12-20,2025-11-11,2025-11-12,2025-11-12,6,10,82,daily,10
26,random_forest,1,0.2,1.0,1,0,1,0.0,1.0,1470,2019-12-20,2025-11-11,2025-11-12,2025-11-12,6,10,82,daily,10
27,xgboost,1,0.65,0.0,1,0,1,0.0,1.0,1470,2019-12-19,2025-11-10,2025-11-11,2025-11-11,6,10,82,daily,10
27,random_forest,1,0.25,1.0,1,0,1,0.0,1.0,1470,2019-12-19,2025-11-10,2025-11-11,2025-11-11,6,10,82,daily,10
28,xgboost,1,0.25,1.0,1,0,1,0.0,1.0,1470,2019-12-18,2025-11-07,2025-11-10,2025-11-10,6,10,82,daily,10
28,random_forest,1,0.3,1.0,1,0,1,0.0,1.0,1470,2019-12-18,2025-11-07,2025-11-10,2025-11-10,6,10,82,daily,10
29,xgboost,1,0.6,0.0,1,0,1,0.0,1.0,1470,2019-12-17,2025-11-06,2025-11-07,2025-11-07,6,10,82,daily,10
29,random_forest,1,0.4,1.0,1,0,1,0.0,1.0,1470,2019-12-17,2025-11-06,2025-11-07,2025-11-07,6,10,82,daily,10
30,xgboost,1,0.6,0.0,1,0,1,0.0,1.0,1470,2019-12-16,2025-11-05,2025-11-06,2025-11-06,6,10,82,daily,10
30,random_forest,1,0.3,1.0,1,0,1,0.0,1.0,1470,2019-12-16,2025-11-05,2025-11-06,2025-11-06,6,10,82,daily,10
31,xgboost,1,0.0,1.0,1,0,1,0.0,1.0,1470,2019-12-13,2025-11-04,2025-11-05,2025-11-05,6,10,82,daily,10
31,random_forest,1,0.2,1.0,1,0,1,0.0,1.0,1470,2019-12-13,2025-11-04,2025-11-05,2025-11-05,6,10,82,daily,10
32,xgboost,1,0.65,0.0,1,0,1,0.0,1.0,1470,2019-12-12,2025-11-03,2025-11-04,2025-11-04,6,10,82,daily,10
32,random_forest,1,0.35,1.0,1,0,1,0.0,1.0,1470,2019-12-12,2025-11-03,2025-11-04,2025-11-04,6,10,82,daily,10
33,xgboost,1,0.15,1.0,1,0,1,0.0,1.0,1470,2019-12-11,2025-10-31,2025-11-03,2025-11-03,6,10,82,daily,10
33,random_forest,1,0.3,1.0,1,0,1,0.0,1.0,1470,2019-12-11,2025-10-31,2025-11-03,2025-11-03,6,10,82,daily,10
34,xgboost,1,0.0,1.0,1,0,1,0.0,1.0,1470,2019-12-10,2025-10-30,2025-10-31,2025-10-31,6,10,82,daily,10
34,random_forest,1,0.3,1.0,1,0,1,0.0,1.0,1470,2019-12-10,2025-10-30,2025-10-31,2025-10-31,6,10,82,daily,10
35,xgboost,1,0.05,1.0,1,0,1,0.0,1.0,1470,2019-12-09,2025-10-29,2025-10-30,2025-10-30,6,10,82,daily,10
35,random_forest,1,0.4,1.0,1,0,1,0.0,1.0,1470,2019-12-09,2025-10-29,2025-10-30,2025-10-30,6,10,82,daily,10
36,xgboost,1,0.1,1.0,1,0,1,0.0,1.0,1470,2019-12-06,2025-10-28,2025-10-29,2025-10-29,6,10,82,daily,10
36,random_forest,1,0.3,1.0,1,0,1,0.0,1.0,1470,2019-12-06,2025-10-28,2025-10-29,2025-10-29,6,10,82,daily,10
37,xgboost,1,0.05,1.0,1,0,1,0.0,1.0,1470,2019-12-05,2025-10-27,2025-10-28,2025-10-28,6,10,82,daily,10
37,random_forest,1,0.45,1.0,1,0,1,0.0,1.0,1470,2019-12-05,2025-10-27,2025-10-28,2025-10-28,6,10,82,daily,10
38,xgboost,1,0.3,1.0,1,0,1,0.0,1.0,1470,2019-12-04,2025-10-24,2025-10-27,2025-10-27,6,10,82,daily,10
38,random_forest,1,0.5,0.0,1,0,1,0.0,1.0,1470,2019-12-04,2025-10-24,2025-10-27,2025-10-27,6,10,82,daily,10
39,xgboost,1,1.0,0.0,1,0,1,0.0,1.0,1470,2019-12-03,2025-10-23,2025-10-24,2025-10-24,6,10,82,daily,10
39,random_forest,1,0.7,0.0,1,0,1,0.0,1.0,1470,2019-12-03,2025-10-23,2025-10-24,2025-10-24,6,10,82,daily,10
40,xgboost,1,1.0,1.0,1,1,0,1.0,0.0,1470,2019-12-02,2025-10-22,2025-10-23,2025-10-23,6,10,82,daily,10
40,random_forest,1,0.8,1.0,1,1,0,1.0,0.0,1470,2019-12-02,2025-10-22,2025-10-23,2025-10-23,6,10,82,daily,10
41,xgboost,1,1.0,1.0,1,1,0,1.0,0.0,1470,2019-11-27,2025-10-21,2025-10-22,2025-10-22,6,10,82,daily,10
41,random_forest,1,0.8,1.0,1,1,0,1.0,0.0,1470,2019-11-27,2025-10-21,2025-10-22,2025-10-22,6,10,82,daily,10
42,xgboost,1,1.0,1.0,1,1,0,1.0,0.0,1470,2019-11-26,2025-10-20,2025-10-21,2025-10-21,6,10,82,daily,10
42,random_forest,1,0.8,1.0,1,1,0,1.0,0.0,1470,2019-11-26,2025-10-20,2025-10-21,2025-10-21,6,10,82,daily,10
43,xgboost,1,1.0,1.0,1,1,0,1.0,0.0,1470,2019-11-25,2025-10-17,2025-10-20,2025-10-20,6,10,82,daily,10
43,random_forest,1,0.6,1.0,1,1,0,1.0,0.0,1470,2019-11-25,2025-10-17,2025-10-20,2025-10-20,6,10,82,daily,10
44,xgboost,1,0.95,1.0,1,1,0,1.0,0.0,1470,2019-11-22,2025-10-16,2025-10-17,2025-10-17,6,10,82,daily,10
44,random_forest,1,0.8,1.0,1,1,0,1.0,0.0,1470,2019-11-22,2025-10-16,2025-10-17,2025-10-17,6,10,82,daily,10
45,xgboost,1,1.0,1.0,1,1,0,1.0,0.0,1470,2019-11-21,2025-10-15,2025-10-16,2025-10-16,6,10,82,daily,10
45,random_forest,1,0.8,1.0,1,1,0,1.0,0.0,1470,2019-11-21,2025-10-15,2025-10-16,2025-10-16,6,10,82,daily,10
46,xgboost,1,1.0,1.0,1,1,0,1.0,0.0,1470,2019-11-20,2025-10-14,2025-10-15,2025-10-15,6,10,82,daily,10
46,random_forest,1,0.75,1.0,1,1,0,1.0,0.0,1470,2019-11-20,2025-10-14,2025-10-15,2025-10-15,6,10,82,daily,10
47,xgboost,1,0.95,1.0,1,1,0,1.0,0.0,1470,2019-11-19,2025-10-13,2025-10-14,2025-10-14,6,10,82,daily,10
47,random_forest,1,0.7,1.0,1,1,0,1.0,0.0,1470,2019-11-19,2025-10-13,2025-10-14,2025-10-14,6,10,82,daily,10
48,xgboost,1,1.0,1.0,1,1,0,1.0,0.0,1470,2019-11-18,2025-10-10,2025-10-13,2025-10-13,6,10,82,daily,10
48,random_forest,1,0.55,1.0,1,1,0,1.0,0.0,1470,2019-11-18,2025-10-10,2025-10-13,2025-10-13,6,10,82,daily,10
49,xgboost,1,0.85,1.0,1,1,0,1.0,0.0,1470,2019-11-15,2025-10-09,2025-10-10,2025-10-10,6,10,82,daily,10
49,random_forest,1,0.55,1.0,1,1,0,1.0,0.0,1470,2019-11-15,2025-10-09,2025-10-10,2025-10-10,6,10,82,daily,10
50,xgboost,1,0.1,1.0,1,0,1,0.0,1.0,1470,2019-11-14,2025-10-08,2025-10-09,2025-10-09,6,10,82,daily,10
50,random_forest,1,0.5,1.0,1,0,1,0.0,1.0,1470,2019-11-14,2025-10-08,2025-10-09,2025-10-09,6,10,82,daily,10
51,xgboost,1,0.85,0.0,1,0,1,0.0,1.0,1470,2019-11-13,2025-10-07,2025-10-08,2025-10-08,6,10,82,daily,10
51,random_forest,1,0.7,0.0,1,0,1,0.0,1.0,1470,2019-11-13,2025-10-07,2025-10-08,2025-10-08,6,10,82,daily,10
52,xgboost,1,0.95,1.0,1,1,0,1.0,0.0,1470,2019-11-12,2025-10-06,2025-10-07,2025-10-07,6,10,82,daily,10
52,random_forest,1,0.7,1.0,1,1,0,1.0,0.0,1470,2019-11-12,2025-10-06,2025-10-07,2025-10-07,6,10,82,daily,10
53,xgboost,1,0.45,0.0,1,1,0,1.0,0.0,1470,2019-11-11,2025-10-03,2025-10-06,2025-10-06,6,10,82,daily,10
53,random_forest,1,0.55,1.0,1,1,0,1.0,0.0,1470,2019-11-11,2025-10-03,2025-10-06,2025-10-06,6,10,82,daily,10
54,xgboost,1,0.1,0.0,1,1,0,1.0,0.0,1470,2019-11-08,2025-10-02,2025-10-03,2025-10-03,6,10,82,daily,10
54,random_forest,1,0.4,0.0,1,1,0,1.0,0.0,1470,2019-11-08,2025-10-02,2025-10-03,2025-10-03,6,10,82,daily,10
55,xgboost,1,0.55,0.0,1,0,1,0.0,1.0,1470,2019-11-07,2025-10-01,2025-10-02,2025-10-02,6,10,82,daily,10
55,random_forest,1,0.45,1.0,1,0,1,0.0,1.0,1470,2019-11-07,2025-10-01,2025-10-02,2025-10-02,6,10,82,daily,10
56,xgboost,1,0.4,1.0,1,0,1,0.0,1.0,1470,2019-11-06,2025-09-30,2025-10-01,2025-10-01,6,10,82,daily,10
56,random_forest,1,0.6,0.0,1,0,1,0.0,1.0,1470,2019-11-06,2025-09-30,2025-10-01,2025-10-01,6,10,82,daily,10
57,xgboost,1,1.0,0.0,1,0,1,0.0,1.0,1470,2019-11-05,2025-09-29,2025-09-30,2025-09-30,6,10,82,daily,10
57,random_forest,1,0.75,0.0,1,0,1,0.0,1.0,1470,2019-11-05,2025-09-29,2025-09-30,2025-09-30,6,10,82,daily,10
58,xgboost,1,0.8,1.0,1,1,0,1.0,0.0,1470,2019-11-04,2025-09-26,2025-09-29,2025-09-29,6,10,82,daily,10
58,random_forest,1,0.55,1.0,1,1,0,1.0,0.0,1470,2019-11-04,2025-09-26,2025-09-29,2025-09-29,6,10,82,daily,10
59,xgboost,1,1.0,0.0,1,0,1,0.0,1.0,1470,2019-11-01,2025-09-25,2025-09-26,2025-09-26,6,10,82,daily,10
59,random_forest,1,0.85,0.0,1,0,1,0.0,1.0,1470,2019-11-01,2025-09-25,2025-09-26,2025-09-26,6,10,82,daily,10
60,xgboost,1,0.95,1.0,1,1,0,1.0,0.0,1470,2019-10-31,2025-09-24,2025-09-25,2025-09-25,6,10,82,daily,10
60,random_forest,1,0.7,1.0,1,1,0,1.0,0.0,1470,2019-10-31,2025-09-24,2025-09-25,2025-09-25,6,10,82,daily,10
61,xgboost,1,1.0,1.0,1,1,0,1.0,0.0,1470,2019-10-30,2025-09-23,2025-09-24,2025-09-24,6,10,82,daily,10
61,random_forest,1,0.7,1.0,1,1,0,1.0,0.0,1470,2019-10-30,2025-09-23,2025-09-24,2025-09-24,6,10,82,daily,10
62,xgboost,1,1.0,1.0,1,1,0,1.0,0.0,1470,2019-10-29,2025-09-22,2025-09-23,2025-09-23,6,10,82,daily,10
62,random_forest,1,0.75,1.0,1,1,0,1.0,0.0,1470,2019-10-29,2025-09-22,2025-09-23,2025-09-23,6,10,82,daily,10
63,xgboost,1,0.9,1.0,1,1,0,1.0,0.0,1470,2019-10-28,2025-09-19,2025-09-22,2025-09-22,6,10,82,daily,10
63,random_forest,1,0.8,1.0,1,1,0,1.0,0.0,1470,2019-10-28,2025-09-19,2025-09-22,2025-09-22,6,10,82,daily,10
64,xgboost,1,1.0,1.0,1,1,0,1.0,0.0,1470,2019-10-25,2025-09-18,2025-09-19,2025-09-19,6,10,82,daily,10
64,random_forest,1,0.75,1.0,1,1,0,1.0,0.0,1470,2019-10-25,2025-09-18,2025-09-19,2025-09-19,6,10,82,daily,10
65,xgboost,1,1.0,1.0,1,1,0,1.0,0.0,1470,2019-10-24,2025-09-17,2025-09-18,2025-09-18,6,10,82,daily,10
65,random_forest,1,0.8,1.0,1,1,0,1.0,0.0,1470,2019-10-24,2025-09-17,2025-09-18,2025-09-18,6,10,82,daily,10
66,xgboost,1,1.0,1.0,1,1,0,1.0,0.0,1470,2019-10-23,2025-09-16,2025-09-17,2025-09-17,6,10,82,daily,10
66,random_forest,1,0.7,1.0,1,1,0,1.0,0.0,1470,2019-10-23,2025-09-16,2025-09-17,2025-09-17,6,10,82,daily,10
67,xgboost,1,0.75,1.0,1,1,0,1.0,0.0,1470,2019-10-22,2025-09-15,2025-09-16,2025-09-16,6,10,82,daily,10
67,random_forest,1,0.7,1.0,1,1,0,1.0,0.0,1470,2019-10-22,2025-09-15,2025-09-16,2025-09-16,6,10,82,daily,10
68,xgboost,1,0.95,1.0,1,1,0,1.0,0.0,1470,2019-10-21,2025-09-12,2025-09-15,2025-09-15,6,10,82,daily,10
68,random_forest,1,0.65,1.0,1,1,0,1.0,0.0,1470,2019-10-21,2025-09-12,2025-09-15,2025-09-15,6,10,82,daily,10
69,xgboost,1,0.95,1.0,1,1,0,1.0,0.0,1470,2019-10-18,2025-09-11,2025-09-12,2025-09-12,6,10,82,daily,10
69,random_forest,1,0.7,1.0,1,1,0,1.0,0.0,1470,2019-10-18,2025-09-11,2025-09-12,2025-09-12,6,10,82,daily,10
70,xgboost,1,0.95,1.0,1,1,0,1.0,0.0,1470,2019-10-17,2025-09-10,2025-09-11,2025-09-11,6,10,82,daily,10
70,random_forest,1,0.8,1.0,1,1,0,1.0,0.0,1470,2019-10-17,2025-09-10,2025-09-11,2025-09-11,6,10,82,daily,10
71,xgboost,1,0.9,1.0,1,1,0,1.0,0.0,1470,2019-10-16,2025-09-09,2025-09-10,2025-09-10,6,10,82,daily,10
71,random_forest,1,0.7,1.0,1,1,0,1.0,0.0,1470,2019-10-16,2025-09-09,2025-09-10,2025-09-10,6,10,82,daily,10
72,xgboost,1,1.0,1.0,1,1,0,1.0,0.0,1470,2019-10-15,2025-09-08,2025-09-09,2025-09-09,6,10,82,daily,10
72,random_forest,1,0.85,1.0,1,1,0,1.0,0.0,1470,2019-10-15,2025-09-08,2025-09-09,2025-09-09,6,10,82,daily,10
73,xgboost,1,1.0,1.0,1,1,0,1.0,0.0,1470,2019-10-14,2025-09-05,2025-09-08,2025-09-08,6,10,82,daily,10
73,random_forest,1,0.75,1.0,1,1,0,1.0,0.0,1470,2019-10-14,2025-09-05,2025-09-08,2025-09-08,6,10,82,daily,10
74,xgboost,1,0.95,1.0,1,1,0,1.0,0.0,1470,2019-10-11,2025-09-04,2025-09-05,2025-09-05,6,10,82,daily,10
74,random_forest,1,0.8,1.0,1,1,0,1.0,0.0,1470,2019-10-11,2025-09-04,2025-09-05,2025-09-05,6,10,82,daily,10
75,xgboost,1,1.0,1.0,1,1,0,1.0,0.0,1470,2019-10-10,2025-09-03,2025-09-04,2025-09-04,6,10,82,daily,10
75,random_forest,1,0.75,1.0,1,1,0,1.0,0.0,1470,2019-10-10,2025-09-03,2025-09-04,2025-09-04,6,10,82,daily,10
76,xgboost,1,1.0,1.0,1,1,0,1.0,0.0,1470,2019-10-09,2025-09-02,2025-09-03,2025-09-03,6,10,82,daily,10
76,random_forest,1,0.85,1.0,1,1,0,1.0,0.0,1470,2019-10-09,2025-09-02,2025-09-03,2025-09-03,6,10,82,daily,10
77,xgboost,1,1.0,1.0,1,1,0,1.0,0.0,1470,2019-10-08,2025-08-29,2025-09-02,2025-09-02,6,10,82,daily,10
77,random_forest,1,0.8,1.0,1,1,0,1.0,0.0,1470,2019-10-08,2025-08-29,2025-09-02,2025-09-02,6,10,82,daily,10
78,xgboost,1,1.0,1.0,1,1,0,1.0,0.0,1470,2019-10-07,2025-08-28,2025-08-29,2025-08-29,6,10,82,daily,10
78,random_forest,1,0.9,1.0,1,1,0,1.0,0.0,1470,2019-10-07,2025-08-28,2025-08-29,2025-08-29,6,10,82,daily,10
79,xgboost,1,1.0,1.0,1,1,0,1.0,0.0,1470,2019-10-04,2025-08-27,2025-08-28,2025-08-28,6,10,82,daily,10
79,random_forest,1,0.65,1.0,1,1,0,1.0,0.0,1470,2019-10-04,2025-08-27,2025-08-28,2025-08-28,6,10,82,daily,10
80,xgboost,1,1.0,1.0,1,1,0,1.0,0.0,1470,2019-10-03,2025-08-26,2025-08-27,2025-08-27,6,10,82,daily,10
80,random_forest,1,0.7,1.0,1,1,0,1.0,0.0,1470,2019-10-03,2025-08-26,2025-08-27,2025-08-27,6,10,82,daily,10
81,xgboost,1,1.0,1.0,1,1,0,1.0,0.0,1470,2019-10-02,2025-08-25,2025-08-26,2025-08-26,6,10,82,daily,10
81,random_forest,1,0.8,1.0,1,1,0,1.0,0.0,1470,2019-10-02,2025-08-25,2025-08-26,2025-08-26,6,10,82,daily,10
82,xgboost,1,1.0,1.0,1,1,0,1.0,0.0,1470,2019-10-01,2025-08-22,2025-08-25,2025-08-25,6,10,82,daily,10
82,random_forest,1,0.75,1.0,1,1,0,1.0,0.0,1470,2019-10-01,2025-08-22,2025-08-25,2025-08-25,6,10,82,daily,10
83,xgboost,1,1.0,1.0,1,1,0,1.0,0.0,1470,2019-09-30,2025-08-21,2025-08-22,2025-08-22,6,10,82,daily,10
83,random_forest,1,0.75,1.0,1,1,0,1.0,0.0,1470,2019-09-30,2025-08-21,2025-08-22,2025-08-22,6,10,82,daily,10
84,xgboost,1,1.0,1.0,1,1,0,1.0,0.0,1470,2019-09-27,2025-08-20,2025-08-21,2025-08-21,6,10,82,daily,10
84,random_forest,1,0.8,1.0,1,1,0,1.0,0.0,1470,2019-09-27,2025-08-20,2025-08-21,2025-08-21,6,10,82,daily,10
85,xgboost,1,1.0,1.0,1,1,0,1.0,0.0,1470,2019-09-26,2025-08-19,2025-08-20,2025-08-20,6,10,82,daily,10
85,random_forest,1,0.7,1.0,1,1,0,1.0,0.0,1470,2019-09-26,2025-08-19,2025-08-20,2025-08-20,6,10,82,daily,10
86,xgboost,1,0.9,1.0,1,1,0,1.0,0.0,1470,2019-09-25,2025-08-18,2025-08-19,2025-08-19,6,10,82,daily,10
86,random_forest,1,0.6,1.0,1,1,0,1.0,0.0,1470,2019-09-25,2025-08-18,2025-08-19,2025-08-19,6,10,82,daily,10
87,xgboost,1,0.4,1.0,1,0,1,0.0,1.0,1470,2019-09-24,2025-08-15,2025-08-18,2025-08-18,6,10,82,daily,10
87,random_forest,1,0.4,1.0,1,0,1,0.0,1.0,1470,2019-09-24,2025-08-15,2025-08-18,2025-08-18,6,10,82,daily,10
88,xgboost,1,0.8,0.0,1,0,1,0.0,1.0,1470,2019-09-23,2025-08-14,2025-08-15,2025-08-15,6,10,82,daily,10
88,random_forest,1,0.45,1.0,1,0,1,0.0,1.0,1470,2019-09-23,2025-08-14,2025-08-15,2025-08-15,6,10,82,daily,10
89,xgboost,1,0.2,1.0,1,0,1,0.0,1.0,1470,2019-09-20,2025-08-13,2025-08-14,2025-08-14,6,10,82,daily,10
89,random_forest,1,0.45,1.0,1,0,1,0.0,1.0,1470,2019-09-20,2025-08-13,2025-08-14,2025-08-14,6,10,82,daily,10
90,xgboost,1,0.05,1.0,1,0,1,0.0,1.0,1470,2019-09-19,2025-08-12,2025-08-13,2025-08-13,6,10,82,daily,10
90,random_forest,1,0.4,1.0,1,0,1,0.0,1.0,1470,2019-09-19,2025-08-12,2025-08-13,2025-08-13,6,10,82,daily,10
91,xgboost,1,0.85,0.0,1,0,1,0.0,1.0,1470,2019-09-18,2025-08-11,2025-08-12,2025-08-12,6,10,82,daily,10
91,random_forest,1,0.55,0.0,1,0,1,0.0,1.0,1470,2019-09-18,2025-08-11,2025-08-12,2025-08-12,6,10,82,daily,10
92,xgboost,1,0.6,0.0,1,0,1,0.0,1.0,1470,2019-09-17,2025-08-08,2025-08-11,2025-08-11,6,10,82,daily,10
92,random_forest,1,0.5,0.0,1,0,1,0.0,1.0,1470,2019-09-17,2025-08-08,2025-08-11,2025-08-11,6,10,82,daily,10
93,xgboost,1,0.85,0.0,1,0,1,0.0,1.0,1470,2019-09-16,2025-08-07,2025-08-08,2025-08-08,6,10,82,daily,10
93,random_forest,1,0.7,0.0,1,0,1,0.0,1.0,1470,2019-09-16,2025-08-07,2025-08-08,2025-08-08,6,10,82,daily,10
94,xgboost,1,0.6,0.0,1,0,1,0.0,1.0,1470,2019-09-13,2025-08-06,2025-08-07,2025-08-07,6,10,82,daily,10
94,random_forest,1,0.65,0.0,1,0,1,0.0,1.0,1470,2019-09-13,2025-08-06,2025-08-07,2025-08-07,6,10,82,daily,10
95,xgboost,1,1.0,0.0,1,0,1,0.0,1.0,1470,2019-09-12,2025-08-05,2025-08-06,2025-08-06,6,10,82,daily,10
95,random_forest,1,0.9,0.0,1,0,1,0.0,1.0,1470,2019-09-12,2025-08-05,2025-08-06,2025-08-06,6,10,82,daily,10
96,xgboost,1,1.0,1.0,1,1,0,1.0,0.0,1470,2019-09-11,2025-08-04,2025-08-05,2025-08-05,6,10,82,daily,10
96,random_forest,1,0.85,1.0,1,1,0,1.0,0.0,1470,2019-09-11,2025-08-04,2025-08-05,2025-08-05,6,10,82,daily,10
97,xgboost,1,1.0,1.0,1,1,0,1.0,0.0,1470,2019-09-10,2025-08-01,2025-08-04,2025-08-04,6,10,82,daily,10
97,random_forest,1,0.9,1.0,1,1,0,1.0,0.0,1470,2019-09-10,2025-08-01,2025-08-04,2025-08-04,6,10,82,daily,10
98,xgboost,1,1.0,1.0,1,1,0,1.0,0.0,1470,2019-09-09,2025-07-31,2025-08-01,2025-08-01,6,10,82,daily,10
98,random_forest,1,0.8,1.0,1,1,0,1.0,0.0,1470,2019-09-09,2025-07-31,2025-08-01,2025-08-01,6,10,82,daily,10
99,xgboost,1,1.0,1.0,1,1,0,1.0,0.0,1470,2019-09-06,2025-07-30,2025-07-31,2025-07-31,6,10,82,daily,10
99,random_forest,1,0.7,1.0,1,1,0,1.0,0.0,1470,2019-09-06,2025-07-30,2025-07-31,2025-07-31,6,10,82,daily,10
100,xgboost,1,1.0,1.0,1,1,0,1.0,0.0,1470,2019-09-05,2025-07-29,2025-07-30,2025-07-30,6,10,82,daily,10
100,random_forest,1,0.85,1.0,1,1,0,1.0,0.0,1470,2019-09-05,2025-07-29,2025-07-30,2025-07-30,6,10,82,daily,10
101,xgboost,1,1.0,1.0,1,1,0,1.0,0.0,1470,2019-09-04,2025-07-28,2025-07-29,2025-07-29,6,10,82,daily,10
101,random_forest,1,0.8,1.0,1,1,0,1.0,0.0,1470,2019-09-04,2025-07-28,2025-07-29,2025-07-29,6,10,82,daily,10
102,xgboost,1,1.0,1.0,1,1,0,1.0,0.0,1470,2019-09-03,2025-07-25,2025-07-28,2025-07-28,6,10,82,daily,10
102,random_forest,1,0.8,1.0,1,1,0,1.0,0.0,1470,2019-09-03,2025-07-25,2025-07-28,2025-07-28,6,10,82,daily,10
103,xgboost,1,1.0,1.0,1,1,0,1.0,0.0,1470,2019-08-30,2025-07-24,2025-07-25,2025-07-25,6,10,82,daily,10
103,random_forest,1,0.75,1.0,1,1,0,1.0,0.0,1470,2019-08-30,2025-07-24,2025-07-25,2025-07-25,6,10,82,daily,10
104,xgboost,1,1.0,1.0,1,1,0,1.0,0.0,1470,2019-08-29,2025-07-23,2025-07-24,2025-07-24,6,10,82,daily,10
104,random_forest,1,0.65,1.0,1,1,0,1.0,0.0,1470,2019-08-29,2025-07-23,2025-07-24,2025-07-24,6,10,82,daily,10
105,xgboost,1,0.95,1.0,1,1,0,1.0,0.0,1470,2019-08-28,2025-07-22,2025-07-23,2025-07-23,6,10,82,daily,10
105,random_forest,1,0.5,0.0,1,1,0,1.0,0.0,1470,2019-08-28,2025-07-22,2025-07-23,2025-07-23,6,10,82,daily,10
106,xgboost,1,0.95,0.0,1,0,1,0.0,1.0,1470,2019-08-27,2025-07-21,2025-07-22,2025-07-22,6,10,82,daily,10
106,random_forest,1,0.7,0.0,1,0,1,0.0,1.0,1470,2019-08-27,2025-07-21,2025-07-22,2025-07-22,6,10,82,daily,10
107,xgboost,1,1.0,0.0,1,0,1,0.0,1.0,1470,2019-08-26,2025-07-18,2025-07-21,2025-07-21,6,10,82,daily,10
107,random_forest,1,0.8,0.0,1,0,1,0.0,1.0,1470,2019-08-26,2025-07-18,2025-07-21,2025-07-21,6,10,82,daily,10
108,xgboost,1,1.0,0.0,1,0,1,0.0,1.0,1470,2019-08-23,2025-07-17,2025-07-18,2025-07-18,6,10,82,daily,10
108,random_forest,1,0.95,0.0,1,0,1,0.0,1.0,1470,2019-08-23,2025-07-17,2025-07-18,2025-07-18,6,10,82,daily,10
109,xgboost,1,1.0,1.0,1,1,0,1.0,0.0,1470,2019-08-22,2025-07-16,2025-07-17,2025-07-17,6,10,82,daily,10
109,random_forest,1,0.95,1.0,1,1,0,1.0,0.0,1470,2019-08-22,2025-07-16,2025-07-17,2025-07-17,6,10,82,daily,10
110,xgboost,1,1.0,1.0,1,1,0,1.0,0.0,1470,2019-08-21,2025-07-15,2025-07-16,2025-07-16,6,10,82,daily,10
110,random_forest,1,0.9,1.0,1,1,0,1.0,0.0,1470,2019-08-21,2025-07-15,2025-07-16,2025-07-16,6,10,82,daily,10
111,xgboost,1,1.0,1.0,1,1,0,1.0,0.0,1470,2019-08-20,2025-07-14,2025-07-15,2025-07-15,6,10,82,daily,10
111,random_forest,1,0.95,1.0,1,1,0,1.0,0.0,1470,2019-08-20,2025-07-14,2025-07-15,2025-07-15,6,10,82,daily,10
112,xgboost,1,1.0,1.0,1,1,0,1.0,0.0,1470,2019-08-19,2025-07-11,2025-07-14,2025-07-14,6,10,82,daily,10
112,random_forest,1,0.95,1.0,1,1,0,1.0,0.0,1470,2019-08-19,2025-07-11,2025-07-14,2025-07-14,6,10,82,daily,10
113,xgboost,1,1.0,1.0,1,1,0,1.0,0.0,1470,2019-08-16,2025-07-10,2025-07-11,2025-07-11,6,10,82,daily,10
113,random_forest,1,1.0,1.0,1,1,0,1.0,0.0,1470,2019-08-16,2025-07-10,2025-07-11,2025-07-11,6,10,82,daily,10
114,xgboost,1,1.0,1.0,1,1,0,1.0,0.0,1470,2019-08-15,2025-07-09,2025-07-10,2025-07-10,6,10,82,daily,10
114,random_forest,1,0.95,1.0,1,1,0,1.0,0.0,1470,2019-08-15,2025-07-09,2025-07-10,2025-07-10,6,10,82,daily,10
115,xgboost,1,1.0,1.0,1,1,0,1.0,0.0,1470,2019-08-14,2025-07-08,2025-07-09,2025-07-09,6,10,82,daily,10
115,random_forest,1,0.9,1.0,1,1,0,1.0,0.0,1470,2019-08-14,2025-07-08,2025-07-09,2025-07-09,6,10,82,daily,10
116,xgboost,1,1.0,1.0,1,1,0,1.0,0.0,1470,2019-08-13,2025-07-07,2025-07-08,2025-07-08,6,10,82,daily,10
116,random_forest,1,0.95,1.0,1,1,0,1.0,0.0,1470,2019-08-13,2025-07-07,2025-07-08,2025-07-08,6,10,82,daily,10
117,xgboost,1,1.0,1.0,1,1,0,1.0,0.0,1470,2019-08-12,2025-07-02,2025-07-07,2025-07-07,6,10,82,daily,10
117,random_forest,1,0.9,1.0,1,1,0,1.0,0.0,1470,2019-08-12,2025-07-02,2025-07-07,2025-07-07,6,10,82,daily,10
118,xgboost,1,1.0,1.0,1,1,0,1.0,0.0,1470,2019-08-09,2025-07-01,2025-07-02,2025-07-02,6,10,82,daily,10
118,random_forest,1,0.9,1.0,1,1,0,1.0,0.0,1470,2019-08-09,2025-07-01,2025-07-02,2025-07-02,6,10,82,daily,10
119,xgboost,1,1.0,1.0,1,1,0,1.0,0.0,1470,2019-08-08,2025-06-30,2025-07-01,2025-07-01,6,10,82,daily,10
119,random_forest,1,0.95,1.0,1,1,0,1.0,0.0,1470,2019-08-08,2025-06-30,2025-07-01,2025-07-01,6,10,82,daily,10
120,xgboost,1,1.0,1.0,1,1,0,1.0,0.0,1470,2019-08-07,2025-06-27,2025-06-30,2025-06-30,6,10,82,daily,10
120,random_forest,1,0.85,1.0,1,1,0,1.0,0.0,1470,2019-08-07,2025-06-27,2025-06-30,2025-06-30,6,10,82,daily,10
121,xgboost,1,1.0,1.0,1,1,0,1.0,0.0,1470,2019-08-06,2025-06-26,2025-06-27,2025-06-27,6,10,82,daily,10
121,random_forest,1,0.95,1.0,1,1,0,1.0,0.0,1470,2019-08-06,2025-06-26,2025-06-27,2025-06-27,6,10,82,daily,10
122,xgboost,1,1.0,1.0,1,1,0,1.0,0.0,1470,2019-08-05,2025-06-25,2025-06-26,2025-06-26,6,10,82,daily,10
122,random_forest,1,0.95,1.0,1,1,0,1.0,0.0,1470,2019-08-05,2025-06-25,2025-06-26,2025-06-26,6,10,82,daily,10
123,xgboost,1,1.0,1.0,1,1,0,1.0,0.0,1470,2019-08-02,2025-06-24,2025-06-25,2025-06-25,6,10,82,daily,10
123,random_forest,1,0.9,1.0,1,1,0,1.0,0.0,1470,2019-08-02,2025-06-24,2025-06-25,2025-06-25,6,10,82,daily,10
124,xgboost,1,1.0,1.0,1,1,0,1.0,0.0,1470,2019-08-01,2025-06-23,2025-06-24,2025-06-24,6,10,82,daily,10
124,random_forest,1,0.9,1.0,1,1,0,1.0,0.0,1470,2019-08-01,2025-06-23,2025-06-24,2025-06-24,6,10,82,daily,10
125,xgboost,1,1.0,1.0,1,1,0,1.0,0.0,1470,2019-07-31,2025-06-20,2025-06-23,2025-06-23,6,10,82,daily,10
125,random_forest,1,0.85,1.0,1,1,0,1.0,0.0,1470,2019-07-31,2025-06-20,2025-06-23,2025-06-23,6,10,82,daily,10
126,xgboost,1,1.0,1.0,1,1,0,1.0,0.0,1470,2019-07-30,2025-06-18,2025-06-20,2025-06-20,6,10,82,daily,10
126,random_forest,1,0.8,1.0,1,1,0,1.0,0.0,1470,2019-07-30,2025-06-18,2025-06-20,2025-06-20,6,10,82,daily,10
127,xgboost,1,1.0,1.0,1,1,0,1.0,0.0,1470,2019-07-29,2025-06-17,2025-06-18,2025-06-18,6,10,82,daily,10
127,random_forest,1,0.9,1.0,1,1,0,1.0,0.0,1470,2019-07-29,2025-06-17,2025-06-18,2025-06-18,6,10,82,daily,10
128,xgboost,1,1.0,1.0,1,1,0,1.0,0.0,1470,2019-07-26,2025-06-16,2025-06-17,2025-06-17,6,10,82,daily,10
128,random_forest,1,0.9,1.0,1,1,0,1.0,0.0,1470,2019-07-26,2025-06-16,2025-06-17,2025-06-17,6,10,82,daily,10
129,xgboost,1,1.0,1.0,1,1,0,1.0,0.0,1470,2019-07-25,2025-06-13,2025-06-16,2025-06-16,6,10,82,daily,10
129,random_forest,1,0.95,1.0,1,1,0,1.0,0.0,1470,2019-07-25,2025-06-13,2025-06-16,2025-06-16,6,10,82,daily,10
130,xgboost,1,1.0,1.0,1,1,0,1.0,0.0,1470,2019-07-24,2025-06-12,2025-06-13,2025-06-13,6,10,82,daily,10
130,random_forest,1,0.9,1.0,1,1,0,1.0,0.0,1470,2019-07-24,2025-06-12,2025-06-13,2025-06-13,6,10,82,daily,10
131,xgboost,1,1.0,1.0,1,1,0,1.0,0.0,1470,2019-07-23,2025-06-11,2025-06-12,2025-06-12,6,10,82,daily,10
131,random_forest,1,0.95,1.0,1,1,0,1.0,0.0,1470,2019-07-23,2025-06-11,2025-06-12,2025-06-12,6,10,82,daily,10
132,xgboost,1,1.0,1.0,1,1,0,1.0,0.0,1470,2019-07-22,2025-06-10,2025-06-11,2025-06-11,6,10,82,daily,10
132,random_forest,1,1.0,1.0,1,1,0,1.0,0.0,1470,2019-07-22,2025-06-10,2025-06-11,2025-06-11,6,10,82,daily,10
133,xgboost,1,1.0,1.0,1,1,0,1.0,0.0,1470,2019-07-19,2025-06-09,2025-06-10,2025-06-10,6,10,82,daily,10
133,random_forest,1,0.95,1.0,1,1,0,1.0,0.0,1470,2019-07-19,2025-06-09,2025-06-10,2025-06-10,6,10,82,daily,10
134,xgboost,1,1.0,1.0,1,1,0,1.0,0.0,1470,2019-07-18,2025-06-06,2025-06-09,2025-06-09,6,10,82,daily,10
134,random_forest,1,0.95,1.0,1,1,0,1.0,0.0,1470,2019-07-18,2025-06-06,2025-06-09,2025-06-09,6,10,82,daily,10
135,xgboost,1,1.0,1.0,1,1,0,1.0,0.0,1470,2019-07-17,2025-06-05,2025-06-06,2025-06-06,6,10,82,daily,10
135,random_forest,1,0.95,1.0,1,1,0,1.0,0.0,1470,2019-07-17,2025-06-05,2025-06-06,2025-06-06,6,10,82,daily,10
136,xgboost,1,1.0,1.0,1,1,0,1.0,0.0,1470,2019-07-16,2025-06-04,2025-06-05,2025-06-05,6,10,82,daily,10
136,random_forest,1,0.95,1.0,1,1,0,1.0,0.0,1470,2019-07-16,2025-06-04,2025-06-05,2025-06-05,6,10,82,daily,10
137,xgboost,1,1.0,1.0,1,1,0,1.0,0.0,1470,2019-07-15,2025-06-03,2025-06-04,2025-06-04,6,10,82,daily,10
137,random_forest,1,0.9,1.0,1,1,0,1.0,0.0,1470,2019-07-15,2025-06-03,2025-06-04,2025-06-04,6,10,82,daily,10
138,xgboost,1,1.0,1.0,1,1,0,1.0,0.0,1470,2019-07-12,2025-06-02,2025-06-03,2025-06-03,6,10,82,daily,10
138,random_forest,1,0.95,1.0,1,1,0,1.0,0.0,1470,2019-07-12,2025-06-02,2025-06-03,2025-06-03,6,10,82,daily,10
139,xgboost,1,1.0,1.0,1,1,0,1.0,0.0,1470,2019-07-11,2025-05-30,2025-06-02,2025-06-02,6,10,82,daily,10
139,random_forest,1,0.9,1.0,1,1,0,1.0,0.0,1470,2019-07-11,2025-05-30,2025-06-02,2025-06-02,6,10,82,daily,10
140,xgboost,1,1.0,1.0,1,1,0,1.0,0.0,1470,2019-07-10,2025-05-29,2025-05-30,2025-05-30,6,10,82,daily,10
140,random_forest,1,0.85,1.0,1,1,0,1.0,0.0,1470,2019-07-10,2025-05-29,2025-05-30,2025-05-30,6,10,82,daily,10
141,xgboost,1,1.0,1.0,1,1,0,1.0,0.0,1470,2019-07-09,2025-05-28,2025-05-29,2025-05-29,6,10,82,daily,10
141,random_forest,1,0.9,1.0,1,1,0,1.0,0.0,1470,2019-07-09,2025-05-28,2025-05-29,2025-05-29,6,10,82,daily,10
142,xgboost,1,0.95,1.0,1,1,0,1.0,0.0,1470,2019-07-08,2025-05-27,2025-05-28,2025-05-28,6,10,82,daily,10
142,random_forest,1,0.8,1.0,1,1,0,1.0,0.0,1470,2019-07-08,2025-05-27,2025-05-28,2025-05-28,6,10,82,daily,10
143,xgboost,1,1.0,1.0,1,1,0,1.0,0.0,1470,2019-07-05,2025-05-23,2025-05-27,2025-05-27,6,10,82,daily,10
143,random_forest,1,0.85,1.0,1,1,0,1.0,0.0,1470,2019-07-05,2025-05-23,2025-05-27,2025-05-27,6,10,82,daily,10
144,xgboost,1,1.0,1.0,1,1,0,1.0,0.0,1470,2019-07-02,2025-05-22,2025-05-23,2025-05-23,6,10,82,daily,10
144,random_forest,1,0.8,1.0,1,1,0,1.0,0.0,1470,2019-07-02,2025-05-22,2025-05-23,2025-05-23,6,10,82,daily,10
145,xgboost,1,1.0,1.0,1,1,0,1.0,0.0,1470,2019-07-01,2025-05-21,2025-05-22,2025-05-22,6,10,82,daily,10
145,random_forest,1,0.9,1.0,1,1,0,1.0,0.0,1470,2019-07-01,2025-05-21,2025-05-22,2025-05-22,6,10,82,daily,10
146,xgboost,1,1.0,1.0,1,1,0,1.0,0.0,1470,2019-06-28,2025-05-20,2025-05-21,2025-05-21,6,10,82,daily,10
146,random_forest,1,0.8,1.0,1,1,0,1.0,0.0,1470,2019-06-28,2025-05-20,2025-05-21,2025-05-21,6,10,82,daily,10
147,xgboost,1,1.0,1.0,1,1,0,1.0,0.0,1470,2019-06-27,2025-05-19,2025-05-20,2025-05-20,6,10,82,daily,10
147,random_forest,1,0.8,1.0,1,1,0,1.0,0.0,1470,2019-06-27,2025-05-19,2025-05-20,2025-05-20,6,10,82,daily,10
148,xgboost,1,0.95,1.0,1,1,0,1.0,0.0,1470,2019-06-26,2025-05-16,2025-05-19,2025-05-19,6,10,82,daily,10
148,random_forest,1,0.7,1.0,1,1,0,1.0,0.0,1470,2019-06-26,2025-05-16,2025-05-19,2025-05-19,6,10,82,daily,10
149,xgboost,1,0.7,1.0,1,1,0,1.0,0.0,1470,2019-06-25,2025-05-15,2025-05-16,2025-05-16,6,10,82,daily,10
149,random_forest,1,0.55,1.0,1,1,0,1.0,0.0,1470,2019-06-25,2025-05-15,2025-05-16,2025-05-16,6,10,82,daily,10
150,xgboost,1,1.0,0.0,1,0,1,0.0,1.0,1470,2019-06-24,2025-05-14,2025-05-15,2025-05-15,6,10,82,daily,10
150,random_forest,1,0.9,0.0,1,0,1,0.0,1.0,1470,2019-06-24,2025-05-14,2025-05-15,2025-05-15,6,10,82,daily,10
151,xgboost,1,1.0,1.0,1,1,0,1.0,0.0,1470,2019-06-21,2025-05-13,2025-05-14,2025-05-14,6,10,82,daily,10
151,random_forest,1,0.8,1.0,1,1,0,1.0,0.0,1470,2019-06-21,2025-05-13,2025-05-14,2025-05-14,6,10,82,daily,10
152,xgboost,1,1.0,1.0,1,1,0,1.0,0.0,1470,2019-06-20,2025-05-12,2025-05-13,2025-05-13,6,10,82,daily,10
152,random_forest,1,0.7,1.0,1,1,0,1.0,0.0,1470,2019-06-20,2025-05-12,2025-05-13,2025-05-13,6,10,82,daily,10
153,xgboost,1,1.0,1.0,1,1,0,1.0,0.0,1470,2019-06-19,2025-05-09,2025-05-12,2025-05-12,6,10,82,daily,10
153,random_forest,1,0.8,1.0,1,1,0,1.0,0.0,1470,2019-06-19,2025-05-09,2025-05-12,2025-05-12,6,10,82,daily,10
154,xgboost,1,1.0,1.0,1,1,0,1.0,0.0,1470,2019-06-18,2025-05-08,2025-05-09,2025-05-09,6,10,82,daily,10
154,random_forest,1,0.85,1.0,1,1,0,1.0,0.0,1470,2019-06-18,2025-05-08,2025-05-09,2025-05-09,6,10,82,daily,10
155,xgboost,1,1.0,1.0,1,1,0,1.0,0.0,1470,2019-06-17,2025-05-07,2025-05-08,2025-05-08,6,10,82,daily,10
155,random_forest,1,0.85,1.0,1,1,0,1.0,0.0,1470,2019-06-17,2025-05-07,2025-05-08,2025-05-08,6,10,82,daily,10
156,xgboost,1,1.0,1.0,1,1,0,1.0,0.0,1470,2019-06-14,2025-05-06,2025-05-07,2025-05-07,6,10,82,daily,10
156,random_forest,1,0.9,1.0,1,1,0,1.0,0.0,1470,2019-06-14,2025-05-06,2025-05-07,2025-05-07,6,10,82,daily,10
157,xgboost,1,1.0,1.0,1,1,0,1.0,0.0,1470,2019-06-13,2025-05-05,2025-05-06,2025-05-06,6,10,82,daily,10
157,random_forest,1,0.85,1.0,1,1,0,1.0,0.0,1470,2019-06-13,2025-05-05,2025-05-06,2025-05-06,6,10,82,daily,10
158,xgboost,1,1.0,1.0,1,1,0,1.0,0.0,1470,2019-06-12,2025-05-02,2025-05-05,2025-05-05,6,10,82,daily,10
158,random_forest,1,0.75,1.0,1,1,0,1.0,0.0,1470,2019-06-12,2025-05-02,2025-05-05,2025-05-05,6,10,82,daily,10
159,xgboost,1,0.9,1.0,1,1,0,1.0,0.0,1470,2019-06-11,2025-05-01,2025-05-02,2025-05-02,6,10,82,daily,10
159,random_forest,1,0.75,1.0,1,1,0,1.0,0.0,1470,2019-06-11,2025-05-01,2025-05-02,2025-05-02,6,10,82,daily,10
160,xgboost,1,1.0,1.0,1,1,0,1.0,0.0,1470,2019-06-10,2025-04-30,2025-05-01,2025-05-01,6,10,82,daily,10
160,random_forest,1,0.75,1.0,1,1,0,1.0,0.0,1470,2019-06-10,2025-04-30,2025-05-01,2025-05-01,6,10,82,daily,10
161,xgboost,1,1.0,1.0,1,1,0,1.0,0.0,1470,2019-06-07,2025-04-29,2025-04-30,2025-04-30,6,10,82,daily,10
161,random_forest,1,0.8,1.0,1,1,0,1.0,0.0,1470,2019-06-07,2025-04-29,2025-04-30,2025-04-30,6,10,82,daily,10
162,xgboost,1,1.0,1.0,1,1,0,1.0,0.0,1470,2019-06-06,2025-04-28,2025-04-29,2025-04-29,6,10,82,daily,10
162,random_forest,1,0.85,1.0,1,1,0,1.0,0.0,1470,2019-06-06,2025-04-28,2025-04-29,2025-04-29,6,10,82,daily,10
163,xgboost,1,1.0,1.0,1,1,0,1.0,0.0,1470,2019-06-05,2025-04-25,2025-04-28,2025-04-28,6,10,82,daily,10
163,random_forest,1,0.8,1.0,1,1,0,1.0,0.0,1470,2019-06-05,2025-04-25,2025-04-28,2025-04-28,6,10,82,daily,10
164,xgboost,1,1.0,1.0,1,1,0,1.0,0.0,1470,2019-06-04,2025-04-24,2025-04-25,2025-04-25,6,10,82,daily,10
164,random_forest,1,0.8,1.0,1,1,0,1.0,0.0,1470,2019-06-04,2025-04-24,2025-04-25,2025-04-25,6,10,82,daily,10
165,xgboost,1,1.0,1.0,1,1,0,1.0,0.0,1470,2019-06-03,2025-04-23,2025-04-24,2025-04-24,6,10,82,daily,10
165,random_forest,1,0.8,1.0,1,1,0,1.0,0.0,1470,2019-06-03,2025-04-23,2025-04-24,2025-04-24,6,10,82,daily,10
166,xgboost,1,1.0,1.0,1,1,0,1.0,0.0,1470,2019-05-31,2025-04-22,2025-04-23,2025-04-23,6,10,82,daily,10
166,random_forest,1,0.8,1.0,1,1,0,1.0,0.0,1470,2019-05-31,2025-04-22,2025-04-23,2025-04-23,6,10,82,daily,10
167,xgboost,1,1.0,1.0,1,1,0,1.0,0.0,1470,2019-05-30,2025-04-21,2025-04-22,2025-04-22,6,10,82,daily,10
167,random_forest,1,0.9,1.0,1,1,0,1.0,0.0,1470,2019-05-30,2025-04-21,2025-04-22,2025-04-22,6,10,82,daily,10
168,xgboost,1,1.0,1.0,1,1,0,1.0,0.0,1470,2019-05-29,2025-04-17,2025-04-21,2025-04-21,6,10,82,daily,10
168,random_forest,1,0.85,1.0,1,1,0,1.0,0.0,1470,2019-05-29,2025-04-17,2025-04-21,2025-04-21,6,10,82,daily,10
169,xgboost,1,1.0,1.0,1,1,0,1.0,0.0,1470,2019-05-28,2025-04-16,2025-04-17,2025-04-17,6,10,82,daily,10
169,random_forest,1,0.85,1.0,1,1,0,1.0,0.0,1470,2019-05-28,2025-04-16,2025-04-17,2025-04-17,6,10,82,daily,10
170,xgboost,1,1.0,1.0,1,1,0,1.0,0.0,1470,2019-05-24,2025-04-15,2025-04-16,2025-04-16,6,10,82,daily,10
170,random_forest,1,0.8,1.0,1,1,0,1.0,0.0,1470,2019-05-24,2025-04-15,2025-04-16,2025-04-16,6,10,82,daily,10
171,xgboost,1,1.0,1.0,1,1,0,1.0,0.0,1470,2019-05-23,2025-04-14,2025-04-15,2025-04-15,6,10,82,daily,10
171,random_forest,1,0.8,1.0,1,1,0,1.0,0.0,1470,2019-05-23,2025-04-14,2025-04-15,2025-04-15,6,10,82,daily,10
172,xgboost,1,1.0,1.0,1,1,0,1.0,0.0,1470,2019-05-22,2025-04-11,2025-04-14,2025-04-14,6,10,82,daily,10
172,random_forest,1,0.7,1.0,1,1,0,1.0,0.0,1470,2019-05-22,2025-04-11,2025-04-14,2025-04-14,6,10,82,daily,10
173,xgboost,1,0.95,1.0,1,1,0,1.0,0.0,1470,2019-05-21,2025-04-10,2025-04-11,2025-04-11,6,10,82,daily,10
173,random_forest,1,0.7,1.0,1,1,0,1.0,0.0,1470,2019-05-21,2025-04-10,2025-04-11,2025-04-11,6,10,82,daily,10
174,xgboost,1,1.0,1.0,1,1,0,1.0,0.0,1470,2019-05-20,2025-04-09,2025-04-10,2025-04-10,6,10,82,daily,10
174,random_forest,1,0.65,1.0,1,1,0,1.0,0.0,1470,2019-05-20,2025-04-09,2025-04-10,2025-04-10,6,10,82,daily,10
175,xgboost,1,0.9,1.0,1,1,0,1.0,0.0,1470,2019-05-17,2025-04-08,2025-04-09,2025-04-09,6,10,82,daily,10
175,random_forest,1,0.5,0.0,1,1,0,1.0,0.0,1470,2019-05-17,2025-04-08,2025-04-09,2025-04-09,6,10,82,daily,10
176,xgboost,1,1.0,1.0,1,1,0,1.0,0.0,1470,2019-05-16,2025-04-07,2025-04-08,2025-04-08,6,10,82,daily,10
176,random_forest,1,0.8,1.0,1,1,0,1.0,0.0,1470,2019-05-16,2025-04-07,2025-04-08,2025-04-08,6,10,82,daily,10
177,xgboost,1,1.0,1.0,1,1,0,1.0,0.0,1470,2019-05-15,2025-04-04,2025-04-07,2025-04-07,6,10,82,daily,10
177,random_forest,1,0.7,1.0,1,1,0,1.0,0.0,1470,2019-05-15,2025-04-04,2025-04-07,2025-04-07,6,10,82,daily,10
178,xgboost,1,0.85,1.0,1,1,0,1.0,0.0,1470,2019-05-14,2025-04-03,2025-04-04,2025-04-04,6,10,82,daily,10
178,random_forest,1,0.65,1.0,1,1,0,1.0,0.0,1470,2019-05-14,2025-04-03,2025-04-04,2025-04-04,6,10,82,daily,10
179,xgboost,1,0.2,1.0,1,0,1,0.0,1.0,1470,2019-05-13,2025-04-02,2025-04-03,2025-04-03,6,10,82,daily,10
179,random_forest,1,0.35,1.0,1,0,1,0.0,1.0,1470,2019-05-13,2025-04-02,2025-04-03,2025-04-03,6,10,82,daily,10
180,xgboost,1,0.0,1.0,1,0,1,0.0,1.0,1470,2019-05-10,2025-04-01,2025-04-02,2025-04-02,6,10,82,daily,10
180,random_forest,1,0.05,1.0,1,0,1,0.0,1.0,1470,2019-05-10,2025-04-01,2025-04-02,2025-04-02,6,10,82,daily,10
181,xgboost,1,0.0,1.0,1,0,1,0.0,1.0,1470,2019-05-09,2025-03-31,2025-04-01,2025-04-01,6,10,82,daily,10
181,random_forest,1,0.1,1.0,1,0,1,0.0,1.0,1470,2019-05-09,2025-03-31,2025-04-01,2025-04-01,6,10,82,daily,10
182,xgboost,1,0.0,1.0,1,0,1,0.0,1.0,1470,2019-05-08,2025-03-28,2025-03-31,2025-03-31,6,10,82,daily,10
182,random_forest,1,0.2,1.0,1,0,1,0.0,1.0,1470,2019-05-08,2025-03-28,2025-03-31,2025-03-31,6,10,82,daily,10
183,xgboost,1,0.05,1.0,1,0,1,0.0,1.0,1470,2019-05-07,2025-03-27,2025-03-28,2025-03-28,6,10,82,daily,10
183,random_forest,1,0.15,1.0,1,0,1,0.0,1.0,1470,2019-05-07,2025-03-27,2025-03-28,2025-03-28,6,10,82,daily,10
184,xgboost,1,0.0,1.0,1,0,1,0.0,1.0,1470,2019-05-06,2025-03-26,2025-03-27,2025-03-27,6,10,82,daily,10
184,random_forest,1,0.1,1.0,1,0,1,0.0,1.0,1470,2019-05-06,2025-03-26,2025-03-27,2025-03-27,6,10,82,daily,10
185,xgboost,1,0.05,1.0,1,0,1,0.0,1.0,1470,2019-05-03,2025-03-25,2025-03-26,2025-03-26,6,10,82,daily,10
185,random_forest,1,0.15,1.0,1,0,1,0.0,1.0,1470,2019-05-03,2025-03-25,2025-03-26,2025-03-26,6,10,82,daily,10
186,xgboost,1,0.15,1.0,1,0,1,0.0,1.0,1470,2019-05-02,2025-03-24,2025-03-25,2025-03-25,6,10,82,daily,10
186,random_forest,1,0.25,1.0,1,0,1,0.0,1.0,1470,2019-05-02,2025-03-24,2025-03-25,2025-03-25,6,10,82,daily,10
187,xgboost,1,0.0,1.0,1,0,1,0.0,1.0,1470,2019-05-01,2025-03-21,2025-03-24,2025-03-24,6,10,82,daily,10
187,random_forest,1,0.25,1.0,1,0,1,0.0,1.0,1470,2019-05-01,2025-03-21,2025-03-24,2025-03-24,6,10,82,daily,10
188,xgboost,1,0.05,1.0,1,0,1,0.0,1.0,1470,2019-04-30,2025-03-20,2025-03-21,2025-03-21,6,10,82,daily,10
188,random_forest,1,0.15,1.0,1,0,1,0.0,1.0,1470,2019-04-30,2025-03-20,2025-03-21,2025-03-21,6,10,82,daily,10
189,xgboost,1,0.15,1.0,1,0,1,0.0,1.0,1470,2019-04-29,2025-03-19,2025-03-20,2025-03-20,6,10,82,daily,10
189,random_forest,1,0.15,1.0,1,0,1,0.0,1.0,1470,2019-04-29,2025-03-19,2025-03-20,2025-03-20,6,10,82,daily,10
190,xgboost,1,0.1,1.0,1,0,1,0.0,1.0,1470,2019-04-26,2025-03-18,2025-03-19,2025-03-19,6,10,82,daily,10
190,random_forest,1,0.2,1.0,1,0,1,0.0,1.0,1470,2019-04-26,2025-03-18,2025-03-19,2025-03-19,6,10,82,daily,10
191,xgboost,1,0.45,1.0,1,0,1,0.0,1.0,1470,2019-04-25,2025-03-17,2025-03-18,2025-03-18,6,10,82,daily,10
191,random_forest,1,0.4,1.0,1,0,1,0.0,1.0,1470,2019-04-25,2025-03-17,2025-03-18,2025-03-18,6,10,82,daily,10
192,xgboost,1,0.05,1.0,1,0,1,0.0,1.0,1470,2019-04-24,2025-03-14,2025-03-17,2025-03-17,6,10,82,daily,10
192,random_forest,1,0.3,1.0,1,0,1,0.0,1.0,1470,2019-04-24,2025-03-14,2025-03-17,2025-03-17,6,10,82,daily,10
193,xgboost,1,0.95,0.0,1,0,1,0.0,1.0,1470,2019-04-23,2025-03-13,2025-03-14,2025-03-14,6,10,82,daily,10
193,random_forest,1,0.65,0.0,1,0,1,0.0,1.0,1470,2019-04-23,2025-03-13,2025-03-14,2025-03-14,6,10,82,daily,10
194,xgboost,1,1.0,1.0,1,1,0,1.0,0.0,1470,2019-04-22,2025-03-12,2025-03-13,2025-03-13,6,10,82,daily,10
194,random_forest,1,0.7,1.0,1,1,0,1.0,0.0,1470,2019-04-22,2025-03-12,2025-03-13,2025-03-13,6,10,82,daily,10
195,xgboost,1,0.3,0.0,1,1,0,1.0,0.0,1470,2019-04-18,2025-03-11,2025-03-12,2025-03-12,6,10,82,daily,10
195,random_forest,1,0.5,0.0,1,1,0,1.0,0.0,1470,2019-04-18,2025-03-11,2025-03-12,2025-03-12,6,10,82,daily,10
196,xgboost,1,0.4,0.0,1,1,0,1.0,0.0,1470,2019-04-17,2025-03-10,2025-03-11,2025-03-11,6,10,82,daily,10
196,random_forest,1,0.45,0.0,1,1,0,1.0,0.0,1470,2019-04-17,2025-03-10,2025-03-11,2025-03-11,6,10,82,daily,10
197,xgboost,1,0.35,0.0,1,1,0,1.0,0.0,1470,2019-04-16,2025-03-07,2025-03-10,2025-03-10,6,10,82,daily,10
197,random_forest,1,0.4,0.0,1,1,0,1.0,0.0,1470,2019-04-16,2025-03-07,2025-03-10,2025-03-10,6,10,82,daily,10
198,xgboost,1,0.0,1.0,1,0,1,0.0,1.0,1470,2019-04-15,2025-03-06,2025-03-07,2025-03-07,6,10,82,daily,10
198,random_forest,1,0.25,1.0,1,0,1,0.0,1.0,1470,2019-04-15,2025-03-06,2025-03-07,2025-03-07,6,10,82,daily,10
199,xgboost,1,0.0,1.0,1,0,1,0.0,1.0,1470,2019-04-12,2025-03-05,2025-03-06,2025-03-06,6,10,82,daily,10
199,random_forest,1,0.4,1.0,1,0,1,0.0,1.0,1470,2019-04-12,2025-03-05,2025-03-06,2025-03-06,6,10,82,daily,10
200,xgboost,1,0.0,1.0,1,0,1,0.0,1.0,1470,2019-04-11,2025-03-04,2025-03-05,2025-03-05,6,10,82,daily,10
200,random_forest,1,0.25,1.0,1,0,1,0.0,1.0,1470,2019-04-11,2025-03-04,2025-03-05,2025-03-05,6,10,82,daily,10
201,xgboost,1,0.05,1.0,1,0,1,0.0,1.0,1470,2019-04-10,2025-03-03,2025-03-04,2025-03-04,6,10,82,daily,10
201,random_forest,1,0.25,1.0,1,0,1,0.0,1.0,1470,2019-04-10,2025-03-03,2025-03-04,2025-03-04,6,10,82,daily,10
202,xgboost,1,0.1,1.0,1,0,1,0.0,1.0,1470,2019-04-09,2025-02-28,2025-03-03,2025-03-03,6,10,82,daily,10
202,random_forest,1,0.35,1.0,1,0,1,0.0,1.0,1470,2019-04-09,2025-02-28,2025-03-03,2025-03-03,6,10,82,daily,10
203,xgboost,1,0.0,1.0,1,0,1,0.0,1.0,1470,2019-04-08,2025-02-27,2025-02-28,2025-02-28,6,10,82,daily,10
203,random_forest,1,0.45,1.0,1,0,1,0.0,1.0,1470,2019-04-08,2025-02-27,2025-02-28,2025-02-28,6,10,82,daily,10
204,xgboost,1,0.3,1.0,1,0,1,0.0,1.0,1470,2019-04-05,2025-02-26,2025-02-27,2025-02-27,6,10,82,daily,10
204,random_forest,1,0.5,0.0,1,0,1,0.0,1.0,1470,2019-04-05,2025-02-26,2025-02-27,2025-02-27,6,10,82,daily,10
205,xgboost,1,0.0,1.0,1,0,1,0.0,1.0,1470,2019-04-04,2025-02-25,2025-02-26,2025-02-26,6,10,82,daily,10
205,random_forest,1,0.3,1.0,1,0,1,0.0,1.0,1470,2019-04-04,2025-02-25,2025-02-26,2025-02-26,6,10,82,daily,10
206,xgboost,1,0.05,1.0,1,0,1,0.0,1.0,1470,2019-04-03,2025-02-24,2025-02-25,2025-02-25,6,10,82,daily,10
206,random_forest,1,0.45,1.0,1,0,1,0.0,1.0,1470,2019-04-03,2025-02-24,2025-02-25,2025-02-25,6,10,82,daily,10
207,xgboost,1,0.5,0.0,1,0,1,0.0,1.0,1470,2019-04-02,2025-02-21,2025-02-24,2025-02-24,6,10,82,daily,10
207,random_forest,1,0.55,0.0,1,0,1,0.0,1.0,1470,2019-04-02,2025-02-21,2025-02-24,2025-02-24,6,10,82,daily,10
208,xgboost,1,0.15,1.0,1,0,1,0.0,1.0,1470,2019-04-01,2025-02-20,2025-02-21,2025-02-21,6,10,82,daily,10
208,random_forest,1,0.45,1.0,1,0,1,0.0,1.0,1470,2019-04-01,2025-02-20,2025-02-21,2025-02-21,6,10,82,daily,10
209,xgboost,1,0.05,1.0,1,0,1,0.0,1.0,1470,2019-03-29,2025-02-19,2025-02-20,2025-02-20,6,10,82,daily,10
209,random_forest,1,0.2,1.0,1,0,1,0.0,1.0,1470,2019-03-29,2025-02-19,2025-02-20,2025-02-20,6,10,82,daily,10
210,xgboost,1,0.0,1.0,1,0,1,0.0,1.0,1470,2019-03-28,2025-02-18,2025-02-19,2025-02-19,6,10,82,daily,10
210,random_forest,1,0.2,1.0,1,0,1,0.0,1.0,1470,2019-03-28,2025-02-18,2025-02-19,2025-02-19,6,10,82,daily,10
211,xgboost,1,0.05,1.0,1,0,1,0.0,1.0,1470,2019-03-27,2025-02-14,2025-02-18,2025-02-18,6,10,82,daily,10
211,random_forest,1,0.3,1.0,1,0,1,0.0,1.0,1470,2019-03-27,2025-02-14,2025-02-18,2025-02-18,6,10,82,daily,10
212,xgboost,1,0.0,1.0,1,0,1,0.0,1.0,1470,2019-03-26,2025-02-13,2025-02-14,2025-02-14,6,10,82,daily,10
212,random_forest,1,0.3,1.0,1,0,1,0.0,1.0,1470,2019-03-26,2025-02-13,2025-02-14,2025-02-14,6,10,82,daily,10
213,xgboost,1,0.0,1.0,1,0,1,0.0,1.0,1470,2019-03-25,2025-02-12,2025-02-13,2025-02-13,6,10,82,daily,10
213,random_forest,1,0.3,1.0,1,0,1,0.0,1.0,1470,2019-03-25,2025-02-12,2025-02-13,2025-02-13,6,10,82,daily,10
214,xgboost,1,0.05,1.0,1,0,1,0.0,1.0,1470,2019-03-22,2025-02-11,2025-02-12,2025-02-12,6,10,82,daily,10
214,random_forest,1,0.35,1.0,1,0,1,0.0,1.0,1470,2019-03-22,2025-02-11,2025-02-12,2025-02-12,6,10,82,daily,10
215,xgboost,1,0.0,1.0,1,0,1,0.0,1.0,1470,2019-03-21,2025-02-10,2025-02-11,2025-02-11,6,10,82,daily,10
215,random_forest,1,0.25,1.0,1,0,1,0.0,1.0,1470,2019-03-21,2025-02-10,2025-02-11,2025-02-11,6,10,82,daily,10
216,xgboost,1,0.15,1.0,1,0,1,0.0,1.0,1470,2019-03-20,2025-02-07,2025-02-10,2025-02-10,6,10,82,daily,10
216,random_forest,1,0.4,1.0,1,0,1,0.0,1.0,1470,2019-03-20,2025-02-07,2025-02-10,2025-02-10,6,10,82,daily,10
217,xgboost,1,0.85,0.0,1,0,1,0.0,1.0,1470,2019-03-19,2025-02-06,2025-02-07,2025-02-07,6,10,82,daily,10
217,random_forest,1,0.7,0.0,1,0,1,0.0,1.0,1470,2019-03-19,2025-02-06,2025-02-07,2025-02-07,6,10,82,daily,10
218,xgboost,1,0.9,0.0,1,0,1,0.0,1.0,1470,2019-03-18,2025-02-05,2025-02-06,2025-02-06,6,10,82,daily,10
218,random_forest,1,0.7,0.0,1,0,1,0.0,1.0,1470,2019-03-18,2025-02-05,2025-02-06,2025-02-06,6,10,82,daily,10
219,xgboost,1,0.25,0.0,1,1,0,1.0,0.0,1470,2019-03-15,2025-02-04,2025-02-05,2025-02-05,6,10,82,daily,10
219,random_forest,1,0.65,1.0,1,1,0,1.0,0.0,1470,2019-03-15,2025-02-04,2025-02-05,2025-02-05,6,10,82,daily,10
220,xgboost,1,0.25,0.0,1,1,0,1.0,0.0,1470,2019-03-14,2025-02-03,2025-02-04,2025-02-04,6,10,82,daily,10
220,random_forest,1,0.65,1.0,1,1,0,1.0,0.0,1470,2019-03-14,2025-02-03,2025-02-04,2025-02-04,6,10,82,daily,10
221,xgboost,1,0.95,1.0,1,1,0,1.0,0.0,1470,2019-03-13,2025-01-31,2025-02-03,2025-02-03,6,10,82,daily,10
221,random_forest,1,0.6,1.0,1,1,0,1.0,0.0,1470,2019-03-13,2025-01-31,2025-02-03,2025-02-03,6,10,82,daily,10
222,xgboost,1,0.95,1.0,1,1,0,1.0,0.0,1470,2019-03-12,2025-01-30,2025-01-31,2025-01-31,6,10,82,daily,10
222,random_forest,1,0.6,1.0,1,1,0,1.0,0.0,1470,2019-03-12,2025-01-30,2025-01-31,2025-01-31,6,10,82,daily,10
223,xgboost,1,0.8,1.0,1,1,0,1.0,0.0,1470,2019-03-11,2025-01-29,2025-01-30,2025-01-30,6,10,82,daily,10
223,random_forest,1,0.7,1.0,1,1,0,1.0,0.0,1470,2019-03-11,2025-01-29,2025-01-30,2025-01-30,6,10,82,daily,10
224,xgboost,1,0.8,1.0,1,1,0,1.0,0.0,1470,2019-03-08,2025-01-28,2025-01-29,2025-01-29,6,10,82,daily,10
224,random_forest,1,0.65,1.0,1,1,0,1.0,0.0,1470,2019-03-08,2025-01-28,2025-01-29,2025-01-29,6,10,82,daily,10
225,xgboost,1,0.15,0.0,1,1,0,1.0,0.0,1470,2019-03-07,2025-01-27,2025-01-28,2025-01-28,6,10,82,daily,10
225,random_forest,1,0.45,0.0,1,1,0,1.0,0.0,1470,2019-03-07,2025-01-27,2025-01-28,2025-01-28,6,10,82,daily,10
226,xgboost,1,0.2,0.0,1,1,0,1.0,0.0,1470,2019-03-06,2025-01-24,2025-01-27,2025-01-27,6,10,82,daily,10
226,random_forest,1,0.4,0.0,1,1,0,1.0,0.0,1470,2019-03-06,2025-01-24,2025-01-27,2025-01-27,6,10,82,daily,10
227,xgboost,1,0.0,1.0,1,0,1,0.0,1.0,1470,2019-03-05,2025-01-23,2025-01-24,2025-01-24,6,10,82,daily,10
227,random_forest,1,0.15,1.0,1,0,1,0.0,1.0,1470,2019-03-05,2025-01-23,2025-01-24,2025-01-24,6,10,82,daily,10
228,xgboost,1,0.0,1.0,1,0,1,0.0,1.0,1470,2019-03-04,2025-01-22,2025-01-23,2025-01-23,6,10,82,daily,10
228,random_forest,1,0.25,1.0,1,0,1,0.0,1.0,1470,2019-03-04,2025-01-22,2025-01-23,2025-01-23,6,10,82,daily,10
1,xgboost,1,1.0,1.0,1,1,0,1.0,0.0,980,2022-01-12,2025-12-18,2025-12-19,2025-12-19,4,2,76,d-no-skew,2
1,random_forest,1,0.6,1.0,1,1,0,1.0,0.0,980,2022-01-12,2025-12-18,2025-12-19,2025-12-19,4,2,76,d-no-skew,2
2,xgboost,1,0.95,1.0,1,1,0,1.0,0.0,980,2022-01-11,2025-12-17,2025-12-18,2025-12-18,4,2,76,d-no-skew,2
2,random_forest,1,0.45,0.0,1,1,0,1.0,0.0,980,2022-01-11,2025-12-17,2025-12-18,2025-12-18,4,2,76,d-no-skew,2
3,xgboost,1,0.15,0.0,1,1,0,1.0,0.0,980,2022-01-10,2025-12-16,2025-12-17,2025-12-17,4,2,76,d-no-skew,2
3,random_forest,1,0.35,0.0,1,1,0,1.0,0.0,980,2022-01-10,2025-12-16,2025-12-17,2025-12-17,4,2,76,d-no-skew,2
4,xgboost,1,0.3,1.0,1,0,1,0.0,1.0,980,2022-01-07,2025-12-15,2025-12-16,2025-12-16,4,2,76,d-no-skew,2
4,random_forest,1,0.35,1.0,1,0,1,0.0,1.0,980,2022-01-07,2025-12-15,2025-12-16,2025-12-16,4,2,76,d-no-skew,2
5,xgboost,1,0.3,1.0,1,0,1,0.0,1.0,980,2022-01-06,2025-12-12,2025-12-15,2025-12-15,4,2,76,d-no-skew,2
5,random_forest,1,0.45,1.0,1,0,1,0.0,1.0,980,2022-01-06,2025-12-12,2025-12-15,2025-12-15,4,2,76,d-no-skew,2
6,xgboost,1,0.2,1.0,1,0,1,0.0,1.0,980,2022-01-05,2025-12-11,2025-12-12,2025-12-12,4,2,76,d-no-skew,2
6,random_forest,1,0.55,0.0,1,0,1,0.0,1.0,980,2022-01-05,2025-12-11,2025-12-12,2025-12-12,4,2,76,d-no-skew,2
7,xgboost,1,1.0,0.0,1,0,1,0.0,1.0,980,2022-01-04,2025-12-10,2025-12-11,2025-12-11,4,2,76,d-no-skew,2
7,random_forest,1,0.65,0.0,1,0,1,0.0,1.0,980,2022-01-04,2025-12-10,2025-12-11,2025-12-11,4,2,76,d-no-skew,2
8,xgboost,1,0.4,1.0,1,0,1,0.0,1.0,980,2022-01-03,2025-12-09,2025-12-10,2025-12-10,4,2,76,d-no-skew,2
8,random_forest,1,0.65,0.0,1,0,1,0.0,1.0,980,2022-01-03,2025-12-09,2025-12-10,2025-12-10,4,2,76,d-no-skew,2
9,xgboost,1,1.0,1.0,1,1,0,1.0,0.0,980,2021-12-31,2025-12-08,2025-12-09,2025-12-09,4,2,76,d-no-skew,2
9,random_forest,1,0.7,1.0,1,1,0,1.0,0.0,980,2021-12-31,2025-12-08,2025-12-09,2025-12-09,4,2,76,d-no-skew,2
10,xgboost,1,0.1,0.0,1,1,0,1.0,0.0,980,2021-12-30,2025-12-05,2025-12-08,2025-12-08,4,2,76,d-no-skew,2
10,random_forest,1,0.55,1.0,1,1,0,1.0,0.0,980,2021-12-30,2025-12-05,2025-12-08,2025-12-08,4,2,76,d-no-skew,2
11,xgboost,1,1.0,0.0,1,0,1,0.0,1.0,980,2021-12-29,2025-12-04,2025-12-05,2025-12-05,4,2,76,d-no-skew,2
11,random_forest,1,0.75,0.0,1,0,1,0.0,1.0,980,2021-12-29,2025-12-04,2025-12-05,2025-12-05,4,2,76,d-no-skew,2
12,xgboost,1,1.0,1.0,1,1,0,1.0,0.0,980,2021-12-28,2025-12-03,2025-12-04,2025-12-04,4,2,76,d-no-skew,2
12,random_forest,1,0.75,1.0,1,1,0,1.0,0.0,980,2021-12-28,2025-12-03,2025-12-04,2025-12-04,4,2,76,d-no-skew,2
13,xgboost,1,1.0,1.0,1,1,0,1.0,0.0,980,2021-12-27,2025-12-02,2025-12-03,2025-12-03,4,2,76,d-no-skew,2
13,random_forest,1,0.7,1.0,1,1,0,1.0,0.0,980,2021-12-27,2025-12-02,2025-12-03,2025-12-03,4,2,76,d-no-skew,2
14,xgboost,1,1.0,1.0,1,1,0,1.0,0.0,980,2021-12-23,2025-12-01,2025-12-02,2025-12-02,4,2,76,d-no-skew,2
14,random_forest,1,0.65,1.0,1,1,0,1.0,0.0,980,2021-12-23,2025-12-01,2025-12-02,2025-12-02,4,2,76,d-no-skew,2
15,xgboost,1,1.0,1.0,1,1,0,1.0,0.0,980,2021-12-22,2025-11-26,2025-12-01,2025-12-01,4,2,76,d-no-skew,2
15,random_forest,1,0.55,1.0,1,1,0,1.0,0.0,980,2021-12-22,2025-11-26,2025-12-01,2025-12-01,4,2,76,d-no-skew,2
16,xgboost,1,0.8,1.0,1,1,0,1.0,0.0,980,2021-12-21,2025-11-25,2025-11-26,2025-11-26,4,2,76,d-no-skew,2
16,random_forest,1,0.6,1.0,1,1,0,1.0,0.0,980,2021-12-21,2025-11-25,2025-11-26,2025-11-26,4,2,76,d-no-skew,2
17,xgboost,1,1.0,1.0,1,1,0,1.0,0.0,980,2021-12-20,2025-11-24,2025-11-25,2025-11-25,4,2,76,d-no-skew,2
17,random_forest,1,0.55,1.0,1,1,0,1.0,0.0,980,2021-12-20,2025-11-24,2025-11-25,2025-11-25,4,2,76,d-no-skew,2
18,xgboost,1,0.05,0.0,1,1,0,1.0,0.0,980,2021-12-17,2025-11-21,2025-11-24,2025-11-24,4,2,76,d-no-skew,2
18,random_forest,1,0.5,0.0,1,1,0,1.0,0.0,980,2021-12-17,2025-11-21,2025-11-24,2025-11-24,4,2,76,d-no-skew,2
19,xgboost,1,0.5,0.0,1,1,0,1.0,0.0,980,2021-12-16,2025-11-20,2025-11-21,2025-11-21,4,2,76,d-no-skew,2
19,random_forest,1,0.5,1.0,1,1,0,1.0,0.0,980,2021-12-16,2025-11-20,2025-11-21,2025-11-21,4,2,76,d-no-skew,2
20,xgboost,1,0.05,0.0,1,1,0,1.0,0.0,980,2021-12-15,2025-11-19,2025-11-20,2025-11-20,4,2,76,d-no-skew,2
20,random_forest,1,0.3,0.0,1,1,0,1.0,0.0,980,2021-12-15,2025-11-19,2025-11-20,2025-11-20,4,2,76,d-no-skew,2
21,xgboost,1,0.0,1.0,1,0,1,0.0,1.0,980,2021-12-14,2025-11-18,2025-11-19,2025-11-19,4,2,76,d-no-skew,2
21,random_forest,1,0.25,1.0,1,0,1,0.0,1.0,980,2021-12-14,2025-11-18,2025-11-19,2025-11-19,4,2,76,d-no-skew,2
22,xgboost,1,0.0,1.0,1,0,1,0.0,1.0,980,2021-12-13,2025-11-17,2025-11-18,2025-11-18,4,2,76,d-no-skew,2
22,random_forest,1,0.35,1.0,1,0,1,0.0,1.0,980,2021-12-13,2025-11-17,2025-11-18,2025-11-18,4,2,76,d-no-skew,2
23,xgboost,1,0.3,1.0,1,0,1,0.0,1.0,980,2021-12-10,2025-11-14,2025-11-17,2025-11-17,4,2,76,d-no-skew,2
23,random_forest,1,0.4,1.0,1,0,1,0.0,1.0,980,2021-12-10,2025-11-14,2025-11-17,2025-11-17,4,2,76,d-no-skew,2
24,xgboost,1,0.25,1.0,1,0,1,0.0,1.0,980,2021-12-09,2025-11-13,2025-11-14,2025-11-14,4,2,76,d-no-skew,2
24,random_forest,1,0.45,1.0,1,0,1,0.0,1.0,980,2021-12-09,2025-11-13,2025-11-14,2025-11-14,4,2,76,d-no-skew,2
25,xgboost,1,0.0,1.0,1,0,1,0.0,1.0,980,2021-12-08,2025-11-12,2025-11-13,2025-11-13,4,2,76,d-no-skew,2
25,random_forest,1,0.45,1.0,1,0,1,0.0,1.0,980,2021-12-08,2025-11-12,2025-11-13,2025-11-13,4,2,76,d-no-skew,2
26,xgboost,1,0.25,1.0,1,0,1,0.0,1.0,980,2021-12-07,2025-11-11,2025-11-12,2025-11-12,4,2,76,d-no-skew,2
26,random_forest,1,0.35,1.0,1,0,1,0.0,1.0,980,2021-12-07,2025-11-11,2025-11-12,2025-11-12,4,2,76,d-no-skew,2
27,xgboost,1,0.75,0.0,1,0,1,0.0,1.0,980,2021-12-06,2025-11-10,2025-11-11,2025-11-11,4,2,76,d-no-skew,2
27,random_forest,1,0.4,1.0,1,0,1,0.0,1.0,980,2021-12-06,2025-11-10,2025-11-11,2025-11-11,4,2,76,d-no-skew,2
28,xgboost,1,0.9,0.0,1,0,1,0.0,1.0,980,2021-12-03,2025-11-07,2025-11-10,2025-11-10,4,2,76,d-no-skew,2
28,random_forest,1,0.55,0.0,1,0,1,0.0,1.0,980,2021-12-03,2025-11-07,2025-11-10,2025-11-10,4,2,76,d-no-skew,2
29,xgboost,1,1.0,1.0,1,1,0,1.0,0.0,980,2021-12-02,2025-11-06,2025-11-07,2025-11-07,4,2,76,d-no-skew,2
29,random_forest,1,0.7,1.0,1,1,0,1.0,0.0,980,2021-12-02,2025-11-06,2025-11-07,2025-11-07,4,2,76,d-no-skew,2
30,xgboost,1,0.6,1.0,1,1,0,1.0,0.0,980,2021-12-01,2025-11-05,2025-11-06,2025-11-06,4,2,76,d-no-skew,2
30,random_forest,1,0.4,0.0,1,1,0,1.0,0.0,980,2021-12-01,2025-11-05,2025-11-06,2025-11-06,4,2,76,d-no-skew,2
31,xgboost,1,0.05,1.0,1,0,1,0.0,1.0,980,2021-11-30,2025-11-04,2025-11-05,2025-11-05,4,2,76,d-no-skew,2
31,random_forest,1,0.35,1.0,1,0,1,0.0,1.0,980,2021-11-30,2025-11-04,2025-11-05,2025-11-05,4,2,76,d-no-skew,2
32,xgboost,1,0.3,1.0,1,0,1,0.0,1.0,980,2021-11-29,2025-11-03,2025-11-04,2025-11-04,4,2,76,d-no-skew,2
32,random_forest,1,0.55,0.0,1,0,1,0.0,1.0,980,2021-11-29,2025-11-03,2025-11-04,2025-11-04,4,2,76,d-no-skew,2
33,xgboost,1,0.2,1.0,1,0,1,0.0,1.0,980,2021-11-24,2025-10-31,2025-11-03,2025-11-03,4,2,76,d-no-skew,2
33,random_forest,1,0.4,1.0,1,0,1,0.0,1.0,980,2021-11-24,2025-10-31,2025-11-03,2025-11-03,4,2,76,d-no-skew,2
34,xgboost,1,0.75,0.0,1,0,1,0.0,1.0,980,2021-11-23,2025-10-30,2025-10-31,2025-10-31,4,2,76,d-no-skew,2
34,random_forest,1,0.5,0.0,1,0,1,0.0,1.0,980,2021-11-23,2025-10-30,2025-10-31,2025-10-31,4,2,76,d-no-skew,2
35,xgboost,1,0.7,1.0,1,1,0,1.0,0.0,980,2021-11-22,2025-10-29,2025-10-30,2025-10-30,4,2,76,d-no-skew,2
35,random_forest,1,0.45,0.0,1,1,0,1.0,0.0,980,2021-11-22,2025-10-29,2025-10-30,2025-10-30,4,2,76,d-no-skew,2
36,xgboost,1,0.15,1.0,1,0,1,0.0,1.0,980,2021-11-19,2025-10-28,2025-10-29,2025-10-29,4,2,76,d-no-skew,2
36,random_forest,1,0.35,1.0,1,0,1,0.0,1.0,980,2021-11-19,2025-10-28,2025-10-29,2025-10-29,4,2,76,d-no-skew,2
37,xgboost,1,1.0,0.0,1,0,1,0.0,1.0,980,2021-11-18,2025-10-27,2025-10-28,2025-10-28,4,2,76,d-no-skew,2
37,random_forest,1,0.65,0.0,1,0,1,0.0,1.0,980,2021-11-18,2025-10-27,2025-10-28,2025-10-28,4,2,76,d-no-skew,2
38,xgboost,1,0.85,1.0,1,1,0,1.0,0.0,980,2021-11-17,2025-10-24,2025-10-27,2025-10-27,4,2,76,d-no-skew,2
38,random_forest,1,0.55,1.0,1,1,0,1.0,0.0,980,2021-11-17,2025-10-24,2025-10-27,2025-10-27,4,2,76,d-no-skew,2
39,xgboost,1,0.85,1.0,1,1,0,1.0,0.0,980,2021-11-16,2025-10-23,2025-10-24,2025-10-24,4,2,76,d-no-skew,2
39,random_forest,1,0.4,0.0,1,1,0,1.0,0.0,980,2021-11-16,2025-10-23,2025-10-24,2025-10-24,4,2,76,d-no-skew,2
40,xgboost,1,0.0,0.0,1,1,0,1.0,0.0,980,2021-11-15,2025-10-22,2025-10-23,2025-10-23,4,2,76,d-no-skew,2
40,random_forest,1,0.35,0.0,1,1,0,1.0,0.0,980,2021-11-15,2025-10-22,2025-10-23,2025-10-23,4,2,76,d-no-skew,2
41,xgboost,1,0.05,0.0,1,1,0,1.0,0.0,980,2021-11-12,2025-10-21,2025-10-22,2025-10-22,4,2,76,d-no-skew,2
41,random_forest,1,0.55,1.0,1,1,0,1.0,0.0,980,2021-11-12,2025-10-21,2025-10-22,2025-10-22,4,2,76,d-no-skew,2
42,xgboost,1,0.15,1.0,1,0,1,0.0,1.0,980,2021-11-11,2025-10-20,2025-10-21,2025-10-21,4,2,76,d-no-skew,2
42,random_forest,1,0.3,1.0,1,0,1,0.0,1.0,980,2021-11-11,2025-10-20,2025-10-21,2025-10-21,4,2,76,d-no-skew,2
43,xgboost,1,0.75,0.0,1,0,1,0.0,1.0,980,2021-11-10,2025-10-17,2025-10-20,2025-10-20,4,2,76,d-no-skew,2
43,random_forest,1,0.55,0.0,1,0,1,0.0,1.0,980,2021-11-10,2025-10-17,2025-10-20,2025-10-20,4,2,76,d-no-skew,2
44,xgboost,1,1.0,1.0,1,1,0,1.0,0.0,980,2021-11-09,2025-10-16,2025-10-17,2025-10-17,4,2,76,d-no-skew,2
44,random_forest,1,0.7,1.0,1,1,0,1.0,0.0,980,2021-11-09,2025-10-16,2025-10-17,2025-10-17,4,2,76,d-no-skew,2
45,xgboost,1,0.95,1.0,1,1,0,1.0,0.0,980,2021-11-08,2025-10-15,2025-10-16,2025-10-16,4,2,76,d-no-skew,2
45,random_forest,1,0.65,1.0,1,1,0,1.0,0.0,980,2021-11-08,2025-10-15,2025-10-16,2025-10-16,4,2,76,d-no-skew,2
46,xgboost,1,1.0,1.0,1,1,0,1.0,0.0,980,2021-11-05,2025-10-14,2025-10-15,2025-10-15,4,2,76,d-no-skew,2
46,random_forest,1,0.75,1.0,1,1,0,1.0,0.0,980,2021-11-05,2025-10-14,2025-10-15,2025-10-15,4,2,76,d-no-skew,2
47,xgboost,1,1.0,1.0,1,1,0,1.0,0.0,980,2021-11-04,2025-10-13,2025-10-14,2025-10-14,4,2,76,d-no-skew,2
47,random_forest,1,0.7,1.0,1,1,0,1.0,0.0,980,2021-11-04,2025-10-13,2025-10-14,2025-10-14,4,2,76,d-no-skew,2
48,xgboost,1,1.0,1.0,1,1,0,1.0,0.0,980,2021-11-03,2025-10-10,2025-10-13,2025-10-13,4,2,76,d-no-skew,2
48,random_forest,1,0.65,1.0,1,1,0,1.0,0.0,980,2021-11-03,2025-10-10,2025-10-13,2025-10-13,4,2,76,d-no-skew,2
49,xgboost,1,0.2,0.0,1,1,0,1.0,0.0,980,2021-11-02,2025-10-09,2025-10-10,2025-10-10,4,2,76,d-no-skew,2
49,random_forest,1,0.5,1.0,1,1,0,1.0,0.0,980,2021-11-02,2025-10-09,2025-10-10,2025-10-10,4,2,76,d-no-skew,2
50,xgboost,1,0.25,1.0,1,0,1,0.0,1.0,980,2021-11-01,2025-10-08,2025-10-09,2025-10-09,4,2,76,d-no-skew,2
50,random_forest,1,0.5,0.0,1,0,1,0.0,1.0,980,2021-11-01,2025-10-08,2025-10-09,2025-10-09,4,2,76,d-no-skew,2
51,xgboost,1,0.85,0.0,1,0,1,0.0,1.0,980,2021-10-29,2025-10-07,2025-10-08,2025-10-08,4,2,76,d-no-skew,2
51,random_forest,1,0.65,0.0,1,0,1,0.0,1.0,980,2021-10-29,2025-10-07,2025-10-08,2025-10-08,4,2,76,d-no-skew,2
52,xgboost,1,0.7,1.0,1,1,0,1.0,0.0,980,2021-10-28,2025-10-06,2025-10-07,2025-10-07,4,2,76,d-no-skew,2
52,random_forest,1,0.6,1.0,1,1,0,1.0,0.0,980,2021-10-28,2025-10-06,2025-10-07,2025-10-07,4,2,76,d-no-skew,2
53,xgboost,1,0.7,1.0,1,1,0,1.0,0.0,980,2021-10-27,2025-10-03,2025-10-06,2025-10-06,4,2,76,d-no-skew,2
53,random_forest,1,0.65,1.0,1,1,0,1.0,0.0,980,2021-10-27,2025-10-03,2025-10-06,2025-10-06,4,2,76,d-no-skew,2
54,xgboost,1,0.95,1.0,1,1,0,1.0,0.0,980,2021-10-26,2025-10-02,2025-10-03,2025-10-03,4,2,76,d-no-skew,2
54,random_forest,1,0.55,1.0,1,1,0,1.0,0.0,980,2021-10-26,2025-10-02,2025-10-03,2025-10-03,4,2,76,d-no-skew,2
55,xgboost,1,0.1,0.0,1,1,0,1.0,0.0,980,2021-10-25,2025-10-01,2025-10-02,2025-10-02,4,2,76,d-no-skew,2
55,random_forest,1,0.45,0.0,1,1,0,1.0,0.0,980,2021-10-25,2025-10-01,2025-10-02,2025-10-02,4,2,76,d-no-skew,2
56,xgboost,1,0.45,1.0,1,0,1,0.0,1.0,980,2021-10-22,2025-09-30,2025-10-01,2025-10-01,4,2,76,d-no-skew,2
56,random_forest,1,0.65,0.0,1,0,1,0.0,1.0,980,2021-10-22,2025-09-30,2025-10-01,2025-10-01,4,2,76,d-no-skew,2
57,xgboost,1,0.85,1.0,1,1,0,1.0,0.0,980,2021-10-21,2025-09-29,2025-09-30,2025-09-30,4,2,76,d-no-skew,2
57,random_forest,1,0.6,1.0,1,1,0,1.0,0.0,980,2021-10-21,2025-09-29,2025-09-30,2025-09-30,4,2,76,d-no-skew,2
58,xgboost,1,0.75,1.0,1,1,0,1.0,0.0,980,2021-10-20,2025-09-26,2025-09-29,2025-09-29,4,2,76,d-no-skew,2
58,random_forest,1,0.55,1.0,1,1,0,1.0,0.0,980,2021-10-20,2025-09-26,2025-09-29,2025-09-29,4,2,76,d-no-skew,2
59,xgboost,1,0.3,0.0,1,1,0,1.0,0.0,980,2021-10-19,2025-09-25,2025-09-26,2025-09-26,4,2,76,d-no-skew,2
59,random_forest,1,0.45,0.0,1,1,0,1.0,0.0,980,2021-10-19,2025-09-25,2025-09-26,2025-09-26,4,2,76,d-no-skew,2
60,xgboost,1,0.05,0.0,1,1,0,1.0,0.0,980,2021-10-18,2025-09-24,2025-09-25,2025-09-25,4,2,76,d-no-skew,2
60,random_forest,1,0.45,0.0,1,1,0,1.0,0.0,980,2021-10-18,2025-09-24,2025-09-25,2025-09-25,4,2,76,d-no-skew,2
61,xgboost,1,1.0,0.0,1,0,1,0.0,1.0,980,2021-10-15,2025-09-23,2025-09-24,2025-09-24,4,2,76,d-no-skew,2
61,random_forest,1,0.55,0.0,1,0,1,0.0,1.0,980,2021-10-15,2025-09-23,2025-09-24,2025-09-24,4,2,76,d-no-skew,2
62,xgboost,1,0.7,0.0,1,0,1,0.0,1.0,980,2021-10-14,2025-09-22,2025-09-23,2025-09-23,4,2,76,d-no-skew,2
62,random_forest,1,0.55,0.0,1,0,1,0.0,1.0,980,2021-10-14,2025-09-22,2025-09-23,2025-09-23,4,2,76,d-no-skew,2
63,xgboost,1,0.0,1.0,1,0,1,0.0,1.0,980,2021-10-13,2025-09-19,2025-09-22,2025-09-22,4,2,76,d-no-skew,2
63,random_forest,1,0.35,1.0,1,0,1,0.0,1.0,980,2021-10-13,2025-09-19,2025-09-22,2025-09-22,4,2,76,d-no-skew,2
64,xgboost,1,0.65,0.0,1,0,1,0.0,1.0,980,2021-10-12,2025-09-18,2025-09-19,2025-09-19,4,2,76,d-no-skew,2
64,random_forest,1,0.7,0.0,1,0,1,0.0,1.0,980,2021-10-12,2025-09-18,2025-09-19,2025-09-19,4,2,76,d-no-skew,2
65,xgboost,1,1.0,1.0,1,1,0,1.0,0.0,980,2021-10-11,2025-09-17,2025-09-18,2025-09-18,4,2,76,d-no-skew,2
65,random_forest,1,0.75,1.0,1,1,0,1.0,0.0,980,2021-10-11,2025-09-17,2025-09-18,2025-09-18,4,2,76,d-no-skew,2
66,xgboost,1,1.0,1.0,1,1,0,1.0,0.0,980,2021-10-08,2025-09-16,2025-09-17,2025-09-17,4,2,76,d-no-skew,2
66,random_forest,1,0.65,1.0,1,1,0,1.0,0.0,980,2021-10-08,2025-09-16,2025-09-17,2025-09-17,4,2,76,d-no-skew,2
67,xgboost,1,0.7,1.0,1,1,0,1.0,0.0,980,2021-10-07,2025-09-15,2025-09-16,2025-09-16,4,2,76,d-no-skew,2
67,random_forest,1,0.5,0.0,1,1,0,1.0,0.0,980,2021-10-07,2025-09-15,2025-09-16,2025-09-16,4,2,76,d-no-skew,2
68,xgboost,1,0.9,0.0,1,0,1,0.0,1.0,980,2021-10-06,2025-09-12,2025-09-15,2025-09-15,4,2,76,d-no-skew,2
68,random_forest,1,0.65,0.0,1,0,1,0.0,1.0,980,2021-10-06,2025-09-12,2025-09-15,2025-09-15,4,2,76,d-no-skew,2
69,xgboost,1,0.9,1.0,1,1,0,1.0,0.0,980,2021-10-05,2025-09-11,2025-09-12,2025-09-12,4,2,76,d-no-skew,2
69,random_forest,1,0.75,1.0,1,1,0,1.0,0.0,980,2021-10-05,2025-09-11,2025-09-12,2025-09-12,4,2,76,d-no-skew,2
70,xgboost,1,1.0,1.0,1,1,0,1.0,0.0,980,2021-10-04,2025-09-10,2025-09-11,2025-09-11,4,2,76,d-no-skew,2
70,random_forest,1,0.7,1.0,1,1,0,1.0,0.0,980,2021-10-04,2025-09-10,2025-09-11,2025-09-11,4,2,76,d-no-skew,2
71,xgboost,1,0.55,1.0,1,1,0,1.0,0.0,980,2021-10-01,2025-09-09,2025-09-10,2025-09-10,4,2,76,d-no-skew,2
71,random_forest,1,0.65,1.0,1,1,0,1.0,0.0,980,2021-10-01,2025-09-09,2025-09-10,2025-09-10,4,2,76,d-no-skew,2
72,xgboost,1,0.95,1.0,1,1,0,1.0,0.0,980,2021-09-30,2025-09-08,2025-09-09,2025-09-09,4,2,76,d-no-skew,2
72,random_forest,1,0.7,1.0,1,1,0,1.0,0.0,980,2021-09-30,2025-09-08,2025-09-09,2025-09-09,4,2,76,d-no-skew,2
73,xgboost,1,0.85,1.0,1,1,0,1.0,0.0,980,2021-09-29,2025-09-05,2025-09-08,2025-09-08,4,2,76,d-no-skew,2
73,random_forest,1,0.65,1.0,1,1,0,1.0,0.0,980,2021-09-29,2025-09-05,2025-09-08,2025-09-08,4,2,76,d-no-skew,2
74,xgboost,1,1.0,1.0,1,1,0,1.0,0.0,980,2021-09-28,2025-09-04,2025-09-05,2025-09-05,4,2,76,d-no-skew,2
74,random_forest,1,0.65,1.0,1,1,0,1.0,0.0,980,2021-09-28,2025-09-04,2025-09-05,2025-09-05,4,2,76,d-no-skew,2
75,xgboost,1,0.9,1.0,1,1,0,1.0,0.0,980,2021-09-27,2025-09-03,2025-09-04,2025-09-04,4,2,76,d-no-skew,2
75,random_forest,1,0.45,0.0,1,1,0,1.0,0.0,980,2021-09-27,2025-09-03,2025-09-04,2025-09-04,4,2,76,d-no-skew,2
76,xgboost,1,0.35,0.0,1,1,0,1.0,0.0,980,2021-09-24,2025-09-02,2025-09-03,2025-09-03,4,2,76,d-no-skew,2
76,random_forest,1,0.45,0.0,1,1,0,1.0,0.0,980,2021-09-24,2025-09-02,2025-09-03,2025-09-03,4,2,76,d-no-skew,2
77,xgboost,1,0.6,1.0,1,1,0,1.0,0.0,980,2021-09-23,2025-08-29,2025-09-02,2025-09-02,4,2,76,d-no-skew,2
77,random_forest,1,0.5,1.0,1,1,0,1.0,0.0,980,2021-09-23,2025-08-29,2025-09-02,2025-09-02,4,2,76,d-no-skew,2
78,xgboost,1,0.3,1.0,1,0,1,0.0,1.0,980,2021-09-22,2025-08-28,2025-08-29,2025-08-29,4,2,76,d-no-skew,2
78,random_forest,1,0.5,1.0,1,0,1,0.0,1.0,980,2021-09-22,2025-08-28,2025-08-29,2025-08-29,4,2,76,d-no-skew,2
79,xgboost,1,0.65,0.0,1,0,1,0.0,1.0,980,2021-09-21,2025-08-27,2025-08-28,2025-08-28,4,2,76,d-no-skew,2
79,random_forest,1,0.45,1.0,1,0,1,0.0,1.0,980,2021-09-21,2025-08-27,2025-08-28,2025-08-28,4,2,76,d-no-skew,2
80,xgboost,1,0.95,0.0,1,0,1,0.0,1.0,980,2021-09-20,2025-08-26,2025-08-27,2025-08-27,4,2,76,d-no-skew,2
80,random_forest,1,0.65,0.0,1,0,1,0.0,1.0,980,2021-09-20,2025-08-26,2025-08-27,2025-08-27,4,2,76,d-no-skew,2
81,xgboost,1,0.95,1.0,1,1,0,1.0,0.0,980,2021-09-17,2025-08-25,2025-08-26,2025-08-26,4,2,76,d-no-skew,2
81,random_forest,1,0.65,1.0,1,1,0,1.0,0.0,980,2021-09-17,2025-08-25,2025-08-26,2025-08-26,4,2,76,d-no-skew,2
82,xgboost,1,0.8,1.0,1,1,0,1.0,0.0,980,2021-09-16,2025-08-22,2025-08-25,2025-08-25,4,2,76,d-no-skew,2
82,random_forest,1,0.55,1.0,1,1,0,1.0,0.0,980,2021-09-16,2025-08-22,2025-08-25,2025-08-25,4,2,76,d-no-skew,2
83,xgboost,1,0.85,1.0,1,1,0,1.0,0.0,980,2021-09-15,2025-08-21,2025-08-22,2025-08-22,4,2,76,d-no-skew,2
83,random_forest,1,0.6,1.0,1,1,0,1.0,0.0,980,2021-09-15,2025-08-21,2025-08-22,2025-08-22,4,2,76,d-no-skew,2
84,xgboost,1,1.0,1.0,1,1,0,1.0,0.0,980,2021-09-14,2025-08-20,2025-08-21,2025-08-21,4,2,76,d-no-skew,2
84,random_forest,1,0.75,1.0,1,1,0,1.0,0.0,980,2021-09-14,2025-08-20,2025-08-21,2025-08-21,4,2,76,d-no-skew,2
85,xgboost,1,0.95,1.0,1,1,0,1.0,0.0,980,2021-09-13,2025-08-19,2025-08-20,2025-08-20,4,2,76,d-no-skew,2
85,random_forest,1,0.7,1.0,1,1,0,1.0,0.0,980,2021-09-13,2025-08-19,2025-08-20,2025-08-20,4,2,76,d-no-skew,2
86,xgboost,1,0.05,1.0,1,0,1,0.0,1.0,980,2021-09-10,2025-08-18,2025-08-19,2025-08-19,4,2,76,d-no-skew,2
86,random_forest,1,0.55,0.0,1,0,1,0.0,1.0,980,2021-09-10,2025-08-18,2025-08-19,2025-08-19,4,2,76,d-no-skew,2
87,xgboost,1,0.1,1.0,1,0,1,0.0,1.0,980,2021-09-09,2025-08-15,2025-08-18,2025-08-18,4,2,76,d-no-skew,2
87,random_forest,1,0.45,1.0,1,0,1,0.0,1.0,980,2021-09-09,2025-08-15,2025-08-18,2025-08-18,4,2,76,d-no-skew,2
88,xgboost,1,0.15,1.0,1,0,1,0.0,1.0,980,2021-09-08,2025-08-14,2025-08-15,2025-08-15,4,2,76,d-no-skew,2
88,random_forest,1,0.5,1.0,1,0,1,0.0,1.0,980,2021-09-08,2025-08-14,2025-08-15,2025-08-15,4,2,76,d-no-skew,2
89,xgboost,1,0.45,1.0,1,0,1,0.0,1.0,980,2021-09-07,2025-08-13,2025-08-14,2025-08-14,4,2,76,d-no-skew,2
89,random_forest,1,0.45,1.0,1,0,1,0.0,1.0,980,2021-09-07,2025-08-13,2025-08-14,2025-08-14,4,2,76,d-no-skew,2
90,xgboost,1,0.95,0.0,1,0,1,0.0,1.0,980,2021-09-03,2025-08-12,2025-08-13,2025-08-13,4,2,76,d-no-skew,2
90,random_forest,1,0.45,1.0,1,0,1,0.0,1.0,980,2021-09-03,2025-08-12,2025-08-13,2025-08-13,4,2,76,d-no-skew,2
91,xgboost,1,1.0,0.0,1,0,1,0.0,1.0,980,2021-09-02,2025-08-11,2025-08-12,2025-08-12,4,2,76,d-no-skew,2
91,random_forest,1,0.75,0.0,1,0,1,0.0,1.0,980,2021-09-02,2025-08-11,2025-08-12,2025-08-12,4,2,76,d-no-skew,2
92,xgboost,1,0.35,0.0,1,1,0,1.0,0.0,980,2021-09-01,2025-08-08,2025-08-11,2025-08-11,4,2,76,d-no-skew,2
92,random_forest,1,0.65,1.0,1,1,0,1.0,0.0,980,2021-09-01,2025-08-08,2025-08-11,2025-08-11,4,2,76,d-no-skew,2
93,xgboost,1,0.9,1.0,1,1,0,1.0,0.0,980,2021-08-31,2025-08-07,2025-08-08,2025-08-08,4,2,76,d-no-skew,2
93,random_forest,1,0.6,1.0,1,1,0,1.0,0.0,980,2021-08-31,2025-08-07,2025-08-08,2025-08-08,4,2,76,d-no-skew,2
94,xgboost,1,0.45,0.0,1,1,0,1.0,0.0,980,2021-08-30,2025-08-06,2025-08-07,2025-08-07,4,2,76,d-no-skew,2
94,random_forest,1,0.65,1.0,1,1,0,1.0,0.0,980,2021-08-30,2025-08-06,2025-08-07,2025-08-07,4,2,76,d-no-skew,2
95,xgboost,1,0.65,1.0,1,1,0,1.0,0.0,980,2021-08-27,2025-08-05,2025-08-06,2025-08-06,4,2,76,d-no-skew,2
95,random_forest,1,0.65,1.0,1,1,0,1.0,0.0,980,2021-08-27,2025-08-05,2025-08-06,2025-08-06,4,2,76,d-no-skew,2
96,xgboost,1,0.25,0.0,1,1,0,1.0,0.0,980,2021-08-26,2025-08-04,2025-08-05,2025-08-05,4,2,76,d-no-skew,2
96,random_forest,1,0.65,1.0,1,1,0,1.0,0.0,980,2021-08-26,2025-08-04,2025-08-05,2025-08-05,4,2,76,d-no-skew,2
97,xgboost,1,0.45,0.0,1,1,0,1.0,0.0,980,2021-08-25,2025-08-01,2025-08-04,2025-08-04,4,2,76,d-no-skew,2
97,random_forest,1,0.55,1.0,1,1,0,1.0,0.0,980,2021-08-25,2025-08-01,2025-08-04,2025-08-04,4,2,76,d-no-skew,2
98,xgboost,1,0.1,0.0,1,1,0,1.0,0.0,980,2021-08-24,2025-07-31,2025-08-01,2025-08-01,4,2,76,d-no-skew,2
98,random_forest,1,0.5,0.0,1,1,0,1.0,0.0,980,2021-08-24,2025-07-31,2025-08-01,2025-08-01,4,2,76,d-no-skew,2
99,xgboost,1,0.9,0.0,1,0,1,0.0,1.0,980,2021-08-23,2025-07-30,2025-07-31,2025-07-31,4,2,76,d-no-skew,2
99,random_forest,1,0.6,0.0,1,0,1,0.0,1.0,980,2021-08-23,2025-07-30,2025-07-31,2025-07-31,4,2,76,d-no-skew,2
100,xgboost,1,0.5,0.0,1,0,1,0.0,1.0,980,2021-08-20,2025-07-29,2025-07-30,2025-07-30,4,2,76,d-no-skew,2
100,random_forest,1,0.45,1.0,1,0,1,0.0,1.0,980,2021-08-20,2025-07-29,2025-07-30,2025-07-30,4,2,76,d-no-skew,2
101,xgboost,1,0.1,1.0,1,0,1,0.0,1.0,980,2021-08-19,2025-07-28,2025-07-29,2025-07-29,4,2,76,d-no-skew,2
101,random_forest,1,0.6,0.0,1,0,1,0.0,1.0,980,2021-08-19,2025-07-28,2025-07-29,2025-07-29,4,2,76,d-no-skew,2
102,xgboost,1,1.0,0.0,1,0,1,0.0,1.0,980,2021-08-18,2025-07-25,2025-07-28,2025-07-28,4,2,76,d-no-skew,2
102,random_forest,1,0.65,0.0,1,0,1,0.0,1.0,980,2021-08-18,2025-07-25,2025-07-28,2025-07-28,4,2,76,d-no-skew,2
103,xgboost,1,0.95,1.0,1,1,0,1.0,0.0,980,2021-08-17,2025-07-24,2025-07-25,2025-07-25,4,2,76,d-no-skew,2
103,random_forest,1,0.6,1.0,1,1,0,1.0,0.0,980,2021-08-17,2025-07-24,2025-07-25,2025-07-25,4,2,76,d-no-skew,2
104,xgboost,1,0.85,1.0,1,1,0,1.0,0.0,980,2021-08-16,2025-07-23,2025-07-24,2025-07-24,4,2,76,d-no-skew,2
104,random_forest,1,0.65,1.0,1,1,0,1.0,0.0,980,2021-08-16,2025-07-23,2025-07-24,2025-07-24,4,2,76,d-no-skew,2
105,xgboost,1,0.9,1.0,1,1,0,1.0,0.0,980,2021-08-13,2025-07-22,2025-07-23,2025-07-23,4,2,76,d-no-skew,2
105,random_forest,1,0.65,1.0,1,1,0,1.0,0.0,980,2021-08-13,2025-07-22,2025-07-23,2025-07-23,4,2,76,d-no-skew,2
106,xgboost,1,1.0,1.0,1,1,0,1.0,0.0,980,2021-08-12,2025-07-21,2025-07-22,2025-07-22,4,2,76,d-no-skew,2
106,random_forest,1,0.65,1.0,1,1,0,1.0,0.0,980,2021-08-12,2025-07-21,2025-07-22,2025-07-22,4,2,76,d-no-skew,2
107,xgboost,1,0.3,1.0,1,0,1,0.0,1.0,980,2021-08-11,2025-07-18,2025-07-21,2025-07-21,4,2,76,d-no-skew,2
107,random_forest,1,0.55,0.0,1,0,1,0.0,1.0,980,2021-08-11,2025-07-18,2025-07-21,2025-07-21,4,2,76,d-no-skew,2
108,xgboost,1,0.9,0.0,1,0,1,0.0,1.0,980,2021-08-10,2025-07-17,2025-07-18,2025-07-18,4,2,76,d-no-skew,2
108,random_forest,1,0.75,0.0,1,0,1,0.0,1.0,980,2021-08-10,2025-07-17,2025-07-18,2025-07-18,4,2,76,d-no-skew,2
109,xgboost,1,0.4,0.0,1,1,0,1.0,0.0,980,2021-08-09,2025-07-16,2025-07-17,2025-07-17,4,2,76,d-no-skew,2
109,random_forest,1,0.6,1.0,1,1,0,1.0,0.0,980,2021-08-09,2025-07-16,2025-07-17,2025-07-17,4,2,76,d-no-skew,2
110,xgboost,1,1.0,1.0,1,1,0,1.0,0.0,980,2021-08-06,2025-07-15,2025-07-16,2025-07-16,4,2,76,d-no-skew,2
110,random_forest,1,0.65,1.0,1,1,0,1.0,0.0,980,2021-08-06,2025-07-15,2025-07-16,2025-07-16,4,2,76,d-no-skew,2
111,xgboost,1,1.0,1.0,1,1,0,1.0,0.0,980,2021-08-05,2025-07-14,2025-07-15,2025-07-15,4,2,76,d-no-skew,2
111,random_forest,1,0.65,1.0,1,1,0,1.0,0.0,980,2021-08-05,2025-07-14,2025-07-15,2025-07-15,4,2,76,d-no-skew,2
112,xgboost,1,0.9,1.0,1,1,0,1.0,0.0,980,2021-08-04,2025-07-11,2025-07-14,2025-07-14,4,2,76,d-no-skew,2
112,random_forest,1,0.7,1.0,1,1,0,1.0,0.0,980,2021-08-04,2025-07-11,2025-07-14,2025-07-14,4,2,76,d-no-skew,2
113,xgboost,1,1.0,1.0,1,1,0,1.0,0.0,980,2021-08-03,2025-07-10,2025-07-11,2025-07-11,4,2,76,d-no-skew,2
113,random_forest,1,0.75,1.0,1,1,0,1.0,0.0,980,2021-08-03,2025-07-10,2025-07-11,2025-07-11,4,2,76,d-no-skew,2
114,xgboost,1,0.85,1.0,1,1,0,1.0,0.0,980,2021-08-02,2025-07-09,2025-07-10,2025-07-10,4,2,76,d-no-skew,2
114,random_forest,1,0.65,1.0,1,1,0,1.0,0.0,980,2021-08-02,2025-07-09,2025-07-10,2025-07-10,4,2,76,d-no-skew,2
115,xgboost,1,1.0,0.0,1,0,1,0.0,1.0,980,2021-07-30,2025-07-08,2025-07-09,2025-07-09,4,2,76,d-no-skew,2
115,random_forest,1,0.7,0.0,1,0,1,0.0,1.0,980,2021-07-30,2025-07-08,2025-07-09,2025-07-09,4,2,76,d-no-skew,2
116,xgboost,1,1.0,1.0,1,1,0,1.0,0.0,980,2021-07-29,2025-07-07,2025-07-08,2025-07-08,4,2,76,d-no-skew,2
116,random_forest,1,0.75,1.0,1,1,0,1.0,0.0,980,2021-07-29,2025-07-07,2025-07-08,2025-07-08,4,2,76,d-no-skew,2
117,xgboost,1,1.0,1.0,1,1,0,1.0,0.0,980,2021-07-28,2025-07-02,2025-07-07,2025-07-07,4,2,76,d-no-skew,2
117,random_forest,1,0.65,1.0,1,1,0,1.0,0.0,980,2021-07-28,2025-07-02,2025-07-07,2025-07-07,4,2,76,d-no-skew,2
118,xgboost,1,0.2,0.0,1,1,0,1.0,0.0,980,2021-07-27,2025-07-01,2025-07-02,2025-07-02,4,2,76,d-no-skew,2
118,random_forest,1,0.5,0.0,1,1,0,1.0,0.0,980,2021-07-27,2025-07-01,2025-07-02,2025-07-02,4,2,76,d-no-skew,2
119,xgboost,1,0.5,0.0,1,1,0,1.0,0.0,980,2021-07-26,2025-06-30,2025-07-01,2025-07-01,4,2,76,d-no-skew,2
119,random_forest,1,0.45,0.0,1,1,0,1.0,0.0,980,2021-07-26,2025-06-30,2025-07-01,2025-07-01,4,2,76,d-no-skew,2
120,xgboost,1,0.15,1.0,1,0,1,0.0,1.0,980,2021-07-23,2025-06-27,2025-06-30,2025-06-30,4,2,76,d-no-skew,2
120,random_forest,1,0.5,1.0,1,0,1,0.0,1.0,980,2021-07-23,2025-06-27,2025-06-30,2025-06-30,4,2,76,d-no-skew,2
121,xgboost,1,1.0,0.0,1,0,1,0.0,1.0,980,2021-07-22,2025-06-26,2025-06-27,2025-06-27,4,2,76,d-no-skew,2
121,random_forest,1,0.75,0.0,1,0,1,0.0,1.0,980,2021-07-22,2025-06-26,2025-06-27,2025-06-27,4,2,76,d-no-skew,2
122,xgboost,1,1.0,1.0,1,1,0,1.0,0.0,980,2021-07-21,2025-06-25,2025-06-26,2025-06-26,4,2,76,d-no-skew,2
122,random_forest,1,0.7,1.0,1,1,0,1.0,0.0,980,2021-07-21,2025-06-25,2025-06-26,2025-06-26,4,2,76,d-no-skew,2
123,xgboost,1,1.0,1.0,1,1,0,1.0,0.0,980,2021-07-20,2025-06-24,2025-06-25,2025-06-25,4,2,76,d-no-skew,2
123,random_forest,1,0.65,1.0,1,1,0,1.0,0.0,980,2021-07-20,2025-06-24,2025-06-25,2025-06-25,4,2,76,d-no-skew,2
124,xgboost,1,0.65,1.0,1,1,0,1.0,0.0,980,2021-07-19,2025-06-23,2025-06-24,2025-06-24,4,2,76,d-no-skew,2
124,random_forest,1,0.5,1.0,1,1,0,1.0,0.0,980,2021-07-19,2025-06-23,2025-06-24,2025-06-24,4,2,76,d-no-skew,2
125,xgboost,1,0.7,1.0,1,1,0,1.0,0.0,980,2021-07-16,2025-06-20,2025-06-23,2025-06-23,4,2,76,d-no-skew,2
125,random_forest,1,0.55,1.0,1,1,0,1.0,0.0,980,2021-07-16,2025-06-20,2025-06-23,2025-06-23,4,2,76,d-no-skew,2
126,xgboost,1,0.75,1.0,1,1,0,1.0,0.0,980,2021-07-15,2025-06-18,2025-06-20,2025-06-20,4,2,76,d-no-skew,2
126,random_forest,1,0.65,1.0,1,1,0,1.0,0.0,980,2021-07-15,2025-06-18,2025-06-20,2025-06-20,4,2,76,d-no-skew,2
127,xgboost,1,0.7,1.0,1,1,0,1.0,0.0,980,2021-07-14,2025-06-17,2025-06-18,2025-06-18,4,2,76,d-no-skew,2
127,random_forest,1,0.5,0.0,1,1,0,1.0,0.0,980,2021-07-14,2025-06-17,2025-06-18,2025-06-18,4,2,76,d-no-skew,2
128,xgboost,1,0.4,1.0,1,0,1,0.0,1.0,980,2021-07-13,2025-06-16,2025-06-17,2025-06-17,4,2,76,d-no-skew,2
128,random_forest,1,0.55,0.0,1,0,1,0.0,1.0,980,2021-07-13,2025-06-16,2025-06-17,2025-06-17,4,2,76,d-no-skew,2
129,xgboost,1,0.9,0.0,1,0,1,0.0,1.0,980,2021-07-12,2025-06-13,2025-06-16,2025-06-16,4,2,76,d-no-skew,2
129,random_forest,1,0.6,0.0,1,0,1,0.0,1.0,980,2021-07-12,2025-06-13,2025-06-16,2025-06-16,4,2,76,d-no-skew,2
130,xgboost,1,1.0,1.0,1,1,0,1.0,0.0,980,2021-07-09,2025-06-12,2025-06-13,2025-06-13,4,2,76,d-no-skew,2
130,random_forest,1,0.7,1.0,1,1,0,1.0,0.0,980,2021-07-09,2025-06-12,2025-06-13,2025-06-13,4,2,76,d-no-skew,2
131,xgboost,1,0.85,1.0,1,1,0,1.0,0.0,980,2021-07-08,2025-06-11,2025-06-12,2025-06-12,4,2,76,d-no-skew,2
131,random_forest,1,0.5,1.0,1,1,0,1.0,0.0,980,2021-07-08,2025-06-11,2025-06-12,2025-06-12,4,2,76,d-no-skew,2
132,xgboost,1,0.8,0.0,1,0,1,0.0,1.0,980,2021-07-07,2025-06-10,2025-06-11,2025-06-11,4,2,76,d-no-skew,2
132,random_forest,1,0.6,0.0,1,0,1,0.0,1.0,980,2021-07-07,2025-06-10,2025-06-11,2025-06-11,4,2,76,d-no-skew,2
133,xgboost,1,0.95,0.0,1,0,1,0.0,1.0,980,2021-07-06,2025-06-09,2025-06-10,2025-06-10,4,2,76,d-no-skew,2
133,random_forest,1,0.7,0.0,1,0,1,0.0,1.0,980,2021-07-06,2025-06-09,2025-06-10,2025-06-10,4,2,76,d-no-skew,2
134,xgboost,1,1.0,1.0,1,1,0,1.0,0.0,980,2021-07-02,2025-06-06,2025-06-09,2025-06-09,4,2,76,d-no-skew,2
134,random_forest,1,0.65,1.0,1,1,0,1.0,0.0,980,2021-07-02,2025-06-06,2025-06-09,2025-06-09,4,2,76,d-no-skew,2
135,xgboost,1,0.95,1.0,1,1,0,1.0,0.0,980,2021-07-01,2025-06-05,2025-06-06,2025-06-06,4,2,76,d-no-skew,2
135,random_forest,1,0.6,1.0,1,1,0,1.0,0.0,980,2021-07-01,2025-06-05,2025-06-06,2025-06-06,4,2,76,d-no-skew,2
136,xgboost,1,0.05,0.0,1,1,0,1.0,0.0,980,2021-06-30,2025-06-04,2025-06-05,2025-06-05,4,2,76,d-no-skew,2
136,random_forest,1,0.6,1.0,1,1,0,1.0,0.0,980,2021-06-30,2025-06-04,2025-06-05,2025-06-05,4,2,76,d-no-skew,2
137,xgboost,1,0.1,0.0,1,1,0,1.0,0.0,980,2021-06-29,2025-06-03,2025-06-04,2025-06-04,4,2,76,d-no-skew,2
137,random_forest,1,0.35,0.0,1,1,0,1.0,0.0,980,2021-06-29,2025-06-03,2025-06-04,2025-06-04,4,2,76,d-no-skew,2
138,xgboost,1,0.4,1.0,1,0,1,0.0,1.0,980,2021-06-28,2025-06-02,2025-06-03,2025-06-03,4,2,76,d-no-skew,2
138,random_forest,1,0.65,0.0,1,0,1,0.0,1.0,980,2021-06-28,2025-06-02,2025-06-03,2025-06-03,4,2,76,d-no-skew,2
139,xgboost,1,0.7,1.0,1,1,0,1.0,0.0,980,2021-06-25,2025-05-30,2025-06-02,2025-06-02,4,2,76,d-no-skew,2
139,random_forest,1,0.6,1.0,1,1,0,1.0,0.0,980,2021-06-25,2025-05-30,2025-06-02,2025-06-02,4,2,76,d-no-skew,2
140,xgboost,1,1.0,1.0,1,1,0,1.0,0.0,980,2021-06-24,2025-05-29,2025-05-30,2025-05-30,4,2,76,d-no-skew,2
140,random_forest,1,0.6,1.0,1,1,0,1.0,0.0,980,2021-06-24,2025-05-29,2025-05-30,2025-05-30,4,2,76,d-no-skew,2
141,xgboost,1,0.5,0.0,1,1,0,1.0,0.0,980,2021-06-23,2025-05-28,2025-05-29,2025-05-29,4,2,76,d-no-skew,2
141,random_forest,1,0.5,1.0,1,1,0,1.0,0.0,980,2021-06-23,2025-05-28,2025-05-29,2025-05-29,4,2,76,d-no-skew,2
142,xgboost,1,1.0,1.0,1,1,0,1.0,0.0,980,2021-06-22,2025-05-27,2025-05-28,2025-05-28,4,2,76,d-no-skew,2
142,random_forest,1,0.5,1.0,1,1,0,1.0,0.0,980,2021-06-22,2025-05-27,2025-05-28,2025-05-28,4,2,76,d-no-skew,2
143,xgboost,1,0.5,1.0,1,0,1,0.0,1.0,980,2021-06-21,2025-05-23,2025-05-27,2025-05-27,4,2,76,d-no-skew,2
143,random_forest,1,0.55,0.0,1,0,1,0.0,1.0,980,2021-06-21,2025-05-23,2025-05-27,2025-05-27,4,2,76,d-no-skew,2
144,xgboost,1,0.95,1.0,1,1,0,1.0,0.0,980,2021-06-18,2025-05-22,2025-05-23,2025-05-23,4,2,76,d-no-skew,2
144,random_forest,1,0.55,1.0,1,1,0,1.0,0.0,980,2021-06-18,2025-05-22,2025-05-23,2025-05-23,4,2,76,d-no-skew,2
145,xgboost,1,0.05,0.0,1,1,0,1.0,0.0,980,2021-06-17,2025-05-21,2025-05-22,2025-05-22,4,2,76,d-no-skew,2
145,random_forest,1,0.45,0.0,1,1,0,1.0,0.0,980,2021-06-17,2025-05-21,2025-05-22,2025-05-22,4,2,76,d-no-skew,2
146,xgboost,1,0.2,1.0,1,0,1,0.0,1.0,980,2021-06-16,2025-05-20,2025-05-21,2025-05-21,4,2,76,d-no-skew,2
146,random_forest,1,0.5,0.0,1,0,1,0.0,1.0,980,2021-06-16,2025-05-20,2025-05-21,2025-05-21,4,2,76,d-no-skew,2
147,xgboost,1,0.1,1.0,1,0,1,0.0,1.0,980,2021-06-15,2025-05-19,2025-05-20,2025-05-20,4,2,76,d-no-skew,2
147,random_forest,1,0.4,1.0,1,0,1,0.0,1.0,980,2021-06-15,2025-05-19,2025-05-20,2025-05-20,4,2,76,d-no-skew,2
148,xgboost,1,0.0,1.0,1,0,1,0.0,1.0,980,2021-06-14,2025-05-16,2025-05-19,2025-05-19,4,2,76,d-no-skew,2
148,random_forest,1,0.4,1.0,1,0,1,0.0,1.0,980,2021-06-14,2025-05-16,2025-05-19,2025-05-19,4,2,76,d-no-skew,2
149,xgboost,1,0.65,0.0,1,0,1,0.0,1.0,980,2021-06-11,2025-05-15,2025-05-16,2025-05-16,4,2,76,d-no-skew,2
149,random_forest,1,0.65,0.0,1,0,1,0.0,1.0,980,2021-06-11,2025-05-15,2025-05-16,2025-05-16,4,2,76,d-no-skew,2
150,xgboost,1,0.9,1.0,1,1,0,1.0,0.0,980,2021-06-10,2025-05-14,2025-05-15,2025-05-15,4,2,76,d-no-skew,2
150,random_forest,1,0.65,1.0,1,1,0,1.0,0.0,980,2021-06-10,2025-05-14,2025-05-15,2025-05-15,4,2,76,d-no-skew,2
151,xgboost,1,0.15,0.0,1,1,0,1.0,0.0,980,2021-06-09,2025-05-13,2025-05-14,2025-05-14,4,2,76,d-no-skew,2
151,random_forest,1,0.55,1.0,1,1,0,1.0,0.0,980,2021-06-09,2025-05-13,2025-05-14,2025-05-14,4,2,76,d-no-skew,2
152,xgboost,1,0.15,0.0,1,1,0,1.0,0.0,980,2021-06-08,2025-05-12,2025-05-13,2025-05-13,4,2,76,d-no-skew,2
152,random_forest,1,0.55,1.0,1,1,0,1.0,0.0,980,2021-06-08,2025-05-12,2025-05-13,2025-05-13,4,2,76,d-no-skew,2
153,xgboost,1,0.15,0.0,1,1,0,1.0,0.0,980,2021-06-07,2025-05-09,2025-05-12,2025-05-12,4,2,76,d-no-skew,2
153,random_forest,1,0.4,0.0,1,1,0,1.0,0.0,980,2021-06-07,2025-05-09,2025-05-12,2025-05-12,4,2,76,d-no-skew,2
154,xgboost,1,0.95,1.0,1,1,0,1.0,0.0,980,2021-06-04,2025-05-08,2025-05-09,2025-05-09,4,2,76,d-no-skew,2
154,random_forest,1,0.65,1.0,1,1,0,1.0,0.0,980,2021-06-04,2025-05-08,2025-05-09,2025-05-09,4,2,76,d-no-skew,2
155,xgboost,1,0.6,1.0,1,1,0,1.0,0.0,980,2021-06-03,2025-05-07,2025-05-08,2025-05-08,4,2,76,d-no-skew,2
155,random_forest,1,0.45,0.0,1,1,0,1.0,0.0,980,2021-06-03,2025-05-07,2025-05-08,2025-05-08,4,2,76,d-no-skew,2
156,xgboost,1,0.5,1.0,1,1,0,1.0,0.0,980,2021-06-02,2025-05-06,2025-05-07,2025-05-07,4,2,76,d-no-skew,2
156,random_forest,1,0.65,1.0,1,1,0,1.0,0.0,980,2021-06-02,2025-05-06,2025-05-07,2025-05-07,4,2,76,d-no-skew,2
157,xgboost,1,0.8,1.0,1,1,0,1.0,0.0,980,2021-06-01,2025-05-05,2025-05-06,2025-05-06,4,2,76,d-no-skew,2
157,random_forest,1,0.5,0.0,1,1,0,1.0,0.0,980,2021-06-01,2025-05-05,2025-05-06,2025-05-06,4,2,76,d-no-skew,2
158,xgboost,1,0.55,0.0,1,0,1,0.0,1.0,980,2021-05-28,2025-05-02,2025-05-05,2025-05-05,4,2,76,d-no-skew,2
158,random_forest,1,0.45,1.0,1,0,1,0.0,1.0,980,2021-05-28,2025-05-02,2025-05-05,2025-05-05,4,2,76,d-no-skew,2
159,xgboost,1,0.6,0.0,1,0,1,0.0,1.0,980,2021-05-27,2025-05-01,2025-05-02,2025-05-02,4,2,76,d-no-skew,2
159,random_forest,1,0.7,0.0,1,0,1,0.0,1.0,980,2021-05-27,2025-05-01,2025-05-02,2025-05-02,4,2,76,d-no-skew,2
160,xgboost,1,0.9,1.0,1,1,0,1.0,0.0,980,2021-05-26,2025-04-30,2025-05-01,2025-05-01,4,2,76,d-no-skew,2
160,random_forest,1,0.75,1.0,1,1,0,1.0,0.0,980,2021-05-26,2025-04-30,2025-05-01,2025-05-01,4,2,76,d-no-skew,2
161,xgboost,1,0.95,1.0,1,1,0,1.0,0.0,980,2021-05-25,2025-04-29,2025-04-30,2025-04-30,4,2,76,d-no-skew,2
161,random_forest,1,0.75,1.0,1,1,0,1.0,0.0,980,2021-05-25,2025-04-29,2025-04-30,2025-04-30,4,2,76,d-no-skew,2
162,xgboost,1,1.0,1.0,1,1,0,1.0,0.0,980,2021-05-24,2025-04-28,2025-04-29,2025-04-29,4,2,76,d-no-skew,2
162,random_forest,1,0.7,1.0,1,1,0,1.0,0.0,980,2021-05-24,2025-04-28,2025-04-29,2025-04-29,4,2,76,d-no-skew,2
163,xgboost,1,0.8,1.0,1,1,0,1.0,0.0,980,2021-05-21,2025-04-25,2025-04-28,2025-04-28,4,2,76,d-no-skew,2
163,random_forest,1,0.6,1.0,1,1,0,1.0,0.0,980,2021-05-21,2025-04-25,2025-04-28,2025-04-28,4,2,76,d-no-skew,2
164,xgboost,1,0.0,0.0,1,1,0,1.0,0.0,980,2021-05-20,2025-04-24,2025-04-25,2025-04-25,4,2,76,d-no-skew,2
164,random_forest,1,0.55,1.0,1,1,0,1.0,0.0,980,2021-05-20,2025-04-24,2025-04-25,2025-04-25,4,2,76,d-no-skew,2
165,xgboost,1,0.2,0.0,1,1,0,1.0,0.0,980,2021-05-19,2025-04-23,2025-04-24,2025-04-24,4,2,76,d-no-skew,2
165,random_forest,1,0.45,0.0,1,1,0,1.0,0.0,980,2021-05-19,2025-04-23,2025-04-24,2025-04-24,4,2,76,d-no-skew,2
166,xgboost,1,0.2,0.0,1,1,0,1.0,0.0,980,2021-05-18,2025-04-22,2025-04-23,2025-04-23,4,2,76,d-no-skew,2
166,random_forest,1,0.55,1.0,1,1,0,1.0,0.0,980,2021-05-18,2025-04-22,2025-04-23,2025-04-23,4,2,76,d-no-skew,2
167,xgboost,1,1.0,1.0,1,1,0,1.0,0.0,980,2021-05-17,2025-04-21,2025-04-22,2025-04-22,4,2,76,d-no-skew,2
167,random_forest,1,0.65,1.0,1,1,0,1.0,0.0,980,2021-05-17,2025-04-21,2025-04-22,2025-04-22,4,2,76,d-no-skew,2
168,xgboost,1,1.0,1.0,1,1,0,1.0,0.0,980,2021-05-14,2025-04-17,2025-04-21,2025-04-21,4,2,76,d-no-skew,2
168,random_forest,1,0.55,1.0,1,1,0,1.0,0.0,980,2021-05-14,2025-04-17,2025-04-21,2025-04-21,4,2,76,d-no-skew,2
169,xgboost,1,0.2,0.0,1,1,0,1.0,0.0,980,2021-05-13,2025-04-16,2025-04-17,2025-04-17,4,2,76,d-no-skew,2
169,random_forest,1,0.35,0.0,1,1,0,1.0,0.0,980,2021-05-13,2025-04-16,2025-04-17,2025-04-17,4,2,76,d-no-skew,2
170,xgboost,1,0.8,0.0,1,0,1,0.0,1.0,980,2021-05-12,2025-04-15,2025-04-16,2025-04-16,4,2,76,d-no-skew,2
170,random_forest,1,0.55,0.0,1,0,1,0.0,1.0,980,2021-05-12,2025-04-15,2025-04-16,2025-04-16,4,2,76,d-no-skew,2
171,xgboost,1,0.0,1.0,1,0,1,0.0,1.0,980,2021-05-11,2025-04-14,2025-04-15,2025-04-15,4,2,76,d-no-skew,2
171,random_forest,1,0.3,1.0,1,0,1,0.0,1.0,980,2021-05-11,2025-04-14,2025-04-15,2025-04-15,4,2,76,d-no-skew,2
172,xgboost,1,0.1,1.0,1,0,1,0.0,1.0,980,2021-05-10,2025-04-11,2025-04-14,2025-04-14,4,2,76,d-no-skew,2
172,random_forest,1,0.5,1.0,1,0,1,0.0,1.0,980,2021-05-10,2025-04-11,2025-04-14,2025-04-14,4,2,76,d-no-skew,2
173,xgboost,1,0.25,0.0,1,1,0,1.0,0.0,980,2021-05-07,2025-04-10,2025-04-11,2025-04-11,4,2,76,d-no-skew,2
173,random_forest,1,0.5,0.0,1,1,0,1.0,0.0,980,2021-05-07,2025-04-10,2025-04-11,2025-04-11,4,2,76,d-no-skew,2
174,xgboost,1,0.8,1.0,1,1,0,1.0,0.0,980,2021-05-06,2025-04-09,2025-04-10,2025-04-10,4,2,76,d-no-skew,2
174,random_forest,1,0.5,1.0,1,1,0,1.0,0.0,980,2021-05-06,2025-04-09,2025-04-10,2025-04-10,4,2,76,d-no-skew,2
175,xgboost,1,0.7,0.0,1,0,1,0.0,1.0,980,2021-05-05,2025-04-08,2025-04-09,2025-04-09,4,2,76,d-no-skew,2
175,random_forest,1,0.5,1.0,1,0,1,0.0,1.0,980,2021-05-05,2025-04-08,2025-04-09,2025-04-09,4,2,76,d-no-skew,2
176,xgboost,1,0.75,1.0,1,1,0,1.0,0.0,980,2021-05-04,2025-04-07,2025-04-08,2025-04-08,4,2,76,d-no-skew,2
176,random_forest,1,0.55,1.0,1,1,0,1.0,0.0,980,2021-05-04,2025-04-07,2025-04-08,2025-04-08,4,2,76,d-no-skew,2
177,xgboost,1,0.95,1.0,1,1,0,1.0,0.0,980,2021-05-03,2025-04-04,2025-04-07,2025-04-07,4,2,76,d-no-skew,2
177,random_forest,1,0.45,0.0,1,1,0,1.0,0.0,980,2021-05-03,2025-04-04,2025-04-07,2025-04-07,4,2,76,d-no-skew,2
178,xgboost,1,0.6,0.0,1,0,1,0.0,1.0,980,2021-04-30,2025-04-03,2025-04-04,2025-04-04,4,2,76,d-no-skew,2
178,random_forest,1,0.45,1.0,1,0,1,0.0,1.0,980,2021-04-30,2025-04-03,2025-04-04,2025-04-04,4,2,76,d-no-skew,2
179,xgboost,1,0.65,0.0,1,0,1,0.0,1.0,980,2021-04-29,2025-04-02,2025-04-03,2025-04-03,4,2,76,d-no-skew,2
179,random_forest,1,0.55,0.0,1,0,1,0.0,1.0,980,2021-04-29,2025-04-02,2025-04-03,2025-04-03,4,2,76,d-no-skew,2
180,xgboost,1,0.55,0.0,1,0,1,0.0,1.0,980,2021-04-28,2025-04-01,2025-04-02,2025-04-02,4,2,76,d-no-skew,2
180,random_forest,1,0.4,1.0,1,0,1,0.0,1.0,980,2021-04-28,2025-04-01,2025-04-02,2025-04-02,4,2,76,d-no-skew,2
181,xgboost,1,0.9,0.0,1,0,1,0.0,1.0,980,2021-04-27,2025-03-31,2025-04-01,2025-04-01,4,2,76,d-no-skew,2
181,random_forest,1,0.6,0.0,1,0,1,0.0,1.0,980,2021-04-27,2025-03-31,2025-04-01,2025-04-01,4,2,76,d-no-skew,2
182,xgboost,1,0.1,0.0,1,1,0,1.0,0.0,980,2021-04-26,2025-03-28,2025-03-31,2025-03-31,4,2,76,d-no-skew,2
182,random_forest,1,0.55,1.0,1,1,0,1.0,0.0,980,2021-04-26,2025-03-28,2025-03-31,2025-03-31,4,2,76,d-no-skew,2
183,xgboost,1,0.9,1.0,1,1,0,1.0,0.0,980,2021-04-23,2025-03-27,2025-03-28,2025-03-28,4,2,76,d-no-skew,2
183,random_forest,1,0.55,1.0,1,1,0,1.0,0.0,980,2021-04-23,2025-03-27,2025-03-28,2025-03-28,4,2,76,d-no-skew,2
184,xgboost,1,0.35,1.0,1,0,1,0.0,1.0,980,2021-04-22,2025-03-26,2025-03-27,2025-03-27,4,2,76,d-no-skew,2
184,random_forest,1,0.45,1.0,1,0,1,0.0,1.0,980,2021-04-22,2025-03-26,2025-03-27,2025-03-27,4,2,76,d-no-skew,2
185,xgboost,1,0.7,0.0,1,0,1,0.0,1.0,980,2021-04-21,2025-03-25,2025-03-26,2025-03-26,4,2,76,d-no-skew,2
185,random_forest,1,0.5,0.0,1,0,1,0.0,1.0,980,2021-04-21,2025-03-25,2025-03-26,2025-03-26,4,2,76,d-no-skew,2
186,xgboost,1,0.3,1.0,1,0,1,0.0,1.0,980,2021-04-20,2025-03-24,2025-03-25,2025-03-25,4,2,76,d-no-skew,2
186,random_forest,1,0.45,1.0,1,0,1,0.0,1.0,980,2021-04-20,2025-03-24,2025-03-25,2025-03-25,4,2,76,d-no-skew,2
187,xgboost,1,0.9,0.0,1,0,1,0.0,1.0,980,2021-04-19,2025-03-21,2025-03-24,2025-03-24,4,2,76,d-no-skew,2
187,random_forest,1,0.6,0.0,1,0,1,0.0,1.0,980,2021-04-19,2025-03-21,2025-03-24,2025-03-24,4,2,76,d-no-skew,2
188,xgboost,1,0.15,0.0,1,1,0,1.0,0.0,980,2021-04-16,2025-03-20,2025-03-21,2025-03-21,4,2,76,d-no-skew,2
188,random_forest,1,0.55,1.0,1,1,0,1.0,0.0,980,2021-04-16,2025-03-20,2025-03-21,2025-03-21,4,2,76,d-no-skew,2
189,xgboost,1,0.6,1.0,1,1,0,1.0,0.0,980,2021-04-15,2025-03-19,2025-03-20,2025-03-20,4,2,76,d-no-skew,2
189,random_forest,1,0.5,0.0,1,1,0,1.0,0.0,980,2021-04-15,2025-03-19,2025-03-20,2025-03-20,4,2,76,d-no-skew,2
190,xgboost,1,0.5,1.0,1,0,1,0.0,1.0,980,2021-04-14,2025-03-18,2025-03-19,2025-03-19,4,2,76,d-no-skew,2
190,random_forest,1,0.5,1.0,1,0,1,0.0,1.0,980,2021-04-14,2025-03-18,2025-03-19,2025-03-19,4,2,76,d-no-skew,2
191,xgboost,1,0.85,1.0,1,1,0,1.0,0.0,980,2021-04-13,2025-03-17,2025-03-18,2025-03-18,4,2,76,d-no-skew,2
191,random_forest,1,0.45,0.0,1,1,0,1.0,0.0,980,2021-04-13,2025-03-17,2025-03-18,2025-03-18,4,2,76,d-no-skew,2
192,xgboost,1,0.65,0.0,1,0,1,0.0,1.0,980,2021-04-12,2025-03-14,2025-03-17,2025-03-17,4,2,76,d-no-skew,2
192,random_forest,1,0.4,1.0,1,0,1,0.0,1.0,980,2021-04-12,2025-03-14,2025-03-17,2025-03-17,4,2,76,d-no-skew,2
193,xgboost,1,1.0,0.0,1,0,1,0.0,1.0,980,2021-04-09,2025-03-13,2025-03-14,2025-03-14,4,2,76,d-no-skew,2
193,random_forest,1,0.7,0.0,1,0,1,0.0,1.0,980,2021-04-09,2025-03-13,2025-03-14,2025-03-14,4,2,76,d-no-skew,2
194,xgboost,1,1.0,1.0,1,1,0,1.0,0.0,980,2021-04-08,2025-03-12,2025-03-13,2025-03-13,4,2,76,d-no-skew,2
194,random_forest,1,0.6,1.0,1,1,0,1.0,0.0,980,2021-04-08,2025-03-12,2025-03-13,2025-03-13,4,2,76,d-no-skew,2
195,xgboost,1,0.1,0.0,1,1,0,1.0,0.0,980,2021-04-07,2025-03-11,2025-03-12,2025-03-12,4,2,76,d-no-skew,2
195,random_forest,1,0.35,0.0,1,1,0,1.0,0.0,980,2021-04-07,2025-03-11,2025-03-12,2025-03-12,4,2,76,d-no-skew,2
196,xgboost,1,0.05,1.0,1,0,1,0.0,1.0,980,2021-04-06,2025-03-10,2025-03-11,2025-03-11,4,2,76,d-no-skew,2
196,random_forest,1,0.55,0.0,1,0,1,0.0,1.0,980,2021-04-06,2025-03-10,2025-03-11,2025-03-11,4,2,76,d-no-skew,2
197,xgboost,1,0.0,0.0,1,1,0,1.0,0.0,980,2021-04-05,2025-03-07,2025-03-10,2025-03-10,4,2,76,d-no-skew,2
197,random_forest,1,0.2,0.0,1,1,0,1.0,0.0,980,2021-04-05,2025-03-07,2025-03-10,2025-03-10,4,2,76,d-no-skew,2
198,xgboost,1,0.05,1.0,1,0,1,0.0,1.0,980,2021-04-01,2025-03-06,2025-03-07,2025-03-07,4,2,76,d-no-skew,2
198,random_forest,1,0.4,1.0,1,0,1,0.0,1.0,980,2021-04-01,2025-03-06,2025-03-07,2025-03-07,4,2,76,d-no-skew,2
199,xgboost,1,0.0,1.0,1,0,1,0.0,1.0,980,2021-03-31,2025-03-05,2025-03-06,2025-03-06,4,2,76,d-no-skew,2
199,random_forest,1,0.35,1.0,1,0,1,0.0,1.0,980,2021-03-31,2025-03-05,2025-03-06,2025-03-06,4,2,76,d-no-skew,2
200,xgboost,1,0.05,1.0,1,0,1,0.0,1.0,980,2021-03-30,2025-03-04,2025-03-05,2025-03-05,4,2,76,d-no-skew,2
200,random_forest,1,0.4,1.0,1,0,1,0.0,1.0,980,2021-03-30,2025-03-04,2025-03-05,2025-03-05,4,2,76,d-no-skew,2
201,xgboost,1,0.95,0.0,1,0,1,0.0,1.0,980,2021-03-29,2025-03-03,2025-03-04,2025-03-04,4,2,76,d-no-skew,2
201,random_forest,1,0.55,0.0,1,0,1,0.0,1.0,980,2021-03-29,2025-03-03,2025-03-04,2025-03-04,4,2,76,d-no-skew,2
202,xgboost,1,0.0,0.0,1,1,0,1.0,0.0,980,2021-03-26,2025-02-28,2025-03-03,2025-03-03,4,2,76,d-no-skew,2
202,random_forest,1,0.3,0.0,1,1,0,1.0,0.0,980,2021-03-26,2025-02-28,2025-03-03,2025-03-03,4,2,76,d-no-skew,2
203,xgboost,1,0.1,1.0,1,0,1,0.0,1.0,980,2021-03-25,2025-02-27,2025-02-28,2025-02-28,4,2,76,d-no-skew,2
203,random_forest,1,0.4,1.0,1,0,1,0.0,1.0,980,2021-03-25,2025-02-27,2025-02-28,2025-02-28,4,2,76,d-no-skew,2
204,xgboost,1,0.45,1.0,1,0,1,0.0,1.0,980,2021-03-24,2025-02-26,2025-02-27,2025-02-27,4,2,76,d-no-skew,2
204,random_forest,1,0.5,1.0,1,0,1,0.0,1.0,980,2021-03-24,2025-02-26,2025-02-27,2025-02-27,4,2,76,d-no-skew,2
205,xgboost,1,0.0,1.0,1,0,1,0.0,1.0,980,2021-03-23,2025-02-25,2025-02-26,2025-02-26,4,2,76,d-no-skew,2
205,random_forest,1,0.3,1.0,1,0,1,0.0,1.0,980,2021-03-23,2025-02-25,2025-02-26,2025-02-26,4,2,76,d-no-skew,2
206,xgboost,1,0.1,1.0,1,0,1,0.0,1.0,980,2021-03-22,2025-02-24,2025-02-25,2025-02-25,4,2,76,d-no-skew,2
206,random_forest,1,0.4,1.0,1,0,1,0.0,1.0,980,2021-03-22,2025-02-24,2025-02-25,2025-02-25,4,2,76,d-no-skew,2
207,xgboost,1,0.05,1.0,1,0,1,0.0,1.0,980,2021-03-19,2025-02-21,2025-02-24,2025-02-24,4,2,76,d-no-skew,2
207,random_forest,1,0.45,1.0,1,0,1,0.0,1.0,980,2021-03-19,2025-02-21,2025-02-24,2025-02-24,4,2,76,d-no-skew,2
208,xgboost,1,0.85,0.0,1,0,1,0.0,1.0,980,2021-03-18,2025-02-20,2025-02-21,2025-02-21,4,2,76,d-no-skew,2
208,random_forest,1,0.55,0.0,1,0,1,0.0,1.0,980,2021-03-18,2025-02-20,2025-02-21,2025-02-21,4,2,76,d-no-skew,2
209,xgboost,1,0.1,1.0,1,0,1,0.0,1.0,980,2021-03-17,2025-02-19,2025-02-20,2025-02-20,4,2,76,d-no-skew,2
209,random_forest,1,0.5,0.0,1,0,1,0.0,1.0,980,2021-03-17,2025-02-19,2025-02-20,2025-02-20,4,2,76,d-no-skew,2
210,xgboost,1,0.6,0.0,1,0,1,0.0,1.0,980,2021-03-16,2025-02-18,2025-02-19,2025-02-19,4,2,76,d-no-skew,2
210,random_forest,1,0.5,0.0,1,0,1,0.0,1.0,980,2021-03-16,2025-02-18,2025-02-19,2025-02-19,4,2,76,d-no-skew,2
211,xgboost,1,1.0,0.0,1,0,1,0.0,1.0,980,2021-03-15,2025-02-14,2025-02-18,2025-02-18,4,2,76,d-no-skew,2
211,random_forest,1,0.75,0.0,1,0,1,0.0,1.0,980,2021-03-15,2025-02-14,2025-02-18,2025-02-18,4,2,76,d-no-skew,2
212,xgboost,1,1.0,1.0,1,1,0,1.0,0.0,980,2021-03-12,2025-02-13,2025-02-14,2025-02-14,4,2,76,d-no-skew,2
212,random_forest,1,0.6,1.0,1,1,0,1.0,0.0,980,2021-03-12,2025-02-13,2025-02-14,2025-02-14,4,2,76,d-no-skew,2
213,xgboost,1,1.0,1.0,1,1,0,1.0,0.0,980,2021-03-11,2025-02-12,2025-02-13,2025-02-13,4,2,76,d-no-skew,2
213,random_forest,1,0.6,1.0,1,1,0,1.0,0.0,980,2021-03-11,2025-02-12,2025-02-13,2025-02-13,4,2,76,d-no-skew,2
214,xgboost,1,0.65,1.0,1,1,0,1.0,0.0,980,2021-03-10,2025-02-11,2025-02-12,2025-02-12,4,2,76,d-no-skew,2
214,random_forest,1,0.6,1.0,1,1,0,1.0,0.0,980,2021-03-10,2025-02-11,2025-02-12,2025-02-12,4,2,76,d-no-skew,2
215,xgboost,1,1.0,1.0,1,1,0,1.0,0.0,980,2021-03-09,2025-02-10,2025-02-11,2025-02-11,4,2,76,d-no-skew,2
215,random_forest,1,0.35,0.0,1,1,0,1.0,0.0,980,2021-03-09,2025-02-10,2025-02-11,2025-02-11,4,2,76,d-no-skew,2
216,xgboost,1,0.9,0.0,1,0,1,0.0,1.0,980,2021-03-08,2025-02-07,2025-02-10,2025-02-10,4,2,76,d-no-skew,2
216,random_forest,1,0.45,1.0,1,0,1,0.0,1.0,980,2021-03-08,2025-02-07,2025-02-10,2025-02-10,4,2,76,d-no-skew,2
217,xgboost,1,0.35,0.0,1,1,0,1.0,0.0,980,2021-03-05,2025-02-06,2025-02-07,2025-02-07,4,2,76,d-no-skew,2
217,random_forest,1,0.5,1.0,1,1,0,1.0,0.0,980,2021-03-05,2025-02-06,2025-02-07,2025-02-07,4,2,76,d-no-skew,2
218,xgboost,1,0.15,1.0,1,0,1,0.0,1.0,980,2021-03-04,2025-02-05,2025-02-06,2025-02-06,4,2,76,d-no-skew,2
218,random_forest,1,0.4,1.0,1,0,1,0.0,1.0,980,2021-03-04,2025-02-05,2025-02-06,2025-02-06,4,2,76,d-no-skew,2
219,xgboost,1,0.75,0.0,1,0,1,0.0,1.0,980,2021-03-03,2025-02-04,2025-02-05,2025-02-05,4,2,76,d-no-skew,2
219,random_forest,1,0.6,0.0,1,0,1,0.0,1.0,980,2021-03-03,2025-02-04,2025-02-05,2025-02-05,4,2,76,d-no-skew,2
220,xgboost,1,1.0,1.0,1,1,0,1.0,0.0,980,2021-03-02,2025-02-03,2025-02-04,2025-02-04,4,2,76,d-no-skew,2
220,random_forest,1,0.65,1.0,1,1,0,1.0,0.0,980,2021-03-02,2025-02-03,2025-02-04,2025-02-04,4,2,76,d-no-skew,2
221,xgboost,1,0.15,0.0,1,1,0,1.0,0.0,980,2021-03-01,2025-01-31,2025-02-03,2025-02-03,4,2,76,d-no-skew,2
221,random_forest,1,0.55,1.0,1,1,0,1.0,0.0,980,2021-03-01,2025-01-31,2025-02-03,2025-02-03,4,2,76,d-no-skew,2
222,xgboost,1,0.85,1.0,1,1,0,1.0,0.0,980,2021-02-26,2025-01-30,2025-01-31,2025-01-31,4,2,76,d-no-skew,2
222,random_forest,1,0.6,1.0,1,1,0,1.0,0.0,980,2021-02-26,2025-01-30,2025-01-31,2025-01-31,4,2,76,d-no-skew,2
223,xgboost,1,1.0,0.0,1,0,1,0.0,1.0,980,2021-02-25,2025-01-29,2025-01-30,2025-01-30,4,2,76,d-no-skew,2
223,random_forest,1,0.7,0.0,1,0,1,0.0,1.0,980,2021-02-25,2025-01-29,2025-01-30,2025-01-30,4,2,76,d-no-skew,2
224,xgboost,1,1.0,1.0,1,1,0,1.0,0.0,980,2021-02-24,2025-01-28,2025-01-29,2025-01-29,4,2,76,d-no-skew,2
224,random_forest,1,0.65,1.0,1,1,0,1.0,0.0,980,2021-02-24,2025-01-28,2025-01-29,2025-01-29,4,2,76,d-no-skew,2
225,xgboost,1,0.95,1.0,1,1,0,1.0,0.0,980,2021-02-23,2025-01-27,2025-01-28,2025-01-28,4,2,76,d-no-skew,2
225,random_forest,1,0.6,1.0,1,1,0,1.0,0.0,980,2021-02-23,2025-01-27,2025-01-28,2025-01-28,4,2,76,d-no-skew,2
226,xgboost,1,0.3,0.0,1,1,0,1.0,0.0,980,2021-02-22,2025-01-24,2025-01-27,2025-01-27,4,2,76,d-no-skew,2
226,random_forest,1,0.45,0.0,1,1,0,1.0,0.0,980,2021-02-22,2025-01-24,2025-01-27,2025-01-27,4,2,76,d-no-skew,2
227,xgboost,1,0.0,1.0,1,0,1,0.0,1.0,980,2021-02-19,2025-01-23,2025-01-24,2025-01-24,4,2,76,d-no-skew,2
227,random_forest,1,0.3,1.0,1,0,1,0.0,1.0,980,2021-02-19,2025-01-23,2025-01-24,2025-01-24,4,2,76,d-no-skew,2
228,xgboost,1,0.55,0.0,1,0,1,0.0,1.0,980,2021-02-18,2025-01-22,2025-01-23,2025-01-23,4,2,76,d-no-skew,2
228,random_forest,1,0.5,1.0,1,0,1,0.0,1.0,980,2021-02-18,2025-01-22,2025-01-23,2025-01-23,4,2,76,d-no-skew,2
1,xgboost,1,0.95,1.0,1,1,0,1.0,0.0,1470,2020-01-30,2025-12-18,2025-12-19,2025-12-19,6,2,76,d-no-skew,2
1,random_forest,1,0.6,1.0,1,1,0,1.0,0.0,1470,2020-01-30,2025-12-18,2025-12-19,2025-12-19,6,2,76,d-no-skew,2
2,xgboost,1,0.8,1.0,1,1,0,1.0,0.0,1470,2020-01-29,2025-12-17,2025-12-18,2025-12-18,6,2,76,d-no-skew,2
2,random_forest,1,0.4,0.0,1,1,0,1.0,0.0,1470,2020-01-29,2025-12-17,2025-12-18,2025-12-18,6,2,76,d-no-skew,2
3,xgboost,1,0.1,0.0,1,1,0,1.0,0.0,1470,2020-01-28,2025-12-16,2025-12-17,2025-12-17,6,2,76,d-no-skew,2
3,random_forest,1,0.3,0.0,1,1,0,1.0,0.0,1470,2020-01-28,2025-12-16,2025-12-17,2025-12-17,6,2,76,d-no-skew,2
4,xgboost,1,0.4,1.0,1,0,1,0.0,1.0,1470,2020-01-27,2025-12-15,2025-12-16,2025-12-16,6,2,76,d-no-skew,2
4,random_forest,1,0.45,1.0,1,0,1,0.0,1.0,1470,2020-01-27,2025-12-15,2025-12-16,2025-12-16,6,2,76,d-no-skew,2
5,xgboost,1,0.85,0.0,1,0,1,0.0,1.0,1470,2020-01-24,2025-12-12,2025-12-15,2025-12-15,6,2,76,d-no-skew,2
5,random_forest,1,0.45,1.0,1,0,1,0.0,1.0,1470,2020-01-24,2025-12-12,2025-12-15,2025-12-15,6,2,76,d-no-skew,2
6,xgboost,1,0.0,1.0,1,0,1,0.0,1.0,1470,2020-01-23,2025-12-11,2025-12-12,2025-12-12,6,2,76,d-no-skew,2
6,random_forest,1,0.55,0.0,1,0,1,0.0,1.0,1470,2020-01-23,2025-12-11,2025-12-12,2025-12-12,6,2,76,d-no-skew,2
7,xgboost,1,1.0,0.0,1,0,1,0.0,1.0,1470,2020-01-22,2025-12-10,2025-12-11,2025-12-11,6,2,76,d-no-skew,2
7,random_forest,1,0.65,0.0,1,0,1,0.0,1.0,1470,2020-01-22,2025-12-10,2025-12-11,2025-12-11,6,2,76,d-no-skew,2
8,xgboost,1,1.0,0.0,1,0,1,0.0,1.0,1470,2020-01-21,2025-12-09,2025-12-10,2025-12-10,6,2,76,d-no-skew,2
8,random_forest,1,0.7,0.0,1,0,1,0.0,1.0,1470,2020-01-21,2025-12-09,2025-12-10,2025-12-10,6,2,76,d-no-skew,2
9,xgboost,1,0.95,1.0,1,1,0,1.0,0.0,1470,2020-01-17,2025-12-08,2025-12-09,2025-12-09,6,2,76,d-no-skew,2
9,random_forest,1,0.7,1.0,1,1,0,1.0,0.0,1470,2020-01-17,2025-12-08,2025-12-09,2025-12-09,6,2,76,d-no-skew,2
10,xgboost,1,0.5,0.0,1,1,0,1.0,0.0,1470,2020-01-16,2025-12-05,2025-12-08,2025-12-08,6,2,76,d-no-skew,2
10,random_forest,1,0.6,1.0,1,1,0,1.0,0.0,1470,2020-01-16,2025-12-05,2025-12-08,2025-12-08,6,2,76,d-no-skew,2
11,xgboost,1,1.0,0.0,1,0,1,0.0,1.0,1470,2020-01-15,2025-12-04,2025-12-05,2025-12-05,6,2,76,d-no-skew,2
11,random_forest,1,0.7,0.0,1,0,1,0.0,1.0,1470,2020-01-15,2025-12-04,2025-12-05,2025-12-05,6,2,76,d-no-skew,2
12,xgboost,1,0.95,1.0,1,1,0,1.0,0.0,1470,2020-01-14,2025-12-03,2025-12-04,2025-12-04,6,2,76,d-no-skew,2
12,random_forest,1,0.75,1.0,1,1,0,1.0,0.0,1470,2020-01-14,2025-12-03,2025-12-04,2025-12-04,6,2,76,d-no-skew,2
13,xgboost,1,0.95,1.0,1,1,0,1.0,0.0,1470,2020-01-13,2025-12-02,2025-12-03,2025-12-03,6,2,76,d-no-skew,2
13,random_forest,1,0.7,1.0,1,1,0,1.0,0.0,1470,2020-01-13,2025-12-02,2025-12-03,2025-12-03,6,2,76,d-no-skew,2
14,xgboost,1,0.8,1.0,1,1,0,1.0,0.0,1470,2020-01-10,2025-12-01,2025-12-02,2025-12-02,6,2,76,d-no-skew,2
14,random_forest,1,0.6,1.0,1,1,0,1.0,0.0,1470,2020-01-10,2025-12-01,2025-12-02,2025-12-02,6,2,76,d-no-skew,2
15,xgboost,1,0.95,1.0,1,1,0,1.0,0.0,1470,2020-01-09,2025-11-26,2025-12-01,2025-12-01,6,2,76,d-no-skew,2
15,random_forest,1,0.6,1.0,1,1,0,1.0,0.0,1470,2020-01-09,2025-11-26,2025-12-01,2025-12-01,6,2,76,d-no-skew,2
16,xgboost,1,0.75,1.0,1,1,0,1.0,0.0,1470,2020-01-08,2025-11-25,2025-11-26,2025-11-26,6,2,76,d-no-skew,2
16,random_forest,1,0.6,1.0,1,1,0,1.0,0.0,1470,2020-01-08,2025-11-25,2025-11-26,2025-11-26,6,2,76,d-no-skew,2
17,xgboost,1,0.75,1.0,1,1,0,1.0,0.0,1470,2020-01-07,2025-11-24,2025-11-25,2025-11-25,6,2,76,d-no-skew,2
17,random_forest,1,0.55,1.0,1,1,0,1.0,0.0,1470,2020-01-07,2025-11-24,2025-11-25,2025-11-25,6,2,76,d-no-skew,2
18,xgboost,1,0.05,0.0,1,1,0,1.0,0.0,1470,2020-01-06,2025-11-21,2025-11-24,2025-11-24,6,2,76,d-no-skew,2
18,random_forest,1,0.5,0.0,1,1,0,1.0,0.0,1470,2020-01-06,2025-11-21,2025-11-24,2025-11-24,6,2,76,d-no-skew,2
19,xgboost,1,0.95,1.0,1,1,0,1.0,0.0,1470,2020-01-03,2025-11-20,2025-11-21,2025-11-21,6,2,76,d-no-skew,2
19,random_forest,1,0.55,1.0,1,1,0,1.0,0.0,1470,2020-01-03,2025-11-20,2025-11-21,2025-11-21,6,2,76,d-no-skew,2
20,xgboost,1,0.85,1.0,1,1,0,1.0,0.0,1470,2020-01-02,2025-11-19,2025-11-20,2025-11-20,6,2,76,d-no-skew,2
20,random_forest,1,0.5,1.0,1,1,0,1.0,0.0,1470,2020-01-02,2025-11-19,2025-11-20,2025-11-20,6,2,76,d-no-skew,2
21,xgboost,1,0.0,1.0,1,0,1,0.0,1.0,1470,2019-12-31,2025-11-18,2025-11-19,2025-11-19,6,2,76,d-no-skew,2
21,random_forest,1,0.3,1.0,1,0,1,0.0,1.0,1470,2019-12-31,2025-11-18,2025-11-19,2025-11-19,6,2,76,d-no-skew,2
22,xgboost,1,0.25,1.0,1,0,1,0.0,1.0,1470,2019-12-30,2025-11-17,2025-11-18,2025-11-18,6,2,76,d-no-skew,2
22,random_forest,1,0.4,1.0,1,0,1,0.0,1.0,1470,2019-12-30,2025-11-17,2025-11-18,2025-11-18,6,2,76,d-no-skew,2
23,xgboost,1,0.1,1.0,1,0,1,0.0,1.0,1470,2019-12-27,2025-11-14,2025-11-17,2025-11-17,6,2,76,d-no-skew,2
23,random_forest,1,0.35,1.0,1,0,1,0.0,1.0,1470,2019-12-27,2025-11-14,2025-11-17,2025-11-17,6,2,76,d-no-skew,2
24,xgboost,1,0.0,1.0,1,0,1,0.0,1.0,1470,2019-12-26,2025-11-13,2025-11-14,2025-11-14,6,2,76,d-no-skew,2
24,random_forest,1,0.4,1.0,1,0,1,0.0,1.0,1470,2019-12-26,2025-11-13,2025-11-14,2025-11-14,6,2,76,d-no-skew,2
25,xgboost,1,0.05,1.0,1,0,1,0.0,1.0,1470,2019-12-23,2025-11-12,2025-11-13,2025-11-13,6,2,76,d-no-skew,2
25,random_forest,1,0.5,0.0,1,0,1,0.0,1.0,1470,2019-12-23,2025-11-12,2025-11-13,2025-11-13,6,2,76,d-no-skew,2
26,xgboost,1,0.0,1.0,1,0,1,0.0,1.0,1470,2019-12-20,2025-11-11,2025-11-12,2025-11-12,6,2,76,d-no-skew,2
26,random_forest,1,0.4,1.0,1,0,1,0.0,1.0,1470,2019-12-20,2025-11-11,2025-11-12,2025-11-12,6,2,76,d-no-skew,2
27,xgboost,1,1.0,0.0,1,0,1,0.0,1.0,1470,2019-12-19,2025-11-10,2025-11-11,2025-11-11,6,2,76,d-no-skew,2
27,random_forest,1,0.45,1.0,1,0,1,0.0,1.0,1470,2019-12-19,2025-11-10,2025-11-11,2025-11-11,6,2,76,d-no-skew,2
28,xgboost,1,0.95,0.0,1,0,1,0.0,1.0,1470,2019-12-18,2025-11-07,2025-11-10,2025-11-10,6,2,76,d-no-skew,2
28,random_forest,1,0.55,0.0,1,0,1,0.0,1.0,1470,2019-12-18,2025-11-07,2025-11-10,2025-11-10,6,2,76,d-no-skew,2
29,xgboost,1,1.0,1.0,1,1,0,1.0,0.0,1470,2019-12-17,2025-11-06,2025-11-07,2025-11-07,6,2,76,d-no-skew,2
29,random_forest,1,0.7,1.0,1,1,0,1.0,0.0,1470,2019-12-17,2025-11-06,2025-11-07,2025-11-07,6,2,76,d-no-skew,2
30,xgboost,1,0.9,1.0,1,1,0,1.0,0.0,1470,2019-12-16,2025-11-05,2025-11-06,2025-11-06,6,2,76,d-no-skew,2
30,random_forest,1,0.5,0.0,1,1,0,1.0,0.0,1470,2019-12-16,2025-11-05,2025-11-06,2025-11-06,6,2,76,d-no-skew,2
31,xgboost,1,0.05,1.0,1,0,1,0.0,1.0,1470,2019-12-13,2025-11-04,2025-11-05,2025-11-05,6,2,76,d-no-skew,2
31,random_forest,1,0.4,1.0,1,0,1,0.0,1.0,1470,2019-12-13,2025-11-04,2025-11-05,2025-11-05,6,2,76,d-no-skew,2
32,xgboost,1,0.85,0.0,1,0,1,0.0,1.0,1470,2019-12-12,2025-11-03,2025-11-04,2025-11-04,6,2,76,d-no-skew,2
32,random_forest,1,0.55,0.0,1,0,1,0.0,1.0,1470,2019-12-12,2025-11-03,2025-11-04,2025-11-04,6,2,76,d-no-skew,2
33,xgboost,1,0.05,1.0,1,0,1,0.0,1.0,1470,2019-12-11,2025-10-31,2025-11-03,2025-11-03,6,2,76,d-no-skew,2
33,random_forest,1,0.45,1.0,1,0,1,0.0,1.0,1470,2019-12-11,2025-10-31,2025-11-03,2025-11-03,6,2,76,d-no-skew,2
34,xgboost,1,0.9,0.0,1,0,1,0.0,1.0,1470,2019-12-10,2025-10-30,2025-10-31,2025-10-31,6,2,76,d-no-skew,2
34,random_forest,1,0.55,0.0,1,0,1,0.0,1.0,1470,2019-12-10,2025-10-30,2025-10-31,2025-10-31,6,2,76,d-no-skew,2
35,xgboost,1,0.5,1.0,1,1,0,1.0,0.0,1470,2019-12-09,2025-10-29,2025-10-30,2025-10-30,6,2,76,d-no-skew,2
35,random_forest,1,0.5,1.0,1,1,0,1.0,0.0,1470,2019-12-09,2025-10-29,2025-10-30,2025-10-30,6,2,76,d-no-skew,2
36,xgboost,1,0.25,1.0,1,0,1,0.0,1.0,1470,2019-12-06,2025-10-28,2025-10-29,2025-10-29,6,2,76,d-no-skew,2
36,random_forest,1,0.45,1.0,1,0,1,0.0,1.0,1470,2019-12-06,2025-10-28,2025-10-29,2025-10-29,6,2,76,d-no-skew,2
37,xgboost,1,0.95,0.0,1,0,1,0.0,1.0,1470,2019-12-05,2025-10-27,2025-10-28,2025-10-28,6,2,76,d-no-skew,2
37,random_forest,1,0.7,0.0,1,0,1,0.0,1.0,1470,2019-12-05,2025-10-27,2025-10-28,2025-10-28,6,2,76,d-no-skew,2
38,xgboost,1,1.0,1.0,1,1,0,1.0,0.0,1470,2019-12-04,2025-10-24,2025-10-27,2025-10-27,6,2,76,d-no-skew,2
38,random_forest,1,0.65,1.0,1,1,0,1.0,0.0,1470,2019-12-04,2025-10-24,2025-10-27,2025-10-27,6,2,76,d-no-skew,2
39,xgboost,1,0.85,1.0,1,1,0,1.0,0.0,1470,2019-12-03,2025-10-23,2025-10-24,2025-10-24,6,2,76,d-no-skew,2
39,random_forest,1,0.55,1.0,1,1,0,1.0,0.0,1470,2019-12-03,2025-10-23,2025-10-24,2025-10-24,6,2,76,d-no-skew,2
40,xgboost,1,0.2,0.0,1,1,0,1.0,0.0,1470,2019-12-02,2025-10-22,2025-10-23,2025-10-23,6,2,76,d-no-skew,2
40,random_forest,1,0.4,0.0,1,1,0,1.0,0.0,1470,2019-12-02,2025-10-22,2025-10-23,2025-10-23,6,2,76,d-no-skew,2
41,xgboost,1,0.05,0.0,1,1,0,1.0,0.0,1470,2019-11-27,2025-10-21,2025-10-22,2025-10-22,6,2,76,d-no-skew,2
41,random_forest,1,0.5,0.0,1,1,0,1.0,0.0,1470,2019-11-27,2025-10-21,2025-10-22,2025-10-22,6,2,76,d-no-skew,2
42,xgboost,1,0.05,1.0,1,0,1,0.0,1.0,1470,2019-11-26,2025-10-20,2025-10-21,2025-10-21,6,2,76,d-no-skew,2
42,random_forest,1,0.4,1.0,1,0,1,0.0,1.0,1470,2019-11-26,2025-10-20,2025-10-21,2025-10-21,6,2,76,d-no-skew,2
43,xgboost,1,0.9,0.0,1,0,1,0.0,1.0,1470,2019-11-25,2025-10-17,2025-10-20,2025-10-20,6,2,76,d-no-skew,2
43,random_forest,1,0.65,0.0,1,0,1,0.0,1.0,1470,2019-11-25,2025-10-17,2025-10-20,2025-10-20,6,2,76,d-no-skew,2
44,xgboost,1,1.0,1.0,1,1,0,1.0,0.0,1470,2019-11-22,2025-10-16,2025-10-17,2025-10-17,6,2,76,d-no-skew,2
44,random_forest,1,0.75,1.0,1,1,0,1.0,0.0,1470,2019-11-22,2025-10-16,2025-10-17,2025-10-17,6,2,76,d-no-skew,2
45,xgboost,1,1.0,1.0,1,1,0,1.0,0.0,1470,2019-11-21,2025-10-15,2025-10-16,2025-10-16,6,2,76,d-no-skew,2
45,random_forest,1,0.7,1.0,1,1,0,1.0,0.0,1470,2019-11-21,2025-10-15,2025-10-16,2025-10-16,6,2,76,d-no-skew,2
46,xgboost,1,1.0,1.0,1,1,0,1.0,0.0,1470,2019-11-20,2025-10-14,2025-10-15,2025-10-15,6,2,76,d-no-skew,2
46,random_forest,1,0.7,1.0,1,1,0,1.0,0.0,1470,2019-11-20,2025-10-14,2025-10-15,2025-10-15,6,2,76,d-no-skew,2
47,xgboost,1,1.0,1.0,1,1,0,1.0,0.0,1470,2019-11-19,2025-10-13,2025-10-14,2025-10-14,6,2,76,d-no-skew,2
47,random_forest,1,0.65,1.0,1,1,0,1.0,0.0,1470,2019-11-19,2025-10-13,2025-10-14,2025-10-14,6,2,76,d-no-skew,2
48,xgboost,1,1.0,1.0,1,1,0,1.0,0.0,1470,2019-11-18,2025-10-10,2025-10-13,2025-10-13,6,2,76,d-no-skew,2
48,random_forest,1,0.65,1.0,1,1,0,1.0,0.0,1470,2019-11-18,2025-10-10,2025-10-13,2025-10-13,6,2,76,d-no-skew,2
49,xgboost,1,0.25,0.0,1,1,0,1.0,0.0,1470,2019-11-15,2025-10-09,2025-10-10,2025-10-10,6,2,76,d-no-skew,2
49,random_forest,1,0.5,1.0,1,1,0,1.0,0.0,1470,2019-11-15,2025-10-09,2025-10-10,2025-10-10,6,2,76,d-no-skew,2
50,xgboost,1,0.15,1.0,1,0,1,0.0,1.0,1470,2019-11-14,2025-10-08,2025-10-09,2025-10-09,6,2,76,d-no-skew,2
50,random_forest,1,0.55,0.0,1,0,1,0.0,1.0,1470,2019-11-14,2025-10-08,2025-10-09,2025-10-09,6,2,76,d-no-skew,2
51,xgboost,1,0.35,1.0,1,0,1,0.0,1.0,1470,2019-11-13,2025-10-07,2025-10-08,2025-10-08,6,2,76,d-no-skew,2
51,random_forest,1,0.7,0.0,1,0,1,0.0,1.0,1470,2019-11-13,2025-10-07,2025-10-08,2025-10-08,6,2,76,d-no-skew,2
52,xgboost,1,0.55,1.0,1,1,0,1.0,0.0,1470,2019-11-12,2025-10-06,2025-10-07,2025-10-07,6,2,76,d-no-skew,2
52,random_forest,1,0.6,1.0,1,1,0,1.0,0.0,1470,2019-11-12,2025-10-06,2025-10-07,2025-10-07,6,2,76,d-no-skew,2
53,xgboost,1,0.9,1.0,1,1,0,1.0,0.0,1470,2019-11-11,2025-10-03,2025-10-06,2025-10-06,6,2,76,d-no-skew,2
53,random_forest,1,0.6,1.0,1,1,0,1.0,0.0,1470,2019-11-11,2025-10-03,2025-10-06,2025-10-06,6,2,76,d-no-skew,2
54,xgboost,1,0.65,1.0,1,1,0,1.0,0.0,1470,2019-11-08,2025-10-02,2025-10-03,2025-10-03,6,2,76,d-no-skew,2
54,random_forest,1,0.5,0.0,1,1,0,1.0,0.0,1470,2019-11-08,2025-10-02,2025-10-03,2025-10-03,6,2,76,d-no-skew,2
55,xgboost,1,0.05,0.0,1,1,0,1.0,0.0,1470,2019-11-07,2025-10-01,2025-10-02,2025-10-02,6,2,76,d-no-skew,2
55,random_forest,1,0.45,0.0,1,1,0,1.0,0.0,1470,2019-11-07,2025-10-01,2025-10-02,2025-10-02,6,2,76,d-no-skew,2
56,xgboost,1,0.35,1.0,1,0,1,0.0,1.0,1470,2019-11-06,2025-09-30,2025-10-01,2025-10-01,6,2,76,d-no-skew,2
56,random_forest,1,0.55,0.0,1,0,1,0.0,1.0,1470,2019-11-06,2025-09-30,2025-10-01,2025-10-01,6,2,76,d-no-skew,2
57,xgboost,1,0.85,1.0,1,1,0,1.0,0.0,1470,2019-11-05,2025-09-29,2025-09-30,2025-09-30,6,2,76,d-no-skew,2
57,random_forest,1,0.6,1.0,1,1,0,1.0,0.0,1470,2019-11-05,2025-09-29,2025-09-30,2025-09-30,6,2,76,d-no-skew,2
58,xgboost,1,0.7,1.0,1,1,0,1.0,0.0,1470,2019-11-04,2025-09-26,2025-09-29,2025-09-29,6,2,76,d-no-skew,2
58,random_forest,1,0.6,1.0,1,1,0,1.0,0.0,1470,2019-11-04,2025-09-26,2025-09-29,2025-09-29,6,2,76,d-no-skew,2
59,xgboost,1,0.05,0.0,1,1,0,1.0,0.0,1470,2019-11-01,2025-09-25,2025-09-26,2025-09-26,6,2,76,d-no-skew,2
59,random_forest,1,0.5,0.0,1,1,0,1.0,0.0,1470,2019-11-01,2025-09-25,2025-09-26,2025-09-26,6,2,76,d-no-skew,2
60,xgboost,1,0.35,0.0,1,1,0,1.0,0.0,1470,2019-10-31,2025-09-24,2025-09-25,2025-09-25,6,2,76,d-no-skew,2
60,random_forest,1,0.35,0.0,1,1,0,1.0,0.0,1470,2019-10-31,2025-09-24,2025-09-25,2025-09-25,6,2,76,d-no-skew,2
61,xgboost,1,1.0,0.0,1,0,1,0.0,1.0,1470,2019-10-30,2025-09-23,2025-09-24,2025-09-24,6,2,76,d-no-skew,2
61,random_forest,1,0.55,0.0,1,0,1,0.0,1.0,1470,2019-10-30,2025-09-23,2025-09-24,2025-09-24,6,2,76,d-no-skew,2
62,xgboost,1,0.65,0.0,1,0,1,0.0,1.0,1470,2019-10-29,2025-09-22,2025-09-23,2025-09-23,6,2,76,d-no-skew,2
62,random_forest,1,0.5,0.0,1,0,1,0.0,1.0,1470,2019-10-29,2025-09-22,2025-09-23,2025-09-23,6,2,76,d-no-skew,2
63,xgboost,1,0.05,1.0,1,0,1,0.0,1.0,1470,2019-10-28,2025-09-19,2025-09-22,2025-09-22,6,2,76,d-no-skew,2
63,random_forest,1,0.45,1.0,1,0,1,0.0,1.0,1470,2019-10-28,2025-09-19,2025-09-22,2025-09-22,6,2,76,d-no-skew,2
64,xgboost,1,0.6,0.0,1,0,1,0.0,1.0,1470,2019-10-25,2025-09-18,2025-09-19,2025-09-19,6,2,76,d-no-skew,2
64,random_forest,1,0.7,0.0,1,0,1,0.0,1.0,1470,2019-10-25,2025-09-18,2025-09-19,2025-09-19,6,2,76,d-no-skew,2
65,xgboost,1,1.0,1.0,1,1,0,1.0,0.0,1470,2019-10-24,2025-09-17,2025-09-18,2025-09-18,6,2,76,d-no-skew,2
65,random_forest,1,0.75,1.0,1,1,0,1.0,0.0,1470,2019-10-24,2025-09-17,2025-09-18,2025-09-18,6,2,76,d-no-skew,2
66,xgboost,1,1.0,1.0,1,1,0,1.0,0.0,1470,2019-10-23,2025-09-16,2025-09-17,2025-09-17,6,2,76,d-no-skew,2
66,random_forest,1,0.65,1.0,1,1,0,1.0,0.0,1470,2019-10-23,2025-09-16,2025-09-17,2025-09-17,6,2,76,d-no-skew,2
67,xgboost,1,0.6,1.0,1,1,0,1.0,0.0,1470,2019-10-22,2025-09-15,2025-09-16,2025-09-16,6,2,76,d-no-skew,2
67,random_forest,1,0.55,1.0,1,1,0,1.0,0.0,1470,2019-10-22,2025-09-15,2025-09-16,2025-09-16,6,2,76,d-no-skew,2
68,xgboost,1,0.65,0.0,1,0,1,0.0,1.0,1470,2019-10-21,2025-09-12,2025-09-15,2025-09-15,6,2,76,d-no-skew,2
68,random_forest,1,0.6,0.0,1,0,1,0.0,1.0,1470,2019-10-21,2025-09-12,2025-09-15,2025-09-15,6,2,76,d-no-skew,2
69,xgboost,1,0.95,1.0,1,1,0,1.0,0.0,1470,2019-10-18,2025-09-11,2025-09-12,2025-09-12,6,2,76,d-no-skew,2
69,random_forest,1,0.7,1.0,1,1,0,1.0,0.0,1470,2019-10-18,2025-09-11,2025-09-12,2025-09-12,6,2,76,d-no-skew,2
70,xgboost,1,0.95,1.0,1,1,0,1.0,0.0,1470,2019-10-17,2025-09-10,2025-09-11,2025-09-11,6,2,76,d-no-skew,2
70,random_forest,1,0.65,1.0,1,1,0,1.0,0.0,1470,2019-10-17,2025-09-10,2025-09-11,2025-09-11,6,2,76,d-no-skew,2
71,xgboost,1,0.95,1.0,1,1,0,1.0,0.0,1470,2019-10-16,2025-09-09,2025-09-10,2025-09-10,6,2,76,d-no-skew,2
71,random_forest,1,0.65,1.0,1,1,0,1.0,0.0,1470,2019-10-16,2025-09-09,2025-09-10,2025-09-10,6,2,76,d-no-skew,2
72,xgboost,1,0.9,1.0,1,1,0,1.0,0.0,1470,2019-10-15,2025-09-08,2025-09-09,2025-09-09,6,2,76,d-no-skew,2
72,random_forest,1,0.65,1.0,1,1,0,1.0,0.0,1470,2019-10-15,2025-09-08,2025-09-09,2025-09-09,6,2,76,d-no-skew,2
73,xgboost,1,0.25,0.0,1,1,0,1.0,0.0,1470,2019-10-14,2025-09-05,2025-09-08,2025-09-08,6,2,76,d-no-skew,2
73,random_forest,1,0.65,1.0,1,1,0,1.0,0.0,1470,2019-10-14,2025-09-05,2025-09-08,2025-09-08,6,2,76,d-no-skew,2
74,xgboost,1,1.0,1.0,1,1,0,1.0,0.0,1470,2019-10-11,2025-09-04,2025-09-05,2025-09-05,6,2,76,d-no-skew,2
74,random_forest,1,0.6,1.0,1,1,0,1.0,0.0,1470,2019-10-11,2025-09-04,2025-09-05,2025-09-05,6,2,76,d-no-skew,2
75,xgboost,1,0.95,1.0,1,1,0,1.0,0.0,1470,2019-10-10,2025-09-03,2025-09-04,2025-09-04,6,2,76,d-no-skew,2
75,random_forest,1,0.55,1.0,1,1,0,1.0,0.0,1470,2019-10-10,2025-09-03,2025-09-04,2025-09-04,6,2,76,d-no-skew,2
76,xgboost,1,0.25,0.0,1,1,0,1.0,0.0,1470,2019-10-09,2025-09-02,2025-09-03,2025-09-03,6,2,76,d-no-skew,2
76,random_forest,1,0.45,0.0,1,1,0,1.0,0.0,1470,2019-10-09,2025-09-02,2025-09-03,2025-09-03,6,2,76,d-no-skew,2
77,xgboost,1,0.8,1.0,1,1,0,1.0,0.0,1470,2019-10-08,2025-08-29,2025-09-02,2025-09-02,6,2,76,d-no-skew,2
77,random_forest,1,0.55,1.0,1,1,0,1.0,0.0,1470,2019-10-08,2025-08-29,2025-09-02,2025-09-02,6,2,76,d-no-skew,2
78,xgboost,1,0.85,0.0,1,0,1,0.0,1.0,1470,2019-10-07,2025-08-28,2025-08-29,2025-08-29,6,2,76,d-no-skew,2
78,random_forest,1,0.45,1.0,1,0,1,0.0,1.0,1470,2019-10-07,2025-08-28,2025-08-29,2025-08-29,6,2,76,d-no-skew,2
79,xgboost,1,0.25,1.0,1,0,1,0.0,1.0,1470,2019-10-04,2025-08-27,2025-08-28,2025-08-28,6,2,76,d-no-skew,2
79,random_forest,1,0.5,1.0,1,0,1,0.0,1.0,1470,2019-10-04,2025-08-27,2025-08-28,2025-08-28,6,2,76,d-no-skew,2
80,xgboost,1,0.95,0.0,1,0,1,0.0,1.0,1470,2019-10-03,2025-08-26,2025-08-27,2025-08-27,6,2,76,d-no-skew,2
80,random_forest,1,0.7,0.0,1,0,1,0.0,1.0,1470,2019-10-03,2025-08-26,2025-08-27,2025-08-27,6,2,76,d-no-skew,2
81,xgboost,1,0.95,1.0,1,1,0,1.0,0.0,1470,2019-10-02,2025-08-25,2025-08-26,2025-08-26,6,2,76,d-no-skew,2
81,random_forest,1,0.6,1.0,1,1,0,1.0,0.0,1470,2019-10-02,2025-08-25,2025-08-26,2025-08-26,6,2,76,d-no-skew,2
82,xgboost,1,0.75,1.0,1,1,0,1.0,0.0,1470,2019-10-01,2025-08-22,2025-08-25,2025-08-25,6,2,76,d-no-skew,2
82,random_forest,1,0.6,1.0,1,1,0,1.0,0.0,1470,2019-10-01,2025-08-22,2025-08-25,2025-08-25,6,2,76,d-no-skew,2
83,xgboost,1,0.7,1.0,1,1,0,1.0,0.0,1470,2019-09-30,2025-08-21,2025-08-22,2025-08-22,6,2,76,d-no-skew,2
83,random_forest,1,0.55,1.0,1,1,0,1.0,0.0,1470,2019-09-30,2025-08-21,2025-08-22,2025-08-22,6,2,76,d-no-skew,2
84,xgboost,1,1.0,1.0,1,1,0,1.0,0.0,1470,2019-09-27,2025-08-20,2025-08-21,2025-08-21,6,2,76,d-no-skew,2
84,random_forest,1,0.75,1.0,1,1,0,1.0,0.0,1470,2019-09-27,2025-08-20,2025-08-21,2025-08-21,6,2,76,d-no-skew,2
85,xgboost,1,1.0,1.0,1,1,0,1.0,0.0,1470,2019-09-26,2025-08-19,2025-08-20,2025-08-20,6,2,76,d-no-skew,2
85,random_forest,1,0.65,1.0,1,1,0,1.0,0.0,1470,2019-09-26,2025-08-19,2025-08-20,2025-08-20,6,2,76,d-no-skew,2
86,xgboost,1,0.15,1.0,1,0,1,0.0,1.0,1470,2019-09-25,2025-08-18,2025-08-19,2025-08-19,6,2,76,d-no-skew,2
86,random_forest,1,0.55,0.0,1,0,1,0.0,1.0,1470,2019-09-25,2025-08-18,2025-08-19,2025-08-19,6,2,76,d-no-skew,2
87,xgboost,1,0.2,1.0,1,0,1,0.0,1.0,1470,2019-09-24,2025-08-15,2025-08-18,2025-08-18,6,2,76,d-no-skew,2
87,random_forest,1,0.5,0.0,1,0,1,0.0,1.0,1470,2019-09-24,2025-08-15,2025-08-18,2025-08-18,6,2,76,d-no-skew,2
88,xgboost,1,0.55,0.0,1,0,1,0.0,1.0,1470,2019-09-23,2025-08-14,2025-08-15,2025-08-15,6,2,76,d-no-skew,2
88,random_forest,1,0.5,0.0,1,0,1,0.0,1.0,1470,2019-09-23,2025-08-14,2025-08-15,2025-08-15,6,2,76,d-no-skew,2
89,xgboost,1,0.3,1.0,1,0,1,0.0,1.0,1470,2019-09-20,2025-08-13,2025-08-14,2025-08-14,6,2,76,d-no-skew,2
89,random_forest,1,0.55,0.0,1,0,1,0.0,1.0,1470,2019-09-20,2025-08-13,2025-08-14,2025-08-14,6,2,76,d-no-skew,2
90,xgboost,1,0.45,1.0,1,0,1,0.0,1.0,1470,2019-09-19,2025-08-12,2025-08-13,2025-08-13,6,2,76,d-no-skew,2
90,random_forest,1,0.5,0.0,1,0,1,0.0,1.0,1470,2019-09-19,2025-08-12,2025-08-13,2025-08-13,6,2,76,d-no-skew,2
91,xgboost,1,1.0,0.0,1,0,1,0.0,1.0,1470,2019-09-18,2025-08-11,2025-08-12,2025-08-12,6,2,76,d-no-skew,2
91,random_forest,1,0.8,0.0,1,0,1,0.0,1.0,1470,2019-09-18,2025-08-11,2025-08-12,2025-08-12,6,2,76,d-no-skew,2
92,xgboost,1,0.95,1.0,1,1,0,1.0,0.0,1470,2019-09-17,2025-08-08,2025-08-11,2025-08-11,6,2,76,d-no-skew,2
92,random_forest,1,0.75,1.0,1,1,0,1.0,0.0,1470,2019-09-17,2025-08-08,2025-08-11,2025-08-11,6,2,76,d-no-skew,2
93,xgboost,1,0.95,1.0,1,1,0,1.0,0.0,1470,2019-09-16,2025-08-07,2025-08-08,2025-08-08,6,2,76,d-no-skew,2
93,random_forest,1,0.7,1.0,1,1,0,1.0,0.0,1470,2019-09-16,2025-08-07,2025-08-08,2025-08-08,6,2,76,d-no-skew,2
94,xgboost,1,0.85,1.0,1,1,0,1.0,0.0,1470,2019-09-13,2025-08-06,2025-08-07,2025-08-07,6,2,76,d-no-skew,2
94,random_forest,1,0.7,1.0,1,1,0,1.0,0.0,1470,2019-09-13,2025-08-06,2025-08-07,2025-08-07,6,2,76,d-no-skew,2
95,xgboost,1,0.95,1.0,1,1,0,1.0,0.0,1470,2019-09-12,2025-08-05,2025-08-06,2025-08-06,6,2,76,d-no-skew,2
95,random_forest,1,0.75,1.0,1,1,0,1.0,0.0,1470,2019-09-12,2025-08-05,2025-08-06,2025-08-06,6,2,76,d-no-skew,2
96,xgboost,1,0.85,1.0,1,1,0,1.0,0.0,1470,2019-09-11,2025-08-04,2025-08-05,2025-08-05,6,2,76,d-no-skew,2
96,random_forest,1,0.7,1.0,1,1,0,1.0,0.0,1470,2019-09-11,2025-08-04,2025-08-05,2025-08-05,6,2,76,d-no-skew,2
97,xgboost,1,0.35,0.0,1,1,0,1.0,0.0,1470,2019-09-10,2025-08-01,2025-08-04,2025-08-04,6,2,76,d-no-skew,2
97,random_forest,1,0.65,1.0,1,1,0,1.0,0.0,1470,2019-09-10,2025-08-01,2025-08-04,2025-08-04,6,2,76,d-no-skew,2
98,xgboost,1,0.9,1.0,1,1,0,1.0,0.0,1470,2019-09-09,2025-07-31,2025-08-01,2025-08-01,6,2,76,d-no-skew,2
98,random_forest,1,0.6,1.0,1,1,0,1.0,0.0,1470,2019-09-09,2025-07-31,2025-08-01,2025-08-01,6,2,76,d-no-skew,2
99,xgboost,1,1.0,0.0,1,0,1,0.0,1.0,1470,2019-09-06,2025-07-30,2025-07-31,2025-07-31,6,2,76,d-no-skew,2
99,random_forest,1,0.55,0.0,1,0,1,0.0,1.0,1470,2019-09-06,2025-07-30,2025-07-31,2025-07-31,6,2,76,d-no-skew,2
100,xgboost,1,0.7,0.0,1,0,1,0.0,1.0,1470,2019-09-05,2025-07-29,2025-07-30,2025-07-30,6,2,76,d-no-skew,2
100,random_forest,1,0.55,0.0,1,0,1,0.0,1.0,1470,2019-09-05,2025-07-29,2025-07-30,2025-07-30,6,2,76,d-no-skew,2
101,xgboost,1,0.65,0.0,1,0,1,0.0,1.0,1470,2019-09-04,2025-07-28,2025-07-29,2025-07-29,6,2,76,d-no-skew,2
101,random_forest,1,0.65,0.0,1,0,1,0.0,1.0,1470,2019-09-04,2025-07-28,2025-07-29,2025-07-29,6,2,76,d-no-skew,2
102,xgboost,1,1.0,0.0,1,0,1,0.0,1.0,1470,2019-09-03,2025-07-25,2025-07-28,2025-07-28,6,2,76,d-no-skew,2
102,random_forest,1,0.7,0.0,1,0,1,0.0,1.0,1470,2019-09-03,2025-07-25,2025-07-28,2025-07-28,6,2,76,d-no-skew,2
103,xgboost,1,1.0,1.0,1,1,0,1.0,0.0,1470,2019-08-30,2025-07-24,2025-07-25,2025-07-25,6,2,76,d-no-skew,2
103,random_forest,1,0.7,1.0,1,1,0,1.0,0.0,1470,2019-08-30,2025-07-24,2025-07-25,2025-07-25,6,2,76,d-no-skew,2
104,xgboost,1,0.95,1.0,1,1,0,1.0,0.0,1470,2019-08-29,2025-07-23,2025-07-24,2025-07-24,6,2,76,d-no-skew,2
104,random_forest,1,0.7,1.0,1,1,0,1.0,0.0,1470,2019-08-29,2025-07-23,2025-07-24,2025-07-24,6,2,76,d-no-skew,2
105,xgboost,1,0.95,1.0,1,1,0,1.0,0.0,1470,2019-08-28,2025-07-22,2025-07-23,2025-07-23,6,2,76,d-no-skew,2
105,random_forest,1,0.7,1.0,1,1,0,1.0,0.0,1470,2019-08-28,2025-07-22,2025-07-23,2025-07-23,6,2,76,d-no-skew,2
106,xgboost,1,1.0,1.0,1,1,0,1.0,0.0,1470,2019-08-27,2025-07-21,2025-07-22,2025-07-22,6,2,76,d-no-skew,2
106,random_forest,1,0.7,1.0,1,1,0,1.0,0.0,1470,2019-08-27,2025-07-21,2025-07-22,2025-07-22,6,2,76,d-no-skew,2
107,xgboost,1,0.85,0.0,1,0,1,0.0,1.0,1470,2019-08-26,2025-07-18,2025-07-21,2025-07-21,6,2,76,d-no-skew,2
107,random_forest,1,0.65,0.0,1,0,1,0.0,1.0,1470,2019-08-26,2025-07-18,2025-07-21,2025-07-21,6,2,76,d-no-skew,2
108,xgboost,1,1.0,0.0,1,0,1,0.0,1.0,1470,2019-08-23,2025-07-17,2025-07-18,2025-07-18,6,2,76,d-no-skew,2
108,random_forest,1,0.75,0.0,1,0,1,0.0,1.0,1470,2019-08-23,2025-07-17,2025-07-18,2025-07-18,6,2,76,d-no-skew,2
109,xgboost,1,0.55,1.0,1,1,0,1.0,0.0,1470,2019-08-22,2025-07-16,2025-07-17,2025-07-17,6,2,76,d-no-skew,2
109,random_forest,1,0.65,1.0,1,1,0,1.0,0.0,1470,2019-08-22,2025-07-16,2025-07-17,2025-07-17,6,2,76,d-no-skew,2
110,xgboost,1,1.0,1.0,1,1,0,1.0,0.0,1470,2019-08-21,2025-07-15,2025-07-16,2025-07-16,6,2,76,d-no-skew,2
110,random_forest,1,0.65,1.0,1,1,0,1.0,0.0,1470,2019-08-21,2025-07-15,2025-07-16,2025-07-16,6,2,76,d-no-skew,2
111,xgboost,1,0.95,1.0,1,1,0,1.0,0.0,1470,2019-08-20,2025-07-14,2025-07-15,2025-07-15,6,2,76,d-no-skew,2
111,random_forest,1,0.75,1.0,1,1,0,1.0,0.0,1470,2019-08-20,2025-07-14,2025-07-15,2025-07-15,6,2,76,d-no-skew,2
112,xgboost,1,1.0,1.0,1,1,0,1.0,0.0,1470,2019-08-19,2025-07-11,2025-07-14,2025-07-14,6,2,76,d-no-skew,2
112,random_forest,1,0.8,1.0,1,1,0,1.0,0.0,1470,2019-08-19,2025-07-11,2025-07-14,2025-07-14,6,2,76,d-no-skew,2
113,xgboost,1,1.0,1.0,1,1,0,1.0,0.0,1470,2019-08-16,2025-07-10,2025-07-11,2025-07-11,6,2,76,d-no-skew,2
113,random_forest,1,0.8,1.0,1,1,0,1.0,0.0,1470,2019-08-16,2025-07-10,2025-07-11,2025-07-11,6,2,76,d-no-skew,2
114,xgboost,1,0.75,1.0,1,1,0,1.0,0.0,1470,2019-08-15,2025-07-09,2025-07-10,2025-07-10,6,2,76,d-no-skew,2
114,random_forest,1,0.65,1.0,1,1,0,1.0,0.0,1470,2019-08-15,2025-07-09,2025-07-10,2025-07-10,6,2,76,d-no-skew,2
115,xgboost,1,1.0,0.0,1,0,1,0.0,1.0,1470,2019-08-14,2025-07-08,2025-07-09,2025-07-09,6,2,76,d-no-skew,2
115,random_forest,1,0.75,0.0,1,0,1,0.0,1.0,1470,2019-08-14,2025-07-08,2025-07-09,2025-07-09,6,2,76,d-no-skew,2
116,xgboost,1,1.0,1.0,1,1,0,1.0,0.0,1470,2019-08-13,2025-07-07,2025-07-08,2025-07-08,6,2,76,d-no-skew,2
116,random_forest,1,0.8,1.0,1,1,0,1.0,0.0,1470,2019-08-13,2025-07-07,2025-07-08,2025-07-08,6,2,76,d-no-skew,2
117,xgboost,1,0.95,1.0,1,1,0,1.0,0.0,1470,2019-08-12,2025-07-02,2025-07-07,2025-07-07,6,2,76,d-no-skew,2
117,random_forest,1,0.7,1.0,1,1,0,1.0,0.0,1470,2019-08-12,2025-07-02,2025-07-07,2025-07-07,6,2,76,d-no-skew,2
118,xgboost,1,0.9,1.0,1,1,0,1.0,0.0,1470,2019-08-09,2025-07-01,2025-07-02,2025-07-02,6,2,76,d-no-skew,2
118,random_forest,1,0.65,1.0,1,1,0,1.0,0.0,1470,2019-08-09,2025-07-01,2025-07-02,2025-07-02,6,2,76,d-no-skew,2
119,xgboost,1,0.95,1.0,1,1,0,1.0,0.0,1470,2019-08-08,2025-06-30,2025-07-01,2025-07-01,6,2,76,d-no-skew,2
119,random_forest,1,0.6,1.0,1,1,0,1.0,0.0,1470,2019-08-08,2025-06-30,2025-07-01,2025-07-01,6,2,76,d-no-skew,2
120,xgboost,1,0.15,1.0,1,0,1,0.0,1.0,1470,2019-08-07,2025-06-27,2025-06-30,2025-06-30,6,2,76,d-no-skew,2
120,random_forest,1,0.6,0.0,1,0,1,0.0,1.0,1470,2019-08-07,2025-06-27,2025-06-30,2025-06-30,6,2,76,d-no-skew,2
121,xgboost,1,1.0,0.0,1,0,1,0.0,1.0,1470,2019-08-06,2025-06-26,2025-06-27,2025-06-27,6,2,76,d-no-skew,2
121,random_forest,1,0.8,0.0,1,0,1,0.0,1.0,1470,2019-08-06,2025-06-26,2025-06-27,2025-06-27,6,2,76,d-no-skew,2
122,xgboost,1,1.0,1.0,1,1,0,1.0,0.0,1470,2019-08-05,2025-06-25,2025-06-26,2025-06-26,6,2,76,d-no-skew,2
122,random_forest,1,0.8,1.0,1,1,0,1.0,0.0,1470,2019-08-05,2025-06-25,2025-06-26,2025-06-26,6,2,76,d-no-skew,2
123,xgboost,1,1.0,1.0,1,1,0,1.0,0.0,1470,2019-08-02,2025-06-24,2025-06-25,2025-06-25,6,2,76,d-no-skew,2
123,random_forest,1,0.7,1.0,1,1,0,1.0,0.0,1470,2019-08-02,2025-06-24,2025-06-25,2025-06-25,6,2,76,d-no-skew,2
124,xgboost,1,0.8,1.0,1,1,0,1.0,0.0,1470,2019-08-01,2025-06-23,2025-06-24,2025-06-24,6,2,76,d-no-skew,2
124,random_forest,1,0.6,1.0,1,1,0,1.0,0.0,1470,2019-08-01,2025-06-23,2025-06-24,2025-06-24,6,2,76,d-no-skew,2
125,xgboost,1,0.25,0.0,1,1,0,1.0,0.0,1470,2019-07-31,2025-06-20,2025-06-23,2025-06-23,6,2,76,d-no-skew,2
125,random_forest,1,0.6,1.0,1,1,0,1.0,0.0,1470,2019-07-31,2025-06-20,2025-06-23,2025-06-23,6,2,76,d-no-skew,2
126,xgboost,1,0.85,1.0,1,1,0,1.0,0.0,1470,2019-07-30,2025-06-18,2025-06-20,2025-06-20,6,2,76,d-no-skew,2
126,random_forest,1,0.6,1.0,1,1,0,1.0,0.0,1470,2019-07-30,2025-06-18,2025-06-20,2025-06-20,6,2,76,d-no-skew,2
127,xgboost,1,0.95,1.0,1,1,0,1.0,0.0,1470,2019-07-29,2025-06-17,2025-06-18,2025-06-18,6,2,76,d-no-skew,2
127,random_forest,1,0.55,1.0,1,1,0,1.0,0.0,1470,2019-07-29,2025-06-17,2025-06-18,2025-06-18,6,2,76,d-no-skew,2
128,xgboost,1,0.2,1.0,1,0,1,0.0,1.0,1470,2019-07-26,2025-06-16,2025-06-17,2025-06-17,6,2,76,d-no-skew,2
128,random_forest,1,0.6,0.0,1,0,1,0.0,1.0,1470,2019-07-26,2025-06-16,2025-06-17,2025-06-17,6,2,76,d-no-skew,2
129,xgboost,1,0.9,0.0,1,0,1,0.0,1.0,1470,2019-07-25,2025-06-13,2025-06-16,2025-06-16,6,2,76,d-no-skew,2
129,random_forest,1,0.65,0.0,1,0,1,0.0,1.0,1470,2019-07-25,2025-06-13,2025-06-16,2025-06-16,6,2,76,d-no-skew,2
130,xgboost,1,1.0,1.0,1,1,0,1.0,0.0,1470,2019-07-24,2025-06-12,2025-06-13,2025-06-13,6,2,76,d-no-skew,2
130,random_forest,1,0.75,1.0,1,1,0,1.0,0.0,1470,2019-07-24,2025-06-12,2025-06-13,2025-06-13,6,2,76,d-no-skew,2
131,xgboost,1,0.6,1.0,1,1,0,1.0,0.0,1470,2019-07-23,2025-06-11,2025-06-12,2025-06-12,6,2,76,d-no-skew,2
131,random_forest,1,0.6,1.0,1,1,0,1.0,0.0,1470,2019-07-23,2025-06-11,2025-06-12,2025-06-12,6,2,76,d-no-skew,2
132,xgboost,1,1.0,0.0,1,0,1,0.0,1.0,1470,2019-07-22,2025-06-10,2025-06-11,2025-06-11,6,2,76,d-no-skew,2
132,random_forest,1,0.7,0.0,1,0,1,0.0,1.0,1470,2019-07-22,2025-06-10,2025-06-11,2025-06-11,6,2,76,d-no-skew,2
133,xgboost,1,0.95,0.0,1,0,1,0.0,1.0,1470,2019-07-19,2025-06-09,2025-06-10,2025-06-10,6,2,76,d-no-skew,2
133,random_forest,1,0.75,0.0,1,0,1,0.0,1.0,1470,2019-07-19,2025-06-09,2025-06-10,2025-06-10,6,2,76,d-no-skew,2
134,xgboost,1,1.0,1.0,1,1,0,1.0,0.0,1470,2019-07-18,2025-06-06,2025-06-09,2025-06-09,6,2,76,d-no-skew,2
134,random_forest,1,0.7,1.0,1,1,0,1.0,0.0,1470,2019-07-18,2025-06-06,2025-06-09,2025-06-09,6,2,76,d-no-skew,2
135,xgboost,1,0.95,1.0,1,1,0,1.0,0.0,1470,2019-07-17,2025-06-05,2025-06-06,2025-06-06,6,2,76,d-no-skew,2
135,random_forest,1,0.7,1.0,1,1,0,1.0,0.0,1470,2019-07-17,2025-06-05,2025-06-06,2025-06-06,6,2,76,d-no-skew,2
136,xgboost,1,0.4,0.0,1,1,0,1.0,0.0,1470,2019-07-16,2025-06-04,2025-06-05,2025-06-05,6,2,76,d-no-skew,2
136,random_forest,1,0.65,1.0,1,1,0,1.0,0.0,1470,2019-07-16,2025-06-04,2025-06-05,2025-06-05,6,2,76,d-no-skew,2
137,xgboost,1,0.05,0.0,1,1,0,1.0,0.0,1470,2019-07-15,2025-06-03,2025-06-04,2025-06-04,6,2,76,d-no-skew,2
137,random_forest,1,0.4,0.0,1,1,0,1.0,0.0,1470,2019-07-15,2025-06-03,2025-06-04,2025-06-04,6,2,76,d-no-skew,2
138,xgboost,1,0.7,0.0,1,0,1,0.0,1.0,1470,2019-07-12,2025-06-02,2025-06-03,2025-06-03,6,2,76,d-no-skew,2
138,random_forest,1,0.6,0.0,1,0,1,0.0,1.0,1470,2019-07-12,2025-06-02,2025-06-03,2025-06-03,6,2,76,d-no-skew,2
139,xgboost,1,0.75,1.0,1,1,0,1.0,0.0,1470,2019-07-11,2025-05-30,2025-06-02,2025-06-02,6,2,76,d-no-skew,2
139,random_forest,1,0.6,1.0,1,1,0,1.0,0.0,1470,2019-07-11,2025-05-30,2025-06-02,2025-06-02,6,2,76,d-no-skew,2
140,xgboost,1,1.0,1.0,1,1,0,1.0,0.0,1470,2019-07-10,2025-05-29,2025-05-30,2025-05-30,6,2,76,d-no-skew,2
140,random_forest,1,0.65,1.0,1,1,0,1.0,0.0,1470,2019-07-10,2025-05-29,2025-05-30,2025-05-30,6,2,76,d-no-skew,2
141,xgboost,1,0.85,1.0,1,1,0,1.0,0.0,1470,2019-07-09,2025-05-28,2025-05-29,2025-05-29,6,2,76,d-no-skew,2
141,random_forest,1,0.6,1.0,1,1,0,1.0,0.0,1470,2019-07-09,2025-05-28,2025-05-29,2025-05-29,6,2,76,d-no-skew,2
142,xgboost,1,0.8,1.0,1,1,0,1.0,0.0,1470,2019-07-08,2025-05-27,2025-05-28,2025-05-28,6,2,76,d-no-skew,2
142,random_forest,1,0.6,1.0,1,1,0,1.0,0.0,1470,2019-07-08,2025-05-27,2025-05-28,2025-05-28,6,2,76,d-no-skew,2
143,xgboost,1,0.3,1.0,1,0,1,0.0,1.0,1470,2019-07-05,2025-05-23,2025-05-27,2025-05-27,6,2,76,d-no-skew,2
143,random_forest,1,0.6,0.0,1,0,1,0.0,1.0,1470,2019-07-05,2025-05-23,2025-05-27,2025-05-27,6,2,76,d-no-skew,2
144,xgboost,1,1.0,1.0,1,1,0,1.0,0.0,1470,2019-07-02,2025-05-22,2025-05-23,2025-05-23,6,2,76,d-no-skew,2
144,random_forest,1,0.6,1.0,1,1,0,1.0,0.0,1470,2019-07-02,2025-05-22,2025-05-23,2025-05-23,6,2,76,d-no-skew,2
145,xgboost,1,0.25,0.0,1,1,0,1.0,0.0,1470,2019-07-01,2025-05-21,2025-05-22,2025-05-22,6,2,76,d-no-skew,2
145,random_forest,1,0.55,1.0,1,1,0,1.0,0.0,1470,2019-07-01,2025-05-21,2025-05-22,2025-05-22,6,2,76,d-no-skew,2
146,xgboost,1,0.8,0.0,1,0,1,0.0,1.0,1470,2019-06-28,2025-05-20,2025-05-21,2025-05-21,6,2,76,d-no-skew,2
146,random_forest,1,0.6,0.0,1,0,1,0.0,1.0,1470,2019-06-28,2025-05-20,2025-05-21,2025-05-21,6,2,76,d-no-skew,2
147,xgboost,1,0.2,1.0,1,0,1,0.0,1.0,1470,2019-06-27,2025-05-19,2025-05-20,2025-05-20,6,2,76,d-no-skew,2
147,random_forest,1,0.45,1.0,1,0,1,0.0,1.0,1470,2019-06-27,2025-05-19,2025-05-20,2025-05-20,6,2,76,d-no-skew,2
148,xgboost,1,0.0,1.0,1,0,1,0.0,1.0,1470,2019-06-26,2025-05-16,2025-05-19,2025-05-19,6,2,76,d-no-skew,2
148,random_forest,1,0.4,1.0,1,0,1,0.0,1.0,1470,2019-06-26,2025-05-16,2025-05-19,2025-05-19,6,2,76,d-no-skew,2
149,xgboost,1,0.2,1.0,1,0,1,0.0,1.0,1470,2019-06-25,2025-05-15,2025-05-16,2025-05-16,6,2,76,d-no-skew,2
149,random_forest,1,0.65,0.0,1,0,1,0.0,1.0,1470,2019-06-25,2025-05-15,2025-05-16,2025-05-16,6,2,76,d-no-skew,2
150,xgboost,1,0.9,1.0,1,1,0,1.0,0.0,1470,2019-06-24,2025-05-14,2025-05-15,2025-05-15,6,2,76,d-no-skew,2
150,random_forest,1,0.65,1.0,1,1,0,1.0,0.0,1470,2019-06-24,2025-05-14,2025-05-15,2025-05-15,6,2,76,d-no-skew,2
151,xgboost,1,0.0,0.0,1,1,0,1.0,0.0,1470,2019-06-21,2025-05-13,2025-05-14,2025-05-14,6,2,76,d-no-skew,2
151,random_forest,1,0.45,0.0,1,1,0,1.0,0.0,1470,2019-06-21,2025-05-13,2025-05-14,2025-05-14,6,2,76,d-no-skew,2
152,xgboost,1,0.4,0.0,1,1,0,1.0,0.0,1470,2019-06-20,2025-05-12,2025-05-13,2025-05-13,6,2,76,d-no-skew,2
152,random_forest,1,0.55,1.0,1,1,0,1.0,0.0,1470,2019-06-20,2025-05-12,2025-05-13,2025-05-13,6,2,76,d-no-skew,2
153,xgboost,1,0.05,0.0,1,1,0,1.0,0.0,1470,2019-06-19,2025-05-09,2025-05-12,2025-05-12,6,2,76,d-no-skew,2
153,random_forest,1,0.45,0.0,1,1,0,1.0,0.0,1470,2019-06-19,2025-05-09,2025-05-12,2025-05-12,6,2,76,d-no-skew,2
154,xgboost,1,1.0,1.0,1,1,0,1.0,0.0,1470,2019-06-18,2025-05-08,2025-05-09,2025-05-09,6,2,76,d-no-skew,2
154,random_forest,1,0.7,1.0,1,1,0,1.0,0.0,1470,2019-06-18,2025-05-08,2025-05-09,2025-05-09,6,2,76,d-no-skew,2
155,xgboost,1,0.25,0.0,1,1,0,1.0,0.0,1470,2019-06-17,2025-05-07,2025-05-08,2025-05-08,6,2,76,d-no-skew,2
155,random_forest,1,0.55,1.0,1,1,0,1.0,0.0,1470,2019-06-17,2025-05-07,2025-05-08,2025-05-08,6,2,76,d-no-skew,2
156,xgboost,1,0.5,1.0,1,1,0,1.0,0.0,1470,2019-06-14,2025-05-06,2025-05-07,2025-05-07,6,2,76,d-no-skew,2
156,random_forest,1,0.65,1.0,1,1,0,1.0,0.0,1470,2019-06-14,2025-05-06,2025-05-07,2025-05-07,6,2,76,d-no-skew,2
157,xgboost,1,0.55,1.0,1,1,0,1.0,0.0,1470,2019-06-13,2025-05-05,2025-05-06,2025-05-06,6,2,76,d-no-skew,2
157,random_forest,1,0.6,1.0,1,1,0,1.0,0.0,1470,2019-06-13,2025-05-05,2025-05-06,2025-05-06,6,2,76,d-no-skew,2
158,xgboost,1,0.9,0.0,1,0,1,0.0,1.0,1470,2019-06-12,2025-05-02,2025-05-05,2025-05-05,6,2,76,d-no-skew,2
158,random_forest,1,0.6,0.0,1,0,1,0.0,1.0,1470,2019-06-12,2025-05-02,2025-05-05,2025-05-05,6,2,76,d-no-skew,2
159,xgboost,1,0.95,0.0,1,0,1,0.0,1.0,1470,2019-06-11,2025-05-01,2025-05-02,2025-05-02,6,2,76,d-no-skew,2
159,random_forest,1,0.65,0.0,1,0,1,0.0,1.0,1470,2019-06-11,2025-05-01,2025-05-02,2025-05-02,6,2,76,d-no-skew,2
160,xgboost,1,0.95,1.0,1,1,0,1.0,0.0,1470,2019-06-10,2025-04-30,2025-05-01,2025-05-01,6,2,76,d-no-skew,2
160,random_forest,1,0.75,1.0,1,1,0,1.0,0.0,1470,2019-06-10,2025-04-30,2025-05-01,2025-05-01,6,2,76,d-no-skew,2
161,xgboost,1,0.95,1.0,1,1,0,1.0,0.0,1470,2019-06-07,2025-04-29,2025-04-30,2025-04-30,6,2,76,d-no-skew,2
161,random_forest,1,0.8,1.0,1,1,0,1.0,0.0,1470,2019-06-07,2025-04-29,2025-04-30,2025-04-30,6,2,76,d-no-skew,2
162,xgboost,1,0.9,1.0,1,1,0,1.0,0.0,1470,2019-06-06,2025-04-28,2025-04-29,2025-04-29,6,2,76,d-no-skew,2
162,random_forest,1,0.75,1.0,1,1,0,1.0,0.0,1470,2019-06-06,2025-04-28,2025-04-29,2025-04-29,6,2,76,d-no-skew,2
163,xgboost,1,0.8,1.0,1,1,0,1.0,0.0,1470,2019-06-05,2025-04-25,2025-04-28,2025-04-28,6,2,76,d-no-skew,2
163,random_forest,1,0.7,1.0,1,1,0,1.0,0.0,1470,2019-06-05,2025-04-25,2025-04-28,2025-04-28,6,2,76,d-no-skew,2
164,xgboost,1,0.05,0.0,1,1,0,1.0,0.0,1470,2019-06-04,2025-04-24,2025-04-25,2025-04-25,6,2,76,d-no-skew,2
164,random_forest,1,0.6,1.0,1,1,0,1.0,0.0,1470,2019-06-04,2025-04-24,2025-04-25,2025-04-25,6,2,76,d-no-skew,2
165,xgboost,1,0.85,1.0,1,1,0,1.0,0.0,1470,2019-06-03,2025-04-23,2025-04-24,2025-04-24,6,2,76,d-no-skew,2
165,random_forest,1,0.6,1.0,1,1,0,1.0,0.0,1470,2019-06-03,2025-04-23,2025-04-24,2025-04-24,6,2,76,d-no-skew,2
166,xgboost,1,0.9,1.0,1,1,0,1.0,0.0,1470,2019-05-31,2025-04-22,2025-04-23,2025-04-23,6,2,76,d-no-skew,2
166,random_forest,1,0.65,1.0,1,1,0,1.0,0.0,1470,2019-05-31,2025-04-22,2025-04-23,2025-04-23,6,2,76,d-no-skew,2
167,xgboost,1,1.0,1.0,1,1,0,1.0,0.0,1470,2019-05-30,2025-04-21,2025-04-22,2025-04-22,6,2,76,d-no-skew,2
167,random_forest,1,0.7,1.0,1,1,0,1.0,0.0,1470,2019-05-30,2025-04-21,2025-04-22,2025-04-22,6,2,76,d-no-skew,2
168,xgboost,1,1.0,1.0,1,1,0,1.0,0.0,1470,2019-05-29,2025-04-17,2025-04-21,2025-04-21,6,2,76,d-no-skew,2
168,random_forest,1,0.7,1.0,1,1,0,1.0,0.0,1470,2019-05-29,2025-04-17,2025-04-21,2025-04-21,6,2,76,d-no-skew,2
169,xgboost,1,0.2,0.0,1,1,0,1.0,0.0,1470,2019-05-28,2025-04-16,2025-04-17,2025-04-17,6,2,76,d-no-skew,2
169,random_forest,1,0.45,0.0,1,1,0,1.0,0.0,1470,2019-05-28,2025-04-16,2025-04-17,2025-04-17,6,2,76,d-no-skew,2
170,xgboost,1,1.0,0.0,1,0,1,0.0,1.0,1470,2019-05-24,2025-04-15,2025-04-16,2025-04-16,6,2,76,d-no-skew,2
170,random_forest,1,0.6,0.0,1,0,1,0.0,1.0,1470,2019-05-24,2025-04-15,2025-04-16,2025-04-16,6,2,76,d-no-skew,2
171,xgboost,1,0.05,1.0,1,0,1,0.0,1.0,1470,2019-05-23,2025-04-14,2025-04-15,2025-04-15,6,2,76,d-no-skew,2
171,random_forest,1,0.4,1.0,1,0,1,0.0,1.0,1470,2019-05-23,2025-04-14,2025-04-15,2025-04-15,6,2,76,d-no-skew,2
172,xgboost,1,0.3,1.0,1,0,1,0.0,1.0,1470,2019-05-22,2025-04-11,2025-04-14,2025-04-14,6,2,76,d-no-skew,2
172,random_forest,1,0.55,0.0,1,0,1,0.0,1.0,1470,2019-05-22,2025-04-11,2025-04-14,2025-04-14,6,2,76,d-no-skew,2
173,xgboost,1,0.15,0.0,1,1,0,1.0,0.0,1470,2019-05-21,2025-04-10,2025-04-11,2025-04-11,6,2,76,d-no-skew,2
173,random_forest,1,0.5,1.0,1,1,0,1.0,0.0,1470,2019-05-21,2025-04-10,2025-04-11,2025-04-11,6,2,76,d-no-skew,2
174,xgboost,1,1.0,1.0,1,1,0,1.0,0.0,1470,2019-05-20,2025-04-09,2025-04-10,2025-04-10,6,2,76,d-no-skew,2
174,random_forest,1,0.55,1.0,1,1,0,1.0,0.0,1470,2019-05-20,2025-04-09,2025-04-10,2025-04-10,6,2,76,d-no-skew,2
175,xgboost,1,0.75,0.0,1,0,1,0.0,1.0,1470,2019-05-17,2025-04-08,2025-04-09,2025-04-09,6,2,76,d-no-skew,2
175,random_forest,1,0.5,0.0,1,0,1,0.0,1.0,1470,2019-05-17,2025-04-08,2025-04-09,2025-04-09,6,2,76,d-no-skew,2
176,xgboost,1,1.0,1.0,1,1,0,1.0,0.0,1470,2019-05-16,2025-04-07,2025-04-08,2025-04-08,6,2,76,d-no-skew,2
176,random_forest,1,0.65,1.0,1,1,0,1.0,0.0,1470,2019-05-16,2025-04-07,2025-04-08,2025-04-08,6,2,76,d-no-skew,2
177,xgboost,1,0.4,0.0,1,1,0,1.0,0.0,1470,2019-05-15,2025-04-04,2025-04-07,2025-04-07,6,2,76,d-no-skew,2
177,random_forest,1,0.4,0.0,1,1,0,1.0,0.0,1470,2019-05-15,2025-04-04,2025-04-07,2025-04-07,6,2,76,d-no-skew,2
178,xgboost,1,0.15,1.0,1,0,1,0.0,1.0,1470,2019-05-14,2025-04-03,2025-04-04,2025-04-04,6,2,76,d-no-skew,2
178,random_forest,1,0.45,1.0,1,0,1,0.0,1.0,1470,2019-05-14,2025-04-03,2025-04-04,2025-04-04,6,2,76,d-no-skew,2
179,xgboost,1,0.1,1.0,1,0,1,0.0,1.0,1470,2019-05-13,2025-04-02,2025-04-03,2025-04-03,6,2,76,d-no-skew,2
179,random_forest,1,0.55,0.0,1,0,1,0.0,1.0,1470,2019-05-13,2025-04-02,2025-04-03,2025-04-03,6,2,76,d-no-skew,2
180,xgboost,1,0.1,1.0,1,0,1,0.0,1.0,1470,2019-05-10,2025-04-01,2025-04-02,2025-04-02,6,2,76,d-no-skew,2
180,random_forest,1,0.4,1.0,1,0,1,0.0,1.0,1470,2019-05-10,2025-04-01,2025-04-02,2025-04-02,6,2,76,d-no-skew,2
181,xgboost,1,0.8,0.0,1,0,1,0.0,1.0,1470,2019-05-09,2025-03-31,2025-04-01,2025-04-01,6,2,76,d-no-skew,2
181,random_forest,1,0.55,0.0,1,0,1,0.0,1.0,1470,2019-05-09,2025-03-31,2025-04-01,2025-04-01,6,2,76,d-no-skew,2
182,xgboost,1,0.1,0.0,1,1,0,1.0,0.0,1470,2019-05-08,2025-03-28,2025-03-31,2025-03-31,6,2,76,d-no-skew,2
182,random_forest,1,0.55,1.0,1,1,0,1.0,0.0,1470,2019-05-08,2025-03-28,2025-03-31,2025-03-31,6,2,76,d-no-skew,2
183,xgboost,1,0.9,1.0,1,1,0,1.0,0.0,1470,2019-05-07,2025-03-27,2025-03-28,2025-03-28,6,2,76,d-no-skew,2
183,random_forest,1,0.6,1.0,1,1,0,1.0,0.0,1470,2019-05-07,2025-03-27,2025-03-28,2025-03-28,6,2,76,d-no-skew,2
184,xgboost,1,0.7,0.0,1,0,1,0.0,1.0,1470,2019-05-06,2025-03-26,2025-03-27,2025-03-27,6,2,76,d-no-skew,2
184,random_forest,1,0.5,1.0,1,0,1,0.0,1.0,1470,2019-05-06,2025-03-26,2025-03-27,2025-03-27,6,2,76,d-no-skew,2
185,xgboost,1,0.85,0.0,1,0,1,0.0,1.0,1470,2019-05-03,2025-03-25,2025-03-26,2025-03-26,6,2,76,d-no-skew,2
185,random_forest,1,0.55,0.0,1,0,1,0.0,1.0,1470,2019-05-03,2025-03-25,2025-03-26,2025-03-26,6,2,76,d-no-skew,2
186,xgboost,1,0.95,0.0,1,0,1,0.0,1.0,1470,2019-05-02,2025-03-24,2025-03-25,2025-03-25,6,2,76,d-no-skew,2
186,random_forest,1,0.5,1.0,1,0,1,0.0,1.0,1470,2019-05-02,2025-03-24,2025-03-25,2025-03-25,6,2,76,d-no-skew,2
187,xgboost,1,0.95,0.0,1,0,1,0.0,1.0,1470,2019-05-01,2025-03-21,2025-03-24,2025-03-24,6,2,76,d-no-skew,2
187,random_forest,1,0.6,0.0,1,0,1,0.0,1.0,1470,2019-05-01,2025-03-21,2025-03-24,2025-03-24,6,2,76,d-no-skew,2
188,xgboost,1,0.4,0.0,1,1,0,1.0,0.0,1470,2019-04-30,2025-03-20,2025-03-21,2025-03-21,6,2,76,d-no-skew,2
188,random_forest,1,0.55,1.0,1,1,0,1.0,0.0,1470,2019-04-30,2025-03-20,2025-03-21,2025-03-21,6,2,76,d-no-skew,2
189,xgboost,1,1.0,1.0,1,1,0,1.0,0.0,1470,2019-04-29,2025-03-19,2025-03-20,2025-03-20,6,2,76,d-no-skew,2
189,random_forest,1,0.5,1.0,1,1,0,1.0,0.0,1470,2019-04-29,2025-03-19,2025-03-20,2025-03-20,6,2,76,d-no-skew,2
190,xgboost,1,0.1,1.0,1,0,1,0.0,1.0,1470,2019-04-26,2025-03-18,2025-03-19,2025-03-19,6,2,76,d-no-skew,2
190,random_forest,1,0.5,1.0,1,0,1,0.0,1.0,1470,2019-04-26,2025-03-18,2025-03-19,2025-03-19,6,2,76,d-no-skew,2
191,xgboost,1,0.8,1.0,1,1,0,1.0,0.0,1470,2019-04-25,2025-03-17,2025-03-18,2025-03-18,6,2,76,d-no-skew,2
191,random_forest,1,0.5,1.0,1,1,0,1.0,0.0,1470,2019-04-25,2025-03-17,2025-03-18,2025-03-18,6,2,76,d-no-skew,2
192,xgboost,1,0.2,1.0,1,0,1,0.0,1.0,1470,2019-04-24,2025-03-14,2025-03-17,2025-03-17,6,2,76,d-no-skew,2
192,random_forest,1,0.45,1.0,1,0,1,0.0,1.0,1470,2019-04-24,2025-03-14,2025-03-17,2025-03-17,6,2,76,d-no-skew,2
193,xgboost,1,0.95,0.0,1,0,1,0.0,1.0,1470,2019-04-23,2025-03-13,2025-03-14,2025-03-14,6,2,76,d-no-skew,2
193,random_forest,1,0.7,0.0,1,0,1,0.0,1.0,1470,2019-04-23,2025-03-13,2025-03-14,2025-03-14,6,2,76,d-no-skew,2
194,xgboost,1,1.0,1.0,1,1,0,1.0,0.0,1470,2019-04-22,2025-03-12,2025-03-13,2025-03-13,6,2,76,d-no-skew,2
194,random_forest,1,0.65,1.0,1,1,0,1.0,0.0,1470,2019-04-22,2025-03-12,2025-03-13,2025-03-13,6,2,76,d-no-skew,2
195,xgboost,1,0.05,0.0,1,1,0,1.0,0.0,1470,2019-04-18,2025-03-11,2025-03-12,2025-03-12,6,2,76,d-no-skew,2
195,random_forest,1,0.4,0.0,1,1,0,1.0,0.0,1470,2019-04-18,2025-03-11,2025-03-12,2025-03-12,6,2,76,d-no-skew,2
196,xgboost,1,0.15,1.0,1,0,1,0.0,1.0,1470,2019-04-17,2025-03-10,2025-03-11,2025-03-11,6,2,76,d-no-skew,2
196,random_forest,1,0.5,0.0,1,0,1,0.0,1.0,1470,2019-04-17,2025-03-10,2025-03-11,2025-03-11,6,2,76,d-no-skew,2
197,xgboost,1,0.05,0.0,1,1,0,1.0,0.0,1470,2019-04-16,2025-03-07,2025-03-10,2025-03-10,6,2,76,d-no-skew,2
197,random_forest,1,0.35,0.0,1,1,0,1.0,0.0,1470,2019-04-16,2025-03-07,2025-03-10,2025-03-10,6,2,76,d-no-skew,2
198,xgboost,1,0.05,1.0,1,0,1,0.0,1.0,1470,2019-04-15,2025-03-06,2025-03-07,2025-03-07,6,2,76,d-no-skew,2
198,random_forest,1,0.4,1.0,1,0,1,0.0,1.0,1470,2019-04-15,2025-03-06,2025-03-07,2025-03-07,6,2,76,d-no-skew,2
199,xgboost,1,0.15,1.0,1,0,1,0.0,1.0,1470,2019-04-12,2025-03-05,2025-03-06,2025-03-06,6,2,76,d-no-skew,2
199,random_forest,1,0.45,1.0,1,0,1,0.0,1.0,1470,2019-04-12,2025-03-05,2025-03-06,2025-03-06,6,2,76,d-no-skew,2
200,xgboost,1,0.3,1.0,1,0,1,0.0,1.0,1470,2019-04-11,2025-03-04,2025-03-05,2025-03-05,6,2,76,d-no-skew,2
200,random_forest,1,0.45,1.0,1,0,1,0.0,1.0,1470,2019-04-11,2025-03-04,2025-03-05,2025-03-05,6,2,76,d-no-skew,2
201,xgboost,1,0.95,0.0,1,0,1,0.0,1.0,1470,2019-04-10,2025-03-03,2025-03-04,2025-03-04,6,2,76,d-no-skew,2
201,random_forest,1,0.6,0.0,1,0,1,0.0,1.0,1470,2019-04-10,2025-03-03,2025-03-04,2025-03-04,6,2,76,d-no-skew,2
202,xgboost,1,0.05,0.0,1,1,0,1.0,0.0,1470,2019-04-09,2025-02-28,2025-03-03,2025-03-03,6,2,76,d-no-skew,2
202,random_forest,1,0.35,0.0,1,1,0,1.0,0.0,1470,2019-04-09,2025-02-28,2025-03-03,2025-03-03,6,2,76,d-no-skew,2
203,xgboost,1,0.55,0.0,1,0,1,0.0,1.0,1470,2019-04-08,2025-02-27,2025-02-28,2025-02-28,6,2,76,d-no-skew,2
203,random_forest,1,0.5,1.0,1,0,1,0.0,1.0,1470,2019-04-08,2025-02-27,2025-02-28,2025-02-28,6,2,76,d-no-skew,2
204,xgboost,1,1.0,0.0,1,0,1,0.0,1.0,1470,2019-04-05,2025-02-26,2025-02-27,2025-02-27,6,2,76,d-no-skew,2
204,random_forest,1,0.55,0.0,1,0,1,0.0,1.0,1470,2019-04-05,2025-02-26,2025-02-27,2025-02-27,6,2,76,d-no-skew,2
205,xgboost,1,0.0,1.0,1,0,1,0.0,1.0,1470,2019-04-04,2025-02-25,2025-02-26,2025-02-26,6,2,76,d-no-skew,2
205,random_forest,1,0.35,1.0,1,0,1,0.0,1.0,1470,2019-04-04,2025-02-25,2025-02-26,2025-02-26,6,2,76,d-no-skew,2
206,xgboost,1,0.0,1.0,1,0,1,0.0,1.0,1470,2019-04-03,2025-02-24,2025-02-25,2025-02-25,6,2,76,d-no-skew,2
206,random_forest,1,0.45,1.0,1,0,1,0.0,1.0,1470,2019-04-03,2025-02-24,2025-02-25,2025-02-25,6,2,76,d-no-skew,2
207,xgboost,1,0.25,1.0,1,0,1,0.0,1.0,1470,2019-04-02,2025-02-21,2025-02-24,2025-02-24,6,2,76,d-no-skew,2
207,random_forest,1,0.5,1.0,1,0,1,0.0,1.0,1470,2019-04-02,2025-02-21,2025-02-24,2025-02-24,6,2,76,d-no-skew,2
208,xgboost,1,0.35,1.0,1,0,1,0.0,1.0,1470,2019-04-01,2025-02-20,2025-02-21,2025-02-21,6,2,76,d-no-skew,2
208,random_forest,1,0.5,1.0,1,0,1,0.0,1.0,1470,2019-04-01,2025-02-20,2025-02-21,2025-02-21,6,2,76,d-no-skew,2
209,xgboost,1,0.8,0.0,1,0,1,0.0,1.0,1470,2019-03-29,2025-02-19,2025-02-20,2025-02-20,6,2,76,d-no-skew,2
209,random_forest,1,0.55,0.0,1,0,1,0.0,1.0,1470,2019-03-29,2025-02-19,2025-02-20,2025-02-20,6,2,76,d-no-skew,2
210,xgboost,1,0.35,1.0,1,0,1,0.0,1.0,1470,2019-03-28,2025-02-18,2025-02-19,2025-02-19,6,2,76,d-no-skew,2
210,random_forest,1,0.45,1.0,1,0,1,0.0,1.0,1470,2019-03-28,2025-02-18,2025-02-19,2025-02-19,6,2,76,d-no-skew,2
211,xgboost,1,0.65,0.0,1,0,1,0.0,1.0,1470,2019-03-27,2025-02-14,2025-02-18,2025-02-18,6,2,76,d-no-skew,2
211,random_forest,1,0.65,0.0,1,0,1,0.0,1.0,1470,2019-03-27,2025-02-14,2025-02-18,2025-02-18,6,2,76,d-no-skew,2
212,xgboost,1,1.0,1.0,1,1,0,1.0,0.0,1470,2019-03-26,2025-02-13,2025-02-14,2025-02-14,6,2,76,d-no-skew,2
212,random_forest,1,0.65,1.0,1,1,0,1.0,0.0,1470,2019-03-26,2025-02-13,2025-02-14,2025-02-14,6,2,76,d-no-skew,2
213,xgboost,1,0.95,1.0,1,1,0,1.0,0.0,1470,2019-03-25,2025-02-12,2025-02-13,2025-02-13,6,2,76,d-no-skew,2
213,random_forest,1,0.6,1.0,1,1,0,1.0,0.0,1470,2019-03-25,2025-02-12,2025-02-13,2025-02-13,6,2,76,d-no-skew,2
214,xgboost,1,0.25,0.0,1,1,0,1.0,0.0,1470,2019-03-22,2025-02-11,2025-02-12,2025-02-12,6,2,76,d-no-skew,2
214,random_forest,1,0.5,0.0,1,1,0,1.0,0.0,1470,2019-03-22,2025-02-11,2025-02-12,2025-02-12,6,2,76,d-no-skew,2
215,xgboost,1,0.95,1.0,1,1,0,1.0,0.0,1470,2019-03-21,2025-02-10,2025-02-11,2025-02-11,6,2,76,d-no-skew,2
215,random_forest,1,0.35,0.0,1,1,0,1.0,0.0,1470,2019-03-21,2025-02-10,2025-02-11,2025-02-11,6,2,76,d-no-skew,2
216,xgboost,1,0.05,1.0,1,0,1,0.0,1.0,1470,2019-03-20,2025-02-07,2025-02-10,2025-02-10,6,2,76,d-no-skew,2
216,random_forest,1,0.4,1.0,1,0,1,0.0,1.0,1470,2019-03-20,2025-02-07,2025-02-10,2025-02-10,6,2,76,d-no-skew,2
217,xgboost,1,0.2,0.0,1,1,0,1.0,0.0,1470,2019-03-19,2025-02-06,2025-02-07,2025-02-07,6,2,76,d-no-skew,2
217,random_forest,1,0.45,0.0,1,1,0,1.0,0.0,1470,2019-03-19,2025-02-06,2025-02-07,2025-02-07,6,2,76,d-no-skew,2
218,xgboost,1,0.45,1.0,1,0,1,0.0,1.0,1470,2019-03-18,2025-02-05,2025-02-06,2025-02-06,6,2,76,d-no-skew,2
218,random_forest,1,0.35,1.0,1,0,1,0.0,1.0,1470,2019-03-18,2025-02-05,2025-02-06,2025-02-06,6,2,76,d-no-skew,2
219,xgboost,1,0.9,0.0,1,0,1,0.0,1.0,1470,2019-03-15,2025-02-04,2025-02-05,2025-02-05,6,2,76,d-no-skew,2
219,random_forest,1,0.6,0.0,1,0,1,0.0,1.0,1470,2019-03-15,2025-02-04,2025-02-05,2025-02-05,6,2,76,d-no-skew,2
220,xgboost,1,0.85,1.0,1,1,0,1.0,0.0,1470,2019-03-14,2025-02-03,2025-02-04,2025-02-04,6,2,76,d-no-skew,2
220,random_forest,1,0.55,1.0,1,1,0,1.0,0.0,1470,2019-03-14,2025-02-03,2025-02-04,2025-02-04,6,2,76,d-no-skew,2
221,xgboost,1,0.45,0.0,1,1,0,1.0,0.0,1470,2019-03-13,2025-01-31,2025-02-03,2025-02-03,6,2,76,d-no-skew,2
221,random_forest,1,0.5,0.0,1,1,0,1.0,0.0,1470,2019-03-13,2025-01-31,2025-02-03,2025-02-03,6,2,76,d-no-skew,2
222,xgboost,1,0.15,0.0,1,1,0,1.0,0.0,1470,2019-03-12,2025-01-30,2025-01-31,2025-01-31,6,2,76,d-no-skew,2
222,random_forest,1,0.5,1.0,1,1,0,1.0,0.0,1470,2019-03-12,2025-01-30,2025-01-31,2025-01-31,6,2,76,d-no-skew,2
223,xgboost,1,0.95,0.0,1,0,1,0.0,1.0,1470,2019-03-11,2025-01-29,2025-01-30,2025-01-30,6,2,76,d-no-skew,2
223,random_forest,1,0.7,0.0,1,0,1,0.0,1.0,1470,2019-03-11,2025-01-29,2025-01-30,2025-01-30,6,2,76,d-no-skew,2
224,xgboost,1,0.65,1.0,1,1,0,1.0,0.0,1470,2019-03-08,2025-01-28,2025-01-29,2025-01-29,6,2,76,d-no-skew,2
224,random_forest,1,0.55,1.0,1,1,0,1.0,0.0,1470,2019-03-08,2025-01-28,2025-01-29,2025-01-29,6,2,76,d-no-skew,2
225,xgboost,1,0.8,1.0,1,1,0,1.0,0.0,1470,2019-03-07,2025-01-27,2025-01-28,2025-01-28,6,2,76,d-no-skew,2
225,random_forest,1,0.55,1.0,1,1,0,1.0,0.0,1470,2019-03-07,2025-01-27,2025-01-28,2025-01-28,6,2,76,d-no-skew,2
226,xgboost,1,0.2,0.0,1,1,0,1.0,0.0,1470,2019-03-06,2025-01-24,2025-01-27,2025-01-27,6,2,76,d-no-skew,2
226,random_forest,1,0.5,0.0,1,1,0,1.0,0.0,1470,2019-03-06,2025-01-24,2025-01-27,2025-01-27,6,2,76,d-no-skew,2
227,xgboost,1,0.0,1.0,1,0,1,0.0,1.0,1470,2019-03-05,2025-01-23,2025-01-24,2025-01-24,6,2,76,d-no-skew,2
227,random_forest,1,0.35,1.0,1,0,1,0.0,1.0,1470,2019-03-05,2025-01-23,2025-01-24,2025-01-24,6,2,76,d-no-skew,2
228,xgboost,1,0.2,1.0,1,0,1,0.0,1.0,1470,2019-03-04,2025-01-22,2025-01-23,2025-01-23,6,2,76,d-no-skew,2
228,random_forest,1,0.5,1.0,1,0,1,0.0,1.0,1470,2019-03-04,2025-01-22,2025-01-23,2025-01-23,6,2,76,d-no-skew,2
1,xgboost,1,1.0,1.0,1,1,0,1.0,0.0,980,2022-01-12,2025-12-18,2025-12-19,2025-12-19,4,5,76,d-no-skew,5
1,random_forest,1,0.75,1.0,1,1,0,1.0,0.0,980,2022-01-12,2025-12-18,2025-12-19,2025-12-19,4,5,76,d-no-skew,5
2,xgboost,1,0.95,1.0,1,1,0,1.0,0.0,980,2022-01-11,2025-12-17,2025-12-18,2025-12-18,4,5,76,d-no-skew,5
2,random_forest,1,0.7,1.0,1,1,0,1.0,0.0,980,2022-01-11,2025-12-17,2025-12-18,2025-12-18,4,5,76,d-no-skew,5
3,xgboost,1,0.15,0.0,1,1,0,1.0,0.0,980,2022-01-10,2025-12-16,2025-12-17,2025-12-17,4,5,76,d-no-skew,5
3,random_forest,1,0.65,1.0,1,1,0,1.0,0.0,980,2022-01-10,2025-12-16,2025-12-17,2025-12-17,4,5,76,d-no-skew,5
4,xgboost,1,1.0,1.0,1,1,0,1.0,0.0,980,2022-01-07,2025-12-15,2025-12-16,2025-12-16,4,5,76,d-no-skew,5
4,random_forest,1,0.7,1.0,1,1,0,1.0,0.0,980,2022-01-07,2025-12-15,2025-12-16,2025-12-16,4,5,76,d-no-skew,5
5,xgboost,1,0.7,1.0,1,1,0,1.0,0.0,980,2022-01-06,2025-12-12,2025-12-15,2025-12-15,4,5,76,d-no-skew,5
5,random_forest,1,0.6,1.0,1,1,0,1.0,0.0,980,2022-01-06,2025-12-12,2025-12-15,2025-12-15,4,5,76,d-no-skew,5
6,xgboost,1,0.3,0.0,1,1,0,1.0,0.0,980,2022-01-05,2025-12-11,2025-12-12,2025-12-12,4,5,76,d-no-skew,5
6,random_forest,1,0.45,0.0,1,1,0,1.0,0.0,980,2022-01-05,2025-12-11,2025-12-12,2025-12-12,4,5,76,d-no-skew,5
7,xgboost,1,1.0,0.0,1,0,1,0.0,1.0,980,2022-01-04,2025-12-10,2025-12-11,2025-12-11,4,5,76,d-no-skew,5
7,random_forest,1,0.5,1.0,1,0,1,0.0,1.0,980,2022-01-04,2025-12-10,2025-12-11,2025-12-11,4,5,76,d-no-skew,5
8,xgboost,1,0.85,0.0,1,0,1,0.0,1.0,980,2022-01-03,2025-12-09,2025-12-10,2025-12-10,4,5,76,d-no-skew,5
8,random_forest,1,0.45,1.0,1,0,1,0.0,1.0,980,2022-01-03,2025-12-09,2025-12-10,2025-12-10,4,5,76,d-no-skew,5
9,xgboost,1,0.2,1.0,1,0,1,0.0,1.0,980,2021-12-31,2025-12-08,2025-12-09,2025-12-09,4,5,76,d-no-skew,5
9,random_forest,1,0.4,1.0,1,0,1,0.0,1.0,980,2021-12-31,2025-12-08,2025-12-09,2025-12-09,4,5,76,d-no-skew,5
10,xgboost,1,0.2,1.0,1,0,1,0.0,1.0,980,2021-12-30,2025-12-05,2025-12-08,2025-12-08,4,5,76,d-no-skew,5
10,random_forest,1,0.55,0.0,1,0,1,0.0,1.0,980,2021-12-30,2025-12-05,2025-12-08,2025-12-08,4,5,76,d-no-skew,5
11,xgboost,1,1.0,0.0,1,0,1,0.0,1.0,980,2021-12-29,2025-12-04,2025-12-05,2025-12-05,4,5,76,d-no-skew,5
11,random_forest,1,0.75,0.0,1,0,1,0.0,1.0,980,2021-12-29,2025-12-04,2025-12-05,2025-12-05,4,5,76,d-no-skew,5
12,xgboost,1,1.0,1.0,1,1,0,1.0,0.0,980,2021-12-28,2025-12-03,2025-12-04,2025-12-04,4,5,76,d-no-skew,5
12,random_forest,1,0.85,1.0,1,1,0,1.0,0.0,980,2021-12-28,2025-12-03,2025-12-04,2025-12-04,4,5,76,d-no-skew,5
13,xgboost,1,1.0,1.0,1,1,0,1.0,0.0,980,2021-12-27,2025-12-02,2025-12-03,2025-12-03,4,5,76,d-no-skew,5
13,random_forest,1,0.75,1.0,1,1,0,1.0,0.0,980,2021-12-27,2025-12-02,2025-12-03,2025-12-03,4,5,76,d-no-skew,5
14,xgboost,1,0.95,1.0,1,1,0,1.0,0.0,980,2021-12-23,2025-12-01,2025-12-02,2025-12-02,4,5,76,d-no-skew,5
14,random_forest,1,0.7,1.0,1,1,0,1.0,0.0,980,2021-12-23,2025-12-01,2025-12-02,2025-12-02,4,5,76,d-no-skew,5
15,xgboost,1,0.95,1.0,1,1,0,1.0,0.0,980,2021-12-22,2025-11-26,2025-12-01,2025-12-01,4,5,76,d-no-skew,5
15,random_forest,1,0.7,1.0,1,1,0,1.0,0.0,980,2021-12-22,2025-11-26,2025-12-01,2025-12-01,4,5,76,d-no-skew,5
16,xgboost,1,1.0,1.0,1,1,0,1.0,0.0,980,2021-12-21,2025-11-25,2025-11-26,2025-11-26,4,5,76,d-no-skew,5
16,random_forest,1,0.65,1.0,1,1,0,1.0,0.0,980,2021-12-21,2025-11-25,2025-11-26,2025-11-26,4,5,76,d-no-skew,5
17,xgboost,1,0.9,1.0,1,1,0,1.0,0.0,980,2021-12-20,2025-11-24,2025-11-25,2025-11-25,4,5,76,d-no-skew,5
17,random_forest,1,0.6,1.0,1,1,0,1.0,0.0,980,2021-12-20,2025-11-24,2025-11-25,2025-11-25,4,5,76,d-no-skew,5
18,xgboost,1,0.9,1.0,1,1,0,1.0,0.0,980,2021-12-17,2025-11-21,2025-11-24,2025-11-24,4,5,76,d-no-skew,5
18,random_forest,1,0.65,1.0,1,1,0,1.0,0.0,980,2021-12-17,2025-11-21,2025-11-24,2025-11-24,4,5,76,d-no-skew,5
19,xgboost,1,0.5,0.0,1,1,0,1.0,0.0,980,2021-12-16,2025-11-20,2025-11-21,2025-11-21,4,5,76,d-no-skew,5
19,random_forest,1,0.6,1.0,1,1,0,1.0,0.0,980,2021-12-16,2025-11-20,2025-11-21,2025-11-21,4,5,76,d-no-skew,5
20,xgboost,1,1.0,1.0,1,1,0,1.0,0.0,980,2021-12-15,2025-11-19,2025-11-20,2025-11-20,4,5,76,d-no-skew,5
20,random_forest,1,0.7,1.0,1,1,0,1.0,0.0,980,2021-12-15,2025-11-19,2025-11-20,2025-11-20,4,5,76,d-no-skew,5
21,xgboost,1,0.8,1.0,1,1,0,1.0,0.0,980,2021-12-14,2025-11-18,2025-11-19,2025-11-19,4,5,76,d-no-skew,5
21,random_forest,1,0.7,1.0,1,1,0,1.0,0.0,980,2021-12-14,2025-11-18,2025-11-19,2025-11-19,4,5,76,d-no-skew,5
22,xgboost,1,0.9,1.0,1,1,0,1.0,0.0,980,2021-12-13,2025-11-17,2025-11-18,2025-11-18,4,5,76,d-no-skew,5
22,random_forest,1,0.6,1.0,1,1,0,1.0,0.0,980,2021-12-13,2025-11-17,2025-11-18,2025-11-18,4,5,76,d-no-skew,5
23,xgboost,1,0.05,0.0,1,1,0,1.0,0.0,980,2021-12-10,2025-11-14,2025-11-17,2025-11-17,4,5,76,d-no-skew,5
23,random_forest,1,0.3,0.0,1,1,0,1.0,0.0,980,2021-12-10,2025-11-14,2025-11-17,2025-11-17,4,5,76,d-no-skew,5
24,xgboost,1,0.0,1.0,1,0,1,0.0,1.0,980,2021-12-09,2025-11-13,2025-11-14,2025-11-14,4,5,76,d-no-skew,5
24,random_forest,1,0.2,1.0,1,0,1,0.0,1.0,980,2021-12-09,2025-11-13,2025-11-14,2025-11-14,4,5,76,d-no-skew,5
25,xgboost,1,0.15,1.0,1,0,1,0.0,1.0,980,2021-12-08,2025-11-12,2025-11-13,2025-11-13,4,5,76,d-no-skew,5
25,random_forest,1,0.3,1.0,1,0,1,0.0,1.0,980,2021-12-08,2025-11-12,2025-11-13,2025-11-13,4,5,76,d-no-skew,5
26,xgboost,1,0.2,1.0,1,0,1,0.0,1.0,980,2021-12-07,2025-11-11,2025-11-12,2025-11-12,4,5,76,d-no-skew,5
26,random_forest,1,0.3,1.0,1,0,1,0.0,1.0,980,2021-12-07,2025-11-11,2025-11-12,2025-11-12,4,5,76,d-no-skew,5
27,xgboost,1,0.3,1.0,1,0,1,0.0,1.0,980,2021-12-06,2025-11-10,2025-11-11,2025-11-11,4,5,76,d-no-skew,5
27,random_forest,1,0.3,1.0,1,0,1,0.0,1.0,980,2021-12-06,2025-11-10,2025-11-11,2025-11-11,4,5,76,d-no-skew,5
28,xgboost,1,0.55,0.0,1,0,1,0.0,1.0,980,2021-12-03,2025-11-07,2025-11-10,2025-11-10,4,5,76,d-no-skew,5
28,random_forest,1,0.4,1.0,1,0,1,0.0,1.0,980,2021-12-03,2025-11-07,2025-11-10,2025-11-10,4,5,76,d-no-skew,5
29,xgboost,1,0.8,0.0,1,0,1,0.0,1.0,980,2021-12-02,2025-11-06,2025-11-07,2025-11-07,4,5,76,d-no-skew,5
29,random_forest,1,0.45,1.0,1,0,1,0.0,1.0,980,2021-12-02,2025-11-06,2025-11-07,2025-11-07,4,5,76,d-no-skew,5
30,xgboost,1,0.1,1.0,1,0,1,0.0,1.0,980,2021-12-01,2025-11-05,2025-11-06,2025-11-06,4,5,76,d-no-skew,5
30,random_forest,1,0.55,0.0,1,0,1,0.0,1.0,980,2021-12-01,2025-11-05,2025-11-06,2025-11-06,4,5,76,d-no-skew,5
31,xgboost,1,0.85,0.0,1,0,1,0.0,1.0,980,2021-11-30,2025-11-04,2025-11-05,2025-11-05,4,5,76,d-no-skew,5
31,random_forest,1,0.6,0.0,1,0,1,0.0,1.0,980,2021-11-30,2025-11-04,2025-11-05,2025-11-05,4,5,76,d-no-skew,5
32,xgboost,1,0.95,1.0,1,1,0,1.0,0.0,980,2021-11-29,2025-11-03,2025-11-04,2025-11-04,4,5,76,d-no-skew,5
32,random_forest,1,0.35,0.0,1,1,0,1.0,0.0,980,2021-11-29,2025-11-03,2025-11-04,2025-11-04,4,5,76,d-no-skew,5
33,xgboost,1,0.05,1.0,1,0,1,0.0,1.0,980,2021-11-24,2025-10-31,2025-11-03,2025-11-03,4,5,76,d-no-skew,5
33,random_forest,1,0.25,1.0,1,0,1,0.0,1.0,980,2021-11-24,2025-10-31,2025-11-03,2025-11-03,4,5,76,d-no-skew,5
34,xgboost,1,0.05,1.0,1,0,1,0.0,1.0,980,2021-11-23,2025-10-30,2025-10-31,2025-10-31,4,5,76,d-no-skew,5
34,random_forest,1,0.25,1.0,1,0,1,0.0,1.0,980,2021-11-23,2025-10-30,2025-10-31,2025-10-31,4,5,76,d-no-skew,5
35,xgboost,1,0.65,0.0,1,0,1,0.0,1.0,980,2021-11-22,2025-10-29,2025-10-30,2025-10-30,4,5,76,d-no-skew,5
35,random_forest,1,0.35,1.0,1,0,1,0.0,1.0,980,2021-11-22,2025-10-29,2025-10-30,2025-10-30,4,5,76,d-no-skew,5
36,xgboost,1,0.25,1.0,1,0,1,0.0,1.0,980,2021-11-19,2025-10-28,2025-10-29,2025-10-29,4,5,76,d-no-skew,5
36,random_forest,1,0.4,1.0,1,0,1,0.0,1.0,980,2021-11-19,2025-10-28,2025-10-29,2025-10-29,4,5,76,d-no-skew,5
37,xgboost,1,1.0,0.0,1,0,1,0.0,1.0,980,2021-11-18,2025-10-27,2025-10-28,2025-10-28,4,5,76,d-no-skew,5
37,random_forest,1,0.65,0.0,1,0,1,0.0,1.0,980,2021-11-18,2025-10-27,2025-10-28,2025-10-28,4,5,76,d-no-skew,5
38,xgboost,1,0.8,1.0,1,1,0,1.0,0.0,980,2021-11-17,2025-10-24,2025-10-27,2025-10-27,4,5,76,d-no-skew,5
38,random_forest,1,0.6,1.0,1,1,0,1.0,0.0,980,2021-11-17,2025-10-24,2025-10-27,2025-10-27,4,5,76,d-no-skew,5
39,xgboost,1,0.2,0.0,1,1,0,1.0,0.0,980,2021-11-16,2025-10-23,2025-10-24,2025-10-24,4,5,76,d-no-skew,5
39,random_forest,1,0.5,1.0,1,1,0,1.0,0.0,980,2021-11-16,2025-10-23,2025-10-24,2025-10-24,4,5,76,d-no-skew,5
40,xgboost,1,0.8,1.0,1,1,0,1.0,0.0,980,2021-11-15,2025-10-22,2025-10-23,2025-10-23,4,5,76,d-no-skew,5
40,random_forest,1,0.65,1.0,1,1,0,1.0,0.0,980,2021-11-15,2025-10-22,2025-10-23,2025-10-23,4,5,76,d-no-skew,5
41,xgboost,1,1.0,1.0,1,1,0,1.0,0.0,980,2021-11-12,2025-10-21,2025-10-22,2025-10-22,4,5,76,d-no-skew,5
41,random_forest,1,0.7,1.0,1,1,0,1.0,0.0,980,2021-11-12,2025-10-21,2025-10-22,2025-10-22,4,5,76,d-no-skew,5
42,xgboost,1,1.0,1.0,1,1,0,1.0,0.0,980,2021-11-11,2025-10-20,2025-10-21,2025-10-21,4,5,76,d-no-skew,5
42,random_forest,1,0.7,1.0,1,1,0,1.0,0.0,980,2021-11-11,2025-10-20,2025-10-21,2025-10-21,4,5,76,d-no-skew,5
43,xgboost,1,1.0,1.0,1,1,0,1.0,0.0,980,2021-11-10,2025-10-17,2025-10-20,2025-10-20,4,5,76,d-no-skew,5
43,random_forest,1,0.55,1.0,1,1,0,1.0,0.0,980,2021-11-10,2025-10-17,2025-10-20,2025-10-20,4,5,76,d-no-skew,5
44,xgboost,1,1.0,1.0,1,1,0,1.0,0.0,980,2021-11-09,2025-10-16,2025-10-17,2025-10-17,4,5,76,d-no-skew,5
44,random_forest,1,0.7,1.0,1,1,0,1.0,0.0,980,2021-11-09,2025-10-16,2025-10-17,2025-10-17,4,5,76,d-no-skew,5
45,xgboost,1,1.0,1.0,1,1,0,1.0,0.0,980,2021-11-08,2025-10-15,2025-10-16,2025-10-16,4,5,76,d-no-skew,5
45,random_forest,1,0.8,1.0,1,1,0,1.0,0.0,980,2021-11-08,2025-10-15,2025-10-16,2025-10-16,4,5,76,d-no-skew,5
46,xgboost,1,1.0,1.0,1,1,0,1.0,0.0,980,2021-11-05,2025-10-14,2025-10-15,2025-10-15,4,5,76,d-no-skew,5
46,random_forest,1,0.8,1.0,1,1,0,1.0,0.0,980,2021-11-05,2025-10-14,2025-10-15,2025-10-15,4,5,76,d-no-skew,5
47,xgboost,1,1.0,1.0,1,1,0,1.0,0.0,980,2021-11-04,2025-10-13,2025-10-14,2025-10-14,4,5,76,d-no-skew,5
47,random_forest,1,0.75,1.0,1,1,0,1.0,0.0,980,2021-11-04,2025-10-13,2025-10-14,2025-10-14,4,5,76,d-no-skew,5
48,xgboost,1,0.9,1.0,1,1,0,1.0,0.0,980,2021-11-03,2025-10-10,2025-10-13,2025-10-13,4,5,76,d-no-skew,5
48,random_forest,1,0.55,1.0,1,1,0,1.0,0.0,980,2021-11-03,2025-10-10,2025-10-13,2025-10-13,4,5,76,d-no-skew,5
49,xgboost,1,0.6,1.0,1,1,0,1.0,0.0,980,2021-11-02,2025-10-09,2025-10-10,2025-10-10,4,5,76,d-no-skew,5
49,random_forest,1,0.45,0.0,1,1,0,1.0,0.0,980,2021-11-02,2025-10-09,2025-10-10,2025-10-10,4,5,76,d-no-skew,5
50,xgboost,1,0.65,0.0,1,0,1,0.0,1.0,980,2021-11-01,2025-10-08,2025-10-09,2025-10-09,4,5,76,d-no-skew,5
50,random_forest,1,0.35,1.0,1,0,1,0.0,1.0,980,2021-11-01,2025-10-08,2025-10-09,2025-10-09,4,5,76,d-no-skew,5
51,xgboost,1,0.35,1.0,1,0,1,0.0,1.0,980,2021-10-29,2025-10-07,2025-10-08,2025-10-08,4,5,76,d-no-skew,5
51,random_forest,1,0.35,1.0,1,0,1,0.0,1.0,980,2021-10-29,2025-10-07,2025-10-08,2025-10-08,4,5,76,d-no-skew,5
52,xgboost,1,0.05,1.0,1,0,1,0.0,1.0,980,2021-10-28,2025-10-06,2025-10-07,2025-10-07,4,5,76,d-no-skew,5
52,random_forest,1,0.45,1.0,1,0,1,0.0,1.0,980,2021-10-28,2025-10-06,2025-10-07,2025-10-07,4,5,76,d-no-skew,5
53,xgboost,1,0.35,1.0,1,0,1,0.0,1.0,980,2021-10-27,2025-10-03,2025-10-06,2025-10-06,4,5,76,d-no-skew,5
53,random_forest,1,0.5,1.0,1,0,1,0.0,1.0,980,2021-10-27,2025-10-03,2025-10-06,2025-10-06,4,5,76,d-no-skew,5
54,xgboost,1,1.0,0.0,1,0,1,0.0,1.0,980,2021-10-26,2025-10-02,2025-10-03,2025-10-03,4,5,76,d-no-skew,5
54,random_forest,1,0.8,0.0,1,0,1,0.0,1.0,980,2021-10-26,2025-10-02,2025-10-03,2025-10-03,4,5,76,d-no-skew,5
55,xgboost,1,1.0,1.0,1,1,0,1.0,0.0,980,2021-10-25,2025-10-01,2025-10-02,2025-10-02,4,5,76,d-no-skew,5
55,random_forest,1,0.75,1.0,1,1,0,1.0,0.0,980,2021-10-25,2025-10-01,2025-10-02,2025-10-02,4,5,76,d-no-skew,5
56,xgboost,1,0.9,1.0,1,1,0,1.0,0.0,980,2021-10-22,2025-09-30,2025-10-01,2025-10-01,4,5,76,d-no-skew,5
56,random_forest,1,0.7,1.0,1,1,0,1.0,0.0,980,2021-10-22,2025-09-30,2025-10-01,2025-10-01,4,5,76,d-no-skew,5
57,xgboost,1,1.0,1.0,1,1,0,1.0,0.0,980,2021-10-21,2025-09-29,2025-09-30,2025-09-30,4,5,76,d-no-skew,5
57,random_forest,1,0.7,1.0,1,1,0,1.0,0.0,980,2021-10-21,2025-09-29,2025-09-30,2025-09-30,4,5,76,d-no-skew,5
58,xgboost,1,1.0,1.0,1,1,0,1.0,0.0,980,2021-10-20,2025-09-26,2025-09-29,2025-09-29,4,5,76,d-no-skew,5
58,random_forest,1,0.75,1.0,1,1,0,1.0,0.0,980,2021-10-20,2025-09-26,2025-09-29,2025-09-29,4,5,76,d-no-skew,5
59,xgboost,1,0.9,1.0,1,1,0,1.0,0.0,980,2021-10-19,2025-09-25,2025-09-26,2025-09-26,4,5,76,d-no-skew,5
59,random_forest,1,0.75,1.0,1,1,0,1.0,0.0,980,2021-10-19,2025-09-25,2025-09-26,2025-09-26,4,5,76,d-no-skew,5
60,xgboost,1,1.0,1.0,1,1,0,1.0,0.0,980,2021-10-18,2025-09-24,2025-09-25,2025-09-25,4,5,76,d-no-skew,5
60,random_forest,1,0.75,1.0,1,1,0,1.0,0.0,980,2021-10-18,2025-09-24,2025-09-25,2025-09-25,4,5,76,d-no-skew,5
61,xgboost,1,1.0,1.0,1,1,0,1.0,0.0,980,2021-10-15,2025-09-23,2025-09-24,2025-09-24,4,5,76,d-no-skew,5
61,random_forest,1,0.65,1.0,1,1,0,1.0,0.0,980,2021-10-15,2025-09-23,2025-09-24,2025-09-24,4,5,76,d-no-skew,5
62,xgboost,1,0.25,0.0,1,1,0,1.0,0.0,980,2021-10-14,2025-09-22,2025-09-23,2025-09-23,4,5,76,d-no-skew,5
62,random_forest,1,0.3,0.0,1,1,0,1.0,0.0,980,2021-10-14,2025-09-22,2025-09-23,2025-09-23,4,5,76,d-no-skew,5
63,xgboost,1,0.05,1.0,1,0,1,0.0,1.0,980,2021-10-13,2025-09-19,2025-09-22,2025-09-22,4,5,76,d-no-skew,5
63,random_forest,1,0.25,1.0,1,0,1,0.0,1.0,980,2021-10-13,2025-09-19,2025-09-22,2025-09-22,4,5,76,d-no-skew,5
64,xgboost,1,0.65,0.0,1,0,1,0.0,1.0,980,2021-10-12,2025-09-18,2025-09-19,2025-09-19,4,5,76,d-no-skew,5
64,random_forest,1,0.5,1.0,1,0,1,0.0,1.0,980,2021-10-12,2025-09-18,2025-09-19,2025-09-19,4,5,76,d-no-skew,5
65,xgboost,1,1.0,0.0,1,0,1,0.0,1.0,980,2021-10-11,2025-09-17,2025-09-18,2025-09-18,4,5,76,d-no-skew,5
65,random_forest,1,0.8,0.0,1,0,1,0.0,1.0,980,2021-10-11,2025-09-17,2025-09-18,2025-09-18,4,5,76,d-no-skew,5
66,xgboost,1,1.0,1.0,1,1,0,1.0,0.0,980,2021-10-08,2025-09-16,2025-09-17,2025-09-17,4,5,76,d-no-skew,5
66,random_forest,1,0.75,1.0,1,1,0,1.0,0.0,980,2021-10-08,2025-09-16,2025-09-17,2025-09-17,4,5,76,d-no-skew,5
67,xgboost,1,0.95,1.0,1,1,0,1.0,0.0,980,2021-10-07,2025-09-15,2025-09-16,2025-09-16,4,5,76,d-no-skew,5
67,random_forest,1,0.75,1.0,1,1,0,1.0,0.0,980,2021-10-07,2025-09-15,2025-09-16,2025-09-16,4,5,76,d-no-skew,5
68,xgboost,1,0.95,1.0,1,1,0,1.0,0.0,980,2021-10-06,2025-09-12,2025-09-15,2025-09-15,4,5,76,d-no-skew,5
68,random_forest,1,0.7,1.0,1,1,0,1.0,0.0,980,2021-10-06,2025-09-12,2025-09-15,2025-09-15,4,5,76,d-no-skew,5
69,xgboost,1,0.95,1.0,1,1,0,1.0,0.0,980,2021-10-05,2025-09-11,2025-09-12,2025-09-12,4,5,76,d-no-skew,5
69,random_forest,1,0.7,1.0,1,1,0,1.0,0.0,980,2021-10-05,2025-09-11,2025-09-12,2025-09-12,4,5,76,d-no-skew,5
70,xgboost,1,0.95,1.0,1,1,0,1.0,0.0,980,2021-10-04,2025-09-10,2025-09-11,2025-09-11,4,5,76,d-no-skew,5
70,random_forest,1,0.7,1.0,1,1,0,1.0,0.0,980,2021-10-04,2025-09-10,2025-09-11,2025-09-11,4,5,76,d-no-skew,5
71,xgboost,1,0.95,1.0,1,1,0,1.0,0.0,980,2021-10-01,2025-09-09,2025-09-10,2025-09-10,4,5,76,d-no-skew,5
71,random_forest,1,0.7,1.0,1,1,0,1.0,0.0,980,2021-10-01,2025-09-09,2025-09-10,2025-09-10,4,5,76,d-no-skew,5
72,xgboost,1,0.95,1.0,1,1,0,1.0,0.0,980,2021-09-30,2025-09-08,2025-09-09,2025-09-09,4,5,76,d-no-skew,5
72,random_forest,1,0.7,1.0,1,1,0,1.0,0.0,980,2021-09-30,2025-09-08,2025-09-09,2025-09-09,4,5,76,d-no-skew,5
73,xgboost,1,1.0,1.0,1,1,0,1.0,0.0,980,2021-09-29,2025-09-05,2025-09-08,2025-09-08,4,5,76,d-no-skew,5
73,random_forest,1,0.6,1.0,1,1,0,1.0,0.0,980,2021-09-29,2025-09-05,2025-09-08,2025-09-08,4,5,76,d-no-skew,5
74,xgboost,1,1.0,1.0,1,1,0,1.0,0.0,980,2021-09-28,2025-09-04,2025-09-05,2025-09-05,4,5,76,d-no-skew,5
74,random_forest,1,0.7,1.0,1,1,0,1.0,0.0,980,2021-09-28,2025-09-04,2025-09-05,2025-09-05,4,5,76,d-no-skew,5
75,xgboost,1,0.95,1.0,1,1,0,1.0,0.0,980,2021-09-27,2025-09-03,2025-09-04,2025-09-04,4,5,76,d-no-skew,5
75,random_forest,1,0.6,1.0,1,1,0,1.0,0.0,980,2021-09-27,2025-09-03,2025-09-04,2025-09-04,4,5,76,d-no-skew,5
76,xgboost,1,1.0,1.0,1,1,0,1.0,0.0,980,2021-09-24,2025-09-02,2025-09-03,2025-09-03,4,5,76,d-no-skew,5
76,random_forest,1,0.7,1.0,1,1,0,1.0,0.0,980,2021-09-24,2025-09-02,2025-09-03,2025-09-03,4,5,76,d-no-skew,5
77,xgboost,1,0.95,1.0,1,1,0,1.0,0.0,980,2021-09-23,2025-08-29,2025-09-02,2025-09-02,4,5,76,d-no-skew,5
77,random_forest,1,0.7,1.0,1,1,0,1.0,0.0,980,2021-09-23,2025-08-29,2025-09-02,2025-09-02,4,5,76,d-no-skew,5
78,xgboost,1,0.95,1.0,1,1,0,1.0,0.0,980,2021-09-22,2025-08-28,2025-08-29,2025-08-29,4,5,76,d-no-skew,5
78,random_forest,1,0.6,1.0,1,1,0,1.0,0.0,980,2021-09-22,2025-08-28,2025-08-29,2025-08-29,4,5,76,d-no-skew,5
79,xgboost,1,0.85,0.0,1,0,1,0.0,1.0,980,2021-09-21,2025-08-27,2025-08-28,2025-08-28,4,5,76,d-no-skew,5
79,random_forest,1,0.45,1.0,1,0,1,0.0,1.0,980,2021-09-21,2025-08-27,2025-08-28,2025-08-28,4,5,76,d-no-skew,5
80,xgboost,1,0.25,0.0,1,1,0,1.0,0.0,980,2021-09-20,2025-08-26,2025-08-27,2025-08-27,4,5,76,d-no-skew,5
80,random_forest,1,0.25,0.0,1,1,0,1.0,0.0,980,2021-09-20,2025-08-26,2025-08-27,2025-08-27,4,5,76,d-no-skew,5
81,xgboost,1,0.0,1.0,1,0,1,0.0,1.0,980,2021-09-17,2025-08-25,2025-08-26,2025-08-26,4,5,76,d-no-skew,5
81,random_forest,1,0.3,1.0,1,0,1,0.0,1.0,980,2021-09-17,2025-08-25,2025-08-26,2025-08-26,4,5,76,d-no-skew,5
82,xgboost,1,0.8,0.0,1,0,1,0.0,1.0,980,2021-09-16,2025-08-22,2025-08-25,2025-08-25,4,5,76,d-no-skew,5
82,random_forest,1,0.5,1.0,1,0,1,0.0,1.0,980,2021-09-16,2025-08-22,2025-08-25,2025-08-25,4,5,76,d-no-skew,5
83,xgboost,1,0.85,0.0,1,0,1,0.0,1.0,980,2021-09-15,2025-08-21,2025-08-22,2025-08-22,4,5,76,d-no-skew,5
83,random_forest,1,0.7,0.0,1,0,1,0.0,1.0,980,2021-09-15,2025-08-21,2025-08-22,2025-08-22,4,5,76,d-no-skew,5
84,xgboost,1,1.0,1.0,1,1,0,1.0,0.0,980,2021-09-14,2025-08-20,2025-08-21,2025-08-21,4,5,76,d-no-skew,5
84,random_forest,1,0.7,1.0,1,1,0,1.0,0.0,980,2021-09-14,2025-08-20,2025-08-21,2025-08-21,4,5,76,d-no-skew,5
85,xgboost,1,0.9,1.0,1,1,0,1.0,0.0,980,2021-09-13,2025-08-19,2025-08-20,2025-08-20,4,5,76,d-no-skew,5
85,random_forest,1,0.65,1.0,1,1,0,1.0,0.0,980,2021-09-13,2025-08-19,2025-08-20,2025-08-20,4,5,76,d-no-skew,5
86,xgboost,1,0.85,1.0,1,1,0,1.0,0.0,980,2021-09-10,2025-08-18,2025-08-19,2025-08-19,4,5,76,d-no-skew,5
86,random_forest,1,0.65,1.0,1,1,0,1.0,0.0,980,2021-09-10,2025-08-18,2025-08-19,2025-08-19,4,5,76,d-no-skew,5
87,xgboost,1,0.85,0.0,1,0,1,0.0,1.0,980,2021-09-09,2025-08-15,2025-08-18,2025-08-18,4,5,76,d-no-skew,5
87,random_forest,1,0.4,1.0,1,0,1,0.0,1.0,980,2021-09-09,2025-08-15,2025-08-18,2025-08-18,4,5,76,d-no-skew,5
88,xgboost,1,0.8,0.0,1,0,1,0.0,1.0,980,2021-09-08,2025-08-14,2025-08-15,2025-08-15,4,5,76,d-no-skew,5
88,random_forest,1,0.5,0.0,1,0,1,0.0,1.0,980,2021-09-08,2025-08-14,2025-08-15,2025-08-15,4,5,76,d-no-skew,5
89,xgboost,1,0.05,1.0,1,0,1,0.0,1.0,980,2021-09-07,2025-08-13,2025-08-14,2025-08-14,4,5,76,d-no-skew,5
89,random_forest,1,0.35,1.0,1,0,1,0.0,1.0,980,2021-09-07,2025-08-13,2025-08-14,2025-08-14,4,5,76,d-no-skew,5
90,xgboost,1,0.3,1.0,1,0,1,0.0,1.0,980,2021-09-03,2025-08-12,2025-08-13,2025-08-13,4,5,76,d-no-skew,5
90,random_forest,1,0.4,1.0,1,0,1,0.0,1.0,980,2021-09-03,2025-08-12,2025-08-13,2025-08-13,4,5,76,d-no-skew,5
91,xgboost,1,1.0,0.0,1,0,1,0.0,1.0,980,2021-09-02,2025-08-11,2025-08-12,2025-08-12,4,5,76,d-no-skew,5
91,random_forest,1,0.75,0.0,1,0,1,0.0,1.0,980,2021-09-02,2025-08-11,2025-08-12,2025-08-12,4,5,76,d-no-skew,5
92,xgboost,1,1.0,1.0,1,1,0,1.0,0.0,980,2021-09-01,2025-08-08,2025-08-11,2025-08-11,4,5,76,d-no-skew,5
92,random_forest,1,0.75,1.0,1,1,0,1.0,0.0,980,2021-09-01,2025-08-08,2025-08-11,2025-08-11,4,5,76,d-no-skew,5
93,xgboost,1,0.8,1.0,1,1,0,1.0,0.0,980,2021-08-31,2025-08-07,2025-08-08,2025-08-08,4,5,76,d-no-skew,5
93,random_forest,1,0.55,1.0,1,1,0,1.0,0.0,980,2021-08-31,2025-08-07,2025-08-08,2025-08-08,4,5,76,d-no-skew,5
94,xgboost,1,1.0,1.0,1,1,0,1.0,0.0,980,2021-08-30,2025-08-06,2025-08-07,2025-08-07,4,5,76,d-no-skew,5
94,random_forest,1,0.65,1.0,1,1,0,1.0,0.0,980,2021-08-30,2025-08-06,2025-08-07,2025-08-07,4,5,76,d-no-skew,5
95,xgboost,1,1.0,1.0,1,1,0,1.0,0.0,980,2021-08-27,2025-08-05,2025-08-06,2025-08-06,4,5,76,d-no-skew,5
95,random_forest,1,0.75,1.0,1,1,0,1.0,0.0,980,2021-08-27,2025-08-05,2025-08-06,2025-08-06,4,5,76,d-no-skew,5
96,xgboost,1,1.0,1.0,1,1,0,1.0,0.0,980,2021-08-26,2025-08-04,2025-08-05,2025-08-05,4,5,76,d-no-skew,5
96,random_forest,1,0.85,1.0,1,1,0,1.0,0.0,980,2021-08-26,2025-08-04,2025-08-05,2025-08-05,4,5,76,d-no-skew,5
97,xgboost,1,0.95,1.0,1,1,0,1.0,0.0,980,2021-08-25,2025-08-01,2025-08-04,2025-08-04,4,5,76,d-no-skew,5
97,random_forest,1,0.7,1.0,1,1,0,1.0,0.0,980,2021-08-25,2025-08-01,2025-08-04,2025-08-04,4,5,76,d-no-skew,5
98,xgboost,1,0.95,1.0,1,1,0,1.0,0.0,980,2021-08-24,2025-07-31,2025-08-01,2025-08-01,4,5,76,d-no-skew,5
98,random_forest,1,0.6,1.0,1,1,0,1.0,0.0,980,2021-08-24,2025-07-31,2025-08-01,2025-08-01,4,5,76,d-no-skew,5
99,xgboost,1,0.1,0.0,1,1,0,1.0,0.0,980,2021-08-23,2025-07-30,2025-07-31,2025-07-31,4,5,76,d-no-skew,5
99,random_forest,1,0.4,0.0,1,1,0,1.0,0.0,980,2021-08-23,2025-07-30,2025-07-31,2025-07-31,4,5,76,d-no-skew,5
100,xgboost,1,0.0,1.0,1,0,1,0.0,1.0,980,2021-08-20,2025-07-29,2025-07-30,2025-07-30,4,5,76,d-no-skew,5
100,random_forest,1,0.25,1.0,1,0,1,0.0,1.0,980,2021-08-20,2025-07-29,2025-07-30,2025-07-30,4,5,76,d-no-skew,5
101,xgboost,1,0.95,0.0,1,0,1,0.0,1.0,980,2021-08-19,2025-07-28,2025-07-29,2025-07-29,4,5,76,d-no-skew,5
101,random_forest,1,0.5,0.0,1,0,1,0.0,1.0,980,2021-08-19,2025-07-28,2025-07-29,2025-07-29,4,5,76,d-no-skew,5
102,xgboost,1,0.45,1.0,1,0,1,0.0,1.0,980,2021-08-18,2025-07-25,2025-07-28,2025-07-28,4,5,76,d-no-skew,5
102,random_forest,1,0.25,1.0,1,0,1,0.0,1.0,980,2021-08-18,2025-07-25,2025-07-28,2025-07-28,4,5,76,d-no-skew,5
103,xgboost,1,0.9,0.0,1,0,1,0.0,1.0,980,2021-08-17,2025-07-24,2025-07-25,2025-07-25,4,5,76,d-no-skew,5
103,random_forest,1,0.45,1.0,1,0,1,0.0,1.0,980,2021-08-17,2025-07-24,2025-07-25,2025-07-25,4,5,76,d-no-skew,5
104,xgboost,1,1.0,0.0,1,0,1,0.0,1.0,980,2021-08-16,2025-07-23,2025-07-24,2025-07-24,4,5,76,d-no-skew,5
104,random_forest,1,0.9,0.0,1,0,1,0.0,1.0,980,2021-08-16,2025-07-23,2025-07-24,2025-07-24,4,5,76,d-no-skew,5
105,xgboost,1,1.0,1.0,1,1,0,1.0,0.0,980,2021-08-13,2025-07-22,2025-07-23,2025-07-23,4,5,76,d-no-skew,5
105,random_forest,1,0.9,1.0,1,1,0,1.0,0.0,980,2021-08-13,2025-07-22,2025-07-23,2025-07-23,4,5,76,d-no-skew,5
106,xgboost,1,1.0,1.0,1,1,0,1.0,0.0,980,2021-08-12,2025-07-21,2025-07-22,2025-07-22,4,5,76,d-no-skew,5
106,random_forest,1,0.95,1.0,1,1,0,1.0,0.0,980,2021-08-12,2025-07-21,2025-07-22,2025-07-22,4,5,76,d-no-skew,5
107,xgboost,1,1.0,1.0,1,1,0,1.0,0.0,980,2021-08-11,2025-07-18,2025-07-21,2025-07-21,4,5,76,d-no-skew,5
107,random_forest,1,0.95,1.0,1,1,0,1.0,0.0,980,2021-08-11,2025-07-18,2025-07-21,2025-07-21,4,5,76,d-no-skew,5
108,xgboost,1,1.0,1.0,1,1,0,1.0,0.0,980,2021-08-10,2025-07-17,2025-07-18,2025-07-18,4,5,76,d-no-skew,5
108,random_forest,1,0.85,1.0,1,1,0,1.0,0.0,980,2021-08-10,2025-07-17,2025-07-18,2025-07-18,4,5,76,d-no-skew,5
109,xgboost,1,1.0,1.0,1,1,0,1.0,0.0,980,2021-08-09,2025-07-16,2025-07-17,2025-07-17,4,5,76,d-no-skew,5
109,random_forest,1,0.8,1.0,1,1,0,1.0,0.0,980,2021-08-09,2025-07-16,2025-07-17,2025-07-17,4,5,76,d-no-skew,5
110,xgboost,1,1.0,1.0,1,1,0,1.0,0.0,980,2021-08-06,2025-07-15,2025-07-16,2025-07-16,4,5,76,d-no-skew,5
110,random_forest,1,0.85,1.0,1,1,0,1.0,0.0,980,2021-08-06,2025-07-15,2025-07-16,2025-07-16,4,5,76,d-no-skew,5
111,xgboost,1,1.0,1.0,1,1,0,1.0,0.0,980,2021-08-05,2025-07-14,2025-07-15,2025-07-15,4,5,76,d-no-skew,5
111,random_forest,1,0.9,1.0,1,1,0,1.0,0.0,980,2021-08-05,2025-07-14,2025-07-15,2025-07-15,4,5,76,d-no-skew,5
112,xgboost,1,1.0,1.0,1,1,0,1.0,0.0,980,2021-08-04,2025-07-11,2025-07-14,2025-07-14,4,5,76,d-no-skew,5
112,random_forest,1,0.9,1.0,1,1,0,1.0,0.0,980,2021-08-04,2025-07-11,2025-07-14,2025-07-14,4,5,76,d-no-skew,5
113,xgboost,1,1.0,1.0,1,1,0,1.0,0.0,980,2021-08-03,2025-07-10,2025-07-11,2025-07-11,4,5,76,d-no-skew,5
113,random_forest,1,0.9,1.0,1,1,0,1.0,0.0,980,2021-08-03,2025-07-10,2025-07-11,2025-07-11,4,5,76,d-no-skew,5
114,xgboost,1,1.0,1.0,1,1,0,1.0,0.0,980,2021-08-02,2025-07-09,2025-07-10,2025-07-10,4,5,76,d-no-skew,5
114,random_forest,1,0.9,1.0,1,1,0,1.0,0.0,980,2021-08-02,2025-07-09,2025-07-10,2025-07-10,4,5,76,d-no-skew,5
115,xgboost,1,1.0,1.0,1,1,0,1.0,0.0,980,2021-07-30,2025-07-08,2025-07-09,2025-07-09,4,5,76,d-no-skew,5
115,random_forest,1,0.85,1.0,1,1,0,1.0,0.0,980,2021-07-30,2025-07-08,2025-07-09,2025-07-09,4,5,76,d-no-skew,5
116,xgboost,1,1.0,1.0,1,1,0,1.0,0.0,980,2021-07-29,2025-07-07,2025-07-08,2025-07-08,4,5,76,d-no-skew,5
116,random_forest,1,0.85,1.0,1,1,0,1.0,0.0,980,2021-07-29,2025-07-07,2025-07-08,2025-07-08,4,5,76,d-no-skew,5
117,xgboost,1,1.0,1.0,1,1,0,1.0,0.0,980,2021-07-28,2025-07-02,2025-07-07,2025-07-07,4,5,76,d-no-skew,5
117,random_forest,1,0.8,1.0,1,1,0,1.0,0.0,980,2021-07-28,2025-07-02,2025-07-07,2025-07-07,4,5,76,d-no-skew,5
118,xgboost,1,1.0,1.0,1,1,0,1.0,0.0,980,2021-07-27,2025-07-01,2025-07-02,2025-07-02,4,5,76,d-no-skew,5
118,random_forest,1,0.8,1.0,1,1,0,1.0,0.0,980,2021-07-27,2025-07-01,2025-07-02,2025-07-02,4,5,76,d-no-skew,5
119,xgboost,1,0.95,1.0,1,1,0,1.0,0.0,980,2021-07-26,2025-06-30,2025-07-01,2025-07-01,4,5,76,d-no-skew,5
119,random_forest,1,0.8,1.0,1,1,0,1.0,0.0,980,2021-07-26,2025-06-30,2025-07-01,2025-07-01,4,5,76,d-no-skew,5
120,xgboost,1,0.85,1.0,1,1,0,1.0,0.0,980,2021-07-23,2025-06-27,2025-06-30,2025-06-30,4,5,76,d-no-skew,5
120,random_forest,1,0.7,1.0,1,1,0,1.0,0.0,980,2021-07-23,2025-06-27,2025-06-30,2025-06-30,4,5,76,d-no-skew,5
121,xgboost,1,0.9,1.0,1,1,0,1.0,0.0,980,2021-07-22,2025-06-26,2025-06-27,2025-06-27,4,5,76,d-no-skew,5
121,random_forest,1,0.7,1.0,1,1,0,1.0,0.0,980,2021-07-22,2025-06-26,2025-06-27,2025-06-27,4,5,76,d-no-skew,5
122,xgboost,1,1.0,1.0,1,1,0,1.0,0.0,980,2021-07-21,2025-06-25,2025-06-26,2025-06-26,4,5,76,d-no-skew,5
122,random_forest,1,0.8,1.0,1,1,0,1.0,0.0,980,2021-07-21,2025-06-25,2025-06-26,2025-06-26,4,5,76,d-no-skew,5
123,xgboost,1,1.0,1.0,1,1,0,1.0,0.0,980,2021-07-20,2025-06-24,2025-06-25,2025-06-25,4,5,76,d-no-skew,5
123,random_forest,1,0.8,1.0,1,1,0,1.0,0.0,980,2021-07-20,2025-06-24,2025-06-25,2025-06-25,4,5,76,d-no-skew,5
124,xgboost,1,0.95,1.0,1,1,0,1.0,0.0,980,2021-07-19,2025-06-23,2025-06-24,2025-06-24,4,5,76,d-no-skew,5
124,random_forest,1,0.65,1.0,1,1,0,1.0,0.0,980,2021-07-19,2025-06-23,2025-06-24,2025-06-24,4,5,76,d-no-skew,5
125,xgboost,1,0.8,1.0,1,1,0,1.0,0.0,980,2021-07-16,2025-06-20,2025-06-23,2025-06-23,4,5,76,d-no-skew,5
125,random_forest,1,0.75,1.0,1,1,0,1.0,0.0,980,2021-07-16,2025-06-20,2025-06-23,2025-06-23,4,5,76,d-no-skew,5
126,xgboost,1,0.85,1.0,1,1,0,1.0,0.0,980,2021-07-15,2025-06-18,2025-06-20,2025-06-20,4,5,76,d-no-skew,5
126,random_forest,1,0.75,1.0,1,1,0,1.0,0.0,980,2021-07-15,2025-06-18,2025-06-20,2025-06-20,4,5,76,d-no-skew,5
127,xgboost,1,1.0,1.0,1,1,0,1.0,0.0,980,2021-07-14,2025-06-17,2025-06-18,2025-06-18,4,5,76,d-no-skew,5
127,random_forest,1,0.85,1.0,1,1,0,1.0,0.0,980,2021-07-14,2025-06-17,2025-06-18,2025-06-18,4,5,76,d-no-skew,5
128,xgboost,1,1.0,1.0,1,1,0,1.0,0.0,980,2021-07-13,2025-06-16,2025-06-17,2025-06-17,4,5,76,d-no-skew,5
128,random_forest,1,0.75,1.0,1,1,0,1.0,0.0,980,2021-07-13,2025-06-16,2025-06-17,2025-06-17,4,5,76,d-no-skew,5
129,xgboost,1,0.75,1.0,1,1,0,1.0,0.0,980,2021-07-12,2025-06-13,2025-06-16,2025-06-16,4,5,76,d-no-skew,5
129,random_forest,1,0.55,1.0,1,1,0,1.0,0.0,980,2021-07-12,2025-06-13,2025-06-16,2025-06-16,4,5,76,d-no-skew,5
130,xgboost,1,0.95,1.0,1,1,0,1.0,0.0,980,2021-07-09,2025-06-12,2025-06-13,2025-06-13,4,5,76,d-no-skew,5
130,random_forest,1,0.65,1.0,1,1,0,1.0,0.0,980,2021-07-09,2025-06-12,2025-06-13,2025-06-13,4,5,76,d-no-skew,5
131,xgboost,1,0.15,1.0,1,0,1,0.0,1.0,980,2021-07-08,2025-06-11,2025-06-12,2025-06-12,4,5,76,d-no-skew,5
131,random_forest,1,0.4,1.0,1,0,1,0.0,1.0,980,2021-07-08,2025-06-11,2025-06-12,2025-06-12,4,5,76,d-no-skew,5
132,xgboost,1,0.75,0.0,1,0,1,0.0,1.0,980,2021-07-07,2025-06-10,2025-06-11,2025-06-11,4,5,76,d-no-skew,5
132,random_forest,1,0.65,0.0,1,0,1,0.0,1.0,980,2021-07-07,2025-06-10,2025-06-11,2025-06-11,4,5,76,d-no-skew,5
133,xgboost,1,0.4,1.0,1,0,1,0.0,1.0,980,2021-07-06,2025-06-09,2025-06-10,2025-06-10,4,5,76,d-no-skew,5
133,random_forest,1,0.7,0.0,1,0,1,0.0,1.0,980,2021-07-06,2025-06-09,2025-06-10,2025-06-10,4,5,76,d-no-skew,5
134,xgboost,1,0.4,0.0,1,1,0,1.0,0.0,980,2021-07-02,2025-06-06,2025-06-09,2025-06-09,4,5,76,d-no-skew,5
134,random_forest,1,0.5,0.0,1,1,0,1.0,0.0,980,2021-07-02,2025-06-06,2025-06-09,2025-06-09,4,5,76,d-no-skew,5
135,xgboost,1,1.0,0.0,1,0,1,0.0,1.0,980,2021-07-01,2025-06-05,2025-06-06,2025-06-06,4,5,76,d-no-skew,5
135,random_forest,1,0.85,0.0,1,0,1,0.0,1.0,980,2021-07-01,2025-06-05,2025-06-06,2025-06-06,4,5,76,d-no-skew,5
136,xgboost,1,1.0,1.0,1,1,0,1.0,0.0,980,2021-06-30,2025-06-04,2025-06-05,2025-06-05,4,5,76,d-no-skew,5
136,random_forest,1,0.8,1.0,1,1,0,1.0,0.0,980,2021-06-30,2025-06-04,2025-06-05,2025-06-05,4,5,76,d-no-skew,5
137,xgboost,1,0.4,0.0,1,1,0,1.0,0.0,980,2021-06-29,2025-06-03,2025-06-04,2025-06-04,4,5,76,d-no-skew,5
137,random_forest,1,0.6,1.0,1,1,0,1.0,0.0,980,2021-06-29,2025-06-03,2025-06-04,2025-06-04,4,5,76,d-no-skew,5
138,xgboost,1,0.55,1.0,1,1,0,1.0,0.0,980,2021-06-28,2025-06-02,2025-06-03,2025-06-03,4,5,76,d-no-skew,5
138,random_forest,1,0.7,1.0,1,1,0,1.0,0.0,980,2021-06-28,2025-06-02,2025-06-03,2025-06-03,4,5,76,d-no-skew,5
139,xgboost,1,1.0,1.0,1,1,0,1.0,0.0,980,2021-06-25,2025-05-30,2025-06-02,2025-06-02,4,5,76,d-no-skew,5
139,random_forest,1,0.7,1.0,1,1,0,1.0,0.0,980,2021-06-25,2025-05-30,2025-06-02,2025-06-02,4,5,76,d-no-skew,5
140,xgboost,1,0.85,1.0,1,1,0,1.0,0.0,980,2021-06-24,2025-05-29,2025-05-30,2025-05-30,4,5,76,d-no-skew,5
140,random_forest,1,0.7,1.0,1,1,0,1.0,0.0,980,2021-06-24,2025-05-29,2025-05-30,2025-05-30,4,5,76,d-no-skew,5
141,xgboost,1,0.1,0.0,1,1,0,1.0,0.0,980,2021-06-23,2025-05-28,2025-05-29,2025-05-29,4,5,76,d-no-skew,5
141,random_forest,1,0.65,1.0,1,1,0,1.0,0.0,980,2021-06-23,2025-05-28,2025-05-29,2025-05-29,4,5,76,d-no-skew,5
142,xgboost,1,0.35,0.0,1,1,0,1.0,0.0,980,2021-06-22,2025-05-27,2025-05-28,2025-05-28,4,5,76,d-no-skew,5
142,random_forest,1,0.6,1.0,1,1,0,1.0,0.0,980,2021-06-22,2025-05-27,2025-05-28,2025-05-28,4,5,76,d-no-skew,5
143,xgboost,1,0.05,0.0,1,1,0,1.0,0.0,980,2021-06-21,2025-05-23,2025-05-27,2025-05-27,4,5,76,d-no-skew,5
143,random_forest,1,0.5,1.0,1,1,0,1.0,0.0,980,2021-06-21,2025-05-23,2025-05-27,2025-05-27,4,5,76,d-no-skew,5
144,xgboost,1,0.9,1.0,1,1,0,1.0,0.0,980,2021-06-18,2025-05-22,2025-05-23,2025-05-23,4,5,76,d-no-skew,5
144,random_forest,1,0.75,1.0,1,1,0,1.0,0.0,980,2021-06-18,2025-05-22,2025-05-23,2025-05-23,4,5,76,d-no-skew,5
145,xgboost,1,0.95,1.0,1,1,0,1.0,0.0,980,2021-06-17,2025-05-21,2025-05-22,2025-05-22,4,5,76,d-no-skew,5
145,random_forest,1,0.6,1.0,1,1,0,1.0,0.0,980,2021-06-17,2025-05-21,2025-05-22,2025-05-22,4,5,76,d-no-skew,5
146,xgboost,1,0.75,1.0,1,1,0,1.0,0.0,980,2021-06-16,2025-05-20,2025-05-21,2025-05-21,4,5,76,d-no-skew,5
146,random_forest,1,0.45,0.0,1,1,0,1.0,0.0,980,2021-06-16,2025-05-20,2025-05-21,2025-05-21,4,5,76,d-no-skew,5
147,xgboost,1,0.3,1.0,1,0,1,0.0,1.0,980,2021-06-15,2025-05-19,2025-05-20,2025-05-20,4,5,76,d-no-skew,5
147,random_forest,1,0.25,1.0,1,0,1,0.0,1.0,980,2021-06-15,2025-05-19,2025-05-20,2025-05-20,4,5,76,d-no-skew,5
148,xgboost,1,0.05,1.0,1,0,1,0.0,1.0,980,2021-06-14,2025-05-16,2025-05-19,2025-05-19,4,5,76,d-no-skew,5
148,random_forest,1,0.25,1.0,1,0,1,0.0,1.0,980,2021-06-14,2025-05-16,2025-05-19,2025-05-19,4,5,76,d-no-skew,5
149,xgboost,1,0.2,1.0,1,0,1,0.0,1.0,980,2021-06-11,2025-05-15,2025-05-16,2025-05-16,4,5,76,d-no-skew,5
149,random_forest,1,0.25,1.0,1,0,1,0.0,1.0,980,2021-06-11,2025-05-15,2025-05-16,2025-05-16,4,5,76,d-no-skew,5
150,xgboost,1,0.4,1.0,1,0,1,0.0,1.0,980,2021-06-10,2025-05-14,2025-05-15,2025-05-15,4,5,76,d-no-skew,5
150,random_forest,1,0.45,1.0,1,0,1,0.0,1.0,980,2021-06-10,2025-05-14,2025-05-15,2025-05-15,4,5,76,d-no-skew,5
151,xgboost,1,0.75,0.0,1,0,1,0.0,1.0,980,2021-06-09,2025-05-13,2025-05-14,2025-05-14,4,5,76,d-no-skew,5
151,random_forest,1,0.65,0.0,1,0,1,0.0,1.0,980,2021-06-09,2025-05-13,2025-05-14,2025-05-14,4,5,76,d-no-skew,5
152,xgboost,1,0.95,1.0,1,1,0,1.0,0.0,980,2021-06-08,2025-05-12,2025-05-13,2025-05-13,4,5,76,d-no-skew,5
152,random_forest,1,0.6,1.0,1,1,0,1.0,0.0,980,2021-06-08,2025-05-12,2025-05-13,2025-05-13,4,5,76,d-no-skew,5
153,xgboost,1,0.05,0.0,1,1,0,1.0,0.0,980,2021-06-07,2025-05-09,2025-05-12,2025-05-12,4,5,76,d-no-skew,5
153,random_forest,1,0.45,0.0,1,1,0,1.0,0.0,980,2021-06-07,2025-05-09,2025-05-12,2025-05-12,4,5,76,d-no-skew,5
154,xgboost,1,1.0,1.0,1,1,0,1.0,0.0,980,2021-06-04,2025-05-08,2025-05-09,2025-05-09,4,5,76,d-no-skew,5
154,random_forest,1,0.75,1.0,1,1,0,1.0,0.0,980,2021-06-04,2025-05-08,2025-05-09,2025-05-09,4,5,76,d-no-skew,5
155,xgboost,1,0.05,0.0,1,1,0,1.0,0.0,980,2021-06-03,2025-05-07,2025-05-08,2025-05-08,4,5,76,d-no-skew,5
155,random_forest,1,0.6,1.0,1,1,0,1.0,0.0,980,2021-06-03,2025-05-07,2025-05-08,2025-05-08,4,5,76,d-no-skew,5
156,xgboost,1,1.0,1.0,1,1,0,1.0,0.0,980,2021-06-02,2025-05-06,2025-05-07,2025-05-07,4,5,76,d-no-skew,5
156,random_forest,1,0.8,1.0,1,1,0,1.0,0.0,980,2021-06-02,2025-05-06,2025-05-07,2025-05-07,4,5,76,d-no-skew,5
157,xgboost,1,0.95,1.0,1,1,0,1.0,0.0,980,2021-06-01,2025-05-05,2025-05-06,2025-05-06,4,5,76,d-no-skew,5
157,random_forest,1,0.7,1.0,1,1,0,1.0,0.0,980,2021-06-01,2025-05-05,2025-05-06,2025-05-06,4,5,76,d-no-skew,5
158,xgboost,1,0.55,1.0,1,1,0,1.0,0.0,980,2021-05-28,2025-05-02,2025-05-05,2025-05-05,4,5,76,d-no-skew,5
158,random_forest,1,0.45,0.0,1,1,0,1.0,0.0,980,2021-05-28,2025-05-02,2025-05-05,2025-05-05,4,5,76,d-no-skew,5
159,xgboost,1,1.0,0.0,1,0,1,0.0,1.0,980,2021-05-27,2025-05-01,2025-05-02,2025-05-02,4,5,76,d-no-skew,5
159,random_forest,1,0.7,0.0,1,0,1,0.0,1.0,980,2021-05-27,2025-05-01,2025-05-02,2025-05-02,4,5,76,d-no-skew,5
160,xgboost,1,1.0,1.0,1,1,0,1.0,0.0,980,2021-05-26,2025-04-30,2025-05-01,2025-05-01,4,5,76,d-no-skew,5
160,random_forest,1,0.75,1.0,1,1,0,1.0,0.0,980,2021-05-26,2025-04-30,2025-05-01,2025-05-01,4,5,76,d-no-skew,5
161,xgboost,1,1.0,1.0,1,1,0,1.0,0.0,980,2021-05-25,2025-04-29,2025-04-30,2025-04-30,4,5,76,d-no-skew,5
161,random_forest,1,0.8,1.0,1,1,0,1.0,0.0,980,2021-05-25,2025-04-29,2025-04-30,2025-04-30,4,5,76,d-no-skew,5
162,xgboost,1,0.95,1.0,1,1,0,1.0,0.0,980,2021-05-24,2025-04-28,2025-04-29,2025-04-29,4,5,76,d-no-skew,5
162,random_forest,1,0.8,1.0,1,1,0,1.0,0.0,980,2021-05-24,2025-04-28,2025-04-29,2025-04-29,4,5,76,d-no-skew,5
163,xgboost,1,1.0,1.0,1,1,0,1.0,0.0,980,2021-05-21,2025-04-25,2025-04-28,2025-04-28,4,5,76,d-no-skew,5
163,random_forest,1,0.75,1.0,1,1,0,1.0,0.0,980,2021-05-21,2025-04-25,2025-04-28,2025-04-28,4,5,76,d-no-skew,5
164,xgboost,1,0.85,1.0,1,1,0,1.0,0.0,980,2021-05-20,2025-04-24,2025-04-25,2025-04-25,4,5,76,d-no-skew,5
164,random_forest,1,0.65,1.0,1,1,0,1.0,0.0,980,2021-05-20,2025-04-24,2025-04-25,2025-04-25,4,5,76,d-no-skew,5
165,xgboost,1,0.15,0.0,1,1,0,1.0,0.0,980,2021-05-19,2025-04-23,2025-04-24,2025-04-24,4,5,76,d-no-skew,5
165,random_forest,1,0.45,0.0,1,1,0,1.0,0.0,980,2021-05-19,2025-04-23,2025-04-24,2025-04-24,4,5,76,d-no-skew,5
166,xgboost,1,0.5,1.0,1,1,0,1.0,0.0,980,2021-05-18,2025-04-22,2025-04-23,2025-04-23,4,5,76,d-no-skew,5
166,random_forest,1,0.45,0.0,1,1,0,1.0,0.0,980,2021-05-18,2025-04-22,2025-04-23,2025-04-23,4,5,76,d-no-skew,5
167,xgboost,1,0.9,1.0,1,1,0,1.0,0.0,980,2021-05-17,2025-04-21,2025-04-22,2025-04-22,4,5,76,d-no-skew,5
167,random_forest,1,0.6,1.0,1,1,0,1.0,0.0,980,2021-05-17,2025-04-21,2025-04-22,2025-04-22,4,5,76,d-no-skew,5
168,xgboost,1,0.8,1.0,1,1,0,1.0,0.0,980,2021-05-14,2025-04-17,2025-04-21,2025-04-21,4,5,76,d-no-skew,5
168,random_forest,1,0.6,1.0,1,1,0,1.0,0.0,980,2021-05-14,2025-04-17,2025-04-21,2025-04-21,4,5,76,d-no-skew,5
169,xgboost,1,0.85,1.0,1,1,0,1.0,0.0,980,2021-05-13,2025-04-16,2025-04-17,2025-04-17,4,5,76,d-no-skew,5
169,random_forest,1,0.45,0.0,1,1,0,1.0,0.0,980,2021-05-13,2025-04-16,2025-04-17,2025-04-17,4,5,76,d-no-skew,5
170,xgboost,1,0.0,0.0,1,1,0,1.0,0.0,980,2021-05-12,2025-04-15,2025-04-16,2025-04-16,4,5,76,d-no-skew,5
170,random_forest,1,0.2,0.0,1,1,0,1.0,0.0,980,2021-05-12,2025-04-15,2025-04-16,2025-04-16,4,5,76,d-no-skew,5
171,xgboost,1,0.0,1.0,1,0,1,0.0,1.0,980,2021-05-11,2025-04-14,2025-04-15,2025-04-15,4,5,76,d-no-skew,5
171,random_forest,1,0.15,1.0,1,0,1,0.0,1.0,980,2021-05-11,2025-04-14,2025-04-15,2025-04-15,4,5,76,d-no-skew,5
172,xgboost,1,0.0,1.0,1,0,1,0.0,1.0,980,2021-05-10,2025-04-11,2025-04-14,2025-04-14,4,5,76,d-no-skew,5
172,random_forest,1,0.15,1.0,1,0,1,0.0,1.0,980,2021-05-10,2025-04-11,2025-04-14,2025-04-14,4,5,76,d-no-skew,5
173,xgboost,1,0.0,1.0,1,0,1,0.0,1.0,980,2021-05-07,2025-04-10,2025-04-11,2025-04-11,4,5,76,d-no-skew,5
173,random_forest,1,0.2,1.0,1,0,1,0.0,1.0,980,2021-05-07,2025-04-10,2025-04-11,2025-04-11,4,5,76,d-no-skew,5
174,xgboost,1,0.05,1.0,1,0,1,0.0,1.0,980,2021-05-06,2025-04-09,2025-04-10,2025-04-10,4,5,76,d-no-skew,5
174,random_forest,1,0.4,1.0,1,0,1,0.0,1.0,980,2021-05-06,2025-04-09,2025-04-10,2025-04-10,4,5,76,d-no-skew,5
175,xgboost,1,0.5,0.0,1,0,1,0.0,1.0,980,2021-05-05,2025-04-08,2025-04-09,2025-04-09,4,5,76,d-no-skew,5
175,random_forest,1,0.5,0.0,1,0,1,0.0,1.0,980,2021-05-05,2025-04-08,2025-04-09,2025-04-09,4,5,76,d-no-skew,5
176,xgboost,1,1.0,1.0,1,1,0,1.0,0.0,980,2021-05-04,2025-04-07,2025-04-08,2025-04-08,4,5,76,d-no-skew,5
176,random_forest,1,0.8,1.0,1,1,0,1.0,0.0,980,2021-05-04,2025-04-07,2025-04-08,2025-04-08,4,5,76,d-no-skew,5
177,xgboost,1,0.9,1.0,1,1,0,1.0,0.0,980,2021-05-03,2025-04-04,2025-04-07,2025-04-07,4,5,76,d-no-skew,5
177,random_forest,1,0.7,1.0,1,1,0,1.0,0.0,980,2021-05-03,2025-04-04,2025-04-07,2025-04-07,4,5,76,d-no-skew,5
178,xgboost,1,0.95,1.0,1,1,0,1.0,0.0,980,2021-04-30,2025-04-03,2025-04-04,2025-04-04,4,5,76,d-no-skew,5
178,random_forest,1,0.65,1.0,1,1,0,1.0,0.0,980,2021-04-30,2025-04-03,2025-04-04,2025-04-04,4,5,76,d-no-skew,5
179,xgboost,1,0.6,0.0,1,0,1,0.0,1.0,980,2021-04-29,2025-04-02,2025-04-03,2025-04-03,4,5,76,d-no-skew,5
179,random_forest,1,0.55,0.0,1,0,1,0.0,1.0,980,2021-04-29,2025-04-02,2025-04-03,2025-04-03,4,5,76,d-no-skew,5
180,xgboost,1,0.0,1.0,1,0,1,0.0,1.0,980,2021-04-28,2025-04-01,2025-04-02,2025-04-02,4,5,76,d-no-skew,5
180,random_forest,1,0.15,1.0,1,0,1,0.0,1.0,980,2021-04-28,2025-04-01,2025-04-02,2025-04-02,4,5,76,d-no-skew,5
181,xgboost,1,0.05,1.0,1,0,1,0.0,1.0,980,2021-04-27,2025-03-31,2025-04-01,2025-04-01,4,5,76,d-no-skew,5
181,random_forest,1,0.25,1.0,1,0,1,0.0,1.0,980,2021-04-27,2025-03-31,2025-04-01,2025-04-01,4,5,76,d-no-skew,5
182,xgboost,1,0.15,1.0,1,0,1,0.0,1.0,980,2021-04-26,2025-03-28,2025-03-31,2025-03-31,4,5,76,d-no-skew,5
182,random_forest,1,0.45,1.0,1,0,1,0.0,1.0,980,2021-04-26,2025-03-28,2025-03-31,2025-03-31,4,5,76,d-no-skew,5
183,xgboost,1,0.65,0.0,1,0,1,0.0,1.0,980,2021-04-23,2025-03-27,2025-03-28,2025-03-28,4,5,76,d-no-skew,5
183,random_forest,1,0.5,1.0,1,0,1,0.0,1.0,980,2021-04-23,2025-03-27,2025-03-28,2025-03-28,4,5,76,d-no-skew,5
184,xgboost,1,0.1,1.0,1,0,1,0.0,1.0,980,2021-04-22,2025-03-26,2025-03-27,2025-03-27,4,5,76,d-no-skew,5
184,random_forest,1,0.3,1.0,1,0,1,0.0,1.0,980,2021-04-22,2025-03-26,2025-03-27,2025-03-27,4,5,76,d-no-skew,5
185,xgboost,1,0.1,1.0,1,0,1,0.0,1.0,980,2021-04-21,2025-03-25,2025-03-26,2025-03-26,4,5,76,d-no-skew,5
185,random_forest,1,0.25,1.0,1,0,1,0.0,1.0,980,2021-04-21,2025-03-25,2025-03-26,2025-03-26,4,5,76,d-no-skew,5
186,xgboost,1,0.35,1.0,1,0,1,0.0,1.0,980,2021-04-20,2025-03-24,2025-03-25,2025-03-25,4,5,76,d-no-skew,5
186,random_forest,1,0.3,1.0,1,0,1,0.0,1.0,980,2021-04-20,2025-03-24,2025-03-25,2025-03-25,4,5,76,d-no-skew,5
187,xgboost,1,0.9,0.0,1,0,1,0.0,1.0,980,2021-04-19,2025-03-21,2025-03-24,2025-03-24,4,5,76,d-no-skew,5
187,random_forest,1,0.45,1.0,1,0,1,0.0,1.0,980,2021-04-19,2025-03-21,2025-03-24,2025-03-24,4,5,76,d-no-skew,5
188,xgboost,1,1.0,0.0,1,0,1,0.0,1.0,980,2021-04-16,2025-03-20,2025-03-21,2025-03-21,4,5,76,d-no-skew,5
188,random_forest,1,0.8,0.0,1,0,1,0.0,1.0,980,2021-04-16,2025-03-20,2025-03-21,2025-03-21,4,5,76,d-no-skew,5
189,xgboost,1,1.0,1.0,1,1,0,1.0,0.0,980,2021-04-15,2025-03-19,2025-03-20,2025-03-20,4,5,76,d-no-skew,5
189,random_forest,1,0.9,1.0,1,1,0,1.0,0.0,980,2021-04-15,2025-03-19,2025-03-20,2025-03-20,4,5,76,d-no-skew,5
190,xgboost,1,1.0,1.0,1,1,0,1.0,0.0,980,2021-04-14,2025-03-18,2025-03-19,2025-03-19,4,5,76,d-no-skew,5
190,random_forest,1,0.75,1.0,1,1,0,1.0,0.0,980,2021-04-14,2025-03-18,2025-03-19,2025-03-19,4,5,76,d-no-skew,5
191,xgboost,1,1.0,1.0,1,1,0,1.0,0.0,980,2021-04-13,2025-03-17,2025-03-18,2025-03-18,4,5,76,d-no-skew,5
191,random_forest,1,0.85,1.0,1,1,0,1.0,0.0,980,2021-04-13,2025-03-17,2025-03-18,2025-03-18,4,5,76,d-no-skew,5
192,xgboost,1,0.95,1.0,1,1,0,1.0,0.0,980,2021-04-12,2025-03-14,2025-03-17,2025-03-17,4,5,76,d-no-skew,5
192,random_forest,1,0.65,1.0,1,1,0,1.0,0.0,980,2021-04-12,2025-03-14,2025-03-17,2025-03-17,4,5,76,d-no-skew,5
193,xgboost,1,0.95,1.0,1,1,0,1.0,0.0,980,2021-04-09,2025-03-13,2025-03-14,2025-03-14,4,5,76,d-no-skew,5
193,random_forest,1,0.7,1.0,1,1,0,1.0,0.0,980,2021-04-09,2025-03-13,2025-03-14,2025-03-14,4,5,76,d-no-skew,5
194,xgboost,1,1.0,1.0,1,1,0,1.0,0.0,980,2021-04-08,2025-03-12,2025-03-13,2025-03-13,4,5,76,d-no-skew,5
194,random_forest,1,0.8,1.0,1,1,0,1.0,0.0,980,2021-04-08,2025-03-12,2025-03-13,2025-03-13,4,5,76,d-no-skew,5
195,xgboost,1,0.05,0.0,1,1,0,1.0,0.0,980,2021-04-07,2025-03-11,2025-03-12,2025-03-12,4,5,76,d-no-skew,5
195,random_forest,1,0.6,1.0,1,1,0,1.0,0.0,980,2021-04-07,2025-03-11,2025-03-12,2025-03-12,4,5,76,d-no-skew,5
196,xgboost,1,1.0,1.0,1,1,0,1.0,0.0,980,2021-04-06,2025-03-10,2025-03-11,2025-03-11,4,5,76,d-no-skew,5
196,random_forest,1,0.65,1.0,1,1,0,1.0,0.0,980,2021-04-06,2025-03-10,2025-03-11,2025-03-11,4,5,76,d-no-skew,5
197,xgboost,1,0.0,0.0,1,1,0,1.0,0.0,980,2021-04-05,2025-03-07,2025-03-10,2025-03-10,4,5,76,d-no-skew,5
197,random_forest,1,0.4,0.0,1,1,0,1.0,0.0,980,2021-04-05,2025-03-07,2025-03-10,2025-03-10,4,5,76,d-no-skew,5
198,xgboost,1,0.4,1.0,1,0,1,0.0,1.0,980,2021-04-01,2025-03-06,2025-03-07,2025-03-07,4,5,76,d-no-skew,5
198,random_forest,1,0.3,1.0,1,0,1,0.0,1.0,980,2021-04-01,2025-03-06,2025-03-07,2025-03-07,4,5,76,d-no-skew,5
199,xgboost,1,0.2,1.0,1,0,1,0.0,1.0,980,2021-03-31,2025-03-05,2025-03-06,2025-03-06,4,5,76,d-no-skew,5
199,random_forest,1,0.45,1.0,1,0,1,0.0,1.0,980,2021-03-31,2025-03-05,2025-03-06,2025-03-06,4,5,76,d-no-skew,5
200,xgboost,1,0.0,1.0,1,0,1,0.0,1.0,980,2021-03-30,2025-03-04,2025-03-05,2025-03-05,4,5,76,d-no-skew,5
200,random_forest,1,0.2,1.0,1,0,1,0.0,1.0,980,2021-03-30,2025-03-04,2025-03-05,2025-03-05,4,5,76,d-no-skew,5
201,xgboost,1,0.1,1.0,1,0,1,0.0,1.0,980,2021-03-29,2025-03-03,2025-03-04,2025-03-04,4,5,76,d-no-skew,5
201,random_forest,1,0.35,1.0,1,0,1,0.0,1.0,980,2021-03-29,2025-03-03,2025-03-04,2025-03-04,4,5,76,d-no-skew,5
202,xgboost,1,0.0,1.0,1,0,1,0.0,1.0,980,2021-03-26,2025-02-28,2025-03-03,2025-03-03,4,5,76,d-no-skew,5
202,random_forest,1,0.3,1.0,1,0,1,0.0,1.0,980,2021-03-26,2025-02-28,2025-03-03,2025-03-03,4,5,76,d-no-skew,5
203,xgboost,1,0.05,1.0,1,0,1,0.0,1.0,980,2021-03-25,2025-02-27,2025-02-28,2025-02-28,4,5,76,d-no-skew,5
203,random_forest,1,0.35,1.0,1,0,1,0.0,1.0,980,2021-03-25,2025-02-27,2025-02-28,2025-02-28,4,5,76,d-no-skew,5
204,xgboost,1,1.0,0.0,1,0,1,0.0,1.0,980,2021-03-24,2025-02-26,2025-02-27,2025-02-27,4,5,76,d-no-skew,5
204,random_forest,1,0.55,0.0,1,0,1,0.0,1.0,980,2021-03-24,2025-02-26,2025-02-27,2025-02-27,4,5,76,d-no-skew,5
205,xgboost,1,0.0,1.0,1,0,1,0.0,1.0,980,2021-03-23,2025-02-25,2025-02-26,2025-02-26,4,5,76,d-no-skew,5
205,random_forest,1,0.3,1.0,1,0,1,0.0,1.0,980,2021-03-23,2025-02-25,2025-02-26,2025-02-26,4,5,76,d-no-skew,5
206,xgboost,1,0.15,1.0,1,0,1,0.0,1.0,980,2021-03-22,2025-02-24,2025-02-25,2025-02-25,4,5,76,d-no-skew,5
206,random_forest,1,0.35,1.0,1,0,1,0.0,1.0,980,2021-03-22,2025-02-24,2025-02-25,2025-02-25,4,5,76,d-no-skew,5
207,xgboost,1,0.25,1.0,1,0,1,0.0,1.0,980,2021-03-19,2025-02-21,2025-02-24,2025-02-24,4,5,76,d-no-skew,5
207,random_forest,1,0.45,1.0,1,0,1,0.0,1.0,980,2021-03-19,2025-02-21,2025-02-24,2025-02-24,4,5,76,d-no-skew,5
208,xgboost,1,0.85,0.0,1,0,1,0.0,1.0,980,2021-03-18,2025-02-20,2025-02-21,2025-02-21,4,5,76,d-no-skew,5
208,random_forest,1,0.6,0.0,1,0,1,0.0,1.0,980,2021-03-18,2025-02-20,2025-02-21,2025-02-21,4,5,76,d-no-skew,5
209,xgboost,1,0.4,1.0,1,0,1,0.0,1.0,980,2021-03-17,2025-02-19,2025-02-20,2025-02-20,4,5,76,d-no-skew,5
209,random_forest,1,0.4,1.0,1,0,1,0.0,1.0,980,2021-03-17,2025-02-19,2025-02-20,2025-02-20,4,5,76,d-no-skew,5
210,xgboost,1,0.0,1.0,1,0,1,0.0,1.0,980,2021-03-16,2025-02-18,2025-02-19,2025-02-19,4,5,76,d-no-skew,5
210,random_forest,1,0.3,1.0,1,0,1,0.0,1.0,980,2021-03-16,2025-02-18,2025-02-19,2025-02-19,4,5,76,d-no-skew,5
211,xgboost,1,0.2,1.0,1,0,1,0.0,1.0,980,2021-03-15,2025-02-14,2025-02-18,2025-02-18,4,5,76,d-no-skew,5
211,random_forest,1,0.4,1.0,1,0,1,0.0,1.0,980,2021-03-15,2025-02-14,2025-02-18,2025-02-18,4,5,76,d-no-skew,5
212,xgboost,1,0.65,0.0,1,0,1,0.0,1.0,980,2021-03-12,2025-02-13,2025-02-14,2025-02-14,4,5,76,d-no-skew,5
212,random_forest,1,0.6,0.0,1,0,1,0.0,1.0,980,2021-03-12,2025-02-13,2025-02-14,2025-02-14,4,5,76,d-no-skew,5
213,xgboost,1,1.0,0.0,1,0,1,0.0,1.0,980,2021-03-11,2025-02-12,2025-02-13,2025-02-13,4,5,76,d-no-skew,5
213,random_forest,1,0.8,0.0,1,0,1,0.0,1.0,980,2021-03-11,2025-02-12,2025-02-13,2025-02-13,4,5,76,d-no-skew,5
214,xgboost,1,1.0,1.0,1,1,0,1.0,0.0,980,2021-03-10,2025-02-11,2025-02-12,2025-02-12,4,5,76,d-no-skew,5
214,random_forest,1,0.85,1.0,1,1,0,1.0,0.0,980,2021-03-10,2025-02-11,2025-02-12,2025-02-12,4,5,76,d-no-skew,5
215,xgboost,1,1.0,1.0,1,1,0,1.0,0.0,980,2021-03-09,2025-02-10,2025-02-11,2025-02-11,4,5,76,d-no-skew,5
215,random_forest,1,0.8,1.0,1,1,0,1.0,0.0,980,2021-03-09,2025-02-10,2025-02-11,2025-02-11,4,5,76,d-no-skew,5
216,xgboost,1,1.0,1.0,1,1,0,1.0,0.0,980,2021-03-08,2025-02-07,2025-02-10,2025-02-10,4,5,76,d-no-skew,5
216,random_forest,1,0.75,1.0,1,1,0,1.0,0.0,980,2021-03-08,2025-02-07,2025-02-10,2025-02-10,4,5,76,d-no-skew,5
217,xgboost,1,1.0,1.0,1,1,0,1.0,0.0,980,2021-03-05,2025-02-06,2025-02-07,2025-02-07,4,5,76,d-no-skew,5
217,random_forest,1,0.75,1.0,1,1,0,1.0,0.0,980,2021-03-05,2025-02-06,2025-02-07,2025-02-07,4,5,76,d-no-skew,5
218,xgboost,1,0.85,1.0,1,1,0,1.0,0.0,980,2021-03-04,2025-02-05,2025-02-06,2025-02-06,4,5,76,d-no-skew,5
218,random_forest,1,0.7,1.0,1,1,0,1.0,0.0,980,2021-03-04,2025-02-05,2025-02-06,2025-02-06,4,5,76,d-no-skew,5
219,xgboost,1,0.95,1.0,1,1,0,1.0,0.0,980,2021-03-03,2025-02-04,2025-02-05,2025-02-05,4,5,76,d-no-skew,5
219,random_forest,1,0.7,1.0,1,1,0,1.0,0.0,980,2021-03-03,2025-02-04,2025-02-05,2025-02-05,4,5,76,d-no-skew,5
220,xgboost,1,1.0,1.0,1,1,0,1.0,0.0,980,2021-03-02,2025-02-03,2025-02-04,2025-02-04,4,5,76,d-no-skew,5
220,random_forest,1,0.65,1.0,1,1,0,1.0,0.0,980,2021-03-02,2025-02-03,2025-02-04,2025-02-04,4,5,76,d-no-skew,5
221,xgboost,1,0.95,1.0,1,1,0,1.0,0.0,980,2021-03-01,2025-01-31,2025-02-03,2025-02-03,4,5,76,d-no-skew,5
221,random_forest,1,0.7,1.0,1,1,0,1.0,0.0,980,2021-03-01,2025-01-31,2025-02-03,2025-02-03,4,5,76,d-no-skew,5
222,xgboost,1,1.0,1.0,1,1,0,1.0,0.0,980,2021-02-26,2025-01-30,2025-01-31,2025-01-31,4,5,76,d-no-skew,5
222,random_forest,1,0.7,1.0,1,1,0,1.0,0.0,980,2021-02-26,2025-01-30,2025-01-31,2025-01-31,4,5,76,d-no-skew,5
223,xgboost,1,0.9,1.0,1,1,0,1.0,0.0,980,2021-02-25,2025-01-29,2025-01-30,2025-01-30,4,5,76,d-no-skew,5
223,random_forest,1,0.65,1.0,1,1,0,1.0,0.0,980,2021-02-25,2025-01-29,2025-01-30,2025-01-30,4,5,76,d-no-skew,5
224,xgboost,1,0.95,1.0,1,1,0,1.0,0.0,980,2021-02-24,2025-01-28,2025-01-29,2025-01-29,4,5,76,d-no-skew,5
224,random_forest,1,0.65,1.0,1,1,0,1.0,0.0,980,2021-02-24,2025-01-28,2025-01-29,2025-01-29,4,5,76,d-no-skew,5
225,xgboost,1,0.0,0.0,1,1,0,1.0,0.0,980,2021-02-23,2025-01-27,2025-01-28,2025-01-28,4,5,76,d-no-skew,5
225,random_forest,1,0.35,0.0,1,1,0,1.0,0.0,980,2021-02-23,2025-01-27,2025-01-28,2025-01-28,4,5,76,d-no-skew,5
226,xgboost,1,0.0,0.0,1,1,0,1.0,0.0,980,2021-02-22,2025-01-24,2025-01-27,2025-01-27,4,5,76,d-no-skew,5
226,random_forest,1,0.45,0.0,1,1,0,1.0,0.0,980,2021-02-22,2025-01-24,2025-01-27,2025-01-27,4,5,76,d-no-skew,5
227,xgboost,1,0.0,1.0,1,0,1,0.0,1.0,980,2021-02-19,2025-01-23,2025-01-24,2025-01-24,4,5,76,d-no-skew,5
227,random_forest,1,0.2,1.0,1,0,1,0.0,1.0,980,2021-02-19,2025-01-23,2025-01-24,2025-01-24,4,5,76,d-no-skew,5
228,xgboost,1,0.0,1.0,1,0,1,0.0,1.0,980,2021-02-18,2025-01-22,2025-01-23,2025-01-23,4,5,76,d-no-skew,5
228,random_forest,1,0.35,1.0,1,0,1,0.0,1.0,980,2021-02-18,2025-01-22,2025-01-23,2025-01-23,4,5,76,d-no-skew,5
1,xgboost,1,0.8,1.0,1,1,0,1.0,0.0,1470,2020-01-30,2025-12-18,2025-12-19,2025-12-19,6,5,76,d-no-skew,5
1,random_forest,1,0.7,1.0,1,1,0,1.0,0.0,1470,2020-01-30,2025-12-18,2025-12-19,2025-12-19,6,5,76,d-no-skew,5
2,xgboost,1,0.95,1.0,1,1,0,1.0,0.0,1470,2020-01-29,2025-12-17,2025-12-18,2025-12-18,6,5,76,d-no-skew,5
2,random_forest,1,0.7,1.0,1,1,0,1.0,0.0,1470,2020-01-29,2025-12-17,2025-12-18,2025-12-18,6,5,76,d-no-skew,5
3,xgboost,1,0.95,1.0,1,1,0,1.0,0.0,1470,2020-01-28,2025-12-16,2025-12-17,2025-12-17,6,5,76,d-no-skew,5
3,random_forest,1,0.7,1.0,1,1,0,1.0,0.0,1470,2020-01-28,2025-12-16,2025-12-17,2025-12-17,6,5,76,d-no-skew,5
4,xgboost,1,1.0,1.0,1,1,0,1.0,0.0,1470,2020-01-27,2025-12-15,2025-12-16,2025-12-16,6,5,76,d-no-skew,5
4,random_forest,1,0.75,1.0,1,1,0,1.0,0.0,1470,2020-01-27,2025-12-15,2025-12-16,2025-12-16,6,5,76,d-no-skew,5
5,xgboost,1,1.0,1.0,1,1,0,1.0,0.0,1470,2020-01-24,2025-12-12,2025-12-15,2025-12-15,6,5,76,d-no-skew,5
5,random_forest,1,0.6,1.0,1,1,0,1.0,0.0,1470,2020-01-24,2025-12-12,2025-12-15,2025-12-15,6,5,76,d-no-skew,5
6,xgboost,1,0.3,0.0,1,1,0,1.0,0.0,1470,2020-01-23,2025-12-11,2025-12-12,2025-12-12,6,5,76,d-no-skew,5
6,random_forest,1,0.45,0.0,1,1,0,1.0,0.0,1470,2020-01-23,2025-12-11,2025-12-12,2025-12-12,6,5,76,d-no-skew,5
7,xgboost,1,1.0,0.0,1,0,1,0.0,1.0,1470,2020-01-22,2025-12-10,2025-12-11,2025-12-11,6,5,76,d-no-skew,5
7,random_forest,1,0.45,1.0,1,0,1,0.0,1.0,1470,2020-01-22,2025-12-10,2025-12-11,2025-12-11,6,5,76,d-no-skew,5
8,xgboost,1,0.9,0.0,1,0,1,0.0,1.0,1470,2020-01-21,2025-12-09,2025-12-10,2025-12-10,6,5,76,d-no-skew,5
8,random_forest,1,0.4,1.0,1,0,1,0.0,1.0,1470,2020-01-21,2025-12-09,2025-12-10,2025-12-10,6,5,76,d-no-skew,5
9,xgboost,1,0.55,0.0,1,0,1,0.0,1.0,1470,2020-01-17,2025-12-08,2025-12-09,2025-12-09,6,5,76,d-no-skew,5
9,random_forest,1,0.5,0.0,1,0,1,0.0,1.0,1470,2020-01-17,2025-12-08,2025-12-09,2025-12-09,6,5,76,d-no-skew,5
10,xgboost,1,0.4,1.0,1,0,1,0.0,1.0,1470,2020-01-16,2025-12-05,2025-12-08,2025-12-08,6,5,76,d-no-skew,5
10,random_forest,1,0.55,0.0,1,0,1,0.0,1.0,1470,2020-01-16,2025-12-05,2025-12-08,2025-12-08,6,5,76,d-no-skew,5
11,xgboost,1,1.0,0.0,1,0,1,0.0,1.0,1470,2020-01-15,2025-12-04,2025-12-05,2025-12-05,6,5,76,d-no-skew,5
11,random_forest,1,0.7,0.0,1,0,1,0.0,1.0,1470,2020-01-15,2025-12-04,2025-12-05,2025-12-05,6,5,76,d-no-skew,5
12,xgboost,1,1.0,1.0,1,1,0,1.0,0.0,1470,2020-01-14,2025-12-03,2025-12-04,2025-12-04,6,5,76,d-no-skew,5
12,random_forest,1,0.75,1.0,1,1,0,1.0,0.0,1470,2020-01-14,2025-12-03,2025-12-04,2025-12-04,6,5,76,d-no-skew,5
13,xgboost,1,0.95,1.0,1,1,0,1.0,0.0,1470,2020-01-13,2025-12-02,2025-12-03,2025-12-03,6,5,76,d-no-skew,5
13,random_forest,1,0.7,1.0,1,1,0,1.0,0.0,1470,2020-01-13,2025-12-02,2025-12-03,2025-12-03,6,5,76,d-no-skew,5
14,xgboost,1,0.9,1.0,1,1,0,1.0,0.0,1470,2020-01-10,2025-12-01,2025-12-02,2025-12-02,6,5,76,d-no-skew,5
14,random_forest,1,0.65,1.0,1,1,0,1.0,0.0,1470,2020-01-10,2025-12-01,2025-12-02,2025-12-02,6,5,76,d-no-skew,5
15,xgboost,1,1.0,1.0,1,1,0,1.0,0.0,1470,2020-01-09,2025-11-26,2025-12-01,2025-12-01,6,5,76,d-no-skew,5
15,random_forest,1,0.7,1.0,1,1,0,1.0,0.0,1470,2020-01-09,2025-11-26,2025-12-01,2025-12-01,6,5,76,d-no-skew,5
16,xgboost,1,1.0,1.0,1,1,0,1.0,0.0,1470,2020-01-08,2025-11-25,2025-11-26,2025-11-26,6,5,76,d-no-skew,5
16,random_forest,1,0.65,1.0,1,1,0,1.0,0.0,1470,2020-01-08,2025-11-25,2025-11-26,2025-11-26,6,5,76,d-no-skew,5
17,xgboost,1,0.85,1.0,1,1,0,1.0,0.0,1470,2020-01-07,2025-11-24,2025-11-25,2025-11-25,6,5,76,d-no-skew,5
17,random_forest,1,0.6,1.0,1,1,0,1.0,0.0,1470,2020-01-07,2025-11-24,2025-11-25,2025-11-25,6,5,76,d-no-skew,5
18,xgboost,1,0.95,1.0,1,1,0,1.0,0.0,1470,2020-01-06,2025-11-21,2025-11-24,2025-11-24,6,5,76,d-no-skew,5
18,random_forest,1,0.7,1.0,1,1,0,1.0,0.0,1470,2020-01-06,2025-11-21,2025-11-24,2025-11-24,6,5,76,d-no-skew,5
19,xgboost,1,0.95,1.0,1,1,0,1.0,0.0,1470,2020-01-03,2025-11-20,2025-11-21,2025-11-21,6,5,76,d-no-skew,5
19,random_forest,1,0.7,1.0,1,1,0,1.0,0.0,1470,2020-01-03,2025-11-20,2025-11-21,2025-11-21,6,5,76,d-no-skew,5
20,xgboost,1,1.0,1.0,1,1,0,1.0,0.0,1470,2020-01-02,2025-11-19,2025-11-20,2025-11-20,6,5,76,d-no-skew,5
20,random_forest,1,0.75,1.0,1,1,0,1.0,0.0,1470,2020-01-02,2025-11-19,2025-11-20,2025-11-20,6,5,76,d-no-skew,5
21,xgboost,1,0.75,1.0,1,1,0,1.0,0.0,1470,2019-12-31,2025-11-18,2025-11-19,2025-11-19,6,5,76,d-no-skew,5
21,random_forest,1,0.65,1.0,1,1,0,1.0,0.0,1470,2019-12-31,2025-11-18,2025-11-19,2025-11-19,6,5,76,d-no-skew,5
22,xgboost,1,0.75,1.0,1,1,0,1.0,0.0,1470,2019-12-30,2025-11-17,2025-11-18,2025-11-18,6,5,76,d-no-skew,5
22,random_forest,1,0.65,1.0,1,1,0,1.0,0.0,1470,2019-12-30,2025-11-17,2025-11-18,2025-11-18,6,5,76,d-no-skew,5
23,xgboost,1,0.05,0.0,1,1,0,1.0,0.0,1470,2019-12-27,2025-11-14,2025-11-17,2025-11-17,6,5,76,d-no-skew,5
23,random_forest,1,0.35,0.0,1,1,0,1.0,0.0,1470,2019-12-27,2025-11-14,2025-11-17,2025-11-17,6,5,76,d-no-skew,5
24,xgboost,1,0.0,1.0,1,0,1,0.0,1.0,1470,2019-12-26,2025-11-13,2025-11-14,2025-11-14,6,5,76,d-no-skew,5
24,random_forest,1,0.2,1.0,1,0,1,0.0,1.0,1470,2019-12-26,2025-11-13,2025-11-14,2025-11-14,6,5,76,d-no-skew,5
25,xgboost,1,0.05,1.0,1,0,1,0.0,1.0,1470,2019-12-23,2025-11-12,2025-11-13,2025-11-13,6,5,76,d-no-skew,5
25,random_forest,1,0.25,1.0,1,0,1,0.0,1.0,1470,2019-12-23,2025-11-12,2025-11-13,2025-11-13,6,5,76,d-no-skew,5
26,xgboost,1,0.05,1.0,1,0,1,0.0,1.0,1470,2019-12-20,2025-11-11,2025-11-12,2025-11-12,6,5,76,d-no-skew,5
26,random_forest,1,0.25,1.0,1,0,1,0.0,1.0,1470,2019-12-20,2025-11-11,2025-11-12,2025-11-12,6,5,76,d-no-skew,5
27,xgboost,1,0.4,1.0,1,0,1,0.0,1.0,1470,2019-12-19,2025-11-10,2025-11-11,2025-11-11,6,5,76,d-no-skew,5
27,random_forest,1,0.3,1.0,1,0,1,0.0,1.0,1470,2019-12-19,2025-11-10,2025-11-11,2025-11-11,6,5,76,d-no-skew,5
28,xgboost,1,0.8,0.0,1,0,1,0.0,1.0,1470,2019-12-18,2025-11-07,2025-11-10,2025-11-10,6,5,76,d-no-skew,5
28,random_forest,1,0.4,1.0,1,0,1,0.0,1.0,1470,2019-12-18,2025-11-07,2025-11-10,2025-11-10,6,5,76,d-no-skew,5
29,xgboost,1,0.8,0.0,1,0,1,0.0,1.0,1470,2019-12-17,2025-11-06,2025-11-07,2025-11-07,6,5,76,d-no-skew,5
29,random_forest,1,0.45,1.0,1,0,1,0.0,1.0,1470,2019-12-17,2025-11-06,2025-11-07,2025-11-07,6,5,76,d-no-skew,5
30,xgboost,1,0.85,0.0,1,0,1,0.0,1.0,1470,2019-12-16,2025-11-05,2025-11-06,2025-11-06,6,5,76,d-no-skew,5
30,random_forest,1,0.6,0.0,1,0,1,0.0,1.0,1470,2019-12-16,2025-11-05,2025-11-06,2025-11-06,6,5,76,d-no-skew,5
31,xgboost,1,1.0,0.0,1,0,1,0.0,1.0,1470,2019-12-13,2025-11-04,2025-11-05,2025-11-05,6,5,76,d-no-skew,5
31,random_forest,1,0.6,0.0,1,0,1,0.0,1.0,1470,2019-12-13,2025-11-04,2025-11-05,2025-11-05,6,5,76,d-no-skew,5
32,xgboost,1,0.95,1.0,1,1,0,1.0,0.0,1470,2019-12-12,2025-11-03,2025-11-04,2025-11-04,6,5,76,d-no-skew,5
32,random_forest,1,0.5,0.0,1,1,0,1.0,0.0,1470,2019-12-12,2025-11-03,2025-11-04,2025-11-04,6,5,76,d-no-skew,5
33,xgboost,1,0.45,1.0,1,0,1,0.0,1.0,1470,2019-12-11,2025-10-31,2025-11-03,2025-11-03,6,5,76,d-no-skew,5
33,random_forest,1,0.35,1.0,1,0,1,0.0,1.0,1470,2019-12-11,2025-10-31,2025-11-03,2025-11-03,6,5,76,d-no-skew,5
34,xgboost,1,0.2,1.0,1,0,1,0.0,1.0,1470,2019-12-10,2025-10-30,2025-10-31,2025-10-31,6,5,76,d-no-skew,5
34,random_forest,1,0.35,1.0,1,0,1,0.0,1.0,1470,2019-12-10,2025-10-30,2025-10-31,2025-10-31,6,5,76,d-no-skew,5
35,xgboost,1,0.3,1.0,1,0,1,0.0,1.0,1470,2019-12-09,2025-10-29,2025-10-30,2025-10-30,6,5,76,d-no-skew,5
35,random_forest,1,0.5,1.0,1,0,1,0.0,1.0,1470,2019-12-09,2025-10-29,2025-10-30,2025-10-30,6,5,76,d-no-skew,5
36,xgboost,1,0.1,1.0,1,0,1,0.0,1.0,1470,2019-12-06,2025-10-28,2025-10-29,2025-10-29,6,5,76,d-no-skew,5
36,random_forest,1,0.35,1.0,1,0,1,0.0,1.0,1470,2019-12-06,2025-10-28,2025-10-29,2025-10-29,6,5,76,d-no-skew,5
37,xgboost,1,0.75,0.0,1,0,1,0.0,1.0,1470,2019-12-05,2025-10-27,2025-10-28,2025-10-28,6,5,76,d-no-skew,5
37,random_forest,1,0.55,0.0,1,0,1,0.0,1.0,1470,2019-12-05,2025-10-27,2025-10-28,2025-10-28,6,5,76,d-no-skew,5
38,xgboost,1,0.85,1.0,1,1,0,1.0,0.0,1470,2019-12-04,2025-10-24,2025-10-27,2025-10-27,6,5,76,d-no-skew,5
38,random_forest,1,0.5,1.0,1,1,0,1.0,0.0,1470,2019-12-04,2025-10-24,2025-10-27,2025-10-27,6,5,76,d-no-skew,5
39,xgboost,1,0.85,1.0,1,1,0,1.0,0.0,1470,2019-12-03,2025-10-23,2025-10-24,2025-10-24,6,5,76,d-no-skew,5
39,random_forest,1,0.55,1.0,1,1,0,1.0,0.0,1470,2019-12-03,2025-10-23,2025-10-24,2025-10-24,6,5,76,d-no-skew,5
40,xgboost,1,0.95,1.0,1,1,0,1.0,0.0,1470,2019-12-02,2025-10-22,2025-10-23,2025-10-23,6,5,76,d-no-skew,5
40,random_forest,1,0.75,1.0,1,1,0,1.0,0.0,1470,2019-12-02,2025-10-22,2025-10-23,2025-10-23,6,5,76,d-no-skew,5
41,xgboost,1,0.95,1.0,1,1,0,1.0,0.0,1470,2019-11-27,2025-10-21,2025-10-22,2025-10-22,6,5,76,d-no-skew,5
41,random_forest,1,0.65,1.0,1,1,0,1.0,0.0,1470,2019-11-27,2025-10-21,2025-10-22,2025-10-22,6,5,76,d-no-skew,5
42,xgboost,1,1.0,1.0,1,1,0,1.0,0.0,1470,2019-11-26,2025-10-20,2025-10-21,2025-10-21,6,5,76,d-no-skew,5
42,random_forest,1,0.7,1.0,1,1,0,1.0,0.0,1470,2019-11-26,2025-10-20,2025-10-21,2025-10-21,6,5,76,d-no-skew,5
43,xgboost,1,1.0,1.0,1,1,0,1.0,0.0,1470,2019-11-25,2025-10-17,2025-10-20,2025-10-20,6,5,76,d-no-skew,5
43,random_forest,1,0.65,1.0,1,1,0,1.0,0.0,1470,2019-11-25,2025-10-17,2025-10-20,2025-10-20,6,5,76,d-no-skew,5
44,xgboost,1,1.0,1.0,1,1,0,1.0,0.0,1470,2019-11-22,2025-10-16,2025-10-17,2025-10-17,6,5,76,d-no-skew,5
44,random_forest,1,0.8,1.0,1,1,0,1.0,0.0,1470,2019-11-22,2025-10-16,2025-10-17,2025-10-17,6,5,76,d-no-skew,5
45,xgboost,1,1.0,1.0,1,1,0,1.0,0.0,1470,2019-11-21,2025-10-15,2025-10-16,2025-10-16,6,5,76,d-no-skew,5
45,random_forest,1,0.75,1.0,1,1,0,1.0,0.0,1470,2019-11-21,2025-10-15,2025-10-16,2025-10-16,6,5,76,d-no-skew,5
46,xgboost,1,1.0,1.0,1,1,0,1.0,0.0,1470,2019-11-20,2025-10-14,2025-10-15,2025-10-15,6,5,76,d-no-skew,5
46,random_forest,1,0.75,1.0,1,1,0,1.0,0.0,1470,2019-11-20,2025-10-14,2025-10-15,2025-10-15,6,5,76,d-no-skew,5
47,xgboost,1,1.0,1.0,1,1,0,1.0,0.0,1470,2019-11-19,2025-10-13,2025-10-14,2025-10-14,6,5,76,d-no-skew,5
47,random_forest,1,0.75,1.0,1,1,0,1.0,0.0,1470,2019-11-19,2025-10-13,2025-10-14,2025-10-14,6,5,76,d-no-skew,5
48,xgboost,1,0.95,1.0,1,1,0,1.0,0.0,1470,2019-11-18,2025-10-10,2025-10-13,2025-10-13,6,5,76,d-no-skew,5
48,random_forest,1,0.65,1.0,1,1,0,1.0,0.0,1470,2019-11-18,2025-10-10,2025-10-13,2025-10-13,6,5,76,d-no-skew,5
49,xgboost,1,0.2,0.0,1,1,0,1.0,0.0,1470,2019-11-15,2025-10-09,2025-10-10,2025-10-10,6,5,76,d-no-skew,5
49,random_forest,1,0.5,0.0,1,1,0,1.0,0.0,1470,2019-11-15,2025-10-09,2025-10-10,2025-10-10,6,5,76,d-no-skew,5
50,xgboost,1,0.75,0.0,1,0,1,0.0,1.0,1470,2019-11-14,2025-10-08,2025-10-09,2025-10-09,6,5,76,d-no-skew,5
50,random_forest,1,0.4,1.0,1,0,1,0.0,1.0,1470,2019-11-14,2025-10-08,2025-10-09,2025-10-09,6,5,76,d-no-skew,5
51,xgboost,1,0.4,1.0,1,0,1,0.0,1.0,1470,2019-11-13,2025-10-07,2025-10-08,2025-10-08,6,5,76,d-no-skew,5
51,random_forest,1,0.35,1.0,1,0,1,0.0,1.0,1470,2019-11-13,2025-10-07,2025-10-08,2025-10-08,6,5,76,d-no-skew,5
52,xgboost,1,0.05,1.0,1,0,1,0.0,1.0,1470,2019-11-12,2025-10-06,2025-10-07,2025-10-07,6,5,76,d-no-skew,5
52,random_forest,1,0.35,1.0,1,0,1,0.0,1.0,1470,2019-11-12,2025-10-06,2025-10-07,2025-10-07,6,5,76,d-no-skew,5
53,xgboost,1,0.25,1.0,1,0,1,0.0,1.0,1470,2019-11-11,2025-10-03,2025-10-06,2025-10-06,6,5,76,d-no-skew,5
53,random_forest,1,0.5,1.0,1,0,1,0.0,1.0,1470,2019-11-11,2025-10-03,2025-10-06,2025-10-06,6,5,76,d-no-skew,5
54,xgboost,1,1.0,0.0,1,0,1,0.0,1.0,1470,2019-11-08,2025-10-02,2025-10-03,2025-10-03,6,5,76,d-no-skew,5
54,random_forest,1,0.8,0.0,1,0,1,0.0,1.0,1470,2019-11-08,2025-10-02,2025-10-03,2025-10-03,6,5,76,d-no-skew,5
55,xgboost,1,1.0,1.0,1,1,0,1.0,0.0,1470,2019-11-07,2025-10-01,2025-10-02,2025-10-02,6,5,76,d-no-skew,5
55,random_forest,1,0.7,1.0,1,1,0,1.0,0.0,1470,2019-11-07,2025-10-01,2025-10-02,2025-10-02,6,5,76,d-no-skew,5
56,xgboost,1,0.5,0.0,1,1,0,1.0,0.0,1470,2019-11-06,2025-09-30,2025-10-01,2025-10-01,6,5,76,d-no-skew,5
56,random_forest,1,0.55,1.0,1,1,0,1.0,0.0,1470,2019-11-06,2025-09-30,2025-10-01,2025-10-01,6,5,76,d-no-skew,5
57,xgboost,1,1.0,1.0,1,1,0,1.0,0.0,1470,2019-11-05,2025-09-29,2025-09-30,2025-09-30,6,5,76,d-no-skew,5
57,random_forest,1,0.7,1.0,1,1,0,1.0,0.0,1470,2019-11-05,2025-09-29,2025-09-30,2025-09-30,6,5,76,d-no-skew,5
58,xgboost,1,1.0,1.0,1,1,0,1.0,0.0,1470,2019-11-04,2025-09-26,2025-09-29,2025-09-29,6,5,76,d-no-skew,5
58,random_forest,1,0.75,1.0,1,1,0,1.0,0.0,1470,2019-11-04,2025-09-26,2025-09-29,2025-09-29,6,5,76,d-no-skew,5
59,xgboost,1,1.0,1.0,1,1,0,1.0,0.0,1470,2019-11-01,2025-09-25,2025-09-26,2025-09-26,6,5,76,d-no-skew,5
59,random_forest,1,0.65,1.0,1,1,0,1.0,0.0,1470,2019-11-01,2025-09-25,2025-09-26,2025-09-26,6,5,76,d-no-skew,5
60,xgboost,1,1.0,1.0,1,1,0,1.0,0.0,1470,2019-10-31,2025-09-24,2025-09-25,2025-09-25,6,5,76,d-no-skew,5
60,random_forest,1,0.65,1.0,1,1,0,1.0,0.0,1470,2019-10-31,2025-09-24,2025-09-25,2025-09-25,6,5,76,d-no-skew,5
61,xgboost,1,1.0,1.0,1,1,0,1.0,0.0,1470,2019-10-30,2025-09-23,2025-09-24,2025-09-24,6,5,76,d-no-skew,5
61,random_forest,1,0.6,1.0,1,1,0,1.0,0.0,1470,2019-10-30,2025-09-23,2025-09-24,2025-09-24,6,5,76,d-no-skew,5
62,xgboost,1,0.05,0.0,1,1,0,1.0,0.0,1470,2019-10-29,2025-09-22,2025-09-23,2025-09-23,6,5,76,d-no-skew,5
62,random_forest,1,0.4,0.0,1,1,0,1.0,0.0,1470,2019-10-29,2025-09-22,2025-09-23,2025-09-23,6,5,76,d-no-skew,5
63,xgboost,1,0.05,1.0,1,0,1,0.0,1.0,1470,2019-10-28,2025-09-19,2025-09-22,2025-09-22,6,5,76,d-no-skew,5
63,random_forest,1,0.3,1.0,1,0,1,0.0,1.0,1470,2019-10-28,2025-09-19,2025-09-22,2025-09-22,6,5,76,d-no-skew,5
64,xgboost,1,0.65,0.0,1,0,1,0.0,1.0,1470,2019-10-25,2025-09-18,2025-09-19,2025-09-19,6,5,76,d-no-skew,5
64,random_forest,1,0.45,1.0,1,0,1,0.0,1.0,1470,2019-10-25,2025-09-18,2025-09-19,2025-09-19,6,5,76,d-no-skew,5
65,xgboost,1,1.0,0.0,1,0,1,0.0,1.0,1470,2019-10-24,2025-09-17,2025-09-18,2025-09-18,6,5,76,d-no-skew,5
65,random_forest,1,0.75,0.0,1,0,1,0.0,1.0,1470,2019-10-24,2025-09-17,2025-09-18,2025-09-18,6,5,76,d-no-skew,5
66,xgboost,1,1.0,1.0,1,1,0,1.0,0.0,1470,2019-10-23,2025-09-16,2025-09-17,2025-09-17,6,5,76,d-no-skew,5
66,random_forest,1,0.7,1.0,1,1,0,1.0,0.0,1470,2019-10-23,2025-09-16,2025-09-17,2025-09-17,6,5,76,d-no-skew,5
67,xgboost,1,1.0,1.0,1,1,0,1.0,0.0,1470,2019-10-22,2025-09-15,2025-09-16,2025-09-16,6,5,76,d-no-skew,5
67,random_forest,1,0.7,1.0,1,1,0,1.0,0.0,1470,2019-10-22,2025-09-15,2025-09-16,2025-09-16,6,5,76,d-no-skew,5
68,xgboost,1,1.0,1.0,1,1,0,1.0,0.0,1470,2019-10-21,2025-09-12,2025-09-15,2025-09-15,6,5,76,d-no-skew,5
68,random_forest,1,0.75,1.0,1,1,0,1.0,0.0,1470,2019-10-21,2025-09-12,2025-09-15,2025-09-15,6,5,76,d-no-skew,5
69,xgboost,1,0.95,1.0,1,1,0,1.0,0.0,1470,2019-10-18,2025-09-11,2025-09-12,2025-09-12,6,5,76,d-no-skew,5
69,random_forest,1,0.8,1.0,1,1,0,1.0,0.0,1470,2019-10-18,2025-09-11,2025-09-12,2025-09-12,6,5,76,d-no-skew,5
70,xgboost,1,0.95,1.0,1,1,0,1.0,0.0,1470,2019-10-17,2025-09-10,2025-09-11,2025-09-11,6,5,76,d-no-skew,5
70,random_forest,1,0.75,1.0,1,1,0,1.0,0.0,1470,2019-10-17,2025-09-10,2025-09-11,2025-09-11,6,5,76,d-no-skew,5
71,xgboost,1,0.45,0.0,1,1,0,1.0,0.0,1470,2019-10-16,2025-09-09,2025-09-10,2025-09-10,6,5,76,d-no-skew,5
71,random_forest,1,0.7,1.0,1,1,0,1.0,0.0,1470,2019-10-16,2025-09-09,2025-09-10,2025-09-10,6,5,76,d-no-skew,5
72,xgboost,1,0.95,1.0,1,1,0,1.0,0.0,1470,2019-10-15,2025-09-08,2025-09-09,2025-09-09,6,5,76,d-no-skew,5
72,random_forest,1,0.7,1.0,1,1,0,1.0,0.0,1470,2019-10-15,2025-09-08,2025-09-09,2025-09-09,6,5,76,d-no-skew,5
73,xgboost,1,1.0,1.0,1,1,0,1.0,0.0,1470,2019-10-14,2025-09-05,2025-09-08,2025-09-08,6,5,76,d-no-skew,5
73,random_forest,1,0.7,1.0,1,1,0,1.0,0.0,1470,2019-10-14,2025-09-05,2025-09-08,2025-09-08,6,5,76,d-no-skew,5
74,xgboost,1,1.0,1.0,1,1,0,1.0,0.0,1470,2019-10-11,2025-09-04,2025-09-05,2025-09-05,6,5,76,d-no-skew,5
74,random_forest,1,0.75,1.0,1,1,0,1.0,0.0,1470,2019-10-11,2025-09-04,2025-09-05,2025-09-05,6,5,76,d-no-skew,5
75,xgboost,1,1.0,1.0,1,1,0,1.0,0.0,1470,2019-10-10,2025-09-03,2025-09-04,2025-09-04,6,5,76,d-no-skew,5
75,random_forest,1,0.65,1.0,1,1,0,1.0,0.0,1470,2019-10-10,2025-09-03,2025-09-04,2025-09-04,6,5,76,d-no-skew,5
76,xgboost,1,1.0,1.0,1,1,0,1.0,0.0,1470,2019-10-09,2025-09-02,2025-09-03,2025-09-03,6,5,76,d-no-skew,5
76,random_forest,1,0.7,1.0,1,1,0,1.0,0.0,1470,2019-10-09,2025-09-02,2025-09-03,2025-09-03,6,5,76,d-no-skew,5
77,xgboost,1,1.0,1.0,1,1,0,1.0,0.0,1470,2019-10-08,2025-08-29,2025-09-02,2025-09-02,6,5,76,d-no-skew,5
77,random_forest,1,0.7,1.0,1,1,0,1.0,0.0,1470,2019-10-08,2025-08-29,2025-09-02,2025-09-02,6,5,76,d-no-skew,5
78,xgboost,1,1.0,1.0,1,1,0,1.0,0.0,1470,2019-10-07,2025-08-28,2025-08-29,2025-08-29,6,5,76,d-no-skew,5
78,random_forest,1,0.6,1.0,1,1,0,1.0,0.0,1470,2019-10-07,2025-08-28,2025-08-29,2025-08-29,6,5,76,d-no-skew,5
79,xgboost,1,0.95,0.0,1,0,1,0.0,1.0,1470,2019-10-04,2025-08-27,2025-08-28,2025-08-28,6,5,76,d-no-skew,5
79,random_forest,1,0.55,0.0,1,0,1,0.0,1.0,1470,2019-10-04,2025-08-27,2025-08-28,2025-08-28,6,5,76,d-no-skew,5
80,xgboost,1,0.1,0.0,1,1,0,1.0,0.0,1470,2019-10-03,2025-08-26,2025-08-27,2025-08-27,6,5,76,d-no-skew,5
80,random_forest,1,0.3,0.0,1,1,0,1.0,0.0,1470,2019-10-03,2025-08-26,2025-08-27,2025-08-27,6,5,76,d-no-skew,5
81,xgboost,1,0.1,1.0,1,0,1,0.0,1.0,1470,2019-10-02,2025-08-25,2025-08-26,2025-08-26,6,5,76,d-no-skew,5
81,random_forest,1,0.4,1.0,1,0,1,0.0,1.0,1470,2019-10-02,2025-08-25,2025-08-26,2025-08-26,6,5,76,d-no-skew,5
82,xgboost,1,0.95,0.0,1,0,1,0.0,1.0,1470,2019-10-01,2025-08-22,2025-08-25,2025-08-25,6,5,76,d-no-skew,5
82,random_forest,1,0.5,0.0,1,0,1,0.0,1.0,1470,2019-10-01,2025-08-22,2025-08-25,2025-08-25,6,5,76,d-no-skew,5
83,xgboost,1,1.0,0.0,1,0,1,0.0,1.0,1470,2019-09-30,2025-08-21,2025-08-22,2025-08-22,6,5,76,d-no-skew,5
83,random_forest,1,0.65,0.0,1,0,1,0.0,1.0,1470,2019-09-30,2025-08-21,2025-08-22,2025-08-22,6,5,76,d-no-skew,5
84,xgboost,1,1.0,1.0,1,1,0,1.0,0.0,1470,2019-09-27,2025-08-20,2025-08-21,2025-08-21,6,5,76,d-no-skew,5
84,random_forest,1,0.7,1.0,1,1,0,1.0,0.0,1470,2019-09-27,2025-08-20,2025-08-21,2025-08-21,6,5,76,d-no-skew,5
85,xgboost,1,0.9,1.0,1,1,0,1.0,0.0,1470,2019-09-26,2025-08-19,2025-08-20,2025-08-20,6,5,76,d-no-skew,5
85,random_forest,1,0.65,1.0,1,1,0,1.0,0.0,1470,2019-09-26,2025-08-19,2025-08-20,2025-08-20,6,5,76,d-no-skew,5
86,xgboost,1,0.95,1.0,1,1,0,1.0,0.0,1470,2019-09-25,2025-08-18,2025-08-19,2025-08-19,6,5,76,d-no-skew,5
86,random_forest,1,0.65,1.0,1,1,0,1.0,0.0,1470,2019-09-25,2025-08-18,2025-08-19,2025-08-19,6,5,76,d-no-skew,5
87,xgboost,1,1.0,0.0,1,0,1,0.0,1.0,1470,2019-09-24,2025-08-15,2025-08-18,2025-08-18,6,5,76,d-no-skew,5
87,random_forest,1,0.5,1.0,1,0,1,0.0,1.0,1470,2019-09-24,2025-08-15,2025-08-18,2025-08-18,6,5,76,d-no-skew,5
88,xgboost,1,0.85,0.0,1,0,1,0.0,1.0,1470,2019-09-23,2025-08-14,2025-08-15,2025-08-15,6,5,76,d-no-skew,5
88,random_forest,1,0.6,0.0,1,0,1,0.0,1.0,1470,2019-09-23,2025-08-14,2025-08-15,2025-08-15,6,5,76,d-no-skew,5
89,xgboost,1,0.1,1.0,1,0,1,0.0,1.0,1470,2019-09-20,2025-08-13,2025-08-14,2025-08-14,6,5,76,d-no-skew,5
89,random_forest,1,0.5,1.0,1,0,1,0.0,1.0,1470,2019-09-20,2025-08-13,2025-08-14,2025-08-14,6,5,76,d-no-skew,5
90,xgboost,1,1.0,0.0,1,0,1,0.0,1.0,1470,2019-09-19,2025-08-12,2025-08-13,2025-08-13,6,5,76,d-no-skew,5
90,random_forest,1,0.5,1.0,1,0,1,0.0,1.0,1470,2019-09-19,2025-08-12,2025-08-13,2025-08-13,6,5,76,d-no-skew,5
91,xgboost,1,1.0,0.0,1,0,1,0.0,1.0,1470,2019-09-18,2025-08-11,2025-08-12,2025-08-12,6,5,76,d-no-skew,5
91,random_forest,1,0.8,0.0,1,0,1,0.0,1.0,1470,2019-09-18,2025-08-11,2025-08-12,2025-08-12,6,5,76,d-no-skew,5
92,xgboost,1,1.0,1.0,1,1,0,1.0,0.0,1470,2019-09-17,2025-08-08,2025-08-11,2025-08-11,6,5,76,d-no-skew,5
92,random_forest,1,0.75,1.0,1,1,0,1.0,0.0,1470,2019-09-17,2025-08-08,2025-08-11,2025-08-11,6,5,76,d-no-skew,5
93,xgboost,1,0.95,1.0,1,1,0,1.0,0.0,1470,2019-09-16,2025-08-07,2025-08-08,2025-08-08,6,5,76,d-no-skew,5
93,random_forest,1,0.7,1.0,1,1,0,1.0,0.0,1470,2019-09-16,2025-08-07,2025-08-08,2025-08-08,6,5,76,d-no-skew,5
94,xgboost,1,1.0,1.0,1,1,0,1.0,0.0,1470,2019-09-13,2025-08-06,2025-08-07,2025-08-07,6,5,76,d-no-skew,5
94,random_forest,1,0.8,1.0,1,1,0,1.0,0.0,1470,2019-09-13,2025-08-06,2025-08-07,2025-08-07,6,5,76,d-no-skew,5
95,xgboost,1,1.0,1.0,1,1,0,1.0,0.0,1470,2019-09-12,2025-08-05,2025-08-06,2025-08-06,6,5,76,d-no-skew,5
95,random_forest,1,0.8,1.0,1,1,0,1.0,0.0,1470,2019-09-12,2025-08-05,2025-08-06,2025-08-06,6,5,76,d-no-skew,5
96,xgboost,1,1.0,1.0,1,1,0,1.0,0.0,1470,2019-09-11,2025-08-04,2025-08-05,2025-08-05,6,5,76,d-no-skew,5
96,random_forest,1,0.8,1.0,1,1,0,1.0,0.0,1470,2019-09-11,2025-08-04,2025-08-05,2025-08-05,6,5,76,d-no-skew,5
97,xgboost,1,1.0,1.0,1,1,0,1.0,0.0,1470,2019-09-10,2025-08-01,2025-08-04,2025-08-04,6,5,76,d-no-skew,5
97,random_forest,1,0.8,1.0,1,1,0,1.0,0.0,1470,2019-09-10,2025-08-01,2025-08-04,2025-08-04,6,5,76,d-no-skew,5
98,xgboost,1,1.0,1.0,1,1,0,1.0,0.0,1470,2019-09-09,2025-07-31,2025-08-01,2025-08-01,6,5,76,d-no-skew,5
98,random_forest,1,0.65,1.0,1,1,0,1.0,0.0,1470,2019-09-09,2025-07-31,2025-08-01,2025-08-01,6,5,76,d-no-skew,5
99,xgboost,1,0.4,0.0,1,1,0,1.0,0.0,1470,2019-09-06,2025-07-30,2025-07-31,2025-07-31,6,5,76,d-no-skew,5
99,random_forest,1,0.5,1.0,1,1,0,1.0,0.0,1470,2019-09-06,2025-07-30,2025-07-31,2025-07-31,6,5,76,d-no-skew,5
100,xgboost,1,0.3,1.0,1,0,1,0.0,1.0,1470,2019-09-05,2025-07-29,2025-07-30,2025-07-30,6,5,76,d-no-skew,5
100,random_forest,1,0.4,1.0,1,0,1,0.0,1.0,1470,2019-09-05,2025-07-29,2025-07-30,2025-07-30,6,5,76,d-no-skew,5
101,xgboost,1,0.9,0.0,1,0,1,0.0,1.0,1470,2019-09-04,2025-07-28,2025-07-29,2025-07-29,6,5,76,d-no-skew,5
101,random_forest,1,0.5,0.0,1,0,1,0.0,1.0,1470,2019-09-04,2025-07-28,2025-07-29,2025-07-29,6,5,76,d-no-skew,5
102,xgboost,1,0.1,1.0,1,0,1,0.0,1.0,1470,2019-09-03,2025-07-25,2025-07-28,2025-07-28,6,5,76,d-no-skew,5
102,random_forest,1,0.4,1.0,1,0,1,0.0,1.0,1470,2019-09-03,2025-07-25,2025-07-28,2025-07-28,6,5,76,d-no-skew,5
103,xgboost,1,1.0,0.0,1,0,1,0.0,1.0,1470,2019-08-30,2025-07-24,2025-07-25,2025-07-25,6,5,76,d-no-skew,5
103,random_forest,1,0.6,0.0,1,0,1,0.0,1.0,1470,2019-08-30,2025-07-24,2025-07-25,2025-07-25,6,5,76,d-no-skew,5
104,xgboost,1,1.0,0.0,1,0,1,0.0,1.0,1470,2019-08-29,2025-07-23,2025-07-24,2025-07-24,6,5,76,d-no-skew,5
104,random_forest,1,0.9,0.0,1,0,1,0.0,1.0,1470,2019-08-29,2025-07-23,2025-07-24,2025-07-24,6,5,76,d-no-skew,5
105,xgboost,1,1.0,1.0,1,1,0,1.0,0.0,1470,2019-08-28,2025-07-22,2025-07-23,2025-07-23,6,5,76,d-no-skew,5
105,random_forest,1,0.9,1.0,1,1,0,1.0,0.0,1470,2019-08-28,2025-07-22,2025-07-23,2025-07-23,6,5,76,d-no-skew,5
106,xgboost,1,1.0,1.0,1,1,0,1.0,0.0,1470,2019-08-27,2025-07-21,2025-07-22,2025-07-22,6,5,76,d-no-skew,5
106,random_forest,1,0.95,1.0,1,1,0,1.0,0.0,1470,2019-08-27,2025-07-21,2025-07-22,2025-07-22,6,5,76,d-no-skew,5
107,xgboost,1,1.0,1.0,1,1,0,1.0,0.0,1470,2019-08-26,2025-07-18,2025-07-21,2025-07-21,6,5,76,d-no-skew,5
107,random_forest,1,0.95,1.0,1,1,0,1.0,0.0,1470,2019-08-26,2025-07-18,2025-07-21,2025-07-21,6,5,76,d-no-skew,5
108,xgboost,1,1.0,1.0,1,1,0,1.0,0.0,1470,2019-08-23,2025-07-17,2025-07-18,2025-07-18,6,5,76,d-no-skew,5
108,random_forest,1,0.9,1.0,1,1,0,1.0,0.0,1470,2019-08-23,2025-07-17,2025-07-18,2025-07-18,6,5,76,d-no-skew,5
109,xgboost,1,1.0,1.0,1,1,0,1.0,0.0,1470,2019-08-22,2025-07-16,2025-07-17,2025-07-17,6,5,76,d-no-skew,5
109,random_forest,1,0.85,1.0,1,1,0,1.0,0.0,1470,2019-08-22,2025-07-16,2025-07-17,2025-07-17,6,5,76,d-no-skew,5
110,xgboost,1,1.0,1.0,1,1,0,1.0,0.0,1470,2019-08-21,2025-07-15,2025-07-16,2025-07-16,6,5,76,d-no-skew,5
110,random_forest,1,0.85,1.0,1,1,0,1.0,0.0,1470,2019-08-21,2025-07-15,2025-07-16,2025-07-16,6,5,76,d-no-skew,5
111,xgboost,1,1.0,1.0,1,1,0,1.0,0.0,1470,2019-08-20,2025-07-14,2025-07-15,2025-07-15,6,5,76,d-no-skew,5
111,random_forest,1,0.9,1.0,1,1,0,1.0,0.0,1470,2019-08-20,2025-07-14,2025-07-15,2025-07-15,6,5,76,d-no-skew,5
112,xgboost,1,1.0,1.0,1,1,0,1.0,0.0,1470,2019-08-19,2025-07-11,2025-07-14,2025-07-14,6,5,76,d-no-skew,5
112,random_forest,1,0.9,1.0,1,1,0,1.0,0.0,1470,2019-08-19,2025-07-11,2025-07-14,2025-07-14,6,5,76,d-no-skew,5
113,xgboost,1,1.0,1.0,1,1,0,1.0,0.0,1470,2019-08-16,2025-07-10,2025-07-11,2025-07-11,6,5,76,d-no-skew,5
113,random_forest,1,0.9,1.0,1,1,0,1.0,0.0,1470,2019-08-16,2025-07-10,2025-07-11,2025-07-11,6,5,76,d-no-skew,5
114,xgboost,1,1.0,1.0,1,1,0,1.0,0.0,1470,2019-08-15,2025-07-09,2025-07-10,2025-07-10,6,5,76,d-no-skew,5
114,random_forest,1,0.9,1.0,1,1,0,1.0,0.0,1470,2019-08-15,2025-07-09,2025-07-10,2025-07-10,6,5,76,d-no-skew,5
115,xgboost,1,0.7,1.0,1,1,0,1.0,0.0,1470,2019-08-14,2025-07-08,2025-07-09,2025-07-09,6,5,76,d-no-skew,5
115,random_forest,1,0.85,1.0,1,1,0,1.0,0.0,1470,2019-08-14,2025-07-08,2025-07-09,2025-07-09,6,5,76,d-no-skew,5
116,xgboost,1,1.0,1.0,1,1,0,1.0,0.0,1470,2019-08-13,2025-07-07,2025-07-08,2025-07-08,6,5,76,d-no-skew,5
116,random_forest,1,0.9,1.0,1,1,0,1.0,0.0,1470,2019-08-13,2025-07-07,2025-07-08,2025-07-08,6,5,76,d-no-skew,5
117,xgboost,1,1.0,1.0,1,1,0,1.0,0.0,1470,2019-08-12,2025-07-02,2025-07-07,2025-07-07,6,5,76,d-no-skew,5
117,random_forest,1,0.9,1.0,1,1,0,1.0,0.0,1470,2019-08-12,2025-07-02,2025-07-07,2025-07-07,6,5,76,d-no-skew,5
118,xgboost,1,1.0,1.0,1,1,0,1.0,0.0,1470,2019-08-09,2025-07-01,2025-07-02,2025-07-02,6,5,76,d-no-skew,5
118,random_forest,1,0.85,1.0,1,1,0,1.0,0.0,1470,2019-08-09,2025-07-01,2025-07-02,2025-07-02,6,5,76,d-no-skew,5
119,xgboost,1,0.9,1.0,1,1,0,1.0,0.0,1470,2019-08-08,2025-06-30,2025-07-01,2025-07-01,6,5,76,d-no-skew,5
119,random_forest,1,0.85,1.0,1,1,0,1.0,0.0,1470,2019-08-08,2025-06-30,2025-07-01,2025-07-01,6,5,76,d-no-skew,5
120,xgboost,1,1.0,1.0,1,1,0,1.0,0.0,1470,2019-08-07,2025-06-27,2025-06-30,2025-06-30,6,5,76,d-no-skew,5
120,random_forest,1,0.75,1.0,1,1,0,1.0,0.0,1470,2019-08-07,2025-06-27,2025-06-30,2025-06-30,6,5,76,d-no-skew,5
121,xgboost,1,1.0,1.0,1,1,0,1.0,0.0,1470,2019-08-06,2025-06-26,2025-06-27,2025-06-27,6,5,76,d-no-skew,5
121,random_forest,1,0.8,1.0,1,1,0,1.0,0.0,1470,2019-08-06,2025-06-26,2025-06-27,2025-06-27,6,5,76,d-no-skew,5
122,xgboost,1,1.0,1.0,1,1,0,1.0,0.0,1470,2019-08-05,2025-06-25,2025-06-26,2025-06-26,6,5,76,d-no-skew,5
122,random_forest,1,0.85,1.0,1,1,0,1.0,0.0,1470,2019-08-05,2025-06-25,2025-06-26,2025-06-26,6,5,76,d-no-skew,5
123,xgboost,1,1.0,1.0,1,1,0,1.0,0.0,1470,2019-08-02,2025-06-24,2025-06-25,2025-06-25,6,5,76,d-no-skew,5
123,random_forest,1,0.8,1.0,1,1,0,1.0,0.0,1470,2019-08-02,2025-06-24,2025-06-25,2025-06-25,6,5,76,d-no-skew,5
124,xgboost,1,0.95,1.0,1,1,0,1.0,0.0,1470,2019-08-01,2025-06-23,2025-06-24,2025-06-24,6,5,76,d-no-skew,5
124,random_forest,1,0.7,1.0,1,1,0,1.0,0.0,1470,2019-08-01,2025-06-23,2025-06-24,2025-06-24,6,5,76,d-no-skew,5
125,xgboost,1,0.65,1.0,1,1,0,1.0,0.0,1470,2019-07-31,2025-06-20,2025-06-23,2025-06-23,6,5,76,d-no-skew,5
125,random_forest,1,0.75,1.0,1,1,0,1.0,0.0,1470,2019-07-31,2025-06-20,2025-06-23,2025-06-23,6,5,76,d-no-skew,5
126,xgboost,1,1.0,1.0,1,1,0,1.0,0.0,1470,2019-07-30,2025-06-18,2025-06-20,2025-06-20,6,5,76,d-no-skew,5
126,random_forest,1,0.75,1.0,1,1,0,1.0,0.0,1470,2019-07-30,2025-06-18,2025-06-20,2025-06-20,6,5,76,d-no-skew,5
127,xgboost,1,1.0,1.0,1,1,0,1.0,0.0,1470,2019-07-29,2025-06-17,2025-06-18,2025-06-18,6,5,76,d-no-skew,5
127,random_forest,1,0.85,1.0,1,1,0,1.0,0.0,1470,2019-07-29,2025-06-17,2025-06-18,2025-06-18,6,5,76,d-no-skew,5
128,xgboost,1,1.0,1.0,1,1,0,1.0,0.0,1470,2019-07-26,2025-06-16,2025-06-17,2025-06-17,6,5,76,d-no-skew,5
128,random_forest,1,0.75,1.0,1,1,0,1.0,0.0,1470,2019-07-26,2025-06-16,2025-06-17,2025-06-17,6,5,76,d-no-skew,5
129,xgboost,1,0.7,1.0,1,1,0,1.0,0.0,1470,2019-07-25,2025-06-13,2025-06-16,2025-06-16,6,5,76,d-no-skew,5
129,random_forest,1,0.6,1.0,1,1,0,1.0,0.0,1470,2019-07-25,2025-06-13,2025-06-16,2025-06-16,6,5,76,d-no-skew,5
130,xgboost,1,1.0,1.0,1,1,0,1.0,0.0,1470,2019-07-24,2025-06-12,2025-06-13,2025-06-13,6,5,76,d-no-skew,5
130,random_forest,1,0.7,1.0,1,1,0,1.0,0.0,1470,2019-07-24,2025-06-12,2025-06-13,2025-06-13,6,5,76,d-no-skew,5
131,xgboost,1,0.5,0.0,1,0,1,0.0,1.0,1470,2019-07-23,2025-06-11,2025-06-12,2025-06-12,6,5,76,d-no-skew,5
131,random_forest,1,0.55,0.0,1,0,1,0.0,1.0,1470,2019-07-23,2025-06-11,2025-06-12,2025-06-12,6,5,76,d-no-skew,5
132,xgboost,1,0.95,0.0,1,0,1,0.0,1.0,1470,2019-07-22,2025-06-10,2025-06-11,2025-06-11,6,5,76,d-no-skew,5
132,random_forest,1,0.7,0.0,1,0,1,0.0,1.0,1470,2019-07-22,2025-06-10,2025-06-11,2025-06-11,6,5,76,d-no-skew,5
133,xgboost,1,1.0,0.0,1,0,1,0.0,1.0,1470,2019-07-19,2025-06-09,2025-06-10,2025-06-10,6,5,76,d-no-skew,5
133,random_forest,1,0.8,0.0,1,0,1,0.0,1.0,1470,2019-07-19,2025-06-09,2025-06-10,2025-06-10,6,5,76,d-no-skew,5
134,xgboost,1,0.8,1.0,1,1,0,1.0,0.0,1470,2019-07-18,2025-06-06,2025-06-09,2025-06-09,6,5,76,d-no-skew,5
134,random_forest,1,0.6,1.0,1,1,0,1.0,0.0,1470,2019-07-18,2025-06-06,2025-06-09,2025-06-09,6,5,76,d-no-skew,5
135,xgboost,1,1.0,0.0,1,0,1,0.0,1.0,1470,2019-07-17,2025-06-05,2025-06-06,2025-06-06,6,5,76,d-no-skew,5
135,random_forest,1,0.85,0.0,1,0,1,0.0,1.0,1470,2019-07-17,2025-06-05,2025-06-06,2025-06-06,6,5,76,d-no-skew,5
136,xgboost,1,1.0,1.0,1,1,0,1.0,0.0,1470,2019-07-16,2025-06-04,2025-06-05,2025-06-05,6,5,76,d-no-skew,5
136,random_forest,1,0.9,1.0,1,1,0,1.0,0.0,1470,2019-07-16,2025-06-04,2025-06-05,2025-06-05,6,5,76,d-no-skew,5
137,xgboost,1,0.95,1.0,1,1,0,1.0,0.0,1470,2019-07-15,2025-06-03,2025-06-04,2025-06-04,6,5,76,d-no-skew,5
137,random_forest,1,0.8,1.0,1,1,0,1.0,0.0,1470,2019-07-15,2025-06-03,2025-06-04,2025-06-04,6,5,76,d-no-skew,5
138,xgboost,1,0.85,1.0,1,1,0,1.0,0.0,1470,2019-07-12,2025-06-02,2025-06-03,2025-06-03,6,5,76,d-no-skew,5
138,random_forest,1,0.8,1.0,1,1,0,1.0,0.0,1470,2019-07-12,2025-06-02,2025-06-03,2025-06-03,6,5,76,d-no-skew,5
139,xgboost,1,1.0,1.0,1,1,0,1.0,0.0,1470,2019-07-11,2025-05-30,2025-06-02,2025-06-02,6,5,76,d-no-skew,5
139,random_forest,1,0.75,1.0,1,1,0,1.0,0.0,1470,2019-07-11,2025-05-30,2025-06-02,2025-06-02,6,5,76,d-no-skew,5
140,xgboost,1,1.0,1.0,1,1,0,1.0,0.0,1470,2019-07-10,2025-05-29,2025-05-30,2025-05-30,6,5,76,d-no-skew,5
140,random_forest,1,0.8,1.0,1,1,0,1.0,0.0,1470,2019-07-10,2025-05-29,2025-05-30,2025-05-30,6,5,76,d-no-skew,5
141,xgboost,1,0.15,0.0,1,1,0,1.0,0.0,1470,2019-07-09,2025-05-28,2025-05-29,2025-05-29,6,5,76,d-no-skew,5
141,random_forest,1,0.7,1.0,1,1,0,1.0,0.0,1470,2019-07-09,2025-05-28,2025-05-29,2025-05-29,6,5,76,d-no-skew,5
142,xgboost,1,0.75,1.0,1,1,0,1.0,0.0,1470,2019-07-08,2025-05-27,2025-05-28,2025-05-28,6,5,76,d-no-skew,5
142,random_forest,1,0.75,1.0,1,1,0,1.0,0.0,1470,2019-07-08,2025-05-27,2025-05-28,2025-05-28,6,5,76,d-no-skew,5
143,xgboost,1,0.1,0.0,1,1,0,1.0,0.0,1470,2019-07-05,2025-05-23,2025-05-27,2025-05-27,6,5,76,d-no-skew,5
143,random_forest,1,0.55,1.0,1,1,0,1.0,0.0,1470,2019-07-05,2025-05-23,2025-05-27,2025-05-27,6,5,76,d-no-skew,5
144,xgboost,1,0.9,1.0,1,1,0,1.0,0.0,1470,2019-07-02,2025-05-22,2025-05-23,2025-05-23,6,5,76,d-no-skew,5
144,random_forest,1,0.8,1.0,1,1,0,1.0,0.0,1470,2019-07-02,2025-05-22,2025-05-23,2025-05-23,6,5,76,d-no-skew,5
145,xgboost,1,0.9,1.0,1,1,0,1.0,0.0,1470,2019-07-01,2025-05-21,2025-05-22,2025-05-22,6,5,76,d-no-skew,5
145,random_forest,1,0.7,1.0,1,1,0,1.0,0.0,1470,2019-07-01,2025-05-21,2025-05-22,2025-05-22,6,5,76,d-no-skew,5
146,xgboost,1,0.95,1.0,1,1,0,1.0,0.0,1470,2019-06-28,2025-05-20,2025-05-21,2025-05-21,6,5,76,d-no-skew,5
146,random_forest,1,0.6,1.0,1,1,0,1.0,0.0,1470,2019-06-28,2025-05-20,2025-05-21,2025-05-21,6,5,76,d-no-skew,5
147,xgboost,1,0.15,1.0,1,0,1,0.0,1.0,1470,2019-06-27,2025-05-19,2025-05-20,2025-05-20,6,5,76,d-no-skew,5
147,random_forest,1,0.4,1.0,1,0,1,0.0,1.0,1470,2019-06-27,2025-05-19,2025-05-20,2025-05-20,6,5,76,d-no-skew,5
148,xgboost,1,0.2,1.0,1,0,1,0.0,1.0,1470,2019-06-26,2025-05-16,2025-05-19,2025-05-19,6,5,76,d-no-skew,5
148,random_forest,1,0.25,1.0,1,0,1,0.0,1.0,1470,2019-06-26,2025-05-16,2025-05-19,2025-05-19,6,5,76,d-no-skew,5
149,xgboost,1,0.1,1.0,1,0,1,0.0,1.0,1470,2019-06-25,2025-05-15,2025-05-16,2025-05-16,6,5,76,d-no-skew,5
149,random_forest,1,0.3,1.0,1,0,1,0.0,1.0,1470,2019-06-25,2025-05-15,2025-05-16,2025-05-16,6,5,76,d-no-skew,5
150,xgboost,1,0.3,1.0,1,0,1,0.0,1.0,1470,2019-06-24,2025-05-14,2025-05-15,2025-05-15,6,5,76,d-no-skew,5
150,random_forest,1,0.45,1.0,1,0,1,0.0,1.0,1470,2019-06-24,2025-05-14,2025-05-15,2025-05-15,6,5,76,d-no-skew,5
151,xgboost,1,0.9,0.0,1,0,1,0.0,1.0,1470,2019-06-21,2025-05-13,2025-05-14,2025-05-14,6,5,76,d-no-skew,5
151,random_forest,1,0.65,0.0,1,0,1,0.0,1.0,1470,2019-06-21,2025-05-13,2025-05-14,2025-05-14,6,5,76,d-no-skew,5
152,xgboost,1,0.85,1.0,1,1,0,1.0,0.0,1470,2019-06-20,2025-05-12,2025-05-13,2025-05-13,6,5,76,d-no-skew,5
152,random_forest,1,0.55,1.0,1,1,0,1.0,0.0,1470,2019-06-20,2025-05-12,2025-05-13,2025-05-13,6,5,76,d-no-skew,5
153,xgboost,1,0.25,0.0,1,1,0,1.0,0.0,1470,2019-06-19,2025-05-09,2025-05-12,2025-05-12,6,5,76,d-no-skew,5
153,random_forest,1,0.45,0.0,1,1,0,1.0,0.0,1470,2019-06-19,2025-05-09,2025-05-12,2025-05-12,6,5,76,d-no-skew,5
154,xgboost,1,1.0,1.0,1,1,0,1.0,0.0,1470,2019-06-18,2025-05-08,2025-05-09,2025-05-09,6,5,76,d-no-skew,5
154,random_forest,1,0.85,1.0,1,1,0,1.0,0.0,1470,2019-06-18,2025-05-08,2025-05-09,2025-05-09,6,5,76,d-no-skew,5
155,xgboost,1,0.55,1.0,1,1,0,1.0,0.0,1470,2019-06-17,2025-05-07,2025-05-08,2025-05-08,6,5,76,d-no-skew,5
155,random_forest,1,0.65,1.0,1,1,0,1.0,0.0,1470,2019-06-17,2025-05-07,2025-05-08,2025-05-08,6,5,76,d-no-skew,5
156,xgboost,1,1.0,1.0,1,1,0,1.0,0.0,1470,2019-06-14,2025-05-06,2025-05-07,2025-05-07,6,5,76,d-no-skew,5
156,random_forest,1,0.8,1.0,1,1,0,1.0,0.0,1470,2019-06-14,2025-05-06,2025-05-07,2025-05-07,6,5,76,d-no-skew,5
157,xgboost,1,1.0,1.0,1,1,0,1.0,0.0,1470,2019-06-13,2025-05-05,2025-05-06,2025-05-06,6,5,76,d-no-skew,5
157,random_forest,1,0.8,1.0,1,1,0,1.0,0.0,1470,2019-06-13,2025-05-05,2025-05-06,2025-05-06,6,5,76,d-no-skew,5
158,xgboost,1,0.7,1.0,1,1,0,1.0,0.0,1470,2019-06-12,2025-05-02,2025-05-05,2025-05-05,6,5,76,d-no-skew,5
158,random_forest,1,0.65,1.0,1,1,0,1.0,0.0,1470,2019-06-12,2025-05-02,2025-05-05,2025-05-05,6,5,76,d-no-skew,5
159,xgboost,1,0.9,0.0,1,0,1,0.0,1.0,1470,2019-06-11,2025-05-01,2025-05-02,2025-05-02,6,5,76,d-no-skew,5
159,random_forest,1,0.65,0.0,1,0,1,0.0,1.0,1470,2019-06-11,2025-05-01,2025-05-02,2025-05-02,6,5,76,d-no-skew,5
160,xgboost,1,1.0,1.0,1,1,0,1.0,0.0,1470,2019-06-10,2025-04-30,2025-05-01,2025-05-01,6,5,76,d-no-skew,5
160,random_forest,1,0.8,1.0,1,1,0,1.0,0.0,1470,2019-06-10,2025-04-30,2025-05-01,2025-05-01,6,5,76,d-no-skew,5
161,xgboost,1,1.0,1.0,1,1,0,1.0,0.0,1470,2019-06-07,2025-04-29,2025-04-30,2025-04-30,6,5,76,d-no-skew,5
161,random_forest,1,0.8,1.0,1,1,0,1.0,0.0,1470,2019-06-07,2025-04-29,2025-04-30,2025-04-30,6,5,76,d-no-skew,5
162,xgboost,1,1.0,1.0,1,1,0,1.0,0.0,1470,2019-06-06,2025-04-28,2025-04-29,2025-04-29,6,5,76,d-no-skew,5
162,random_forest,1,0.8,1.0,1,1,0,1.0,0.0,1470,2019-06-06,2025-04-28,2025-04-29,2025-04-29,6,5,76,d-no-skew,5
163,xgboost,1,1.0,1.0,1,1,0,1.0,0.0,1470,2019-06-05,2025-04-25,2025-04-28,2025-04-28,6,5,76,d-no-skew,5
163,random_forest,1,0.8,1.0,1,1,0,1.0,0.0,1470,2019-06-05,2025-04-25,2025-04-28,2025-04-28,6,5,76,d-no-skew,5
164,xgboost,1,0.7,1.0,1,1,0,1.0,0.0,1470,2019-06-04,2025-04-24,2025-04-25,2025-04-25,6,5,76,d-no-skew,5
164,random_forest,1,0.65,1.0,1,1,0,1.0,0.0,1470,2019-06-04,2025-04-24,2025-04-25,2025-04-25,6,5,76,d-no-skew,5
165,xgboost,1,0.45,0.0,1,1,0,1.0,0.0,1470,2019-06-03,2025-04-23,2025-04-24,2025-04-24,6,5,76,d-no-skew,5
165,random_forest,1,0.6,1.0,1,1,0,1.0,0.0,1470,2019-06-03,2025-04-23,2025-04-24,2025-04-24,6,5,76,d-no-skew,5
166,xgboost,1,0.7,1.0,1,1,0,1.0,0.0,1470,2019-05-31,2025-04-22,2025-04-23,2025-04-23,6,5,76,d-no-skew,5
166,random_forest,1,0.55,1.0,1,1,0,1.0,0.0,1470,2019-05-31,2025-04-22,2025-04-23,2025-04-23,6,5,76,d-no-skew,5
167,xgboost,1,0.95,1.0,1,1,0,1.0,0.0,1470,2019-05-30,2025-04-21,2025-04-22,2025-04-22,6,5,76,d-no-skew,5
167,random_forest,1,0.65,1.0,1,1,0,1.0,0.0,1470,2019-05-30,2025-04-21,2025-04-22,2025-04-22,6,5,76,d-no-skew,5
168,xgboost,1,1.0,1.0,1,1,0,1.0,0.0,1470,2019-05-29,2025-04-17,2025-04-21,2025-04-21,6,5,76,d-no-skew,5
168,random_forest,1,0.65,1.0,1,1,0,1.0,0.0,1470,2019-05-29,2025-04-17,2025-04-21,2025-04-21,6,5,76,d-no-skew,5
169,xgboost,1,0.9,1.0,1,1,0,1.0,0.0,1470,2019-05-28,2025-04-16,2025-04-17,2025-04-17,6,5,76,d-no-skew,5
169,random_forest,1,0.6,1.0,1,1,0,1.0,0.0,1470,2019-05-28,2025-04-16,2025-04-17,2025-04-17,6,5,76,d-no-skew,5
170,xgboost,1,0.05,0.0,1,1,0,1.0,0.0,1470,2019-05-24,2025-04-15,2025-04-16,2025-04-16,6,5,76,d-no-skew,5
170,random_forest,1,0.3,0.0,1,1,0,1.0,0.0,1470,2019-05-24,2025-04-15,2025-04-16,2025-04-16,6,5,76,d-no-skew,5
171,xgboost,1,0.0,1.0,1,0,1,0.0,1.0,1470,2019-05-23,2025-04-14,2025-04-15,2025-04-15,6,5,76,d-no-skew,5
171,random_forest,1,0.3,1.0,1,0,1,0.0,1.0,1470,2019-05-23,2025-04-14,2025-04-15,2025-04-15,6,5,76,d-no-skew,5
172,xgboost,1,0.0,1.0,1,0,1,0.0,1.0,1470,2019-05-22,2025-04-11,2025-04-14,2025-04-14,6,5,76,d-no-skew,5
172,random_forest,1,0.3,1.0,1,0,1,0.0,1.0,1470,2019-05-22,2025-04-11,2025-04-14,2025-04-14,6,5,76,d-no-skew,5
173,xgboost,1,0.0,1.0,1,0,1,0.0,1.0,1470,2019-05-21,2025-04-10,2025-04-11,2025-04-11,6,5,76,d-no-skew,5
173,random_forest,1,0.35,1.0,1,0,1,0.0,1.0,1470,2019-05-21,2025-04-10,2025-04-11,2025-04-11,6,5,76,d-no-skew,5
174,xgboost,1,0.6,0.0,1,0,1,0.0,1.0,1470,2019-05-20,2025-04-09,2025-04-10,2025-04-10,6,5,76,d-no-skew,5
174,random_forest,1,0.55,0.0,1,0,1,0.0,1.0,1470,2019-05-20,2025-04-09,2025-04-10,2025-04-10,6,5,76,d-no-skew,5
175,xgboost,1,0.8,0.0,1,0,1,0.0,1.0,1470,2019-05-17,2025-04-08,2025-04-09,2025-04-09,6,5,76,d-no-skew,5
175,random_forest,1,0.55,0.0,1,0,1,0.0,1.0,1470,2019-05-17,2025-04-08,2025-04-09,2025-04-09,6,5,76,d-no-skew,5
176,xgboost,1,1.0,1.0,1,1,0,1.0,0.0,1470,2019-05-16,2025-04-07,2025-04-08,2025-04-08,6,5,76,d-no-skew,5
176,random_forest,1,0.9,1.0,1,1,0,1.0,0.0,1470,2019-05-16,2025-04-07,2025-04-08,2025-04-08,6,5,76,d-no-skew,5
177,xgboost,1,1.0,1.0,1,1,0,1.0,0.0,1470,2019-05-15,2025-04-04,2025-04-07,2025-04-07,6,5,76,d-no-skew,5
177,random_forest,1,0.75,1.0,1,1,0,1.0,0.0,1470,2019-05-15,2025-04-04,2025-04-07,2025-04-07,6,5,76,d-no-skew,5
178,xgboost,1,0.95,1.0,1,1,0,1.0,0.0,1470,2019-05-14,2025-04-03,2025-04-04,2025-04-04,6,5,76,d-no-skew,5
178,random_forest,1,0.75,1.0,1,1,0,1.0,0.0,1470,2019-05-14,2025-04-03,2025-04-04,2025-04-04,6,5,76,d-no-skew,5
179,xgboost,1,0.9,0.0,1,0,1,0.0,1.0,1470,2019-05-13,2025-04-02,2025-04-03,2025-04-03,6,5,76,d-no-skew,5
179,random_forest,1,0.55,0.0,1,0,1,0.0,1.0,1470,2019-05-13,2025-04-02,2025-04-03,2025-04-03,6,5,76,d-no-skew,5
180,xgboost,1,0.0,1.0,1,0,1,0.0,1.0,1470,2019-05-10,2025-04-01,2025-04-02,2025-04-02,6,5,76,d-no-skew,5
180,random_forest,1,0.2,1.0,1,0,1,0.0,1.0,1470,2019-05-10,2025-04-01,2025-04-02,2025-04-02,6,5,76,d-no-skew,5
181,xgboost,1,0.05,1.0,1,0,1,0.0,1.0,1470,2019-05-09,2025-03-31,2025-04-01,2025-04-01,6,5,76,d-no-skew,5
181,random_forest,1,0.3,1.0,1,0,1,0.0,1.0,1470,2019-05-09,2025-03-31,2025-04-01,2025-04-01,6,5,76,d-no-skew,5
182,xgboost,1,0.55,0.0,1,0,1,0.0,1.0,1470,2019-05-08,2025-03-28,2025-03-31,2025-03-31,6,5,76,d-no-skew,5
182,random_forest,1,0.5,1.0,1,0,1,0.0,1.0,1470,2019-05-08,2025-03-28,2025-03-31,2025-03-31,6,5,76,d-no-skew,5
183,xgboost,1,0.6,0.0,1,0,1,0.0,1.0,1470,2019-05-07,2025-03-27,2025-03-28,2025-03-28,6,5,76,d-no-skew,5
183,random_forest,1,0.55,0.0,1,0,1,0.0,1.0,1470,2019-05-07,2025-03-27,2025-03-28,2025-03-28,6,5,76,d-no-skew,5
184,xgboost,1,0.2,1.0,1,0,1,0.0,1.0,1470,2019-05-06,2025-03-26,2025-03-27,2025-03-27,6,5,76,d-no-skew,5
184,random_forest,1,0.3,1.0,1,0,1,0.0,1.0,1470,2019-05-06,2025-03-26,2025-03-27,2025-03-27,6,5,76,d-no-skew,5
185,xgboost,1,0.05,1.0,1,0,1,0.0,1.0,1470,2019-05-03,2025-03-25,2025-03-26,2025-03-26,6,5,76,d-no-skew,5
185,random_forest,1,0.35,1.0,1,0,1,0.0,1.0,1470,2019-05-03,2025-03-25,2025-03-26,2025-03-26,6,5,76,d-no-skew,5
186,xgboost,1,0.25,1.0,1,0,1,0.0,1.0,1470,2019-05-02,2025-03-24,2025-03-25,2025-03-25,6,5,76,d-no-skew,5
186,random_forest,1,0.4,1.0,1,0,1,0.0,1.0,1470,2019-05-02,2025-03-24,2025-03-25,2025-03-25,6,5,76,d-no-skew,5
187,xgboost,1,0.95,0.0,1,0,1,0.0,1.0,1470,2019-05-01,2025-03-21,2025-03-24,2025-03-24,6,5,76,d-no-skew,5
187,random_forest,1,0.55,0.0,1,0,1,0.0,1.0,1470,2019-05-01,2025-03-21,2025-03-24,2025-03-24,6,5,76,d-no-skew,5
188,xgboost,1,1.0,0.0,1,0,1,0.0,1.0,1470,2019-04-30,2025-03-20,2025-03-21,2025-03-21,6,5,76,d-no-skew,5
188,random_forest,1,0.8,0.0,1,0,1,0.0,1.0,1470,2019-04-30,2025-03-20,2025-03-21,2025-03-21,6,5,76,d-no-skew,5
189,xgboost,1,1.0,1.0,1,1,0,1.0,0.0,1470,2019-04-29,2025-03-19,2025-03-20,2025-03-20,6,5,76,d-no-skew,5
189,random_forest,1,0.9,1.0,1,1,0,1.0,0.0,1470,2019-04-29,2025-03-19,2025-03-20,2025-03-20,6,5,76,d-no-skew,5
190,xgboost,1,1.0,1.0,1,1,0,1.0,0.0,1470,2019-04-26,2025-03-18,2025-03-19,2025-03-19,6,5,76,d-no-skew,5
190,random_forest,1,0.8,1.0,1,1,0,1.0,0.0,1470,2019-04-26,2025-03-18,2025-03-19,2025-03-19,6,5,76,d-no-skew,5
191,xgboost,1,1.0,1.0,1,1,0,1.0,0.0,1470,2019-04-25,2025-03-17,2025-03-18,2025-03-18,6,5,76,d-no-skew,5
191,random_forest,1,0.85,1.0,1,1,0,1.0,0.0,1470,2019-04-25,2025-03-17,2025-03-18,2025-03-18,6,5,76,d-no-skew,5
192,xgboost,1,1.0,1.0,1,1,0,1.0,0.0,1470,2019-04-24,2025-03-14,2025-03-17,2025-03-17,6,5,76,d-no-skew,5
192,random_forest,1,0.65,1.0,1,1,0,1.0,0.0,1470,2019-04-24,2025-03-14,2025-03-17,2025-03-17,6,5,76,d-no-skew,5
193,xgboost,1,1.0,1.0,1,1,0,1.0,0.0,1470,2019-04-23,2025-03-13,2025-03-14,2025-03-14,6,5,76,d-no-skew,5
193,random_forest,1,0.7,1.0,1,1,0,1.0,0.0,1470,2019-04-23,2025-03-13,2025-03-14,2025-03-14,6,5,76,d-no-skew,5
194,xgboost,1,1.0,1.0,1,1,0,1.0,0.0,1470,2019-04-22,2025-03-12,2025-03-13,2025-03-13,6,5,76,d-no-skew,5
194,random_forest,1,0.8,1.0,1,1,0,1.0,0.0,1470,2019-04-22,2025-03-12,2025-03-13,2025-03-13,6,5,76,d-no-skew,5
195,xgboost,1,0.55,1.0,1,1,0,1.0,0.0,1470,2019-04-18,2025-03-11,2025-03-12,2025-03-12,6,5,76,d-no-skew,5
195,random_forest,1,0.6,1.0,1,1,0,1.0,0.0,1470,2019-04-18,2025-03-11,2025-03-12,2025-03-12,6,5,76,d-no-skew,5
196,xgboost,1,0.65,1.0,1,1,0,1.0,0.0,1470,2019-04-17,2025-03-10,2025-03-11,2025-03-11,6,5,76,d-no-skew,5
196,random_forest,1,0.6,1.0,1,1,0,1.0,0.0,1470,2019-04-17,2025-03-10,2025-03-11,2025-03-11,6,5,76,d-no-skew,5
197,xgboost,1,0.05,0.0,1,1,0,1.0,0.0,1470,2019-04-16,2025-03-07,2025-03-10,2025-03-10,6,5,76,d-no-skew,5
197,random_forest,1,0.4,0.0,1,1,0,1.0,0.0,1470,2019-04-16,2025-03-07,2025-03-10,2025-03-10,6,5,76,d-no-skew,5
198,xgboost,1,0.05,1.0,1,0,1,0.0,1.0,1470,2019-04-15,2025-03-06,2025-03-07,2025-03-07,6,5,76,d-no-skew,5
198,random_forest,1,0.4,1.0,1,0,1,0.0,1.0,1470,2019-04-15,2025-03-06,2025-03-07,2025-03-07,6,5,76,d-no-skew,5
199,xgboost,1,0.2,1.0,1,0,1,0.0,1.0,1470,2019-04-12,2025-03-05,2025-03-06,2025-03-06,6,5,76,d-no-skew,5
199,random_forest,1,0.5,1.0,1,0,1,0.0,1.0,1470,2019-04-12,2025-03-05,2025-03-06,2025-03-06,6,5,76,d-no-skew,5
200,xgboost,1,0.05,1.0,1,0,1,0.0,1.0,1470,2019-04-11,2025-03-04,2025-03-05,2025-03-05,6,5,76,d-no-skew,5
200,random_forest,1,0.2,1.0,1,0,1,0.0,1.0,1470,2019-04-11,2025-03-04,2025-03-05,2025-03-05,6,5,76,d-no-skew,5
201,xgboost,1,0.0,1.0,1,0,1,0.0,1.0,1470,2019-04-10,2025-03-03,2025-03-04,2025-03-04,6,5,76,d-no-skew,5
201,random_forest,1,0.35,1.0,1,0,1,0.0,1.0,1470,2019-04-10,2025-03-03,2025-03-04,2025-03-04,6,5,76,d-no-skew,5
202,xgboost,1,0.05,1.0,1,0,1,0.0,1.0,1470,2019-04-09,2025-02-28,2025-03-03,2025-03-03,6,5,76,d-no-skew,5
202,random_forest,1,0.35,1.0,1,0,1,0.0,1.0,1470,2019-04-09,2025-02-28,2025-03-03,2025-03-03,6,5,76,d-no-skew,5
203,xgboost,1,0.15,1.0,1,0,1,0.0,1.0,1470,2019-04-08,2025-02-27,2025-02-28,2025-02-28,6,5,76,d-no-skew,5
203,random_forest,1,0.4,1.0,1,0,1,0.0,1.0,1470,2019-04-08,2025-02-27,2025-02-28,2025-02-28,6,5,76,d-no-skew,5
204,xgboost,1,1.0,0.0,1,0,1,0.0,1.0,1470,2019-04-05,2025-02-26,2025-02-27,2025-02-27,6,5,76,d-no-skew,5
204,random_forest,1,0.55,0.0,1,0,1,0.0,1.0,1470,2019-04-05,2025-02-26,2025-02-27,2025-02-27,6,5,76,d-no-skew,5
205,xgboost,1,0.0,1.0,1,0,1,0.0,1.0,1470,2019-04-04,2025-02-25,2025-02-26,2025-02-26,6,5,76,d-no-skew,5
205,random_forest,1,0.3,1.0,1,0,1,0.0,1.0,1470,2019-04-04,2025-02-25,2025-02-26,2025-02-26,6,5,76,d-no-skew,5
206,xgboost,1,0.55,0.0,1,0,1,0.0,1.0,1470,2019-04-03,2025-02-24,2025-02-25,2025-02-25,6,5,76,d-no-skew,5
206,random_forest,1,0.4,1.0,1,0,1,0.0,1.0,1470,2019-04-03,2025-02-24,2025-02-25,2025-02-25,6,5,76,d-no-skew,5
207,xgboost,1,0.15,1.0,1,0,1,0.0,1.0,1470,2019-04-02,2025-02-21,2025-02-24,2025-02-24,6,5,76,d-no-skew,5
207,random_forest,1,0.4,1.0,1,0,1,0.0,1.0,1470,2019-04-02,2025-02-21,2025-02-24,2025-02-24,6,5,76,d-no-skew,5
208,xgboost,1,0.4,1.0,1,0,1,0.0,1.0,1470,2019-04-01,2025-02-20,2025-02-21,2025-02-21,6,5,76,d-no-skew,5
208,random_forest,1,0.55,0.0,1,0,1,0.0,1.0,1470,2019-04-01,2025-02-20,2025-02-21,2025-02-21,6,5,76,d-no-skew,5
209,xgboost,1,0.65,0.0,1,0,1,0.0,1.0,1470,2019-03-29,2025-02-19,2025-02-20,2025-02-20,6,5,76,d-no-skew,5
209,random_forest,1,0.45,1.0,1,0,1,0.0,1.0,1470,2019-03-29,2025-02-19,2025-02-20,2025-02-20,6,5,76,d-no-skew,5
210,xgboost,1,0.0,1.0,1,0,1,0.0,1.0,1470,2019-03-28,2025-02-18,2025-02-19,2025-02-19,6,5,76,d-no-skew,5
210,random_forest,1,0.3,1.0,1,0,1,0.0,1.0,1470,2019-03-28,2025-02-18,2025-02-19,2025-02-19,6,5,76,d-no-skew,5
211,xgboost,1,0.15,1.0,1,0,1,0.0,1.0,1470,2019-03-27,2025-02-14,2025-02-18,2025-02-18,6,5,76,d-no-skew,5
211,random_forest,1,0.4,1.0,1,0,1,0.0,1.0,1470,2019-03-27,2025-02-14,2025-02-18,2025-02-18,6,5,76,d-no-skew,5
212,xgboost,1,0.95,0.0,1,0,1,0.0,1.0,1470,2019-03-26,2025-02-13,2025-02-14,2025-02-14,6,5,76,d-no-skew,5
212,random_forest,1,0.65,0.0,1,0,1,0.0,1.0,1470,2019-03-26,2025-02-13,2025-02-14,2025-02-14,6,5,76,d-no-skew,5
213,xgboost,1,1.0,0.0,1,0,1,0.0,1.0,1470,2019-03-25,2025-02-12,2025-02-13,2025-02-13,6,5,76,d-no-skew,5
213,random_forest,1,0.8,0.0,1,0,1,0.0,1.0,1470,2019-03-25,2025-02-12,2025-02-13,2025-02-13,6,5,76,d-no-skew,5
214,xgboost,1,1.0,1.0,1,1,0,1.0,0.0,1470,2019-03-22,2025-02-11,2025-02-12,2025-02-12,6,5,76,d-no-skew,5
214,random_forest,1,0.85,1.0,1,1,0,1.0,0.0,1470,2019-03-22,2025-02-11,2025-02-12,2025-02-12,6,5,76,d-no-skew,5
215,xgboost,1,1.0,1.0,1,1,0,1.0,0.0,1470,2019-03-21,2025-02-10,2025-02-11,2025-02-11,6,5,76,d-no-skew,5
215,random_forest,1,0.75,1.0,1,1,0,1.0,0.0,1470,2019-03-21,2025-02-10,2025-02-11,2025-02-11,6,5,76,d-no-skew,5
216,xgboost,1,0.95,1.0,1,1,0,1.0,0.0,1470,2019-03-20,2025-02-07,2025-02-10,2025-02-10,6,5,76,d-no-skew,5
216,random_forest,1,0.65,1.0,1,1,0,1.0,0.0,1470,2019-03-20,2025-02-07,2025-02-10,2025-02-10,6,5,76,d-no-skew,5
217,xgboost,1,0.95,1.0,1,1,0,1.0,0.0,1470,2019-03-19,2025-02-06,2025-02-07,2025-02-07,6,5,76,d-no-skew,5
217,random_forest,1,0.65,1.0,1,1,0,1.0,0.0,1470,2019-03-19,2025-02-06,2025-02-07,2025-02-07,6,5,76,d-no-skew,5
218,xgboost,1,1.0,1.0,1,1,0,1.0,0.0,1470,2019-03-18,2025-02-05,2025-02-06,2025-02-06,6,5,76,d-no-skew,5
218,random_forest,1,0.7,1.0,1,1,0,1.0,0.0,1470,2019-03-18,2025-02-05,2025-02-06,2025-02-06,6,5,76,d-no-skew,5
219,xgboost,1,0.95,1.0,1,1,0,1.0,0.0,1470,2019-03-15,2025-02-04,2025-02-05,2025-02-05,6,5,76,d-no-skew,5
219,random_forest,1,0.65,1.0,1,1,0,1.0,0.0,1470,2019-03-15,2025-02-04,2025-02-05,2025-02-05,6,5,76,d-no-skew,5
220,xgboost,1,1.0,1.0,1,1,0,1.0,0.0,1470,2019-03-14,2025-02-03,2025-02-04,2025-02-04,6,5,76,d-no-skew,5
220,random_forest,1,0.65,1.0,1,1,0,1.0,0.0,1470,2019-03-14,2025-02-03,2025-02-04,2025-02-04,6,5,76,d-no-skew,5
221,xgboost,1,1.0,1.0,1,1,0,1.0,0.0,1470,2019-03-13,2025-01-31,2025-02-03,2025-02-03,6,5,76,d-no-skew,5
221,random_forest,1,0.65,1.0,1,1,0,1.0,0.0,1470,2019-03-13,2025-01-31,2025-02-03,2025-02-03,6,5,76,d-no-skew,5
222,xgboost,1,1.0,1.0,1,1,0,1.0,0.0,1470,2019-03-12,2025-01-30,2025-01-31,2025-01-31,6,5,76,d-no-skew,5
222,random_forest,1,0.7,1.0,1,1,0,1.0,0.0,1470,2019-03-12,2025-01-30,2025-01-31,2025-01-31,6,5,76,d-no-skew,5
223,xgboost,1,1.0,1.0,1,1,0,1.0,0.0,1470,2019-03-11,2025-01-29,2025-01-30,2025-01-30,6,5,76,d-no-skew,5
223,random_forest,1,0.6,1.0,1,1,0,1.0,0.0,1470,2019-03-11,2025-01-29,2025-01-30,2025-01-30,6,5,76,d-no-skew,5
224,xgboost,1,0.9,1.0,1,1,0,1.0,0.0,1470,2019-03-08,2025-01-28,2025-01-29,2025-01-29,6,5,76,d-no-skew,5
224,random_forest,1,0.6,1.0,1,1,0,1.0,0.0,1470,2019-03-08,2025-01-28,2025-01-29,2025-01-29,6,5,76,d-no-skew,5
225,xgboost,1,0.1,0.0,1,1,0,1.0,0.0,1470,2019-03-07,2025-01-27,2025-01-28,2025-01-28,6,5,76,d-no-skew,5
225,random_forest,1,0.4,0.0,1,1,0,1.0,0.0,1470,2019-03-07,2025-01-27,2025-01-28,2025-01-28,6,5,76,d-no-skew,5
226,xgboost,1,0.0,0.0,1,1,0,1.0,0.0,1470,2019-03-06,2025-01-24,2025-01-27,2025-01-27,6,5,76,d-no-skew,5
226,random_forest,1,0.45,0.0,1,1,0,1.0,0.0,1470,2019-03-06,2025-01-24,2025-01-27,2025-01-27,6,5,76,d-no-skew,5
227,xgboost,1,0.0,1.0,1,0,1,0.0,1.0,1470,2019-03-05,2025-01-23,2025-01-24,2025-01-24,6,5,76,d-no-skew,5
227,random_forest,1,0.15,1.0,1,0,1,0.0,1.0,1470,2019-03-05,2025-01-23,2025-01-24,2025-01-24,6,5,76,d-no-skew,5
228,xgboost,1,0.0,1.0,1,0,1,0.0,1.0,1470,2019-03-04,2025-01-22,2025-01-23,2025-01-23,6,5,76,d-no-skew,5
228,random_forest,1,0.25,1.0,1,0,1,0.0,1.0,1470,2019-03-04,2025-01-22,2025-01-23,2025-01-23,6,5,76,d-no-skew,5
1,xgboost,1,0.65,1.0,1,1,0,1.0,0.0,980,2022-01-12,2025-12-18,2025-12-19,2025-12-19,4,10,76,d-no-skew,10
1,random_forest,1,0.6,1.0,1,1,0,1.0,0.0,980,2022-01-12,2025-12-18,2025-12-19,2025-12-19,4,10,76,d-no-skew,10
2,xgboost,1,0.8,1.0,1,1,0,1.0,0.0,980,2022-01-11,2025-12-17,2025-12-18,2025-12-18,4,10,76,d-no-skew,10
2,random_forest,1,0.75,1.0,1,1,0,1.0,0.0,980,2022-01-11,2025-12-17,2025-12-18,2025-12-18,4,10,76,d-no-skew,10
3,xgboost,1,1.0,1.0,1,1,0,1.0,0.0,980,2022-01-10,2025-12-16,2025-12-17,2025-12-17,4,10,76,d-no-skew,10
3,random_forest,1,0.8,1.0,1,1,0,1.0,0.0,980,2022-01-10,2025-12-16,2025-12-17,2025-12-17,4,10,76,d-no-skew,10
4,xgboost,1,0.95,1.0,1,1,0,1.0,0.0,980,2022-01-07,2025-12-15,2025-12-16,2025-12-16,4,10,76,d-no-skew,10
4,random_forest,1,0.8,1.0,1,1,0,1.0,0.0,980,2022-01-07,2025-12-15,2025-12-16,2025-12-16,4,10,76,d-no-skew,10
5,xgboost,1,0.95,1.0,1,1,0,1.0,0.0,980,2022-01-06,2025-12-12,2025-12-15,2025-12-15,4,10,76,d-no-skew,10
5,random_forest,1,0.7,1.0,1,1,0,1.0,0.0,980,2022-01-06,2025-12-12,2025-12-15,2025-12-15,4,10,76,d-no-skew,10
6,xgboost,1,0.05,0.0,1,1,0,1.0,0.0,980,2022-01-05,2025-12-11,2025-12-12,2025-12-12,4,10,76,d-no-skew,10
6,random_forest,1,0.5,1.0,1,1,0,1.0,0.0,980,2022-01-05,2025-12-11,2025-12-12,2025-12-12,4,10,76,d-no-skew,10
7,xgboost,1,0.0,1.0,1,0,1,0.0,1.0,980,2022-01-04,2025-12-10,2025-12-11,2025-12-11,4,10,76,d-no-skew,10
7,random_forest,1,0.2,1.0,1,0,1,0.0,1.0,980,2022-01-04,2025-12-10,2025-12-11,2025-12-11,4,10,76,d-no-skew,10
8,xgboost,1,0.0,1.0,1,0,1,0.0,1.0,980,2022-01-03,2025-12-09,2025-12-10,2025-12-10,4,10,76,d-no-skew,10
8,random_forest,1,0.15,1.0,1,0,1,0.0,1.0,980,2022-01-03,2025-12-09,2025-12-10,2025-12-10,4,10,76,d-no-skew,10
9,xgboost,1,0.0,1.0,1,0,1,0.0,1.0,980,2021-12-31,2025-12-08,2025-12-09,2025-12-09,4,10,76,d-no-skew,10
9,random_forest,1,0.1,1.0,1,0,1,0.0,1.0,980,2021-12-31,2025-12-08,2025-12-09,2025-12-09,4,10,76,d-no-skew,10
10,xgboost,1,0.0,1.0,1,0,1,0.0,1.0,980,2021-12-30,2025-12-05,2025-12-08,2025-12-08,4,10,76,d-no-skew,10
10,random_forest,1,0.1,1.0,1,0,1,0.0,1.0,980,2021-12-30,2025-12-05,2025-12-08,2025-12-08,4,10,76,d-no-skew,10
11,xgboost,1,0.3,1.0,1,0,1,0.0,1.0,980,2021-12-29,2025-12-04,2025-12-05,2025-12-05,4,10,76,d-no-skew,10
11,random_forest,1,0.2,1.0,1,0,1,0.0,1.0,980,2021-12-29,2025-12-04,2025-12-05,2025-12-05,4,10,76,d-no-skew,10
12,xgboost,1,0.05,1.0,1,0,1,0.0,1.0,980,2021-12-28,2025-12-03,2025-12-04,2025-12-04,4,10,76,d-no-skew,10
12,random_forest,1,0.25,1.0,1,0,1,0.0,1.0,980,2021-12-28,2025-12-03,2025-12-04,2025-12-04,4,10,76,d-no-skew,10
13,xgboost,1,0.6,0.0,1,0,1,0.0,1.0,980,2021-12-27,2025-12-02,2025-12-03,2025-12-03,4,10,76,d-no-skew,10
13,random_forest,1,0.2,1.0,1,0,1,0.0,1.0,980,2021-12-27,2025-12-02,2025-12-03,2025-12-03,4,10,76,d-no-skew,10
14,xgboost,1,0.1,1.0,1,0,1,0.0,1.0,980,2021-12-23,2025-12-01,2025-12-02,2025-12-02,4,10,76,d-no-skew,10
14,random_forest,1,0.35,1.0,1,0,1,0.0,1.0,980,2021-12-23,2025-12-01,2025-12-02,2025-12-02,4,10,76,d-no-skew,10
15,xgboost,1,0.95,0.0,1,0,1,0.0,1.0,980,2021-12-22,2025-11-26,2025-12-01,2025-12-01,4,10,76,d-no-skew,10
15,random_forest,1,0.6,0.0,1,0,1,0.0,1.0,980,2021-12-22,2025-11-26,2025-12-01,2025-12-01,4,10,76,d-no-skew,10
16,xgboost,1,0.75,1.0,1,1,0,1.0,0.0,980,2021-12-21,2025-11-25,2025-11-26,2025-11-26,4,10,76,d-no-skew,10
16,random_forest,1,0.65,1.0,1,1,0,1.0,0.0,980,2021-12-21,2025-11-25,2025-11-26,2025-11-26,4,10,76,d-no-skew,10
17,xgboost,1,1.0,1.0,1,1,0,1.0,0.0,980,2021-12-20,2025-11-24,2025-11-25,2025-11-25,4,10,76,d-no-skew,10
17,random_forest,1,0.7,1.0,1,1,0,1.0,0.0,980,2021-12-20,2025-11-24,2025-11-25,2025-11-25,4,10,76,d-no-skew,10
18,xgboost,1,0.9,1.0,1,1,0,1.0,0.0,980,2021-12-17,2025-11-21,2025-11-24,2025-11-24,4,10,76,d-no-skew,10
18,random_forest,1,0.7,1.0,1,1,0,1.0,0.0,980,2021-12-17,2025-11-21,2025-11-24,2025-11-24,4,10,76,d-no-skew,10
19,xgboost,1,0.55,1.0,1,1,0,1.0,0.0,980,2021-12-16,2025-11-20,2025-11-21,2025-11-21,4,10,76,d-no-skew,10
19,random_forest,1,0.75,1.0,1,1,0,1.0,0.0,980,2021-12-16,2025-11-20,2025-11-21,2025-11-21,4,10,76,d-no-skew,10
20,xgboost,1,1.0,1.0,1,1,0,1.0,0.0,980,2021-12-15,2025-11-19,2025-11-20,2025-11-20,4,10,76,d-no-skew,10
20,random_forest,1,0.75,1.0,1,1,0,1.0,0.0,980,2021-12-15,2025-11-19,2025-11-20,2025-11-20,4,10,76,d-no-skew,10
21,xgboost,1,0.85,1.0,1,1,0,1.0,0.0,980,2021-12-14,2025-11-18,2025-11-19,2025-11-19,4,10,76,d-no-skew,10
21,random_forest,1,0.8,1.0,1,1,0,1.0,0.0,980,2021-12-14,2025-11-18,2025-11-19,2025-11-19,4,10,76,d-no-skew,10
22,xgboost,1,0.95,1.0,1,1,0,1.0,0.0,980,2021-12-13,2025-11-17,2025-11-18,2025-11-18,4,10,76,d-no-skew,10
22,random_forest,1,0.75,1.0,1,1,0,1.0,0.0,980,2021-12-13,2025-11-17,2025-11-18,2025-11-18,4,10,76,d-no-skew,10
23,xgboost,1,0.95,1.0,1,1,0,1.0,0.0,980,2021-12-10,2025-11-14,2025-11-17,2025-11-17,4,10,76,d-no-skew,10
23,random_forest,1,0.7,1.0,1,1,0,1.0,0.0,980,2021-12-10,2025-11-14,2025-11-17,2025-11-17,4,10,76,d-no-skew,10
24,xgboost,1,0.6,1.0,1,1,0,1.0,0.0,980,2021-12-09,2025-11-13,2025-11-14,2025-11-14,4,10,76,d-no-skew,10
24,random_forest,1,0.45,0.0,1,1,0,1.0,0.0,980,2021-12-09,2025-11-13,2025-11-14,2025-11-14,4,10,76,d-no-skew,10
25,xgboost,1,0.05,0.0,1,1,0,1.0,0.0,980,2021-12-08,2025-11-12,2025-11-13,2025-11-13,4,10,76,d-no-skew,10
25,random_forest,1,0.25,0.0,1,1,0,1.0,0.0,980,2021-12-08,2025-11-12,2025-11-13,2025-11-13,4,10,76,d-no-skew,10
26,xgboost,1,0.05,1.0,1,0,1,0.0,1.0,980,2021-12-07,2025-11-11,2025-11-12,2025-11-12,4,10,76,d-no-skew,10
26,random_forest,1,0.15,1.0,1,0,1,0.0,1.0,980,2021-12-07,2025-11-11,2025-11-12,2025-11-12,4,10,76,d-no-skew,10
27,xgboost,1,0.3,1.0,1,0,1,0.0,1.0,980,2021-12-06,2025-11-10,2025-11-11,2025-11-11,4,10,76,d-no-skew,10
27,random_forest,1,0.25,1.0,1,0,1,0.0,1.0,980,2021-12-06,2025-11-10,2025-11-11,2025-11-11,4,10,76,d-no-skew,10
28,xgboost,1,0.8,0.0,1,0,1,0.0,1.0,980,2021-12-03,2025-11-07,2025-11-10,2025-11-10,4,10,76,d-no-skew,10
28,random_forest,1,0.25,1.0,1,0,1,0.0,1.0,980,2021-12-03,2025-11-07,2025-11-10,2025-11-10,4,10,76,d-no-skew,10
29,xgboost,1,0.15,1.0,1,0,1,0.0,1.0,980,2021-12-02,2025-11-06,2025-11-07,2025-11-07,4,10,76,d-no-skew,10
29,random_forest,1,0.35,1.0,1,0,1,0.0,1.0,980,2021-12-02,2025-11-06,2025-11-07,2025-11-07,4,10,76,d-no-skew,10
30,xgboost,1,0.15,1.0,1,0,1,0.0,1.0,980,2021-12-01,2025-11-05,2025-11-06,2025-11-06,4,10,76,d-no-skew,10
30,random_forest,1,0.25,1.0,1,0,1,0.0,1.0,980,2021-12-01,2025-11-05,2025-11-06,2025-11-06,4,10,76,d-no-skew,10
31,xgboost,1,0.1,1.0,1,0,1,0.0,1.0,980,2021-11-30,2025-11-04,2025-11-05,2025-11-05,4,10,76,d-no-skew,10
31,random_forest,1,0.15,1.0,1,0,1,0.0,1.0,980,2021-11-30,2025-11-04,2025-11-05,2025-11-05,4,10,76,d-no-skew,10
32,xgboost,1,0.05,1.0,1,0,1,0.0,1.0,980,2021-11-29,2025-11-03,2025-11-04,2025-11-04,4,10,76,d-no-skew,10
32,random_forest,1,0.3,1.0,1,0,1,0.0,1.0,980,2021-11-29,2025-11-03,2025-11-04,2025-11-04,4,10,76,d-no-skew,10
33,xgboost,1,0.05,1.0,1,0,1,0.0,1.0,980,2021-11-24,2025-10-31,2025-11-03,2025-11-03,4,10,76,d-no-skew,10
33,random_forest,1,0.25,1.0,1,0,1,0.0,1.0,980,2021-11-24,2025-10-31,2025-11-03,2025-11-03,4,10,76,d-no-skew,10
34,xgboost,1,0.05,1.0,1,0,1,0.0,1.0,980,2021-11-23,2025-10-30,2025-10-31,2025-10-31,4,10,76,d-no-skew,10
34,random_forest,1,0.2,1.0,1,0,1,0.0,1.0,980,2021-11-23,2025-10-30,2025-10-31,2025-10-31,4,10,76,d-no-skew,10
35,xgboost,1,0.05,1.0,1,0,1,0.0,1.0,980,2021-11-22,2025-10-29,2025-10-30,2025-10-30,4,10,76,d-no-skew,10
35,random_forest,1,0.3,1.0,1,0,1,0.0,1.0,980,2021-11-22,2025-10-29,2025-10-30,2025-10-30,4,10,76,d-no-skew,10
36,xgboost,1,0.0,1.0,1,0,1,0.0,1.0,980,2021-11-19,2025-10-28,2025-10-29,2025-10-29,4,10,76,d-no-skew,10
36,random_forest,1,0.2,1.0,1,0,1,0.0,1.0,980,2021-11-19,2025-10-28,2025-10-29,2025-10-29,4,10,76,d-no-skew,10
37,xgboost,1,0.1,1.0,1,0,1,0.0,1.0,980,2021-11-18,2025-10-27,2025-10-28,2025-10-28,4,10,76,d-no-skew,10
37,random_forest,1,0.3,1.0,1,0,1,0.0,1.0,980,2021-11-18,2025-10-27,2025-10-28,2025-10-28,4,10,76,d-no-skew,10
38,xgboost,1,0.65,0.0,1,0,1,0.0,1.0,980,2021-11-17,2025-10-24,2025-10-27,2025-10-27,4,10,76,d-no-skew,10
38,random_forest,1,0.4,1.0,1,0,1,0.0,1.0,980,2021-11-17,2025-10-24,2025-10-27,2025-10-27,4,10,76,d-no-skew,10
39,xgboost,1,0.95,0.0,1,0,1,0.0,1.0,980,2021-11-16,2025-10-23,2025-10-24,2025-10-24,4,10,76,d-no-skew,10
39,random_forest,1,0.6,0.0,1,0,1,0.0,1.0,980,2021-11-16,2025-10-23,2025-10-24,2025-10-24,4,10,76,d-no-skew,10
40,xgboost,1,1.0,1.0,1,1,0,1.0,0.0,980,2021-11-15,2025-10-22,2025-10-23,2025-10-23,4,10,76,d-no-skew,10
40,random_forest,1,0.8,1.0,1,1,0,1.0,0.0,980,2021-11-15,2025-10-22,2025-10-23,2025-10-23,4,10,76,d-no-skew,10
41,xgboost,1,1.0,1.0,1,1,0,1.0,0.0,980,2021-11-12,2025-10-21,2025-10-22,2025-10-22,4,10,76,d-no-skew,10
41,random_forest,1,0.85,1.0,1,1,0,1.0,0.0,980,2021-11-12,2025-10-21,2025-10-22,2025-10-22,4,10,76,d-no-skew,10
42,xgboost,1,0.95,1.0,1,1,0,1.0,0.0,980,2021-11-11,2025-10-20,2025-10-21,2025-10-21,4,10,76,d-no-skew,10
42,random_forest,1,0.8,1.0,1,1,0,1.0,0.0,980,2021-11-11,2025-10-20,2025-10-21,2025-10-21,4,10,76,d-no-skew,10
43,xgboost,1,0.9,1.0,1,1,0,1.0,0.0,980,2021-11-10,2025-10-17,2025-10-20,2025-10-20,4,10,76,d-no-skew,10
43,random_forest,1,0.65,1.0,1,1,0,1.0,0.0,980,2021-11-10,2025-10-17,2025-10-20,2025-10-20,4,10,76,d-no-skew,10
44,xgboost,1,0.9,1.0,1,1,0,1.0,0.0,980,2021-11-09,2025-10-16,2025-10-17,2025-10-17,4,10,76,d-no-skew,10
44,random_forest,1,0.75,1.0,1,1,0,1.0,0.0,980,2021-11-09,2025-10-16,2025-10-17,2025-10-17,4,10,76,d-no-skew,10
45,xgboost,1,1.0,1.0,1,1,0,1.0,0.0,980,2021-11-08,2025-10-15,2025-10-16,2025-10-16,4,10,76,d-no-skew,10
45,random_forest,1,0.8,1.0,1,1,0,1.0,0.0,980,2021-11-08,2025-10-15,2025-10-16,2025-10-16,4,10,76,d-no-skew,10
46,xgboost,1,0.95,1.0,1,1,0,1.0,0.0,980,2021-11-05,2025-10-14,2025-10-15,2025-10-15,4,10,76,d-no-skew,10
46,random_forest,1,0.75,1.0,1,1,0,1.0,0.0,980,2021-11-05,2025-10-14,2025-10-15,2025-10-15,4,10,76,d-no-skew,10
47,xgboost,1,0.95,1.0,1,1,0,1.0,0.0,980,2021-11-04,2025-10-13,2025-10-14,2025-10-14,4,10,76,d-no-skew,10
47,random_forest,1,0.8,1.0,1,1,0,1.0,0.0,980,2021-11-04,2025-10-13,2025-10-14,2025-10-14,4,10,76,d-no-skew,10
48,xgboost,1,1.0,1.0,1,1,0,1.0,0.0,980,2021-11-03,2025-10-10,2025-10-13,2025-10-13,4,10,76,d-no-skew,10
48,random_forest,1,0.6,1.0,1,1,0,1.0,0.0,980,2021-11-03,2025-10-10,2025-10-13,2025-10-13,4,10,76,d-no-skew,10
49,xgboost,1,0.9,1.0,1,1,0,1.0,0.0,980,2021-11-02,2025-10-09,2025-10-10,2025-10-10,4,10,76,d-no-skew,10
49,random_forest,1,0.55,1.0,1,1,0,1.0,0.0,980,2021-11-02,2025-10-09,2025-10-10,2025-10-10,4,10,76,d-no-skew,10
50,xgboost,1,0.15,1.0,1,0,1,0.0,1.0,980,2021-11-01,2025-10-08,2025-10-09,2025-10-09,4,10,76,d-no-skew,10
50,random_forest,1,0.4,1.0,1,0,1,0.0,1.0,980,2021-11-01,2025-10-08,2025-10-09,2025-10-09,4,10,76,d-no-skew,10
51,xgboost,1,0.8,0.0,1,0,1,0.0,1.0,980,2021-10-29,2025-10-07,2025-10-08,2025-10-08,4,10,76,d-no-skew,10
51,random_forest,1,0.7,0.0,1,0,1,0.0,1.0,980,2021-10-29,2025-10-07,2025-10-08,2025-10-08,4,10,76,d-no-skew,10
52,xgboost,1,0.7,1.0,1,1,0,1.0,0.0,980,2021-10-28,2025-10-06,2025-10-07,2025-10-07,4,10,76,d-no-skew,10
52,random_forest,1,0.75,1.0,1,1,0,1.0,0.0,980,2021-10-28,2025-10-06,2025-10-07,2025-10-07,4,10,76,d-no-skew,10
53,xgboost,1,0.85,1.0,1,1,0,1.0,0.0,980,2021-10-27,2025-10-03,2025-10-06,2025-10-06,4,10,76,d-no-skew,10
53,random_forest,1,0.5,1.0,1,1,0,1.0,0.0,980,2021-10-27,2025-10-03,2025-10-06,2025-10-06,4,10,76,d-no-skew,10
54,xgboost,1,0.05,0.0,1,1,0,1.0,0.0,980,2021-10-26,2025-10-02,2025-10-03,2025-10-03,4,10,76,d-no-skew,10
54,random_forest,1,0.35,0.0,1,1,0,1.0,0.0,980,2021-10-26,2025-10-02,2025-10-03,2025-10-03,4,10,76,d-no-skew,10
55,xgboost,1,0.2,1.0,1,0,1,0.0,1.0,980,2021-10-25,2025-10-01,2025-10-02,2025-10-02,4,10,76,d-no-skew,10
55,random_forest,1,0.35,1.0,1,0,1,0.0,1.0,980,2021-10-25,2025-10-01,2025-10-02,2025-10-02,4,10,76,d-no-skew,10
56,xgboost,1,0.5,0.0,1,0,1,0.0,1.0,980,2021-10-22,2025-09-30,2025-10-01,2025-10-01,4,10,76,d-no-skew,10
56,random_forest,1,0.55,0.0,1,0,1,0.0,1.0,980,2021-10-22,2025-09-30,2025-10-01,2025-10-01,4,10,76,d-no-skew,10
57,xgboost,1,1.0,0.0,1,0,1,0.0,1.0,980,2021-10-21,2025-09-29,2025-09-30,2025-09-30,4,10,76,d-no-skew,10
57,random_forest,1,0.75,0.0,1,0,1,0.0,1.0,980,2021-10-21,2025-09-29,2025-09-30,2025-09-30,4,10,76,d-no-skew,10
58,xgboost,1,0.95,1.0,1,1,0,1.0,0.0,980,2021-10-20,2025-09-26,2025-09-29,2025-09-29,4,10,76,d-no-skew,10
58,random_forest,1,0.6,1.0,1,1,0,1.0,0.0,980,2021-10-20,2025-09-26,2025-09-29,2025-09-29,4,10,76,d-no-skew,10
59,xgboost,1,1.0,0.0,1,0,1,0.0,1.0,980,2021-10-19,2025-09-25,2025-09-26,2025-09-26,4,10,76,d-no-skew,10
59,random_forest,1,0.9,0.0,1,0,1,0.0,1.0,980,2021-10-19,2025-09-25,2025-09-26,2025-09-26,4,10,76,d-no-skew,10
60,xgboost,1,1.0,1.0,1,1,0,1.0,0.0,980,2021-10-18,2025-09-24,2025-09-25,2025-09-25,4,10,76,d-no-skew,10
60,random_forest,1,0.85,1.0,1,1,0,1.0,0.0,980,2021-10-18,2025-09-24,2025-09-25,2025-09-25,4,10,76,d-no-skew,10
61,xgboost,1,1.0,1.0,1,1,0,1.0,0.0,980,2021-10-15,2025-09-23,2025-09-24,2025-09-24,4,10,76,d-no-skew,10
61,random_forest,1,0.8,1.0,1,1,0,1.0,0.0,980,2021-10-15,2025-09-23,2025-09-24,2025-09-24,4,10,76,d-no-skew,10
62,xgboost,1,1.0,1.0,1,1,0,1.0,0.0,980,2021-10-14,2025-09-22,2025-09-23,2025-09-23,4,10,76,d-no-skew,10
62,random_forest,1,0.85,1.0,1,1,0,1.0,0.0,980,2021-10-14,2025-09-22,2025-09-23,2025-09-23,4,10,76,d-no-skew,10
63,xgboost,1,1.0,1.0,1,1,0,1.0,0.0,980,2021-10-13,2025-09-19,2025-09-22,2025-09-22,4,10,76,d-no-skew,10
63,random_forest,1,0.85,1.0,1,1,0,1.0,0.0,980,2021-10-13,2025-09-19,2025-09-22,2025-09-22,4,10,76,d-no-skew,10
64,xgboost,1,1.0,1.0,1,1,0,1.0,0.0,980,2021-10-12,2025-09-18,2025-09-19,2025-09-19,4,10,76,d-no-skew,10
64,random_forest,1,0.85,1.0,1,1,0,1.0,0.0,980,2021-10-12,2025-09-18,2025-09-19,2025-09-19,4,10,76,d-no-skew,10
65,xgboost,1,1.0,1.0,1,1,0,1.0,0.0,980,2021-10-11,2025-09-17,2025-09-18,2025-09-18,4,10,76,d-no-skew,10
65,random_forest,1,0.85,1.0,1,1,0,1.0,0.0,980,2021-10-11,2025-09-17,2025-09-18,2025-09-18,4,10,76,d-no-skew,10
66,xgboost,1,1.0,1.0,1,1,0,1.0,0.0,980,2021-10-08,2025-09-16,2025-09-17,2025-09-17,4,10,76,d-no-skew,10
66,random_forest,1,0.75,1.0,1,1,0,1.0,0.0,980,2021-10-08,2025-09-16,2025-09-17,2025-09-17,4,10,76,d-no-skew,10
67,xgboost,1,1.0,1.0,1,1,0,1.0,0.0,980,2021-10-07,2025-09-15,2025-09-16,2025-09-16,4,10,76,d-no-skew,10
67,random_forest,1,0.7,1.0,1,1,0,1.0,0.0,980,2021-10-07,2025-09-15,2025-09-16,2025-09-16,4,10,76,d-no-skew,10
68,xgboost,1,1.0,1.0,1,1,0,1.0,0.0,980,2021-10-06,2025-09-12,2025-09-15,2025-09-15,4,10,76,d-no-skew,10
68,random_forest,1,0.7,1.0,1,1,0,1.0,0.0,980,2021-10-06,2025-09-12,2025-09-15,2025-09-15,4,10,76,d-no-skew,10
69,xgboost,1,1.0,1.0,1,1,0,1.0,0.0,980,2021-10-05,2025-09-11,2025-09-12,2025-09-12,4,10,76,d-no-skew,10
69,random_forest,1,0.75,1.0,1,1,0,1.0,0.0,980,2021-10-05,2025-09-11,2025-09-12,2025-09-12,4,10,76,d-no-skew,10
70,xgboost,1,0.95,1.0,1,1,0,1.0,0.0,980,2021-10-04,2025-09-10,2025-09-11,2025-09-11,4,10,76,d-no-skew,10
70,random_forest,1,0.8,1.0,1,1,0,1.0,0.0,980,2021-10-04,2025-09-10,2025-09-11,2025-09-11,4,10,76,d-no-skew,10
71,xgboost,1,0.95,1.0,1,1,0,1.0,0.0,980,2021-10-01,2025-09-09,2025-09-10,2025-09-10,4,10,76,d-no-skew,10
71,random_forest,1,0.75,1.0,1,1,0,1.0,0.0,980,2021-10-01,2025-09-09,2025-09-10,2025-09-10,4,10,76,d-no-skew,10
72,xgboost,1,1.0,1.0,1,1,0,1.0,0.0,980,2021-09-30,2025-09-08,2025-09-09,2025-09-09,4,10,76,d-no-skew,10
72,random_forest,1,0.8,1.0,1,1,0,1.0,0.0,980,2021-09-30,2025-09-08,2025-09-09,2025-09-09,4,10,76,d-no-skew,10
73,xgboost,1,1.0,1.0,1,1,0,1.0,0.0,980,2021-09-29,2025-09-05,2025-09-08,2025-09-08,4,10,76,d-no-skew,10
73,random_forest,1,0.65,1.0,1,1,0,1.0,0.0,980,2021-09-29,2025-09-05,2025-09-08,2025-09-08,4,10,76,d-no-skew,10
74,xgboost,1,0.85,1.0,1,1,0,1.0,0.0,980,2021-09-28,2025-09-04,2025-09-05,2025-09-05,4,10,76,d-no-skew,10
74,random_forest,1,0.75,1.0,1,1,0,1.0,0.0,980,2021-09-28,2025-09-04,2025-09-05,2025-09-05,4,10,76,d-no-skew,10
75,xgboost,1,1.0,1.0,1,1,0,1.0,0.0,980,2021-09-27,2025-09-03,2025-09-04,2025-09-04,4,10,76,d-no-skew,10
75,random_forest,1,0.7,1.0,1,1,0,1.0,0.0,980,2021-09-27,2025-09-03,2025-09-04,2025-09-04,4,10,76,d-no-skew,10
76,xgboost,1,1.0,1.0,1,1,0,1.0,0.0,980,2021-09-24,2025-09-02,2025-09-03,2025-09-03,4,10,76,d-no-skew,10
76,random_forest,1,0.85,1.0,1,1,0,1.0,0.0,980,2021-09-24,2025-09-02,2025-09-03,2025-09-03,4,10,76,d-no-skew,10
77,xgboost,1,1.0,1.0,1,1,0,1.0,0.0,980,2021-09-23,2025-08-29,2025-09-02,2025-09-02,4,10,76,d-no-skew,10
77,random_forest,1,0.85,1.0,1,1,0,1.0,0.0,980,2021-09-23,2025-08-29,2025-09-02,2025-09-02,4,10,76,d-no-skew,10
78,xgboost,1,1.0,1.0,1,1,0,1.0,0.0,980,2021-09-22,2025-08-28,2025-08-29,2025-08-29,4,10,76,d-no-skew,10
78,random_forest,1,0.9,1.0,1,1,0,1.0,0.0,980,2021-09-22,2025-08-28,2025-08-29,2025-08-29,4,10,76,d-no-skew,10
79,xgboost,1,0.4,0.0,1,1,0,1.0,0.0,980,2021-09-21,2025-08-27,2025-08-28,2025-08-28,4,10,76,d-no-skew,10
79,random_forest,1,0.5,0.0,1,1,0,1.0,0.0,980,2021-09-21,2025-08-27,2025-08-28,2025-08-28,4,10,76,d-no-skew,10
80,xgboost,1,0.25,0.0,1,1,0,1.0,0.0,980,2021-09-20,2025-08-26,2025-08-27,2025-08-27,4,10,76,d-no-skew,10
80,random_forest,1,0.5,0.0,1,1,0,1.0,0.0,980,2021-09-20,2025-08-26,2025-08-27,2025-08-27,4,10,76,d-no-skew,10
81,xgboost,1,1.0,1.0,1,1,0,1.0,0.0,980,2021-09-17,2025-08-25,2025-08-26,2025-08-26,4,10,76,d-no-skew,10
81,random_forest,1,0.75,1.0,1,1,0,1.0,0.0,980,2021-09-17,2025-08-25,2025-08-26,2025-08-26,4,10,76,d-no-skew,10
82,xgboost,1,0.95,1.0,1,1,0,1.0,0.0,980,2021-09-16,2025-08-22,2025-08-25,2025-08-25,4,10,76,d-no-skew,10
82,random_forest,1,0.65,1.0,1,1,0,1.0,0.0,980,2021-09-16,2025-08-22,2025-08-25,2025-08-25,4,10,76,d-no-skew,10
83,xgboost,1,0.9,1.0,1,1,0,1.0,0.0,980,2021-09-15,2025-08-21,2025-08-22,2025-08-22,4,10,76,d-no-skew,10
83,random_forest,1,0.7,1.0,1,1,0,1.0,0.0,980,2021-09-15,2025-08-21,2025-08-22,2025-08-22,4,10,76,d-no-skew,10
84,xgboost,1,1.0,1.0,1,1,0,1.0,0.0,980,2021-09-14,2025-08-20,2025-08-21,2025-08-21,4,10,76,d-no-skew,10
84,random_forest,1,0.75,1.0,1,1,0,1.0,0.0,980,2021-09-14,2025-08-20,2025-08-21,2025-08-21,4,10,76,d-no-skew,10
85,xgboost,1,1.0,1.0,1,1,0,1.0,0.0,980,2021-09-13,2025-08-19,2025-08-20,2025-08-20,4,10,76,d-no-skew,10
85,random_forest,1,0.65,1.0,1,1,0,1.0,0.0,980,2021-09-13,2025-08-19,2025-08-20,2025-08-20,4,10,76,d-no-skew,10
86,xgboost,1,0.85,1.0,1,1,0,1.0,0.0,980,2021-09-10,2025-08-18,2025-08-19,2025-08-19,4,10,76,d-no-skew,10
86,random_forest,1,0.5,1.0,1,1,0,1.0,0.0,980,2021-09-10,2025-08-18,2025-08-19,2025-08-19,4,10,76,d-no-skew,10
87,xgboost,1,0.0,1.0,1,0,1,0.0,1.0,980,2021-09-09,2025-08-15,2025-08-18,2025-08-18,4,10,76,d-no-skew,10
87,random_forest,1,0.2,1.0,1,0,1,0.0,1.0,980,2021-09-09,2025-08-15,2025-08-18,2025-08-18,4,10,76,d-no-skew,10
88,xgboost,1,0.05,1.0,1,0,1,0.0,1.0,980,2021-09-08,2025-08-14,2025-08-15,2025-08-15,4,10,76,d-no-skew,10
88,random_forest,1,0.35,1.0,1,0,1,0.0,1.0,980,2021-09-08,2025-08-14,2025-08-15,2025-08-15,4,10,76,d-no-skew,10
89,xgboost,1,0.05,1.0,1,0,1,0.0,1.0,980,2021-09-07,2025-08-13,2025-08-14,2025-08-14,4,10,76,d-no-skew,10
89,random_forest,1,0.3,1.0,1,0,1,0.0,1.0,980,2021-09-07,2025-08-13,2025-08-14,2025-08-14,4,10,76,d-no-skew,10
90,xgboost,1,0.0,1.0,1,0,1,0.0,1.0,980,2021-09-03,2025-08-12,2025-08-13,2025-08-13,4,10,76,d-no-skew,10
90,random_forest,1,0.25,1.0,1,0,1,0.0,1.0,980,2021-09-03,2025-08-12,2025-08-13,2025-08-13,4,10,76,d-no-skew,10
91,xgboost,1,0.1,1.0,1,0,1,0.0,1.0,980,2021-09-02,2025-08-11,2025-08-12,2025-08-12,4,10,76,d-no-skew,10
91,random_forest,1,0.4,1.0,1,0,1,0.0,1.0,980,2021-09-02,2025-08-11,2025-08-12,2025-08-12,4,10,76,d-no-skew,10
92,xgboost,1,0.05,1.0,1,0,1,0.0,1.0,980,2021-09-01,2025-08-08,2025-08-11,2025-08-11,4,10,76,d-no-skew,10
92,random_forest,1,0.35,1.0,1,0,1,0.0,1.0,980,2021-09-01,2025-08-08,2025-08-11,2025-08-11,4,10,76,d-no-skew,10
93,xgboost,1,0.2,1.0,1,0,1,0.0,1.0,980,2021-08-31,2025-08-07,2025-08-08,2025-08-08,4,10,76,d-no-skew,10
93,random_forest,1,0.55,0.0,1,0,1,0.0,1.0,980,2021-08-31,2025-08-07,2025-08-08,2025-08-08,4,10,76,d-no-skew,10
94,xgboost,1,0.3,1.0,1,0,1,0.0,1.0,980,2021-08-30,2025-08-06,2025-08-07,2025-08-07,4,10,76,d-no-skew,10
94,random_forest,1,0.55,0.0,1,0,1,0.0,1.0,980,2021-08-30,2025-08-06,2025-08-07,2025-08-07,4,10,76,d-no-skew,10
95,xgboost,1,1.0,0.0,1,0,1,0.0,1.0,980,2021-08-27,2025-08-05,2025-08-06,2025-08-06,4,10,76,d-no-skew,10
95,random_forest,1,0.9,0.0,1,0,1,0.0,1.0,980,2021-08-27,2025-08-05,2025-08-06,2025-08-06,4,10,76,d-no-skew,10
96,xgboost,1,1.0,1.0,1,1,0,1.0,0.0,980,2021-08-26,2025-08-04,2025-08-05,2025-08-05,4,10,76,d-no-skew,10
96,random_forest,1,0.9,1.0,1,1,0,1.0,0.0,980,2021-08-26,2025-08-04,2025-08-05,2025-08-05,4,10,76,d-no-skew,10
97,xgboost,1,1.0,1.0,1,1,0,1.0,0.0,980,2021-08-25,2025-08-01,2025-08-04,2025-08-04,4,10,76,d-no-skew,10
97,random_forest,1,0.85,1.0,1,1,0,1.0,0.0,980,2021-08-25,2025-08-01,2025-08-04,2025-08-04,4,10,76,d-no-skew,10
98,xgboost,1,1.0,1.0,1,1,0,1.0,0.0,980,2021-08-24,2025-07-31,2025-08-01,2025-08-01,4,10,76,d-no-skew,10
98,random_forest,1,0.7,1.0,1,1,0,1.0,0.0,980,2021-08-24,2025-07-31,2025-08-01,2025-08-01,4,10,76,d-no-skew,10
99,xgboost,1,0.95,1.0,1,1,0,1.0,0.0,980,2021-08-23,2025-07-30,2025-07-31,2025-07-31,4,10,76,d-no-skew,10
99,random_forest,1,0.7,1.0,1,1,0,1.0,0.0,980,2021-08-23,2025-07-30,2025-07-31,2025-07-31,4,10,76,d-no-skew,10
100,xgboost,1,1.0,1.0,1,1,0,1.0,0.0,980,2021-08-20,2025-07-29,2025-07-30,2025-07-30,4,10,76,d-no-skew,10
100,random_forest,1,0.85,1.0,1,1,0,1.0,0.0,980,2021-08-20,2025-07-29,2025-07-30,2025-07-30,4,10,76,d-no-skew,10
101,xgboost,1,0.8,1.0,1,1,0,1.0,0.0,980,2021-08-19,2025-07-28,2025-07-29,2025-07-29,4,10,76,d-no-skew,10
101,random_forest,1,0.7,1.0,1,1,0,1.0,0.0,980,2021-08-19,2025-07-28,2025-07-29,2025-07-29,4,10,76,d-no-skew,10
102,xgboost,1,1.0,1.0,1,1,0,1.0,0.0,980,2021-08-18,2025-07-25,2025-07-28,2025-07-28,4,10,76,d-no-skew,10
102,random_forest,1,0.8,1.0,1,1,0,1.0,0.0,980,2021-08-18,2025-07-25,2025-07-28,2025-07-28,4,10,76,d-no-skew,10
103,xgboost,1,1.0,1.0,1,1,0,1.0,0.0,980,2021-08-17,2025-07-24,2025-07-25,2025-07-25,4,10,76,d-no-skew,10
103,random_forest,1,0.7,1.0,1,1,0,1.0,0.0,980,2021-08-17,2025-07-24,2025-07-25,2025-07-25,4,10,76,d-no-skew,10
104,xgboost,1,0.8,1.0,1,1,0,1.0,0.0,980,2021-08-16,2025-07-23,2025-07-24,2025-07-24,4,10,76,d-no-skew,10
104,random_forest,1,0.65,1.0,1,1,0,1.0,0.0,980,2021-08-16,2025-07-23,2025-07-24,2025-07-24,4,10,76,d-no-skew,10
105,xgboost,1,1.0,1.0,1,1,0,1.0,0.0,980,2021-08-13,2025-07-22,2025-07-23,2025-07-23,4,10,76,d-no-skew,10
105,random_forest,1,0.45,0.0,1,1,0,1.0,0.0,980,2021-08-13,2025-07-22,2025-07-23,2025-07-23,4,10,76,d-no-skew,10
106,xgboost,1,0.55,0.0,1,0,1,0.0,1.0,980,2021-08-12,2025-07-21,2025-07-22,2025-07-22,4,10,76,d-no-skew,10
106,random_forest,1,0.65,0.0,1,0,1,0.0,1.0,980,2021-08-12,2025-07-21,2025-07-22,2025-07-22,4,10,76,d-no-skew,10
107,xgboost,1,0.95,0.0,1,0,1,0.0,1.0,980,2021-08-11,2025-07-18,2025-07-21,2025-07-21,4,10,76,d-no-skew,10
107,random_forest,1,0.75,0.0,1,0,1,0.0,1.0,980,2021-08-11,2025-07-18,2025-07-21,2025-07-21,4,10,76,d-no-skew,10
108,xgboost,1,1.0,0.0,1,0,1,0.0,1.0,980,2021-08-10,2025-07-17,2025-07-18,2025-07-18,4,10,76,d-no-skew,10
108,random_forest,1,0.95,0.0,1,0,1,0.0,1.0,980,2021-08-10,2025-07-17,2025-07-18,2025-07-18,4,10,76,d-no-skew,10
109,xgboost,1,1.0,1.0,1,1,0,1.0,0.0,980,2021-08-09,2025-07-16,2025-07-17,2025-07-17,4,10,76,d-no-skew,10
109,random_forest,1,0.95,1.0,1,1,0,1.0,0.0,980,2021-08-09,2025-07-16,2025-07-17,2025-07-17,4,10,76,d-no-skew,10
110,xgboost,1,1.0,1.0,1,1,0,1.0,0.0,980,2021-08-06,2025-07-15,2025-07-16,2025-07-16,4,10,76,d-no-skew,10
110,random_forest,1,0.9,1.0,1,1,0,1.0,0.0,980,2021-08-06,2025-07-15,2025-07-16,2025-07-16,4,10,76,d-no-skew,10
111,xgboost,1,1.0,1.0,1,1,0,1.0,0.0,980,2021-08-05,2025-07-14,2025-07-15,2025-07-15,4,10,76,d-no-skew,10
111,random_forest,1,0.95,1.0,1,1,0,1.0,0.0,980,2021-08-05,2025-07-14,2025-07-15,2025-07-15,4,10,76,d-no-skew,10
112,xgboost,1,1.0,1.0,1,1,0,1.0,0.0,980,2021-08-04,2025-07-11,2025-07-14,2025-07-14,4,10,76,d-no-skew,10
112,random_forest,1,0.9,1.0,1,1,0,1.0,0.0,980,2021-08-04,2025-07-11,2025-07-14,2025-07-14,4,10,76,d-no-skew,10
113,xgboost,1,1.0,1.0,1,1,0,1.0,0.0,980,2021-08-03,2025-07-10,2025-07-11,2025-07-11,4,10,76,d-no-skew,10
113,random_forest,1,0.95,1.0,1,1,0,1.0,0.0,980,2021-08-03,2025-07-10,2025-07-11,2025-07-11,4,10,76,d-no-skew,10
114,xgboost,1,1.0,1.0,1,1,0,1.0,0.0,980,2021-08-02,2025-07-09,2025-07-10,2025-07-10,4,10,76,d-no-skew,10
114,random_forest,1,0.9,1.0,1,1,0,1.0,0.0,980,2021-08-02,2025-07-09,2025-07-10,2025-07-10,4,10,76,d-no-skew,10
115,xgboost,1,1.0,1.0,1,1,0,1.0,0.0,980,2021-07-30,2025-07-08,2025-07-09,2025-07-09,4,10,76,d-no-skew,10
115,random_forest,1,0.9,1.0,1,1,0,1.0,0.0,980,2021-07-30,2025-07-08,2025-07-09,2025-07-09,4,10,76,d-no-skew,10
116,xgboost,1,1.0,1.0,1,1,0,1.0,0.0,980,2021-07-29,2025-07-07,2025-07-08,2025-07-08,4,10,76,d-no-skew,10
116,random_forest,1,0.95,1.0,1,1,0,1.0,0.0,980,2021-07-29,2025-07-07,2025-07-08,2025-07-08,4,10,76,d-no-skew,10
117,xgboost,1,1.0,1.0,1,1,0,1.0,0.0,980,2021-07-28,2025-07-02,2025-07-07,2025-07-07,4,10,76,d-no-skew,10
117,random_forest,1,0.9,1.0,1,1,0,1.0,0.0,980,2021-07-28,2025-07-02,2025-07-07,2025-07-07,4,10,76,d-no-skew,10
118,xgboost,1,1.0,1.0,1,1,0,1.0,0.0,980,2021-07-27,2025-07-01,2025-07-02,2025-07-02,4,10,76,d-no-skew,10
118,random_forest,1,0.9,1.0,1,1,0,1.0,0.0,980,2021-07-27,2025-07-01,2025-07-02,2025-07-02,4,10,76,d-no-skew,10
119,xgboost,1,1.0,1.0,1,1,0,1.0,0.0,980,2021-07-26,2025-06-30,2025-07-01,2025-07-01,4,10,76,d-no-skew,10
119,random_forest,1,0.9,1.0,1,1,0,1.0,0.0,980,2021-07-26,2025-06-30,2025-07-01,2025-07-01,4,10,76,d-no-skew,10
120,xgboost,1,1.0,1.0,1,1,0,1.0,0.0,980,2021-07-23,2025-06-27,2025-06-30,2025-06-30,4,10,76,d-no-skew,10
120,random_forest,1,0.85,1.0,1,1,0,1.0,0.0,980,2021-07-23,2025-06-27,2025-06-30,2025-06-30,4,10,76,d-no-skew,10
121,xgboost,1,1.0,1.0,1,1,0,1.0,0.0,980,2021-07-22,2025-06-26,2025-06-27,2025-06-27,4,10,76,d-no-skew,10
121,random_forest,1,0.9,1.0,1,1,0,1.0,0.0,980,2021-07-22,2025-06-26,2025-06-27,2025-06-27,4,10,76,d-no-skew,10
122,xgboost,1,1.0,1.0,1,1,0,1.0,0.0,980,2021-07-21,2025-06-25,2025-06-26,2025-06-26,4,10,76,d-no-skew,10
122,random_forest,1,0.9,1.0,1,1,0,1.0,0.0,980,2021-07-21,2025-06-25,2025-06-26,2025-06-26,4,10,76,d-no-skew,10
123,xgboost,1,1.0,1.0,1,1,0,1.0,0.0,980,2021-07-20,2025-06-24,2025-06-25,2025-06-25,4,10,76,d-no-skew,10
123,random_forest,1,0.9,1.0,1,1,0,1.0,0.0,980,2021-07-20,2025-06-24,2025-06-25,2025-06-25,4,10,76,d-no-skew,10
124,xgboost,1,1.0,1.0,1,1,0,1.0,0.0,980,2021-07-19,2025-06-23,2025-06-24,2025-06-24,4,10,76,d-no-skew,10
124,random_forest,1,0.85,1.0,1,1,0,1.0,0.0,980,2021-07-19,2025-06-23,2025-06-24,2025-06-24,4,10,76,d-no-skew,10
125,xgboost,1,1.0,1.0,1,1,0,1.0,0.0,980,2021-07-16,2025-06-20,2025-06-23,2025-06-23,4,10,76,d-no-skew,10
125,random_forest,1,0.9,1.0,1,1,0,1.0,0.0,980,2021-07-16,2025-06-20,2025-06-23,2025-06-23,4,10,76,d-no-skew,10
126,xgboost,1,1.0,1.0,1,1,0,1.0,0.0,980,2021-07-15,2025-06-18,2025-06-20,2025-06-20,4,10,76,d-no-skew,10
126,random_forest,1,0.8,1.0,1,1,0,1.0,0.0,980,2021-07-15,2025-06-18,2025-06-20,2025-06-20,4,10,76,d-no-skew,10
127,xgboost,1,1.0,1.0,1,1,0,1.0,0.0,980,2021-07-14,2025-06-17,2025-06-18,2025-06-18,4,10,76,d-no-skew,10
127,random_forest,1,0.85,1.0,1,1,0,1.0,0.0,980,2021-07-14,2025-06-17,2025-06-18,2025-06-18,4,10,76,d-no-skew,10
128,xgboost,1,1.0,1.0,1,1,0,1.0,0.0,980,2021-07-13,2025-06-16,2025-06-17,2025-06-17,4,10,76,d-no-skew,10
128,random_forest,1,0.85,1.0,1,1,0,1.0,0.0,980,2021-07-13,2025-06-16,2025-06-17,2025-06-17,4,10,76,d-no-skew,10
129,xgboost,1,1.0,1.0,1,1,0,1.0,0.0,980,2021-07-12,2025-06-13,2025-06-16,2025-06-16,4,10,76,d-no-skew,10
129,random_forest,1,0.9,1.0,1,1,0,1.0,0.0,980,2021-07-12,2025-06-13,2025-06-16,2025-06-16,4,10,76,d-no-skew,10
130,xgboost,1,1.0,1.0,1,1,0,1.0,0.0,980,2021-07-09,2025-06-12,2025-06-13,2025-06-13,4,10,76,d-no-skew,10
130,random_forest,1,0.9,1.0,1,1,0,1.0,0.0,980,2021-07-09,2025-06-12,2025-06-13,2025-06-13,4,10,76,d-no-skew,10
131,xgboost,1,1.0,1.0,1,1,0,1.0,0.0,980,2021-07-08,2025-06-11,2025-06-12,2025-06-12,4,10,76,d-no-skew,10
131,random_forest,1,0.9,1.0,1,1,0,1.0,0.0,980,2021-07-08,2025-06-11,2025-06-12,2025-06-12,4,10,76,d-no-skew,10
132,xgboost,1,1.0,1.0,1,1,0,1.0,0.0,980,2021-07-07,2025-06-10,2025-06-11,2025-06-11,4,10,76,d-no-skew,10
132,random_forest,1,0.95,1.0,1,1,0,1.0,0.0,980,2021-07-07,2025-06-10,2025-06-11,2025-06-11,4,10,76,d-no-skew,10
133,xgboost,1,1.0,1.0,1,1,0,1.0,0.0,980,2021-07-06,2025-06-09,2025-06-10,2025-06-10,4,10,76,d-no-skew,10
133,random_forest,1,0.9,1.0,1,1,0,1.0,0.0,980,2021-07-06,2025-06-09,2025-06-10,2025-06-10,4,10,76,d-no-skew,10
134,xgboost,1,1.0,1.0,1,1,0,1.0,0.0,980,2021-07-02,2025-06-06,2025-06-09,2025-06-09,4,10,76,d-no-skew,10
134,random_forest,1,0.8,1.0,1,1,0,1.0,0.0,980,2021-07-02,2025-06-06,2025-06-09,2025-06-09,4,10,76,d-no-skew,10
135,xgboost,1,1.0,1.0,1,1,0,1.0,0.0,980,2021-07-01,2025-06-05,2025-06-06,2025-06-06,4,10,76,d-no-skew,10
135,random_forest,1,0.95,1.0,1,1,0,1.0,0.0,980,2021-07-01,2025-06-05,2025-06-06,2025-06-06,4,10,76,d-no-skew,10
136,xgboost,1,1.0,1.0,1,1,0,1.0,0.0,980,2021-06-30,2025-06-04,2025-06-05,2025-06-05,4,10,76,d-no-skew,10
136,random_forest,1,0.9,1.0,1,1,0,1.0,0.0,980,2021-06-30,2025-06-04,2025-06-05,2025-06-05,4,10,76,d-no-skew,10
137,xgboost,1,1.0,1.0,1,1,0,1.0,0.0,980,2021-06-29,2025-06-03,2025-06-04,2025-06-04,4,10,76,d-no-skew,10
137,random_forest,1,0.85,1.0,1,1,0,1.0,0.0,980,2021-06-29,2025-06-03,2025-06-04,2025-06-04,4,10,76,d-no-skew,10
138,xgboost,1,1.0,1.0,1,1,0,1.0,0.0,980,2021-06-28,2025-06-02,2025-06-03,2025-06-03,4,10,76,d-no-skew,10
138,random_forest,1,0.85,1.0,1,1,0,1.0,0.0,980,2021-06-28,2025-06-02,2025-06-03,2025-06-03,4,10,76,d-no-skew,10
139,xgboost,1,1.0,1.0,1,1,0,1.0,0.0,980,2021-06-25,2025-05-30,2025-06-02,2025-06-02,4,10,76,d-no-skew,10
139,random_forest,1,0.85,1.0,1,1,0,1.0,0.0,980,2021-06-25,2025-05-30,2025-06-02,2025-06-02,4,10,76,d-no-skew,10
140,xgboost,1,0.95,1.0,1,1,0,1.0,0.0,980,2021-06-24,2025-05-29,2025-05-30,2025-05-30,4,10,76,d-no-skew,10
140,random_forest,1,0.8,1.0,1,1,0,1.0,0.0,980,2021-06-24,2025-05-29,2025-05-30,2025-05-30,4,10,76,d-no-skew,10
141,xgboost,1,0.4,0.0,1,1,0,1.0,0.0,980,2021-06-23,2025-05-28,2025-05-29,2025-05-29,4,10,76,d-no-skew,10
141,random_forest,1,0.8,1.0,1,1,0,1.0,0.0,980,2021-06-23,2025-05-28,2025-05-29,2025-05-29,4,10,76,d-no-skew,10
142,xgboost,1,0.9,1.0,1,1,0,1.0,0.0,980,2021-06-22,2025-05-27,2025-05-28,2025-05-28,4,10,76,d-no-skew,10
142,random_forest,1,0.75,1.0,1,1,0,1.0,0.0,980,2021-06-22,2025-05-27,2025-05-28,2025-05-28,4,10,76,d-no-skew,10
143,xgboost,1,1.0,1.0,1,1,0,1.0,0.0,980,2021-06-21,2025-05-23,2025-05-27,2025-05-27,4,10,76,d-no-skew,10
143,random_forest,1,0.8,1.0,1,1,0,1.0,0.0,980,2021-06-21,2025-05-23,2025-05-27,2025-05-27,4,10,76,d-no-skew,10
144,xgboost,1,1.0,1.0,1,1,0,1.0,0.0,980,2021-06-18,2025-05-22,2025-05-23,2025-05-23,4,10,76,d-no-skew,10
144,random_forest,1,0.7,1.0,1,1,0,1.0,0.0,980,2021-06-18,2025-05-22,2025-05-23,2025-05-23,4,10,76,d-no-skew,10
145,xgboost,1,1.0,1.0,1,1,0,1.0,0.0,980,2021-06-17,2025-05-21,2025-05-22,2025-05-22,4,10,76,d-no-skew,10
145,random_forest,1,0.75,1.0,1,1,0,1.0,0.0,980,2021-06-17,2025-05-21,2025-05-22,2025-05-22,4,10,76,d-no-skew,10
146,xgboost,1,1.0,1.0,1,1,0,1.0,0.0,980,2021-06-16,2025-05-20,2025-05-21,2025-05-21,4,10,76,d-no-skew,10
146,random_forest,1,0.65,1.0,1,1,0,1.0,0.0,980,2021-06-16,2025-05-20,2025-05-21,2025-05-21,4,10,76,d-no-skew,10
147,xgboost,1,0.95,1.0,1,1,0,1.0,0.0,980,2021-06-15,2025-05-19,2025-05-20,2025-05-20,4,10,76,d-no-skew,10
147,random_forest,1,0.7,1.0,1,1,0,1.0,0.0,980,2021-06-15,2025-05-19,2025-05-20,2025-05-20,4,10,76,d-no-skew,10
148,xgboost,1,0.85,1.0,1,1,0,1.0,0.0,980,2021-06-14,2025-05-16,2025-05-19,2025-05-19,4,10,76,d-no-skew,10
148,random_forest,1,0.6,1.0,1,1,0,1.0,0.0,980,2021-06-14,2025-05-16,2025-05-19,2025-05-19,4,10,76,d-no-skew,10
149,xgboost,1,0.2,0.0,1,1,0,1.0,0.0,980,2021-06-11,2025-05-15,2025-05-16,2025-05-16,4,10,76,d-no-skew,10
149,random_forest,1,0.4,0.0,1,1,0,1.0,0.0,980,2021-06-11,2025-05-15,2025-05-16,2025-05-16,4,10,76,d-no-skew,10
150,xgboost,1,1.0,0.0,1,0,1,0.0,1.0,980,2021-06-10,2025-05-14,2025-05-15,2025-05-15,4,10,76,d-no-skew,10
150,random_forest,1,0.85,0.0,1,0,1,0.0,1.0,980,2021-06-10,2025-05-14,2025-05-15,2025-05-15,4,10,76,d-no-skew,10
151,xgboost,1,1.0,1.0,1,1,0,1.0,0.0,980,2021-06-09,2025-05-13,2025-05-14,2025-05-14,4,10,76,d-no-skew,10
151,random_forest,1,0.75,1.0,1,1,0,1.0,0.0,980,2021-06-09,2025-05-13,2025-05-14,2025-05-14,4,10,76,d-no-skew,10
152,xgboost,1,0.9,1.0,1,1,0,1.0,0.0,980,2021-06-08,2025-05-12,2025-05-13,2025-05-13,4,10,76,d-no-skew,10
152,random_forest,1,0.7,1.0,1,1,0,1.0,0.0,980,2021-06-08,2025-05-12,2025-05-13,2025-05-13,4,10,76,d-no-skew,10
153,xgboost,1,0.9,1.0,1,1,0,1.0,0.0,980,2021-06-07,2025-05-09,2025-05-12,2025-05-12,4,10,76,d-no-skew,10
153,random_forest,1,0.6,1.0,1,1,0,1.0,0.0,980,2021-06-07,2025-05-09,2025-05-12,2025-05-12,4,10,76,d-no-skew,10
154,xgboost,1,1.0,1.0,1,1,0,1.0,0.0,980,2021-06-04,2025-05-08,2025-05-09,2025-05-09,4,10,76,d-no-skew,10
154,random_forest,1,0.8,1.0,1,1,0,1.0,0.0,980,2021-06-04,2025-05-08,2025-05-09,2025-05-09,4,10,76,d-no-skew,10
155,xgboost,1,0.95,1.0,1,1,0,1.0,0.0,980,2021-06-03,2025-05-07,2025-05-08,2025-05-08,4,10,76,d-no-skew,10
155,random_forest,1,0.7,1.0,1,1,0,1.0,0.0,980,2021-06-03,2025-05-07,2025-05-08,2025-05-08,4,10,76,d-no-skew,10
156,xgboost,1,1.0,1.0,1,1,0,1.0,0.0,980,2021-06-02,2025-05-06,2025-05-07,2025-05-07,4,10,76,d-no-skew,10
156,random_forest,1,0.85,1.0,1,1,0,1.0,0.0,980,2021-06-02,2025-05-06,2025-05-07,2025-05-07,4,10,76,d-no-skew,10
157,xgboost,1,1.0,1.0,1,1,0,1.0,0.0,980,2021-06-01,2025-05-05,2025-05-06,2025-05-06,4,10,76,d-no-skew,10
157,random_forest,1,0.85,1.0,1,1,0,1.0,0.0,980,2021-06-01,2025-05-05,2025-05-06,2025-05-06,4,10,76,d-no-skew,10
158,xgboost,1,0.95,1.0,1,1,0,1.0,0.0,980,2021-05-28,2025-05-02,2025-05-05,2025-05-05,4,10,76,d-no-skew,10
158,random_forest,1,0.75,1.0,1,1,0,1.0,0.0,980,2021-05-28,2025-05-02,2025-05-05,2025-05-05,4,10,76,d-no-skew,10
159,xgboost,1,0.95,1.0,1,1,0,1.0,0.0,980,2021-05-27,2025-05-01,2025-05-02,2025-05-02,4,10,76,d-no-skew,10
159,random_forest,1,0.65,1.0,1,1,0,1.0,0.0,980,2021-05-27,2025-05-01,2025-05-02,2025-05-02,4,10,76,d-no-skew,10
160,xgboost,1,0.8,1.0,1,1,0,1.0,0.0,980,2021-05-26,2025-04-30,2025-05-01,2025-05-01,4,10,76,d-no-skew,10
160,random_forest,1,0.6,1.0,1,1,0,1.0,0.0,980,2021-05-26,2025-04-30,2025-05-01,2025-05-01,4,10,76,d-no-skew,10
161,xgboost,1,1.0,1.0,1,1,0,1.0,0.0,980,2021-05-25,2025-04-29,2025-04-30,2025-04-30,4,10,76,d-no-skew,10
161,random_forest,1,0.8,1.0,1,1,0,1.0,0.0,980,2021-05-25,2025-04-29,2025-04-30,2025-04-30,4,10,76,d-no-skew,10
162,xgboost,1,1.0,1.0,1,1,0,1.0,0.0,980,2021-05-24,2025-04-28,2025-04-29,2025-04-29,4,10,76,d-no-skew,10
162,random_forest,1,0.8,1.0,1,1,0,1.0,0.0,980,2021-05-24,2025-04-28,2025-04-29,2025-04-29,4,10,76,d-no-skew,10
163,xgboost,1,1.0,1.0,1,1,0,1.0,0.0,980,2021-05-21,2025-04-25,2025-04-28,2025-04-28,4,10,76,d-no-skew,10
163,random_forest,1,0.7,1.0,1,1,0,1.0,0.0,980,2021-05-21,2025-04-25,2025-04-28,2025-04-28,4,10,76,d-no-skew,10
164,xgboost,1,1.0,1.0,1,1,0,1.0,0.0,980,2021-05-20,2025-04-24,2025-04-25,2025-04-25,4,10,76,d-no-skew,10
164,random_forest,1,0.7,1.0,1,1,0,1.0,0.0,980,2021-05-20,2025-04-24,2025-04-25,2025-04-25,4,10,76,d-no-skew,10
165,xgboost,1,1.0,1.0,1,1,0,1.0,0.0,980,2021-05-19,2025-04-23,2025-04-24,2025-04-24,4,10,76,d-no-skew,10
165,random_forest,1,0.75,1.0,1,1,0,1.0,0.0,980,2021-05-19,2025-04-23,2025-04-24,2025-04-24,4,10,76,d-no-skew,10
166,xgboost,1,1.0,1.0,1,1,0,1.0,0.0,980,2021-05-18,2025-04-22,2025-04-23,2025-04-23,4,10,76,d-no-skew,10
166,random_forest,1,0.75,1.0,1,1,0,1.0,0.0,980,2021-05-18,2025-04-22,2025-04-23,2025-04-23,4,10,76,d-no-skew,10
167,xgboost,1,1.0,1.0,1,1,0,1.0,0.0,980,2021-05-17,2025-04-21,2025-04-22,2025-04-22,4,10,76,d-no-skew,10
167,random_forest,1,0.8,1.0,1,1,0,1.0,0.0,980,2021-05-17,2025-04-21,2025-04-22,2025-04-22,4,10,76,d-no-skew,10
168,xgboost,1,1.0,1.0,1,1,0,1.0,0.0,980,2021-05-14,2025-04-17,2025-04-21,2025-04-21,4,10,76,d-no-skew,10
168,random_forest,1,0.75,1.0,1,1,0,1.0,0.0,980,2021-05-14,2025-04-17,2025-04-21,2025-04-21,4,10,76,d-no-skew,10
169,xgboost,1,1.0,1.0,1,1,0,1.0,0.0,980,2021-05-13,2025-04-16,2025-04-17,2025-04-17,4,10,76,d-no-skew,10
169,random_forest,1,0.8,1.0,1,1,0,1.0,0.0,980,2021-05-13,2025-04-16,2025-04-17,2025-04-17,4,10,76,d-no-skew,10
170,xgboost,1,1.0,1.0,1,1,0,1.0,0.0,980,2021-05-12,2025-04-15,2025-04-16,2025-04-16,4,10,76,d-no-skew,10
170,random_forest,1,0.8,1.0,1,1,0,1.0,0.0,980,2021-05-12,2025-04-15,2025-04-16,2025-04-16,4,10,76,d-no-skew,10
171,xgboost,1,1.0,1.0,1,1,0,1.0,0.0,980,2021-05-11,2025-04-14,2025-04-15,2025-04-15,4,10,76,d-no-skew,10
171,random_forest,1,0.7,1.0,1,1,0,1.0,0.0,980,2021-05-11,2025-04-14,2025-04-15,2025-04-15,4,10,76,d-no-skew,10
172,xgboost,1,0.85,1.0,1,1,0,1.0,0.0,980,2021-05-10,2025-04-11,2025-04-14,2025-04-14,4,10,76,d-no-skew,10
172,random_forest,1,0.55,1.0,1,1,0,1.0,0.0,980,2021-05-10,2025-04-11,2025-04-14,2025-04-14,4,10,76,d-no-skew,10
173,xgboost,1,0.7,1.0,1,1,0,1.0,0.0,980,2021-05-07,2025-04-10,2025-04-11,2025-04-11,4,10,76,d-no-skew,10
173,random_forest,1,0.45,0.0,1,1,0,1.0,0.0,980,2021-05-07,2025-04-10,2025-04-11,2025-04-11,4,10,76,d-no-skew,10
174,xgboost,1,0.5,0.0,1,1,0,1.0,0.0,980,2021-05-06,2025-04-09,2025-04-10,2025-04-10,4,10,76,d-no-skew,10
174,random_forest,1,0.5,0.0,1,1,0,1.0,0.0,980,2021-05-06,2025-04-09,2025-04-10,2025-04-10,4,10,76,d-no-skew,10
175,xgboost,1,0.45,0.0,1,1,0,1.0,0.0,980,2021-05-05,2025-04-08,2025-04-09,2025-04-09,4,10,76,d-no-skew,10
175,random_forest,1,0.4,0.0,1,1,0,1.0,0.0,980,2021-05-05,2025-04-08,2025-04-09,2025-04-09,4,10,76,d-no-skew,10
176,xgboost,1,1.0,1.0,1,1,0,1.0,0.0,980,2021-05-04,2025-04-07,2025-04-08,2025-04-08,4,10,76,d-no-skew,10
176,random_forest,1,0.85,1.0,1,1,0,1.0,0.0,980,2021-05-04,2025-04-07,2025-04-08,2025-04-08,4,10,76,d-no-skew,10
177,xgboost,1,0.8,1.0,1,1,0,1.0,0.0,980,2021-05-03,2025-04-04,2025-04-07,2025-04-07,4,10,76,d-no-skew,10
177,random_forest,1,0.65,1.0,1,1,0,1.0,0.0,980,2021-05-03,2025-04-04,2025-04-07,2025-04-07,4,10,76,d-no-skew,10
178,xgboost,1,0.7,1.0,1,1,0,1.0,0.0,980,2021-04-30,2025-04-03,2025-04-04,2025-04-04,4,10,76,d-no-skew,10
178,random_forest,1,0.55,1.0,1,1,0,1.0,0.0,980,2021-04-30,2025-04-03,2025-04-04,2025-04-04,4,10,76,d-no-skew,10
179,xgboost,1,0.05,1.0,1,0,1,0.0,1.0,980,2021-04-29,2025-04-02,2025-04-03,2025-04-03,4,10,76,d-no-skew,10
179,random_forest,1,0.3,1.0,1,0,1,0.0,1.0,980,2021-04-29,2025-04-02,2025-04-03,2025-04-03,4,10,76,d-no-skew,10
180,xgboost,1,0.0,1.0,1,0,1,0.0,1.0,980,2021-04-28,2025-04-01,2025-04-02,2025-04-02,4,10,76,d-no-skew,10
180,random_forest,1,0.0,1.0,1,0,1,0.0,1.0,980,2021-04-28,2025-04-01,2025-04-02,2025-04-02,4,10,76,d-no-skew,10
181,xgboost,1,0.0,1.0,1,0,1,0.0,1.0,980,2021-04-27,2025-03-31,2025-04-01,2025-04-01,4,10,76,d-no-skew,10
181,random_forest,1,0.05,1.0,1,0,1,0.0,1.0,980,2021-04-27,2025-03-31,2025-04-01,2025-04-01,4,10,76,d-no-skew,10
182,xgboost,1,0.0,1.0,1,0,1,0.0,1.0,980,2021-04-26,2025-03-28,2025-03-31,2025-03-31,4,10,76,d-no-skew,10
182,random_forest,1,0.1,1.0,1,0,1,0.0,1.0,980,2021-04-26,2025-03-28,2025-03-31,2025-03-31,4,10,76,d-no-skew,10
183,xgboost,1,0.25,1.0,1,0,1,0.0,1.0,980,2021-04-23,2025-03-27,2025-03-28,2025-03-28,4,10,76,d-no-skew,10
183,random_forest,1,0.1,1.0,1,0,1,0.0,1.0,980,2021-04-23,2025-03-27,2025-03-28,2025-03-28,4,10,76,d-no-skew,10
184,xgboost,1,0.05,1.0,1,0,1,0.0,1.0,980,2021-04-22,2025-03-26,2025-03-27,2025-03-27,4,10,76,d-no-skew,10
184,random_forest,1,0.1,1.0,1,0,1,0.0,1.0,980,2021-04-22,2025-03-26,2025-03-27,2025-03-27,4,10,76,d-no-skew,10
185,xgboost,1,0.0,1.0,1,0,1,0.0,1.0,980,2021-04-21,2025-03-25,2025-03-26,2025-03-26,4,10,76,d-no-skew,10
185,random_forest,1,0.1,1.0,1,0,1,0.0,1.0,980,2021-04-21,2025-03-25,2025-03-26,2025-03-26,4,10,76,d-no-skew,10
186,xgboost,1,0.05,1.0,1,0,1,0.0,1.0,980,2021-04-20,2025-03-24,2025-03-25,2025-03-25,4,10,76,d-no-skew,10
186,random_forest,1,0.25,1.0,1,0,1,0.0,1.0,980,2021-04-20,2025-03-24,2025-03-25,2025-03-25,4,10,76,d-no-skew,10
187,xgboost,1,0.0,1.0,1,0,1,0.0,1.0,980,2021-04-19,2025-03-21,2025-03-24,2025-03-24,4,10,76,d-no-skew,10
187,random_forest,1,0.15,1.0,1,0,1,0.0,1.0,980,2021-04-19,2025-03-21,2025-03-24,2025-03-24,4,10,76,d-no-skew,10
188,xgboost,1,0.05,1.0,1,0,1,0.0,1.0,980,2021-04-16,2025-03-20,2025-03-21,2025-03-21,4,10,76,d-no-skew,10
188,random_forest,1,0.1,1.0,1,0,1,0.0,1.0,980,2021-04-16,2025-03-20,2025-03-21,2025-03-21,4,10,76,d-no-skew,10
189,xgboost,1,0.0,1.0,1,0,1,0.0,1.0,980,2021-04-15,2025-03-19,2025-03-20,2025-03-20,4,10,76,d-no-skew,10
189,random_forest,1,0.15,1.0,1,0,1,0.0,1.0,980,2021-04-15,2025-03-19,2025-03-20,2025-03-20,4,10,76,d-no-skew,10
190,xgboost,1,0.0,1.0,1,0,1,0.0,1.0,980,2021-04-14,2025-03-18,2025-03-19,2025-03-19,4,10,76,d-no-skew,10
190,random_forest,1,0.15,1.0,1,0,1,0.0,1.0,980,2021-04-14,2025-03-18,2025-03-19,2025-03-19,4,10,76,d-no-skew,10
191,xgboost,1,0.25,1.0,1,0,1,0.0,1.0,980,2021-04-13,2025-03-17,2025-03-18,2025-03-18,4,10,76,d-no-skew,10
191,random_forest,1,0.3,1.0,1,0,1,0.0,1.0,980,2021-04-13,2025-03-17,2025-03-18,2025-03-18,4,10,76,d-no-skew,10
192,xgboost,1,0.15,1.0,1,0,1,0.0,1.0,980,2021-04-12,2025-03-14,2025-03-17,2025-03-17,4,10,76,d-no-skew,10
192,random_forest,1,0.25,1.0,1,0,1,0.0,1.0,980,2021-04-12,2025-03-14,2025-03-17,2025-03-17,4,10,76,d-no-skew,10
193,xgboost,1,0.5,0.0,1,0,1,0.0,1.0,980,2021-04-09,2025-03-13,2025-03-14,2025-03-14,4,10,76,d-no-skew,10
193,random_forest,1,0.5,0.0,1,0,1,0.0,1.0,980,2021-04-09,2025-03-13,2025-03-14,2025-03-14,4,10,76,d-no-skew,10
194,xgboost,1,1.0,1.0,1,1,0,1.0,0.0,980,2021-04-08,2025-03-12,2025-03-13,2025-03-13,4,10,76,d-no-skew,10
194,random_forest,1,0.65,1.0,1,1,0,1.0,0.0,980,2021-04-08,2025-03-12,2025-03-13,2025-03-13,4,10,76,d-no-skew,10
195,xgboost,1,0.65,1.0,1,1,0,1.0,0.0,980,2021-04-07,2025-03-11,2025-03-12,2025-03-12,4,10,76,d-no-skew,10
195,random_forest,1,0.5,1.0,1,1,0,1.0,0.0,980,2021-04-07,2025-03-11,2025-03-12,2025-03-12,4,10,76,d-no-skew,10
196,xgboost,1,0.7,1.0,1,1,0,1.0,0.0,980,2021-04-06,2025-03-10,2025-03-11,2025-03-11,4,10,76,d-no-skew,10
196,random_forest,1,0.6,1.0,1,1,0,1.0,0.0,980,2021-04-06,2025-03-10,2025-03-11,2025-03-11,4,10,76,d-no-skew,10
197,xgboost,1,0.0,0.0,1,1,0,1.0,0.0,980,2021-04-05,2025-03-07,2025-03-10,2025-03-10,4,10,76,d-no-skew,10
197,random_forest,1,0.3,0.0,1,1,0,1.0,0.0,980,2021-04-05,2025-03-07,2025-03-10,2025-03-10,4,10,76,d-no-skew,10
198,xgboost,1,0.0,1.0,1,0,1,0.0,1.0,980,2021-04-01,2025-03-06,2025-03-07,2025-03-07,4,10,76,d-no-skew,10
198,random_forest,1,0.3,1.0,1,0,1,0.0,1.0,980,2021-04-01,2025-03-06,2025-03-07,2025-03-07,4,10,76,d-no-skew,10
199,xgboost,1,0.2,1.0,1,0,1,0.0,1.0,980,2021-03-31,2025-03-05,2025-03-06,2025-03-06,4,10,76,d-no-skew,10
199,random_forest,1,0.5,1.0,1,0,1,0.0,1.0,980,2021-03-31,2025-03-05,2025-03-06,2025-03-06,4,10,76,d-no-skew,10
200,xgboost,1,0.0,1.0,1,0,1,0.0,1.0,980,2021-03-30,2025-03-04,2025-03-05,2025-03-05,4,10,76,d-no-skew,10
200,random_forest,1,0.25,1.0,1,0,1,0.0,1.0,980,2021-03-30,2025-03-04,2025-03-05,2025-03-05,4,10,76,d-no-skew,10
201,xgboost,1,0.55,0.0,1,0,1,0.0,1.0,980,2021-03-29,2025-03-03,2025-03-04,2025-03-04,4,10,76,d-no-skew,10
201,random_forest,1,0.35,1.0,1,0,1,0.0,1.0,980,2021-03-29,2025-03-03,2025-03-04,2025-03-04,4,10,76,d-no-skew,10
202,xgboost,1,0.1,1.0,1,0,1,0.0,1.0,980,2021-03-26,2025-02-28,2025-03-03,2025-03-03,4,10,76,d-no-skew,10
202,random_forest,1,0.35,1.0,1,0,1,0.0,1.0,980,2021-03-26,2025-02-28,2025-03-03,2025-03-03,4,10,76,d-no-skew,10
203,xgboost,1,0.0,1.0,1,0,1,0.0,1.0,980,2021-03-25,2025-02-27,2025-02-28,2025-02-28,4,10,76,d-no-skew,10
203,random_forest,1,0.45,1.0,1,0,1,0.0,1.0,980,2021-03-25,2025-02-27,2025-02-28,2025-02-28,4,10,76,d-no-skew,10
204,xgboost,1,0.8,0.0,1,0,1,0.0,1.0,980,2021-03-24,2025-02-26,2025-02-27,2025-02-27,4,10,76,d-no-skew,10
204,random_forest,1,0.55,0.0,1,0,1,0.0,1.0,980,2021-03-24,2025-02-26,2025-02-27,2025-02-27,4,10,76,d-no-skew,10
205,xgboost,1,0.0,1.0,1,0,1,0.0,1.0,980,2021-03-23,2025-02-25,2025-02-26,2025-02-26,4,10,76,d-no-skew,10
205,random_forest,1,0.3,1.0,1,0,1,0.0,1.0,980,2021-03-23,2025-02-25,2025-02-26,2025-02-26,4,10,76,d-no-skew,10
206,xgboost,1,0.0,1.0,1,0,1,0.0,1.0,980,2021-03-22,2025-02-24,2025-02-25,2025-02-25,4,10,76,d-no-skew,10
206,random_forest,1,0.35,1.0,1,0,1,0.0,1.0,980,2021-03-22,2025-02-24,2025-02-25,2025-02-25,4,10,76,d-no-skew,10
207,xgboost,1,0.35,1.0,1,0,1,0.0,1.0,980,2021-03-19,2025-02-21,2025-02-24,2025-02-24,4,10,76,d-no-skew,10
207,random_forest,1,0.45,1.0,1,0,1,0.0,1.0,980,2021-03-19,2025-02-21,2025-02-24,2025-02-24,4,10,76,d-no-skew,10
208,xgboost,1,0.5,1.0,1,0,1,0.0,1.0,980,2021-03-18,2025-02-20,2025-02-21,2025-02-21,4,10,76,d-no-skew,10
208,random_forest,1,0.45,1.0,1,0,1,0.0,1.0,980,2021-03-18,2025-02-20,2025-02-21,2025-02-21,4,10,76,d-no-skew,10
209,xgboost,1,0.0,1.0,1,0,1,0.0,1.0,980,2021-03-17,2025-02-19,2025-02-20,2025-02-20,4,10,76,d-no-skew,10
209,random_forest,1,0.3,1.0,1,0,1,0.0,1.0,980,2021-03-17,2025-02-19,2025-02-20,2025-02-20,4,10,76,d-no-skew,10
210,xgboost,1,0.0,1.0,1,0,1,0.0,1.0,980,2021-03-16,2025-02-18,2025-02-19,2025-02-19,4,10,76,d-no-skew,10
210,random_forest,1,0.25,1.0,1,0,1,0.0,1.0,980,2021-03-16,2025-02-18,2025-02-19,2025-02-19,4,10,76,d-no-skew,10
211,xgboost,1,0.5,1.0,1,0,1,0.0,1.0,980,2021-03-15,2025-02-14,2025-02-18,2025-02-18,4,10,76,d-no-skew,10
211,random_forest,1,0.3,1.0,1,0,1,0.0,1.0,980,2021-03-15,2025-02-14,2025-02-18,2025-02-18,4,10,76,d-no-skew,10
212,xgboost,1,0.05,1.0,1,0,1,0.0,1.0,980,2021-03-12,2025-02-13,2025-02-14,2025-02-14,4,10,76,d-no-skew,10
212,random_forest,1,0.35,1.0,1,0,1,0.0,1.0,980,2021-03-12,2025-02-13,2025-02-14,2025-02-14,4,10,76,d-no-skew,10
213,xgboost,1,0.05,1.0,1,0,1,0.0,1.0,980,2021-03-11,2025-02-12,2025-02-13,2025-02-13,4,10,76,d-no-skew,10
213,random_forest,1,0.3,1.0,1,0,1,0.0,1.0,980,2021-03-11,2025-02-12,2025-02-13,2025-02-13,4,10,76,d-no-skew,10
214,xgboost,1,0.35,1.0,1,0,1,0.0,1.0,980,2021-03-10,2025-02-11,2025-02-12,2025-02-12,4,10,76,d-no-skew,10
214,random_forest,1,0.4,1.0,1,0,1,0.0,1.0,980,2021-03-10,2025-02-11,2025-02-12,2025-02-12,4,10,76,d-no-skew,10
215,xgboost,1,0.05,1.0,1,0,1,0.0,1.0,980,2021-03-09,2025-02-10,2025-02-11,2025-02-11,4,10,76,d-no-skew,10
215,random_forest,1,0.3,1.0,1,0,1,0.0,1.0,980,2021-03-09,2025-02-10,2025-02-11,2025-02-11,4,10,76,d-no-skew,10
216,xgboost,1,0.25,1.0,1,0,1,0.0,1.0,980,2021-03-08,2025-02-07,2025-02-10,2025-02-10,4,10,76,d-no-skew,10
216,random_forest,1,0.4,1.0,1,0,1,0.0,1.0,980,2021-03-08,2025-02-07,2025-02-10,2025-02-10,4,10,76,d-no-skew,10
217,xgboost,1,0.95,0.0,1,0,1,0.0,1.0,980,2021-03-05,2025-02-06,2025-02-07,2025-02-07,4,10,76,d-no-skew,10
217,random_forest,1,0.65,0.0,1,0,1,0.0,1.0,980,2021-03-05,2025-02-06,2025-02-07,2025-02-07,4,10,76,d-no-skew,10
218,xgboost,1,0.95,0.0,1,0,1,0.0,1.0,980,2021-03-04,2025-02-05,2025-02-06,2025-02-06,4,10,76,d-no-skew,10
218,random_forest,1,0.6,0.0,1,0,1,0.0,1.0,980,2021-03-04,2025-02-05,2025-02-06,2025-02-06,4,10,76,d-no-skew,10
219,xgboost,1,0.65,1.0,1,1,0,1.0,0.0,980,2021-03-03,2025-02-04,2025-02-05,2025-02-05,4,10,76,d-no-skew,10
219,random_forest,1,0.7,1.0,1,1,0,1.0,0.0,980,2021-03-03,2025-02-04,2025-02-05,2025-02-05,4,10,76,d-no-skew,10
220,xgboost,1,0.75,1.0,1,1,0,1.0,0.0,980,2021-03-02,2025-02-03,2025-02-04,2025-02-04,4,10,76,d-no-skew,10
220,random_forest,1,0.7,1.0,1,1,0,1.0,0.0,980,2021-03-02,2025-02-03,2025-02-04,2025-02-04,4,10,76,d-no-skew,10
221,xgboost,1,0.95,1.0,1,1,0,1.0,0.0,980,2021-03-01,2025-01-31,2025-02-03,2025-02-03,4,10,76,d-no-skew,10
221,random_forest,1,0.7,1.0,1,1,0,1.0,0.0,980,2021-03-01,2025-01-31,2025-02-03,2025-02-03,4,10,76,d-no-skew,10
222,xgboost,1,1.0,1.0,1,1,0,1.0,0.0,980,2021-02-26,2025-01-30,2025-01-31,2025-01-31,4,10,76,d-no-skew,10
222,random_forest,1,0.75,1.0,1,1,0,1.0,0.0,980,2021-02-26,2025-01-30,2025-01-31,2025-01-31,4,10,76,d-no-skew,10
223,xgboost,1,0.8,1.0,1,1,0,1.0,0.0,980,2021-02-25,2025-01-29,2025-01-30,2025-01-30,4,10,76,d-no-skew,10
223,random_forest,1,0.65,1.0,1,1,0,1.0,0.0,980,2021-02-25,2025-01-29,2025-01-30,2025-01-30,4,10,76,d-no-skew,10
224,xgboost,1,1.0,1.0,1,1,0,1.0,0.0,980,2021-02-24,2025-01-28,2025-01-29,2025-01-29,4,10,76,d-no-skew,10
224,random_forest,1,0.65,1.0,1,1,0,1.0,0.0,980,2021-02-24,2025-01-28,2025-01-29,2025-01-29,4,10,76,d-no-skew,10
225,xgboost,1,0.3,0.0,1,1,0,1.0,0.0,980,2021-02-23,2025-01-27,2025-01-28,2025-01-28,4,10,76,d-no-skew,10
225,random_forest,1,0.45,0.0,1,1,0,1.0,0.0,980,2021-02-23,2025-01-27,2025-01-28,2025-01-28,4,10,76,d-no-skew,10
226,xgboost,1,0.3,0.0,1,1,0,1.0,0.0,980,2021-02-22,2025-01-24,2025-01-27,2025-01-27,4,10,76,d-no-skew,10
226,random_forest,1,0.45,0.0,1,1,0,1.0,0.0,980,2021-02-22,2025-01-24,2025-01-27,2025-01-27,4,10,76,d-no-skew,10
227,xgboost,1,0.0,1.0,1,0,1,0.0,1.0,980,2021-02-19,2025-01-23,2025-01-24,2025-01-24,4,10,76,d-no-skew,10
227,random_forest,1,0.25,1.0,1,0,1,0.0,1.0,980,2021-02-19,2025-01-23,2025-01-24,2025-01-24,4,10,76,d-no-skew,10
228,xgboost,1,0.45,1.0,1,0,1,0.0,1.0,980,2021-02-18,2025-01-22,2025-01-23,2025-01-23,4,10,76,d-no-skew,10
228,random_forest,1,0.3,1.0,1,0,1,0.0,1.0,980,2021-02-18,2025-01-22,2025-01-23,2025-01-23,4,10,76,d-no-skew,10
1,xgboost,1,0.9,1.0,1,1,0,1.0,0.0,1470,2020-01-30,2025-12-18,2025-12-19,2025-12-19,6,10,76,d-no-skew,10
1,random_forest,1,0.7,1.0,1,1,0,1.0,0.0,1470,2020-01-30,2025-12-18,2025-12-19,2025-12-19,6,10,76,d-no-skew,10
2,xgboost,1,0.75,1.0,1,1,0,1.0,0.0,1470,2020-01-29,2025-12-17,2025-12-18,2025-12-18,6,10,76,d-no-skew,10
2,random_forest,1,0.8,1.0,1,1,0,1.0,0.0,1470,2020-01-29,2025-12-17,2025-12-18,2025-12-18,6,10,76,d-no-skew,10
3,xgboost,1,0.95,1.0,1,1,0,1.0,0.0,1470,2020-01-28,2025-12-16,2025-12-17,2025-12-17,6,10,76,d-no-skew,10
3,random_forest,1,0.75,1.0,1,1,0,1.0,0.0,1470,2020-01-28,2025-12-16,2025-12-17,2025-12-17,6,10,76,d-no-skew,10
4,xgboost,1,0.7,1.0,1,1,0,1.0,0.0,1470,2020-01-27,2025-12-15,2025-12-16,2025-12-16,6,10,76,d-no-skew,10
4,random_forest,1,0.75,1.0,1,1,0,1.0,0.0,1470,2020-01-27,2025-12-15,2025-12-16,2025-12-16,6,10,76,d-no-skew,10
5,xgboost,1,0.9,1.0,1,1,0,1.0,0.0,1470,2020-01-24,2025-12-12,2025-12-15,2025-12-15,6,10,76,d-no-skew,10
5,random_forest,1,0.65,1.0,1,1,0,1.0,0.0,1470,2020-01-24,2025-12-12,2025-12-15,2025-12-15,6,10,76,d-no-skew,10
6,xgboost,1,0.0,0.0,1,1,0,1.0,0.0,1470,2020-01-23,2025-12-11,2025-12-12,2025-12-12,6,10,76,d-no-skew,10
6,random_forest,1,0.35,0.0,1,1,0,1.0,0.0,1470,2020-01-23,2025-12-11,2025-12-12,2025-12-12,6,10,76,d-no-skew,10
7,xgboost,1,0.0,1.0,1,0,1,0.0,1.0,1470,2020-01-22,2025-12-10,2025-12-11,2025-12-11,6,10,76,d-no-skew,10
7,random_forest,1,0.3,1.0,1,0,1,0.0,1.0,1470,2020-01-22,2025-12-10,2025-12-11,2025-12-11,6,10,76,d-no-skew,10
8,xgboost,1,0.0,1.0,1,0,1,0.0,1.0,1470,2020-01-21,2025-12-09,2025-12-10,2025-12-10,6,10,76,d-no-skew,10
8,random_forest,1,0.3,1.0,1,0,1,0.0,1.0,1470,2020-01-21,2025-12-09,2025-12-10,2025-12-10,6,10,76,d-no-skew,10
9,xgboost,1,0.0,1.0,1,0,1,0.0,1.0,1470,2020-01-17,2025-12-08,2025-12-09,2025-12-09,6,10,76,d-no-skew,10
9,random_forest,1,0.3,1.0,1,0,1,0.0,1.0,1470,2020-01-17,2025-12-08,2025-12-09,2025-12-09,6,10,76,d-no-skew,10
10,xgboost,1,0.1,1.0,1,0,1,0.0,1.0,1470,2020-01-16,2025-12-05,2025-12-08,2025-12-08,6,10,76,d-no-skew,10
10,random_forest,1,0.35,1.0,1,0,1,0.0,1.0,1470,2020-01-16,2025-12-05,2025-12-08,2025-12-08,6,10,76,d-no-skew,10
11,xgboost,1,0.05,1.0,1,0,1,0.0,1.0,1470,2020-01-15,2025-12-04,2025-12-05,2025-12-05,6,10,76,d-no-skew,10
11,random_forest,1,0.35,1.0,1,0,1,0.0,1.0,1470,2020-01-15,2025-12-04,2025-12-05,2025-12-05,6,10,76,d-no-skew,10
12,xgboost,1,0.35,1.0,1,0,1,0.0,1.0,1470,2020-01-14,2025-12-03,2025-12-04,2025-12-04,6,10,76,d-no-skew,10
12,random_forest,1,0.45,1.0,1,0,1,0.0,1.0,1470,2020-01-14,2025-12-03,2025-12-04,2025-12-04,6,10,76,d-no-skew,10
13,xgboost,1,0.45,1.0,1,0,1,0.0,1.0,1470,2020-01-13,2025-12-02,2025-12-03,2025-12-03,6,10,76,d-no-skew,10
13,random_forest,1,0.35,1.0,1,0,1,0.0,1.0,1470,2020-01-13,2025-12-02,2025-12-03,2025-12-03,6,10,76,d-no-skew,10
14,xgboost,1,0.8,0.0,1,0,1,0.0,1.0,1470,2020-01-10,2025-12-01,2025-12-02,2025-12-02,6,10,76,d-no-skew,10
14,random_forest,1,0.6,0.0,1,0,1,0.0,1.0,1470,2020-01-10,2025-12-01,2025-12-02,2025-12-02,6,10,76,d-no-skew,10
15,xgboost,1,1.0,0.0,1,0,1,0.0,1.0,1470,2020-01-09,2025-11-26,2025-12-01,2025-12-01,6,10,76,d-no-skew,10
15,random_forest,1,0.8,0.0,1,0,1,0.0,1.0,1470,2020-01-09,2025-11-26,2025-12-01,2025-12-01,6,10,76,d-no-skew,10
16,xgboost,1,1.0,1.0,1,1,0,1.0,0.0,1470,2020-01-08,2025-11-25,2025-11-26,2025-11-26,6,10,76,d-no-skew,10
16,random_forest,1,0.8,1.0,1,1,0,1.0,0.0,1470,2020-01-08,2025-11-25,2025-11-26,2025-11-26,6,10,76,d-no-skew,10
17,xgboost,1,1.0,1.0,1,1,0,1.0,0.0,1470,2020-01-07,2025-11-24,2025-11-25,2025-11-25,6,10,76,d-no-skew,10
17,random_forest,1,0.75,1.0,1,1,0,1.0,0.0,1470,2020-01-07,2025-11-24,2025-11-25,2025-11-25,6,10,76,d-no-skew,10
18,xgboost,1,1.0,1.0,1,1,0,1.0,0.0,1470,2020-01-06,2025-11-21,2025-11-24,2025-11-24,6,10,76,d-no-skew,10
18,random_forest,1,0.8,1.0,1,1,0,1.0,0.0,1470,2020-01-06,2025-11-21,2025-11-24,2025-11-24,6,10,76,d-no-skew,10
19,xgboost,1,0.95,1.0,1,1,0,1.0,0.0,1470,2020-01-03,2025-11-20,2025-11-21,2025-11-21,6,10,76,d-no-skew,10
19,random_forest,1,0.85,1.0,1,1,0,1.0,0.0,1470,2020-01-03,2025-11-20,2025-11-21,2025-11-21,6,10,76,d-no-skew,10
20,xgboost,1,1.0,1.0,1,1,0,1.0,0.0,1470,2020-01-02,2025-11-19,2025-11-20,2025-11-20,6,10,76,d-no-skew,10
20,random_forest,1,0.8,1.0,1,1,0,1.0,0.0,1470,2020-01-02,2025-11-19,2025-11-20,2025-11-20,6,10,76,d-no-skew,10
21,xgboost,1,0.9,1.0,1,1,0,1.0,0.0,1470,2019-12-31,2025-11-18,2025-11-19,2025-11-19,6,10,76,d-no-skew,10
21,random_forest,1,0.85,1.0,1,1,0,1.0,0.0,1470,2019-12-31,2025-11-18,2025-11-19,2025-11-19,6,10,76,d-no-skew,10
22,xgboost,1,1.0,1.0,1,1,0,1.0,0.0,1470,2019-12-30,2025-11-17,2025-11-18,2025-11-18,6,10,76,d-no-skew,10
22,random_forest,1,0.8,1.0,1,1,0,1.0,0.0,1470,2019-12-30,2025-11-17,2025-11-18,2025-11-18,6,10,76,d-no-skew,10
23,xgboost,1,1.0,1.0,1,1,0,1.0,0.0,1470,2019-12-27,2025-11-14,2025-11-17,2025-11-17,6,10,76,d-no-skew,10
23,random_forest,1,0.65,1.0,1,1,0,1.0,0.0,1470,2019-12-27,2025-11-14,2025-11-17,2025-11-17,6,10,76,d-no-skew,10
24,xgboost,1,0.8,1.0,1,1,0,1.0,0.0,1470,2019-12-26,2025-11-13,2025-11-14,2025-11-14,6,10,76,d-no-skew,10
24,random_forest,1,0.5,1.0,1,1,0,1.0,0.0,1470,2019-12-26,2025-11-13,2025-11-14,2025-11-14,6,10,76,d-no-skew,10
25,xgboost,1,0.25,0.0,1,1,0,1.0,0.0,1470,2019-12-23,2025-11-12,2025-11-13,2025-11-13,6,10,76,d-no-skew,10
25,random_forest,1,0.3,0.0,1,1,0,1.0,0.0,1470,2019-12-23,2025-11-12,2025-11-13,2025-11-13,6,10,76,d-no-skew,10
26,xgboost,1,0.0,1.0,1,0,1,0.0,1.0,1470,2019-12-20,2025-11-11,2025-11-12,2025-11-12,6,10,76,d-no-skew,10
26,random_forest,1,0.2,1.0,1,0,1,0.0,1.0,1470,2019-12-20,2025-11-11,2025-11-12,2025-11-12,6,10,76,d-no-skew,10
27,xgboost,1,0.45,1.0,1,0,1,0.0,1.0,1470,2019-12-19,2025-11-10,2025-11-11,2025-11-11,6,10,76,d-no-skew,10
27,random_forest,1,0.25,1.0,1,0,1,0.0,1.0,1470,2019-12-19,2025-11-10,2025-11-11,2025-11-11,6,10,76,d-no-skew,10
28,xgboost,1,0.05,1.0,1,0,1,0.0,1.0,1470,2019-12-18,2025-11-07,2025-11-10,2025-11-10,6,10,76,d-no-skew,10
28,random_forest,1,0.3,1.0,1,0,1,0.0,1.0,1470,2019-12-18,2025-11-07,2025-11-10,2025-11-10,6,10,76,d-no-skew,10
29,xgboost,1,0.45,1.0,1,0,1,0.0,1.0,1470,2019-12-17,2025-11-06,2025-11-07,2025-11-07,6,10,76,d-no-skew,10
29,random_forest,1,0.45,1.0,1,0,1,0.0,1.0,1470,2019-12-17,2025-11-06,2025-11-07,2025-11-07,6,10,76,d-no-skew,10
30,xgboost,1,0.4,1.0,1,0,1,0.0,1.0,1470,2019-12-16,2025-11-05,2025-11-06,2025-11-06,6,10,76,d-no-skew,10
30,random_forest,1,0.35,1.0,1,0,1,0.0,1.0,1470,2019-12-16,2025-11-05,2025-11-06,2025-11-06,6,10,76,d-no-skew,10
31,xgboost,1,0.0,1.0,1,0,1,0.0,1.0,1470,2019-12-13,2025-11-04,2025-11-05,2025-11-05,6,10,76,d-no-skew,10
31,random_forest,1,0.25,1.0,1,0,1,0.0,1.0,1470,2019-12-13,2025-11-04,2025-11-05,2025-11-05,6,10,76,d-no-skew,10
32,xgboost,1,0.9,0.0,1,0,1,0.0,1.0,1470,2019-12-12,2025-11-03,2025-11-04,2025-11-04,6,10,76,d-no-skew,10
32,random_forest,1,0.4,1.0,1,0,1,0.0,1.0,1470,2019-12-12,2025-11-03,2025-11-04,2025-11-04,6,10,76,d-no-skew,10
33,xgboost,1,0.35,1.0,1,0,1,0.0,1.0,1470,2019-12-11,2025-10-31,2025-11-03,2025-11-03,6,10,76,d-no-skew,10
33,random_forest,1,0.3,1.0,1,0,1,0.0,1.0,1470,2019-12-11,2025-10-31,2025-11-03,2025-11-03,6,10,76,d-no-skew,10
34,xgboost,1,0.0,1.0,1,0,1,0.0,1.0,1470,2019-12-10,2025-10-30,2025-10-31,2025-10-31,6,10,76,d-no-skew,10
34,random_forest,1,0.3,1.0,1,0,1,0.0,1.0,1470,2019-12-10,2025-10-30,2025-10-31,2025-10-31,6,10,76,d-no-skew,10
35,xgboost,1,0.1,1.0,1,0,1,0.0,1.0,1470,2019-12-09,2025-10-29,2025-10-30,2025-10-30,6,10,76,d-no-skew,10
35,random_forest,1,0.4,1.0,1,0,1,0.0,1.0,1470,2019-12-09,2025-10-29,2025-10-30,2025-10-30,6,10,76,d-no-skew,10
36,xgboost,1,0.0,1.0,1,0,1,0.0,1.0,1470,2019-12-06,2025-10-28,2025-10-29,2025-10-29,6,10,76,d-no-skew,10
36,random_forest,1,0.25,1.0,1,0,1,0.0,1.0,1470,2019-12-06,2025-10-28,2025-10-29,2025-10-29,6,10,76,d-no-skew,10
37,xgboost,1,0.05,1.0,1,0,1,0.0,1.0,1470,2019-12-05,2025-10-27,2025-10-28,2025-10-28,6,10,76,d-no-skew,10
37,random_forest,1,0.35,1.0,1,0,1,0.0,1.0,1470,2019-12-05,2025-10-27,2025-10-28,2025-10-28,6,10,76,d-no-skew,10
38,xgboost,1,0.45,1.0,1,0,1,0.0,1.0,1470,2019-12-04,2025-10-24,2025-10-27,2025-10-27,6,10,76,d-no-skew,10
38,random_forest,1,0.55,0.0,1,0,1,0.0,1.0,1470,2019-12-04,2025-10-24,2025-10-27,2025-10-27,6,10,76,d-no-skew,10
39,xgboost,1,0.95,0.0,1,0,1,0.0,1.0,1470,2019-12-03,2025-10-23,2025-10-24,2025-10-24,6,10,76,d-no-skew,10
39,random_forest,1,0.65,0.0,1,0,1,0.0,1.0,1470,2019-12-03,2025-10-23,2025-10-24,2025-10-24,6,10,76,d-no-skew,10
40,xgboost,1,1.0,1.0,1,1,0,1.0,0.0,1470,2019-12-02,2025-10-22,2025-10-23,2025-10-23,6,10,76,d-no-skew,10
40,random_forest,1,0.8,1.0,1,1,0,1.0,0.0,1470,2019-12-02,2025-10-22,2025-10-23,2025-10-23,6,10,76,d-no-skew,10
41,xgboost,1,1.0,1.0,1,1,0,1.0,0.0,1470,2019-11-27,2025-10-21,2025-10-22,2025-10-22,6,10,76,d-no-skew,10
41,random_forest,1,0.8,1.0,1,1,0,1.0,0.0,1470,2019-11-27,2025-10-21,2025-10-22,2025-10-22,6,10,76,d-no-skew,10
42,xgboost,1,1.0,1.0,1,1,0,1.0,0.0,1470,2019-11-26,2025-10-20,2025-10-21,2025-10-21,6,10,76,d-no-skew,10
42,random_forest,1,0.8,1.0,1,1,0,1.0,0.0,1470,2019-11-26,2025-10-20,2025-10-21,2025-10-21,6,10,76,d-no-skew,10
43,xgboost,1,1.0,1.0,1,1,0,1.0,0.0,1470,2019-11-25,2025-10-17,2025-10-20,2025-10-20,6,10,76,d-no-skew,10
43,random_forest,1,0.65,1.0,1,1,0,1.0,0.0,1470,2019-11-25,2025-10-17,2025-10-20,2025-10-20,6,10,76,d-no-skew,10
44,xgboost,1,0.95,1.0,1,1,0,1.0,0.0,1470,2019-11-22,2025-10-16,2025-10-17,2025-10-17,6,10,76,d-no-skew,10
44,random_forest,1,0.75,1.0,1,1,0,1.0,0.0,1470,2019-11-22,2025-10-16,2025-10-17,2025-10-17,6,10,76,d-no-skew,10
45,xgboost,1,1.0,1.0,1,1,0,1.0,0.0,1470,2019-11-21,2025-10-15,2025-10-16,2025-10-16,6,10,76,d-no-skew,10
45,random_forest,1,0.8,1.0,1,1,0,1.0,0.0,1470,2019-11-21,2025-10-15,2025-10-16,2025-10-16,6,10,76,d-no-skew,10
46,xgboost,1,0.95,1.0,1,1,0,1.0,0.0,1470,2019-11-20,2025-10-14,2025-10-15,2025-10-15,6,10,76,d-no-skew,10
46,random_forest,1,0.8,1.0,1,1,0,1.0,0.0,1470,2019-11-20,2025-10-14,2025-10-15,2025-10-15,6,10,76,d-no-skew,10
47,xgboost,1,0.95,1.0,1,1,0,1.0,0.0,1470,2019-11-19,2025-10-13,2025-10-14,2025-10-14,6,10,76,d-no-skew,10
47,random_forest,1,0.7,1.0,1,1,0,1.0,0.0,1470,2019-11-19,2025-10-13,2025-10-14,2025-10-14,6,10,76,d-no-skew,10
48,xgboost,1,1.0,1.0,1,1,0,1.0,0.0,1470,2019-11-18,2025-10-10,2025-10-13,2025-10-13,6,10,76,d-no-skew,10
48,random_forest,1,0.65,1.0,1,1,0,1.0,0.0,1470,2019-11-18,2025-10-10,2025-10-13,2025-10-13,6,10,76,d-no-skew,10
49,xgboost,1,0.95,1.0,1,1,0,1.0,0.0,1470,2019-11-15,2025-10-09,2025-10-10,2025-10-10,6,10,76,d-no-skew,10
49,random_forest,1,0.6,1.0,1,1,0,1.0,0.0,1470,2019-11-15,2025-10-09,2025-10-10,2025-10-10,6,10,76,d-no-skew,10
50,xgboost,1,0.0,1.0,1,0,1,0.0,1.0,1470,2019-11-14,2025-10-08,2025-10-09,2025-10-09,6,10,76,d-no-skew,10
50,random_forest,1,0.4,1.0,1,0,1,0.0,1.0,1470,2019-11-14,2025-10-08,2025-10-09,2025-10-09,6,10,76,d-no-skew,10
51,xgboost,1,0.95,0.0,1,0,1,0.0,1.0,1470,2019-11-13,2025-10-07,2025-10-08,2025-10-08,6,10,76,d-no-skew,10
51,random_forest,1,0.7,0.0,1,0,1,0.0,1.0,1470,2019-11-13,2025-10-07,2025-10-08,2025-10-08,6,10,76,d-no-skew,10
52,xgboost,1,0.8,1.0,1,1,0,1.0,0.0,1470,2019-11-12,2025-10-06,2025-10-07,2025-10-07,6,10,76,d-no-skew,10
52,random_forest,1,0.7,1.0,1,1,0,1.0,0.0,1470,2019-11-12,2025-10-06,2025-10-07,2025-10-07,6,10,76,d-no-skew,10
53,xgboost,1,0.2,0.0,1,1,0,1.0,0.0,1470,2019-11-11,2025-10-03,2025-10-06,2025-10-06,6,10,76,d-no-skew,10
53,random_forest,1,0.5,1.0,1,1,0,1.0,0.0,1470,2019-11-11,2025-10-03,2025-10-06,2025-10-06,6,10,76,d-no-skew,10
54,xgboost,1,0.2,0.0,1,1,0,1.0,0.0,1470,2019-11-08,2025-10-02,2025-10-03,2025-10-03,6,10,76,d-no-skew,10
54,random_forest,1,0.35,0.0,1,1,0,1.0,0.0,1470,2019-11-08,2025-10-02,2025-10-03,2025-10-03,6,10,76,d-no-skew,10
55,xgboost,1,0.25,1.0,1,0,1,0.0,1.0,1470,2019-11-07,2025-10-01,2025-10-02,2025-10-02,6,10,76,d-no-skew,10
55,random_forest,1,0.35,1.0,1,0,1,0.0,1.0,1470,2019-11-07,2025-10-01,2025-10-02,2025-10-02,6,10,76,d-no-skew,10
56,xgboost,1,0.55,0.0,1,0,1,0.0,1.0,1470,2019-11-06,2025-09-30,2025-10-01,2025-10-01,6,10,76,d-no-skew,10
56,random_forest,1,0.55,0.0,1,0,1,0.0,1.0,1470,2019-11-06,2025-09-30,2025-10-01,2025-10-01,6,10,76,d-no-skew,10
57,xgboost,1,1.0,0.0,1,0,1,0.0,1.0,1470,2019-11-05,2025-09-29,2025-09-30,2025-09-30,6,10,76,d-no-skew,10
57,random_forest,1,0.7,0.0,1,0,1,0.0,1.0,1470,2019-11-05,2025-09-29,2025-09-30,2025-09-30,6,10,76,d-no-skew,10
58,xgboost,1,0.85,1.0,1,1,0,1.0,0.0,1470,2019-11-04,2025-09-26,2025-09-29,2025-09-29,6,10,76,d-no-skew,10
58,random_forest,1,0.55,1.0,1,1,0,1.0,0.0,1470,2019-11-04,2025-09-26,2025-09-29,2025-09-29,6,10,76,d-no-skew,10
59,xgboost,1,1.0,0.0,1,0,1,0.0,1.0,1470,2019-11-01,2025-09-25,2025-09-26,2025-09-26,6,10,76,d-no-skew,10
59,random_forest,1,0.85,0.0,1,0,1,0.0,1.0,1470,2019-11-01,2025-09-25,2025-09-26,2025-09-26,6,10,76,d-no-skew,10
60,xgboost,1,0.95,1.0,1,1,0,1.0,0.0,1470,2019-10-31,2025-09-24,2025-09-25,2025-09-25,6,10,76,d-no-skew,10
60,random_forest,1,0.75,1.0,1,1,0,1.0,0.0,1470,2019-10-31,2025-09-24,2025-09-25,2025-09-25,6,10,76,d-no-skew,10
61,xgboost,1,1.0,1.0,1,1,0,1.0,0.0,1470,2019-10-30,2025-09-23,2025-09-24,2025-09-24,6,10,76,d-no-skew,10
61,random_forest,1,0.75,1.0,1,1,0,1.0,0.0,1470,2019-10-30,2025-09-23,2025-09-24,2025-09-24,6,10,76,d-no-skew,10
62,xgboost,1,1.0,1.0,1,1,0,1.0,0.0,1470,2019-10-29,2025-09-22,2025-09-23,2025-09-23,6,10,76,d-no-skew,10
62,random_forest,1,0.8,1.0,1,1,0,1.0,0.0,1470,2019-10-29,2025-09-22,2025-09-23,2025-09-23,6,10,76,d-no-skew,10
63,xgboost,1,1.0,1.0,1,1,0,1.0,0.0,1470,2019-10-28,2025-09-19,2025-09-22,2025-09-22,6,10,76,d-no-skew,10
63,random_forest,1,0.75,1.0,1,1,0,1.0,0.0,1470,2019-10-28,2025-09-19,2025-09-22,2025-09-22,6,10,76,d-no-skew,10
64,xgboost,1,1.0,1.0,1,1,0,1.0,0.0,1470,2019-10-25,2025-09-18,2025-09-19,2025-09-19,6,10,76,d-no-skew,10
64,random_forest,1,0.75,1.0,1,1,0,1.0,0.0,1470,2019-10-25,2025-09-18,2025-09-19,2025-09-19,6,10,76,d-no-skew,10
65,xgboost,1,1.0,1.0,1,1,0,1.0,0.0,1470,2019-10-24,2025-09-17,2025-09-18,2025-09-18,6,10,76,d-no-skew,10
65,random_forest,1,0.8,1.0,1,1,0,1.0,0.0,1470,2019-10-24,2025-09-17,2025-09-18,2025-09-18,6,10,76,d-no-skew,10
66,xgboost,1,1.0,1.0,1,1,0,1.0,0.0,1470,2019-10-23,2025-09-16,2025-09-17,2025-09-17,6,10,76,d-no-skew,10
66,random_forest,1,0.7,1.0,1,1,0,1.0,0.0,1470,2019-10-23,2025-09-16,2025-09-17,2025-09-17,6,10,76,d-no-skew,10
67,xgboost,1,0.9,1.0,1,1,0,1.0,0.0,1470,2019-10-22,2025-09-15,2025-09-16,2025-09-16,6,10,76,d-no-skew,10
67,random_forest,1,0.7,1.0,1,1,0,1.0,0.0,1470,2019-10-22,2025-09-15,2025-09-16,2025-09-16,6,10,76,d-no-skew,10
68,xgboost,1,0.95,1.0,1,1,0,1.0,0.0,1470,2019-10-21,2025-09-12,2025-09-15,2025-09-15,6,10,76,d-no-skew,10
68,random_forest,1,0.65,1.0,1,1,0,1.0,0.0,1470,2019-10-21,2025-09-12,2025-09-15,2025-09-15,6,10,76,d-no-skew,10
69,xgboost,1,0.95,1.0,1,1,0,1.0,0.0,1470,2019-10-18,2025-09-11,2025-09-12,2025-09-12,6,10,76,d-no-skew,10
69,random_forest,1,0.7,1.0,1,1,0,1.0,0.0,1470,2019-10-18,2025-09-11,2025-09-12,2025-09-12,6,10,76,d-no-skew,10
70,xgboost,1,1.0,1.0,1,1,0,1.0,0.0,1470,2019-10-17,2025-09-10,2025-09-11,2025-09-11,6,10,76,d-no-skew,10
70,random_forest,1,0.8,1.0,1,1,0,1.0,0.0,1470,2019-10-17,2025-09-10,2025-09-11,2025-09-11,6,10,76,d-no-skew,10
71,xgboost,1,0.95,1.0,1,1,0,1.0,0.0,1470,2019-10-16,2025-09-09,2025-09-10,2025-09-10,6,10,76,d-no-skew,10
71,random_forest,1,0.75,1.0,1,1,0,1.0,0.0,1470,2019-10-16,2025-09-09,2025-09-10,2025-09-10,6,10,76,d-no-skew,10
72,xgboost,1,0.95,1.0,1,1,0,1.0,0.0,1470,2019-10-15,2025-09-08,2025-09-09,2025-09-09,6,10,76,d-no-skew,10
72,random_forest,1,0.8,1.0,1,1,0,1.0,0.0,1470,2019-10-15,2025-09-08,2025-09-09,2025-09-09,6,10,76,d-no-skew,10
73,xgboost,1,1.0,1.0,1,1,0,1.0,0.0,1470,2019-10-14,2025-09-05,2025-09-08,2025-09-08,6,10,76,d-no-skew,10
73,random_forest,1,0.75,1.0,1,1,0,1.0,0.0,1470,2019-10-14,2025-09-05,2025-09-08,2025-09-08,6,10,76,d-no-skew,10
74,xgboost,1,1.0,1.0,1,1,0,1.0,0.0,1470,2019-10-11,2025-09-04,2025-09-05,2025-09-05,6,10,76,d-no-skew,10
74,random_forest,1,0.8,1.0,1,1,0,1.0,0.0,1470,2019-10-11,2025-09-04,2025-09-05,2025-09-05,6,10,76,d-no-skew,10
75,xgboost,1,1.0,1.0,1,1,0,1.0,0.0,1470,2019-10-10,2025-09-03,2025-09-04,2025-09-04,6,10,76,d-no-skew,10
75,random_forest,1,0.85,1.0,1,1,0,1.0,0.0,1470,2019-10-10,2025-09-03,2025-09-04,2025-09-04,6,10,76,d-no-skew,10
76,xgboost,1,1.0,1.0,1,1,0,1.0,0.0,1470,2019-10-09,2025-09-02,2025-09-03,2025-09-03,6,10,76,d-no-skew,10
76,random_forest,1,0.85,1.0,1,1,0,1.0,0.0,1470,2019-10-09,2025-09-02,2025-09-03,2025-09-03,6,10,76,d-no-skew,10
77,xgboost,1,1.0,1.0,1,1,0,1.0,0.0,1470,2019-10-08,2025-08-29,2025-09-02,2025-09-02,6,10,76,d-no-skew,10
77,random_forest,1,0.75,1.0,1,1,0,1.0,0.0,1470,2019-10-08,2025-08-29,2025-09-02,2025-09-02,6,10,76,d-no-skew,10
78,xgboost,1,1.0,1.0,1,1,0,1.0,0.0,1470,2019-10-07,2025-08-28,2025-08-29,2025-08-29,6,10,76,d-no-skew,10
78,random_forest,1,0.9,1.0,1,1,0,1.0,0.0,1470,2019-10-07,2025-08-28,2025-08-29,2025-08-29,6,10,76,d-no-skew,10
79,xgboost,1,1.0,1.0,1,1,0,1.0,0.0,1470,2019-10-04,2025-08-27,2025-08-28,2025-08-28,6,10,76,d-no-skew,10
79,random_forest,1,0.65,1.0,1,1,0,1.0,0.0,1470,2019-10-04,2025-08-27,2025-08-28,2025-08-28,6,10,76,d-no-skew,10
80,xgboost,1,1.0,1.0,1,1,0,1.0,0.0,1470,2019-10-03,2025-08-26,2025-08-27,2025-08-27,6,10,76,d-no-skew,10
80,random_forest,1,0.75,1.0,1,1,0,1.0,0.0,1470,2019-10-03,2025-08-26,2025-08-27,2025-08-27,6,10,76,d-no-skew,10
81,xgboost,1,1.0,1.0,1,1,0,1.0,0.0,1470,2019-10-02,2025-08-25,2025-08-26,2025-08-26,6,10,76,d-no-skew,10
81,random_forest,1,0.8,1.0,1,1,0,1.0,0.0,1470,2019-10-02,2025-08-25,2025-08-26,2025-08-26,6,10,76,d-no-skew,10
82,xgboost,1,1.0,1.0,1,1,0,1.0,0.0,1470,2019-10-01,2025-08-22,2025-08-25,2025-08-25,6,10,76,d-no-skew,10
82,random_forest,1,0.8,1.0,1,1,0,1.0,0.0,1470,2019-10-01,2025-08-22,2025-08-25,2025-08-25,6,10,76,d-no-skew,10
83,xgboost,1,1.0,1.0,1,1,0,1.0,0.0,1470,2019-09-30,2025-08-21,2025-08-22,2025-08-22,6,10,76,d-no-skew,10
83,random_forest,1,0.75,1.0,1,1,0,1.0,0.0,1470,2019-09-30,2025-08-21,2025-08-22,2025-08-22,6,10,76,d-no-skew,10
84,xgboost,1,1.0,1.0,1,1,0,1.0,0.0,1470,2019-09-27,2025-08-20,2025-08-21,2025-08-21,6,10,76,d-no-skew,10
84,random_forest,1,0.75,1.0,1,1,0,1.0,0.0,1470,2019-09-27,2025-08-20,2025-08-21,2025-08-21,6,10,76,d-no-skew,10
85,xgboost,1,1.0,1.0,1,1,0,1.0,0.0,1470,2019-09-26,2025-08-19,2025-08-20,2025-08-20,6,10,76,d-no-skew,10
85,random_forest,1,0.65,1.0,1,1,0,1.0,0.0,1470,2019-09-26,2025-08-19,2025-08-20,2025-08-20,6,10,76,d-no-skew,10
86,xgboost,1,0.9,1.0,1,1,0,1.0,0.0,1470,2019-09-25,2025-08-18,2025-08-19,2025-08-19,6,10,76,d-no-skew,10
86,random_forest,1,0.55,1.0,1,1,0,1.0,0.0,1470,2019-09-25,2025-08-18,2025-08-19,2025-08-19,6,10,76,d-no-skew,10
87,xgboost,1,0.35,1.0,1,0,1,0.0,1.0,1470,2019-09-24,2025-08-15,2025-08-18,2025-08-18,6,10,76,d-no-skew,10
87,random_forest,1,0.4,1.0,1,0,1,0.0,1.0,1470,2019-09-24,2025-08-15,2025-08-18,2025-08-18,6,10,76,d-no-skew,10
88,xgboost,1,0.75,0.0,1,0,1,0.0,1.0,1470,2019-09-23,2025-08-14,2025-08-15,2025-08-15,6,10,76,d-no-skew,10
88,random_forest,1,0.45,1.0,1,0,1,0.0,1.0,1470,2019-09-23,2025-08-14,2025-08-15,2025-08-15,6,10,76,d-no-skew,10
89,xgboost,1,0.3,1.0,1,0,1,0.0,1.0,1470,2019-09-20,2025-08-13,2025-08-14,2025-08-14,6,10,76,d-no-skew,10
89,random_forest,1,0.45,1.0,1,0,1,0.0,1.0,1470,2019-09-20,2025-08-13,2025-08-14,2025-08-14,6,10,76,d-no-skew,10
90,xgboost,1,0.15,1.0,1,0,1,0.0,1.0,1470,2019-09-19,2025-08-12,2025-08-13,2025-08-13,6,10,76,d-no-skew,10
90,random_forest,1,0.35,1.0,1,0,1,0.0,1.0,1470,2019-09-19,2025-08-12,2025-08-13,2025-08-13,6,10,76,d-no-skew,10
91,xgboost,1,0.9,0.0,1,0,1,0.0,1.0,1470,2019-09-18,2025-08-11,2025-08-12,2025-08-12,6,10,76,d-no-skew,10
91,random_forest,1,0.55,0.0,1,0,1,0.0,1.0,1470,2019-09-18,2025-08-11,2025-08-12,2025-08-12,6,10,76,d-no-skew,10
92,xgboost,1,0.55,0.0,1,0,1,0.0,1.0,1470,2019-09-17,2025-08-08,2025-08-11,2025-08-11,6,10,76,d-no-skew,10
92,random_forest,1,0.5,1.0,1,0,1,0.0,1.0,1470,2019-09-17,2025-08-08,2025-08-11,2025-08-11,6,10,76,d-no-skew,10
93,xgboost,1,0.65,0.0,1,0,1,0.0,1.0,1470,2019-09-16,2025-08-07,2025-08-08,2025-08-08,6,10,76,d-no-skew,10
93,random_forest,1,0.7,0.0,1,0,1,0.0,1.0,1470,2019-09-16,2025-08-07,2025-08-08,2025-08-08,6,10,76,d-no-skew,10
94,xgboost,1,0.75,0.0,1,0,1,0.0,1.0,1470,2019-09-13,2025-08-06,2025-08-07,2025-08-07,6,10,76,d-no-skew,10
94,random_forest,1,0.6,0.0,1,0,1,0.0,1.0,1470,2019-09-13,2025-08-06,2025-08-07,2025-08-07,6,10,76,d-no-skew,10
95,xgboost,1,1.0,0.0,1,0,1,0.0,1.0,1470,2019-09-12,2025-08-05,2025-08-06,2025-08-06,6,10,76,d-no-skew,10
95,random_forest,1,0.95,0.0,1,0,1,0.0,1.0,1470,2019-09-12,2025-08-05,2025-08-06,2025-08-06,6,10,76,d-no-skew,10
96,xgboost,1,1.0,1.0,1,1,0,1.0,0.0,1470,2019-09-11,2025-08-04,2025-08-05,2025-08-05,6,10,76,d-no-skew,10
96,random_forest,1,0.85,1.0,1,1,0,1.0,0.0,1470,2019-09-11,2025-08-04,2025-08-05,2025-08-05,6,10,76,d-no-skew,10
97,xgboost,1,1.0,1.0,1,1,0,1.0,0.0,1470,2019-09-10,2025-08-01,2025-08-04,2025-08-04,6,10,76,d-no-skew,10
97,random_forest,1,0.9,1.0,1,1,0,1.0,0.0,1470,2019-09-10,2025-08-01,2025-08-04,2025-08-04,6,10,76,d-no-skew,10
98,xgboost,1,0.95,1.0,1,1,0,1.0,0.0,1470,2019-09-09,2025-07-31,2025-08-01,2025-08-01,6,10,76,d-no-skew,10
98,random_forest,1,0.75,1.0,1,1,0,1.0,0.0,1470,2019-09-09,2025-07-31,2025-08-01,2025-08-01,6,10,76,d-no-skew,10
99,xgboost,1,0.9,1.0,1,1,0,1.0,0.0,1470,2019-09-06,2025-07-30,2025-07-31,2025-07-31,6,10,76,d-no-skew,10
99,random_forest,1,0.75,1.0,1,1,0,1.0,0.0,1470,2019-09-06,2025-07-30,2025-07-31,2025-07-31,6,10,76,d-no-skew,10
100,xgboost,1,1.0,1.0,1,1,0,1.0,0.0,1470,2019-09-05,2025-07-29,2025-07-30,2025-07-30,6,10,76,d-no-skew,10
100,random_forest,1,0.85,1.0,1,1,0,1.0,0.0,1470,2019-09-05,2025-07-29,2025-07-30,2025-07-30,6,10,76,d-no-skew,10
101,xgboost,1,0.9,1.0,1,1,0,1.0,0.0,1470,2019-09-04,2025-07-28,2025-07-29,2025-07-29,6,10,76,d-no-skew,10
101,random_forest,1,0.7,1.0,1,1,0,1.0,0.0,1470,2019-09-04,2025-07-28,2025-07-29,2025-07-29,6,10,76,d-no-skew,10
102,xgboost,1,1.0,1.0,1,1,0,1.0,0.0,1470,2019-09-03,2025-07-25,2025-07-28,2025-07-28,6,10,76,d-no-skew,10
102,random_forest,1,0.8,1.0,1,1,0,1.0,0.0,1470,2019-09-03,2025-07-25,2025-07-28,2025-07-28,6,10,76,d-no-skew,10
103,xgboost,1,0.95,1.0,1,1,0,1.0,0.0,1470,2019-08-30,2025-07-24,2025-07-25,2025-07-25,6,10,76,d-no-skew,10
103,random_forest,1,0.75,1.0,1,1,0,1.0,0.0,1470,2019-08-30,2025-07-24,2025-07-25,2025-07-25,6,10,76,d-no-skew,10
104,xgboost,1,1.0,1.0,1,1,0,1.0,0.0,1470,2019-08-29,2025-07-23,2025-07-24,2025-07-24,6,10,76,d-no-skew,10
104,random_forest,1,0.7,1.0,1,1,0,1.0,0.0,1470,2019-08-29,2025-07-23,2025-07-24,2025-07-24,6,10,76,d-no-skew,10
105,xgboost,1,1.0,1.0,1,1,0,1.0,0.0,1470,2019-08-28,2025-07-22,2025-07-23,2025-07-23,6,10,76,d-no-skew,10
105,random_forest,1,0.55,1.0,1,1,0,1.0,0.0,1470,2019-08-28,2025-07-22,2025-07-23,2025-07-23,6,10,76,d-no-skew,10
106,xgboost,1,0.95,0.0,1,0,1,0.0,1.0,1470,2019-08-27,2025-07-21,2025-07-22,2025-07-22,6,10,76,d-no-skew,10
106,random_forest,1,0.7,0.0,1,0,1,0.0,1.0,1470,2019-08-27,2025-07-21,2025-07-22,2025-07-22,6,10,76,d-no-skew,10
107,xgboost,1,1.0,0.0,1,0,1,0.0,1.0,1470,2019-08-26,2025-07-18,2025-07-21,2025-07-21,6,10,76,d-no-skew,10
107,random_forest,1,0.75,0.0,1,0,1,0.0,1.0,1470,2019-08-26,2025-07-18,2025-07-21,2025-07-21,6,10,76,d-no-skew,10
108,xgboost,1,1.0,0.0,1,0,1,0.0,1.0,1470,2019-08-23,2025-07-17,2025-07-18,2025-07-18,6,10,76,d-no-skew,10
108,random_forest,1,1.0,0.0,1,0,1,0.0,1.0,1470,2019-08-23,2025-07-17,2025-07-18,2025-07-18,6,10,76,d-no-skew,10
109,xgboost,1,1.0,1.0,1,1,0,1.0,0.0,1470,2019-08-22,2025-07-16,2025-07-17,2025-07-17,6,10,76,d-no-skew,10
109,random_forest,1,0.9,1.0,1,1,0,1.0,0.0,1470,2019-08-22,2025-07-16,2025-07-17,2025-07-17,6,10,76,d-no-skew,10
110,xgboost,1,1.0,1.0,1,1,0,1.0,0.0,1470,2019-08-21,2025-07-15,2025-07-16,2025-07-16,6,10,76,d-no-skew,10
110,random_forest,1,0.9,1.0,1,1,0,1.0,0.0,1470,2019-08-21,2025-07-15,2025-07-16,2025-07-16,6,10,76,d-no-skew,10
111,xgboost,1,1.0,1.0,1,1,0,1.0,0.0,1470,2019-08-20,2025-07-14,2025-07-15,2025-07-15,6,10,76,d-no-skew,10
111,random_forest,1,0.95,1.0,1,1,0,1.0,0.0,1470,2019-08-20,2025-07-14,2025-07-15,2025-07-15,6,10,76,d-no-skew,10
112,xgboost,1,1.0,1.0,1,1,0,1.0,0.0,1470,2019-08-19,2025-07-11,2025-07-14,2025-07-14,6,10,76,d-no-skew,10
112,random_forest,1,1.0,1.0,1,1,0,1.0,0.0,1470,2019-08-19,2025-07-11,2025-07-14,2025-07-14,6,10,76,d-no-skew,10
113,xgboost,1,1.0,1.0,1,1,0,1.0,0.0,1470,2019-08-16,2025-07-10,2025-07-11,2025-07-11,6,10,76,d-no-skew,10
113,random_forest,1,0.95,1.0,1,1,0,1.0,0.0,1470,2019-08-16,2025-07-10,2025-07-11,2025-07-11,6,10,76,d-no-skew,10
114,xgboost,1,1.0,1.0,1,1,0,1.0,0.0,1470,2019-08-15,2025-07-09,2025-07-10,2025-07-10,6,10,76,d-no-skew,10
114,random_forest,1,0.95,1.0,1,1,0,1.0,0.0,1470,2019-08-15,2025-07-09,2025-07-10,2025-07-10,6,10,76,d-no-skew,10
115,xgboost,1,1.0,1.0,1,1,0,1.0,0.0,1470,2019-08-14,2025-07-08,2025-07-09,2025-07-09,6,10,76,d-no-skew,10
115,random_forest,1,0.9,1.0,1,1,0,1.0,0.0,1470,2019-08-14,2025-07-08,2025-07-09,2025-07-09,6,10,76,d-no-skew,10
116,xgboost,1,1.0,1.0,1,1,0,1.0,0.0,1470,2019-08-13,2025-07-07,2025-07-08,2025-07-08,6,10,76,d-no-skew,10
116,random_forest,1,0.95,1.0,1,1,0,1.0,0.0,1470,2019-08-13,2025-07-07,2025-07-08,2025-07-08,6,10,76,d-no-skew,10
117,xgboost,1,1.0,1.0,1,1,0,1.0,0.0,1470,2019-08-12,2025-07-02,2025-07-07,2025-07-07,6,10,76,d-no-skew,10
117,random_forest,1,0.95,1.0,1,1,0,1.0,0.0,1470,2019-08-12,2025-07-02,2025-07-07,2025-07-07,6,10,76,d-no-skew,10
118,xgboost,1,1.0,1.0,1,1,0,1.0,0.0,1470,2019-08-09,2025-07-01,2025-07-02,2025-07-02,6,10,76,d-no-skew,10
118,random_forest,1,0.95,1.0,1,1,0,1.0,0.0,1470,2019-08-09,2025-07-01,2025-07-02,2025-07-02,6,10,76,d-no-skew,10
119,xgboost,1,1.0,1.0,1,1,0,1.0,0.0,1470,2019-08-08,2025-06-30,2025-07-01,2025-07-01,6,10,76,d-no-skew,10
119,random_forest,1,0.95,1.0,1,1,0,1.0,0.0,1470,2019-08-08,2025-06-30,2025-07-01,2025-07-01,6,10,76,d-no-skew,10
120,xgboost,1,1.0,1.0,1,1,0,1.0,0.0,1470,2019-08-07,2025-06-27,2025-06-30,2025-06-30,6,10,76,d-no-skew,10
120,random_forest,1,0.95,1.0,1,1,0,1.0,0.0,1470,2019-08-07,2025-06-27,2025-06-30,2025-06-30,6,10,76,d-no-skew,10
121,xgboost,1,1.0,1.0,1,1,0,1.0,0.0,1470,2019-08-06,2025-06-26,2025-06-27,2025-06-27,6,10,76,d-no-skew,10
121,random_forest,1,0.9,1.0,1,1,0,1.0,0.0,1470,2019-08-06,2025-06-26,2025-06-27,2025-06-27,6,10,76,d-no-skew,10
122,xgboost,1,1.0,1.0,1,1,0,1.0,0.0,1470,2019-08-05,2025-06-25,2025-06-26,2025-06-26,6,10,76,d-no-skew,10
122,random_forest,1,0.95,1.0,1,1,0,1.0,0.0,1470,2019-08-05,2025-06-25,2025-06-26,2025-06-26,6,10,76,d-no-skew,10
123,xgboost,1,1.0,1.0,1,1,0,1.0,0.0,1470,2019-08-02,2025-06-24,2025-06-25,2025-06-25,6,10,76,d-no-skew,10
123,random_forest,1,0.95,1.0,1,1,0,1.0,0.0,1470,2019-08-02,2025-06-24,2025-06-25,2025-06-25,6,10,76,d-no-skew,10
124,xgboost,1,1.0,1.0,1,1,0,1.0,0.0,1470,2019-08-01,2025-06-23,2025-06-24,2025-06-24,6,10,76,d-no-skew,10
124,random_forest,1,0.95,1.0,1,1,0,1.0,0.0,1470,2019-08-01,2025-06-23,2025-06-24,2025-06-24,6,10,76,d-no-skew,10
125,xgboost,1,1.0,1.0,1,1,0,1.0,0.0,1470,2019-07-31,2025-06-20,2025-06-23,2025-06-23,6,10,76,d-no-skew,10
125,random_forest,1,0.85,1.0,1,1,0,1.0,0.0,1470,2019-07-31,2025-06-20,2025-06-23,2025-06-23,6,10,76,d-no-skew,10
126,xgboost,1,0.9,1.0,1,1,0,1.0,0.0,1470,2019-07-30,2025-06-18,2025-06-20,2025-06-20,6,10,76,d-no-skew,10
126,random_forest,1,0.8,1.0,1,1,0,1.0,0.0,1470,2019-07-30,2025-06-18,2025-06-20,2025-06-20,6,10,76,d-no-skew,10
127,xgboost,1,1.0,1.0,1,1,0,1.0,0.0,1470,2019-07-29,2025-06-17,2025-06-18,2025-06-18,6,10,76,d-no-skew,10
127,random_forest,1,0.9,1.0,1,1,0,1.0,0.0,1470,2019-07-29,2025-06-17,2025-06-18,2025-06-18,6,10,76,d-no-skew,10
128,xgboost,1,1.0,1.0,1,1,0,1.0,0.0,1470,2019-07-26,2025-06-16,2025-06-17,2025-06-17,6,10,76,d-no-skew,10
128,random_forest,1,0.9,1.0,1,1,0,1.0,0.0,1470,2019-07-26,2025-06-16,2025-06-17,2025-06-17,6,10,76,d-no-skew,10
129,xgboost,1,1.0,1.0,1,1,0,1.0,0.0,1470,2019-07-25,2025-06-13,2025-06-16,2025-06-16,6,10,76,d-no-skew,10
129,random_forest,1,0.95,1.0,1,1,0,1.0,0.0,1470,2019-07-25,2025-06-13,2025-06-16,2025-06-16,6,10,76,d-no-skew,10
130,xgboost,1,1.0,1.0,1,1,0,1.0,0.0,1470,2019-07-24,2025-06-12,2025-06-13,2025-06-13,6,10,76,d-no-skew,10
130,random_forest,1,0.95,1.0,1,1,0,1.0,0.0,1470,2019-07-24,2025-06-12,2025-06-13,2025-06-13,6,10,76,d-no-skew,10
131,xgboost,1,1.0,1.0,1,1,0,1.0,0.0,1470,2019-07-23,2025-06-11,2025-06-12,2025-06-12,6,10,76,d-no-skew,10
131,random_forest,1,0.95,1.0,1,1,0,1.0,0.0,1470,2019-07-23,2025-06-11,2025-06-12,2025-06-12,6,10,76,d-no-skew,10
132,xgboost,1,1.0,1.0,1,1,0,1.0,0.0,1470,2019-07-22,2025-06-10,2025-06-11,2025-06-11,6,10,76,d-no-skew,10
132,random_forest,1,0.95,1.0,1,1,0,1.0,0.0,1470,2019-07-22,2025-06-10,2025-06-11,2025-06-11,6,10,76,d-no-skew,10
133,xgboost,1,1.0,1.0,1,1,0,1.0,0.0,1470,2019-07-19,2025-06-09,2025-06-10,2025-06-10,6,10,76,d-no-skew,10
133,random_forest,1,0.95,1.0,1,1,0,1.0,0.0,1470,2019-07-19,2025-06-09,2025-06-10,2025-06-10,6,10,76,d-no-skew,10
134,xgboost,1,1.0,1.0,1,1,0,1.0,0.0,1470,2019-07-18,2025-06-06,2025-06-09,2025-06-09,6,10,76,d-no-skew,10
134,random_forest,1,0.95,1.0,1,1,0,1.0,0.0,1470,2019-07-18,2025-06-06,2025-06-09,2025-06-09,6,10,76,d-no-skew,10
135,xgboost,1,1.0,1.0,1,1,0,1.0,0.0,1470,2019-07-17,2025-06-05,2025-06-06,2025-06-06,6,10,76,d-no-skew,10
135,random_forest,1,0.95,1.0,1,1,0,1.0,0.0,1470,2019-07-17,2025-06-05,2025-06-06,2025-06-06,6,10,76,d-no-skew,10
136,xgboost,1,1.0,1.0,1,1,0,1.0,0.0,1470,2019-07-16,2025-06-04,2025-06-05,2025-06-05,6,10,76,d-no-skew,10
136,random_forest,1,0.95,1.0,1,1,0,1.0,0.0,1470,2019-07-16,2025-06-04,2025-06-05,2025-06-05,6,10,76,d-no-skew,10
137,xgboost,1,1.0,1.0,1,1,0,1.0,0.0,1470,2019-07-15,2025-06-03,2025-06-04,2025-06-04,6,10,76,d-no-skew,10
137,random_forest,1,0.9,1.0,1,1,0,1.0,0.0,1470,2019-07-15,2025-06-03,2025-06-04,2025-06-04,6,10,76,d-no-skew,10
138,xgboost,1,1.0,1.0,1,1,0,1.0,0.0,1470,2019-07-12,2025-06-02,2025-06-03,2025-06-03,6,10,76,d-no-skew,10
138,random_forest,1,0.9,1.0,1,1,0,1.0,0.0,1470,2019-07-12,2025-06-02,2025-06-03,2025-06-03,6,10,76,d-no-skew,10
139,xgboost,1,1.0,1.0,1,1,0,1.0,0.0,1470,2019-07-11,2025-05-30,2025-06-02,2025-06-02,6,10,76,d-no-skew,10
139,random_forest,1,0.9,1.0,1,1,0,1.0,0.0,1470,2019-07-11,2025-05-30,2025-06-02,2025-06-02,6,10,76,d-no-skew,10
140,xgboost,1,0.95,1.0,1,1,0,1.0,0.0,1470,2019-07-10,2025-05-29,2025-05-30,2025-05-30,6,10,76,d-no-skew,10
140,random_forest,1,0.85,1.0,1,1,0,1.0,0.0,1470,2019-07-10,2025-05-29,2025-05-30,2025-05-30,6,10,76,d-no-skew,10
141,xgboost,1,0.95,1.0,1,1,0,1.0,0.0,1470,2019-07-09,2025-05-28,2025-05-29,2025-05-29,6,10,76,d-no-skew,10
141,random_forest,1,0.9,1.0,1,1,0,1.0,0.0,1470,2019-07-09,2025-05-28,2025-05-29,2025-05-29,6,10,76,d-no-skew,10
142,xgboost,1,0.95,1.0,1,1,0,1.0,0.0,1470,2019-07-08,2025-05-27,2025-05-28,2025-05-28,6,10,76,d-no-skew,10
142,random_forest,1,0.85,1.0,1,1,0,1.0,0.0,1470,2019-07-08,2025-05-27,2025-05-28,2025-05-28,6,10,76,d-no-skew,10
143,xgboost,1,1.0,1.0,1,1,0,1.0,0.0,1470,2019-07-05,2025-05-23,2025-05-27,2025-05-27,6,10,76,d-no-skew,10
143,random_forest,1,0.9,1.0,1,1,0,1.0,0.0,1470,2019-07-05,2025-05-23,2025-05-27,2025-05-27,6,10,76,d-no-skew,10
144,xgboost,1,1.0,1.0,1,1,0,1.0,0.0,1470,2019-07-02,2025-05-22,2025-05-23,2025-05-23,6,10,76,d-no-skew,10
144,random_forest,1,0.75,1.0,1,1,0,1.0,0.0,1470,2019-07-02,2025-05-22,2025-05-23,2025-05-23,6,10,76,d-no-skew,10
145,xgboost,1,1.0,1.0,1,1,0,1.0,0.0,1470,2019-07-01,2025-05-21,2025-05-22,2025-05-22,6,10,76,d-no-skew,10
145,random_forest,1,0.9,1.0,1,1,0,1.0,0.0,1470,2019-07-01,2025-05-21,2025-05-22,2025-05-22,6,10,76,d-no-skew,10
146,xgboost,1,1.0,1.0,1,1,0,1.0,0.0,1470,2019-06-28,2025-05-20,2025-05-21,2025-05-21,6,10,76,d-no-skew,10
146,random_forest,1,0.75,1.0,1,1,0,1.0,0.0,1470,2019-06-28,2025-05-20,2025-05-21,2025-05-21,6,10,76,d-no-skew,10
147,xgboost,1,1.0,1.0,1,1,0,1.0,0.0,1470,2019-06-27,2025-05-19,2025-05-20,2025-05-20,6,10,76,d-no-skew,10
147,random_forest,1,0.85,1.0,1,1,0,1.0,0.0,1470,2019-06-27,2025-05-19,2025-05-20,2025-05-20,6,10,76,d-no-skew,10
148,xgboost,1,0.95,1.0,1,1,0,1.0,0.0,1470,2019-06-26,2025-05-16,2025-05-19,2025-05-19,6,10,76,d-no-skew,10
148,random_forest,1,0.65,1.0,1,1,0,1.0,0.0,1470,2019-06-26,2025-05-16,2025-05-19,2025-05-19,6,10,76,d-no-skew,10
149,xgboost,1,0.35,0.0,1,1,0,1.0,0.0,1470,2019-06-25,2025-05-15,2025-05-16,2025-05-16,6,10,76,d-no-skew,10
149,random_forest,1,0.5,0.0,1,1,0,1.0,0.0,1470,2019-06-25,2025-05-15,2025-05-16,2025-05-16,6,10,76,d-no-skew,10
150,xgboost,1,1.0,0.0,1,0,1,0.0,1.0,1470,2019-06-24,2025-05-14,2025-05-15,2025-05-15,6,10,76,d-no-skew,10
150,random_forest,1,0.9,0.0,1,0,1,0.0,1.0,1470,2019-06-24,2025-05-14,2025-05-15,2025-05-15,6,10,76,d-no-skew,10
151,xgboost,1,0.95,1.0,1,1,0,1.0,0.0,1470,2019-06-21,2025-05-13,2025-05-14,2025-05-14,6,10,76,d-no-skew,10
151,random_forest,1,0.8,1.0,1,1,0,1.0,0.0,1470,2019-06-21,2025-05-13,2025-05-14,2025-05-14,6,10,76,d-no-skew,10
152,xgboost,1,1.0,1.0,1,1,0,1.0,0.0,1470,2019-06-20,2025-05-12,2025-05-13,2025-05-13,6,10,76,d-no-skew,10
152,random_forest,1,0.75,1.0,1,1,0,1.0,0.0,1470,2019-06-20,2025-05-12,2025-05-13,2025-05-13,6,10,76,d-no-skew,10
153,xgboost,1,1.0,1.0,1,1,0,1.0,0.0,1470,2019-06-19,2025-05-09,2025-05-12,2025-05-12,6,10,76,d-no-skew,10
153,random_forest,1,0.8,1.0,1,1,0,1.0,0.0,1470,2019-06-19,2025-05-09,2025-05-12,2025-05-12,6,10,76,d-no-skew,10
154,xgboost,1,1.0,1.0,1,1,0,1.0,0.0,1470,2019-06-18,2025-05-08,2025-05-09,2025-05-09,6,10,76,d-no-skew,10
154,random_forest,1,0.9,1.0,1,1,0,1.0,0.0,1470,2019-06-18,2025-05-08,2025-05-09,2025-05-09,6,10,76,d-no-skew,10
155,xgboost,1,1.0,1.0,1,1,0,1.0,0.0,1470,2019-06-17,2025-05-07,2025-05-08,2025-05-08,6,10,76,d-no-skew,10
155,random_forest,1,0.85,1.0,1,1,0,1.0,0.0,1470,2019-06-17,2025-05-07,2025-05-08,2025-05-08,6,10,76,d-no-skew,10
156,xgboost,1,1.0,1.0,1,1,0,1.0,0.0,1470,2019-06-14,2025-05-06,2025-05-07,2025-05-07,6,10,76,d-no-skew,10
156,random_forest,1,0.85,1.0,1,1,0,1.0,0.0,1470,2019-06-14,2025-05-06,2025-05-07,2025-05-07,6,10,76,d-no-skew,10
157,xgboost,1,1.0,1.0,1,1,0,1.0,0.0,1470,2019-06-13,2025-05-05,2025-05-06,2025-05-06,6,10,76,d-no-skew,10
157,random_forest,1,0.85,1.0,1,1,0,1.0,0.0,1470,2019-06-13,2025-05-05,2025-05-06,2025-05-06,6,10,76,d-no-skew,10
158,xgboost,1,0.95,1.0,1,1,0,1.0,0.0,1470,2019-06-12,2025-05-02,2025-05-05,2025-05-05,6,10,76,d-no-skew,10
158,random_forest,1,0.8,1.0,1,1,0,1.0,0.0,1470,2019-06-12,2025-05-02,2025-05-05,2025-05-05,6,10,76,d-no-skew,10
159,xgboost,1,0.65,1.0,1,1,0,1.0,0.0,1470,2019-06-11,2025-05-01,2025-05-02,2025-05-02,6,10,76,d-no-skew,10
159,random_forest,1,0.7,1.0,1,1,0,1.0,0.0,1470,2019-06-11,2025-05-01,2025-05-02,2025-05-02,6,10,76,d-no-skew,10
160,xgboost,1,1.0,1.0,1,1,0,1.0,0.0,1470,2019-06-10,2025-04-30,2025-05-01,2025-05-01,6,10,76,d-no-skew,10
160,random_forest,1,0.75,1.0,1,1,0,1.0,0.0,1470,2019-06-10,2025-04-30,2025-05-01,2025-05-01,6,10,76,d-no-skew,10
161,xgboost,1,1.0,1.0,1,1,0,1.0,0.0,1470,2019-06-07,2025-04-29,2025-04-30,2025-04-30,6,10,76,d-no-skew,10
161,random_forest,1,0.85,1.0,1,1,0,1.0,0.0,1470,2019-06-07,2025-04-29,2025-04-30,2025-04-30,6,10,76,d-no-skew,10
162,xgboost,1,1.0,1.0,1,1,0,1.0,0.0,1470,2019-06-06,2025-04-28,2025-04-29,2025-04-29,6,10,76,d-no-skew,10
162,random_forest,1,0.85,1.0,1,1,0,1.0,0.0,1470,2019-06-06,2025-04-28,2025-04-29,2025-04-29,6,10,76,d-no-skew,10
163,xgboost,1,1.0,1.0,1,1,0,1.0,0.0,1470,2019-06-05,2025-04-25,2025-04-28,2025-04-28,6,10,76,d-no-skew,10
163,random_forest,1,0.8,1.0,1,1,0,1.0,0.0,1470,2019-06-05,2025-04-25,2025-04-28,2025-04-28,6,10,76,d-no-skew,10
164,xgboost,1,1.0,1.0,1,1,0,1.0,0.0,1470,2019-06-04,2025-04-24,2025-04-25,2025-04-25,6,10,76,d-no-skew,10
164,random_forest,1,0.8,1.0,1,1,0,1.0,0.0,1470,2019-06-04,2025-04-24,2025-04-25,2025-04-25,6,10,76,d-no-skew,10
165,xgboost,1,1.0,1.0,1,1,0,1.0,0.0,1470,2019-06-03,2025-04-23,2025-04-24,2025-04-24,6,10,76,d-no-skew,10
165,random_forest,1,0.85,1.0,1,1,0,1.0,0.0,1470,2019-06-03,2025-04-23,2025-04-24,2025-04-24,6,10,76,d-no-skew,10
166,xgboost,1,1.0,1.0,1,1,0,1.0,0.0,1470,2019-05-31,2025-04-22,2025-04-23,2025-04-23,6,10,76,d-no-skew,10
166,random_forest,1,0.8,1.0,1,1,0,1.0,0.0,1470,2019-05-31,2025-04-22,2025-04-23,2025-04-23,6,10,76,d-no-skew,10
167,xgboost,1,1.0,1.0,1,1,0,1.0,0.0,1470,2019-05-30,2025-04-21,2025-04-22,2025-04-22,6,10,76,d-no-skew,10
167,random_forest,1,0.85,1.0,1,1,0,1.0,0.0,1470,2019-05-30,2025-04-21,2025-04-22,2025-04-22,6,10,76,d-no-skew,10
168,xgboost,1,1.0,1.0,1,1,0,1.0,0.0,1470,2019-05-29,2025-04-17,2025-04-21,2025-04-21,6,10,76,d-no-skew,10
168,random_forest,1,0.85,1.0,1,1,0,1.0,0.0,1470,2019-05-29,2025-04-17,2025-04-21,2025-04-21,6,10,76,d-no-skew,10
169,xgboost,1,1.0,1.0,1,1,0,1.0,0.0,1470,2019-05-28,2025-04-16,2025-04-17,2025-04-17,6,10,76,d-no-skew,10
169,random_forest,1,0.8,1.0,1,1,0,1.0,0.0,1470,2019-05-28,2025-04-16,2025-04-17,2025-04-17,6,10,76,d-no-skew,10
170,xgboost,1,1.0,1.0,1,1,0,1.0,0.0,1470,2019-05-24,2025-04-15,2025-04-16,2025-04-16,6,10,76,d-no-skew,10
170,random_forest,1,0.85,1.0,1,1,0,1.0,0.0,1470,2019-05-24,2025-04-15,2025-04-16,2025-04-16,6,10,76,d-no-skew,10
171,xgboost,1,1.0,1.0,1,1,0,1.0,0.0,1470,2019-05-23,2025-04-14,2025-04-15,2025-04-15,6,10,76,d-no-skew,10
171,random_forest,1,0.8,1.0,1,1,0,1.0,0.0,1470,2019-05-23,2025-04-14,2025-04-15,2025-04-15,6,10,76,d-no-skew,10
172,xgboost,1,1.0,1.0,1,1,0,1.0,0.0,1470,2019-05-22,2025-04-11,2025-04-14,2025-04-14,6,10,76,d-no-skew,10
172,random_forest,1,0.7,1.0,1,1,0,1.0,0.0,1470,2019-05-22,2025-04-11,2025-04-14,2025-04-14,6,10,76,d-no-skew,10
173,xgboost,1,1.0,1.0,1,1,0,1.0,0.0,1470,2019-05-21,2025-04-10,2025-04-11,2025-04-11,6,10,76,d-no-skew,10
173,random_forest,1,0.65,1.0,1,1,0,1.0,0.0,1470,2019-05-21,2025-04-10,2025-04-11,2025-04-11,6,10,76,d-no-skew,10
174,xgboost,1,1.0,1.0,1,1,0,1.0,0.0,1470,2019-05-20,2025-04-09,2025-04-10,2025-04-10,6,10,76,d-no-skew,10
174,random_forest,1,0.7,1.0,1,1,0,1.0,0.0,1470,2019-05-20,2025-04-09,2025-04-10,2025-04-10,6,10,76,d-no-skew,10
175,xgboost,1,0.95,1.0,1,1,0,1.0,0.0,1470,2019-05-17,2025-04-08,2025-04-09,2025-04-09,6,10,76,d-no-skew,10
175,random_forest,1,0.55,1.0,1,1,0,1.0,0.0,1470,2019-05-17,2025-04-08,2025-04-09,2025-04-09,6,10,76,d-no-skew,10
176,xgboost,1,1.0,1.0,1,1,0,1.0,0.0,1470,2019-05-16,2025-04-07,2025-04-08,2025-04-08,6,10,76,d-no-skew,10
176,random_forest,1,0.85,1.0,1,1,0,1.0,0.0,1470,2019-05-16,2025-04-07,2025-04-08,2025-04-08,6,10,76,d-no-skew,10
177,xgboost,1,1.0,1.0,1,1,0,1.0,0.0,1470,2019-05-15,2025-04-04,2025-04-07,2025-04-07,6,10,76,d-no-skew,10
177,random_forest,1,0.65,1.0,1,1,0,1.0,0.0,1470,2019-05-15,2025-04-04,2025-04-07,2025-04-07,6,10,76,d-no-skew,10
178,xgboost,1,0.95,1.0,1,1,0,1.0,0.0,1470,2019-05-14,2025-04-03,2025-04-04,2025-04-04,6,10,76,d-no-skew,10
178,random_forest,1,0.6,1.0,1,1,0,1.0,0.0,1470,2019-05-14,2025-04-03,2025-04-04,2025-04-04,6,10,76,d-no-skew,10
179,xgboost,1,0.5,0.0,1,0,1,0.0,1.0,1470,2019-05-13,2025-04-02,2025-04-03,2025-04-03,6,10,76,d-no-skew,10
179,random_forest,1,0.35,1.0,1,0,1,0.0,1.0,1470,2019-05-13,2025-04-02,2025-04-03,2025-04-03,6,10,76,d-no-skew,10
180,xgboost,1,0.0,1.0,1,0,1,0.0,1.0,1470,2019-05-10,2025-04-01,2025-04-02,2025-04-02,6,10,76,d-no-skew,10
180,random_forest,1,0.05,1.0,1,0,1,0.0,1.0,1470,2019-05-10,2025-04-01,2025-04-02,2025-04-02,6,10,76,d-no-skew,10
181,xgboost,1,0.0,1.0,1,0,1,0.0,1.0,1470,2019-05-09,2025-03-31,2025-04-01,2025-04-01,6,10,76,d-no-skew,10
181,random_forest,1,0.1,1.0,1,0,1,0.0,1.0,1470,2019-05-09,2025-03-31,2025-04-01,2025-04-01,6,10,76,d-no-skew,10
182,xgboost,1,0.0,1.0,1,0,1,0.0,1.0,1470,2019-05-08,2025-03-28,2025-03-31,2025-03-31,6,10,76,d-no-skew,10
182,random_forest,1,0.2,1.0,1,0,1,0.0,1.0,1470,2019-05-08,2025-03-28,2025-03-31,2025-03-31,6,10,76,d-no-skew,10
183,xgboost,1,0.15,1.0,1,0,1,0.0,1.0,1470,2019-05-07,2025-03-27,2025-03-28,2025-03-28,6,10,76,d-no-skew,10
183,random_forest,1,0.2,1.0,1,0,1,0.0,1.0,1470,2019-05-07,2025-03-27,2025-03-28,2025-03-28,6,10,76,d-no-skew,10
184,xgboost,1,0.0,1.0,1,0,1,0.0,1.0,1470,2019-05-06,2025-03-26,2025-03-27,2025-03-27,6,10,76,d-no-skew,10
184,random_forest,1,0.1,1.0,1,0,1,0.0,1.0,1470,2019-05-06,2025-03-26,2025-03-27,2025-03-27,6,10,76,d-no-skew,10
185,xgboost,1,0.0,1.0,1,0,1,0.0,1.0,1470,2019-05-03,2025-03-25,2025-03-26,2025-03-26,6,10,76,d-no-skew,10
185,random_forest,1,0.1,1.0,1,0,1,0.0,1.0,1470,2019-05-03,2025-03-25,2025-03-26,2025-03-26,6,10,76,d-no-skew,10
186,xgboost,1,0.05,1.0,1,0,1,0.0,1.0,1470,2019-05-02,2025-03-24,2025-03-25,2025-03-25,6,10,76,d-no-skew,10
186,random_forest,1,0.3,1.0,1,0,1,0.0,1.0,1470,2019-05-02,2025-03-24,2025-03-25,2025-03-25,6,10,76,d-no-skew,10
187,xgboost,1,0.0,1.0,1,0,1,0.0,1.0,1470,2019-05-01,2025-03-21,2025-03-24,2025-03-24,6,10,76,d-no-skew,10
187,random_forest,1,0.25,1.0,1,0,1,0.0,1.0,1470,2019-05-01,2025-03-21,2025-03-24,2025-03-24,6,10,76,d-no-skew,10
188,xgboost,1,0.2,1.0,1,0,1,0.0,1.0,1470,2019-04-30,2025-03-20,2025-03-21,2025-03-21,6,10,76,d-no-skew,10
188,random_forest,1,0.15,1.0,1,0,1,0.0,1.0,1470,2019-04-30,2025-03-20,2025-03-21,2025-03-21,6,10,76,d-no-skew,10
189,xgboost,1,0.05,1.0,1,0,1,0.0,1.0,1470,2019-04-29,2025-03-19,2025-03-20,2025-03-20,6,10,76,d-no-skew,10
189,random_forest,1,0.15,1.0,1,0,1,0.0,1.0,1470,2019-04-29,2025-03-19,2025-03-20,2025-03-20,6,10,76,d-no-skew,10
190,xgboost,1,0.05,1.0,1,0,1,0.0,1.0,1470,2019-04-26,2025-03-18,2025-03-19,2025-03-19,6,10,76,d-no-skew,10
190,random_forest,1,0.25,1.0,1,0,1,0.0,1.0,1470,2019-04-26,2025-03-18,2025-03-19,2025-03-19,6,10,76,d-no-skew,10
191,xgboost,1,0.2,1.0,1,0,1,0.0,1.0,1470,2019-04-25,2025-03-17,2025-03-18,2025-03-18,6,10,76,d-no-skew,10
191,random_forest,1,0.3,1.0,1,0,1,0.0,1.0,1470,2019-04-25,2025-03-17,2025-03-18,2025-03-18,6,10,76,d-no-skew,10
192,xgboost,1,0.35,1.0,1,0,1,0.0,1.0,1470,2019-04-24,2025-03-14,2025-03-17,2025-03-17,6,10,76,d-no-skew,10
192,random_forest,1,0.3,1.0,1,0,1,0.0,1.0,1470,2019-04-24,2025-03-14,2025-03-17,2025-03-17,6,10,76,d-no-skew,10
193,xgboost,1,0.85,0.0,1,0,1,0.0,1.0,1470,2019-04-23,2025-03-13,2025-03-14,2025-03-14,6,10,76,d-no-skew,10
193,random_forest,1,0.55,0.0,1,0,1,0.0,1.0,1470,2019-04-23,2025-03-13,2025-03-14,2025-03-14,6,10,76,d-no-skew,10
194,xgboost,1,1.0,1.0,1,1,0,1.0,0.0,1470,2019-04-22,2025-03-12,2025-03-13,2025-03-13,6,10,76,d-no-skew,10
194,random_forest,1,0.7,1.0,1,1,0,1.0,0.0,1470,2019-04-22,2025-03-12,2025-03-13,2025-03-13,6,10,76,d-no-skew,10
195,xgboost,1,0.9,1.0,1,1,0,1.0,0.0,1470,2019-04-18,2025-03-11,2025-03-12,2025-03-12,6,10,76,d-no-skew,10
195,random_forest,1,0.55,1.0,1,1,0,1.0,0.0,1470,2019-04-18,2025-03-11,2025-03-12,2025-03-12,6,10,76,d-no-skew,10
196,xgboost,1,0.55,1.0,1,1,0,1.0,0.0,1470,2019-04-17,2025-03-10,2025-03-11,2025-03-11,6,10,76,d-no-skew,10
196,random_forest,1,0.55,1.0,1,1,0,1.0,0.0,1470,2019-04-17,2025-03-10,2025-03-11,2025-03-11,6,10,76,d-no-skew,10
197,xgboost,1,0.0,0.0,1,1,0,1.0,0.0,1470,2019-04-16,2025-03-07,2025-03-10,2025-03-10,6,10,76,d-no-skew,10
197,random_forest,1,0.35,0.0,1,1,0,1.0,0.0,1470,2019-04-16,2025-03-07,2025-03-10,2025-03-10,6,10,76,d-no-skew,10
198,xgboost,1,0.0,1.0,1,0,1,0.0,1.0,1470,2019-04-15,2025-03-06,2025-03-07,2025-03-07,6,10,76,d-no-skew,10
198,random_forest,1,0.35,1.0,1,0,1,0.0,1.0,1470,2019-04-15,2025-03-06,2025-03-07,2025-03-07,6,10,76,d-no-skew,10
199,xgboost,1,0.0,1.0,1,0,1,0.0,1.0,1470,2019-04-12,2025-03-05,2025-03-06,2025-03-06,6,10,76,d-no-skew,10
199,random_forest,1,0.45,1.0,1,0,1,0.0,1.0,1470,2019-04-12,2025-03-05,2025-03-06,2025-03-06,6,10,76,d-no-skew,10
200,xgboost,1,0.0,1.0,1,0,1,0.0,1.0,1470,2019-04-11,2025-03-04,2025-03-05,2025-03-05,6,10,76,d-no-skew,10
200,random_forest,1,0.25,1.0,1,0,1,0.0,1.0,1470,2019-04-11,2025-03-04,2025-03-05,2025-03-05,6,10,76,d-no-skew,10
201,xgboost,1,0.3,1.0,1,0,1,0.0,1.0,1470,2019-04-10,2025-03-03,2025-03-04,2025-03-04,6,10,76,d-no-skew,10
201,random_forest,1,0.3,1.0,1,0,1,0.0,1.0,1470,2019-04-10,2025-03-03,2025-03-04,2025-03-04,6,10,76,d-no-skew,10
202,xgboost,1,0.05,1.0,1,0,1,0.0,1.0,1470,2019-04-09,2025-02-28,2025-03-03,2025-03-03,6,10,76,d-no-skew,10
202,random_forest,1,0.35,1.0,1,0,1,0.0,1.0,1470,2019-04-09,2025-02-28,2025-03-03,2025-03-03,6,10,76,d-no-skew,10
203,xgboost,1,0.05,1.0,1,0,1,0.0,1.0,1470,2019-04-08,2025-02-27,2025-02-28,2025-02-28,6,10,76,d-no-skew,10
203,random_forest,1,0.5,1.0,1,0,1,0.0,1.0,1470,2019-04-08,2025-02-27,2025-02-28,2025-02-28,6,10,76,d-no-skew,10
204,xgboost,1,0.6,0.0,1,0,1,0.0,1.0,1470,2019-04-05,2025-02-26,2025-02-27,2025-02-27,6,10,76,d-no-skew,10
204,random_forest,1,0.55,0.0,1,0,1,0.0,1.0,1470,2019-04-05,2025-02-26,2025-02-27,2025-02-27,6,10,76,d-no-skew,10
205,xgboost,1,0.0,1.0,1,0,1,0.0,1.0,1470,2019-04-04,2025-02-25,2025-02-26,2025-02-26,6,10,76,d-no-skew,10
205,random_forest,1,0.3,1.0,1,0,1,0.0,1.0,1470,2019-04-04,2025-02-25,2025-02-26,2025-02-26,6,10,76,d-no-skew,10
206,xgboost,1,0.0,1.0,1,0,1,0.0,1.0,1470,2019-04-03,2025-02-24,2025-02-25,2025-02-25,6,10,76,d-no-skew,10
206,random_forest,1,0.4,1.0,1,0,1,0.0,1.0,1470,2019-04-03,2025-02-24,2025-02-25,2025-02-25,6,10,76,d-no-skew,10
207,xgboost,1,0.15,1.0,1,0,1,0.0,1.0,1470,2019-04-02,2025-02-21,2025-02-24,2025-02-24,6,10,76,d-no-skew,10
207,random_forest,1,0.45,1.0,1,0,1,0.0,1.0,1470,2019-04-02,2025-02-21,2025-02-24,2025-02-24,6,10,76,d-no-skew,10
208,xgboost,1,0.05,1.0,1,0,1,0.0,1.0,1470,2019-04-01,2025-02-20,2025-02-21,2025-02-21,6,10,76,d-no-skew,10
208,random_forest,1,0.4,1.0,1,0,1,0.0,1.0,1470,2019-04-01,2025-02-20,2025-02-21,2025-02-21,6,10,76,d-no-skew,10
209,xgboost,1,0.0,1.0,1,0,1,0.0,1.0,1470,2019-03-29,2025-02-19,2025-02-20,2025-02-20,6,10,76,d-no-skew,10
209,random_forest,1,0.25,1.0,1,0,1,0.0,1.0,1470,2019-03-29,2025-02-19,2025-02-20,2025-02-20,6,10,76,d-no-skew,10
210,xgboost,1,0.0,1.0,1,0,1,0.0,1.0,1470,2019-03-28,2025-02-18,2025-02-19,2025-02-19,6,10,76,d-no-skew,10
210,random_forest,1,0.2,1.0,1,0,1,0.0,1.0,1470,2019-03-28,2025-02-18,2025-02-19,2025-02-19,6,10,76,d-no-skew,10
211,xgboost,1,0.0,1.0,1,0,1,0.0,1.0,1470,2019-03-27,2025-02-14,2025-02-18,2025-02-18,6,10,76,d-no-skew,10
211,random_forest,1,0.3,1.0,1,0,1,0.0,1.0,1470,2019-03-27,2025-02-14,2025-02-18,2025-02-18,6,10,76,d-no-skew,10
212,xgboost,1,0.0,1.0,1,0,1,0.0,1.0,1470,2019-03-26,2025-02-13,2025-02-14,2025-02-14,6,10,76,d-no-skew,10
212,random_forest,1,0.35,1.0,1,0,1,0.0,1.0,1470,2019-03-26,2025-02-13,2025-02-14,2025-02-14,6,10,76,d-no-skew,10
213,xgboost,1,0.05,1.0,1,0,1,0.0,1.0,1470,2019-03-25,2025-02-12,2025-02-13,2025-02-13,6,10,76,d-no-skew,10
213,random_forest,1,0.3,1.0,1,0,1,0.0,1.0,1470,2019-03-25,2025-02-12,2025-02-13,2025-02-13,6,10,76,d-no-skew,10
214,xgboost,1,0.2,1.0,1,0,1,0.0,1.0,1470,2019-03-22,2025-02-11,2025-02-12,2025-02-12,6,10,76,d-no-skew,10
214,random_forest,1,0.4,1.0,1,0,1,0.0,1.0,1470,2019-03-22,2025-02-11,2025-02-12,2025-02-12,6,10,76,d-no-skew,10
215,xgboost,1,0.0,1.0,1,0,1,0.0,1.0,1470,2019-03-21,2025-02-10,2025-02-11,2025-02-11,6,10,76,d-no-skew,10
215,random_forest,1,0.25,1.0,1,0,1,0.0,1.0,1470,2019-03-21,2025-02-10,2025-02-11,2025-02-11,6,10,76,d-no-skew,10
216,xgboost,1,0.3,1.0,1,0,1,0.0,1.0,1470,2019-03-20,2025-02-07,2025-02-10,2025-02-10,6,10,76,d-no-skew,10
216,random_forest,1,0.4,1.0,1,0,1,0.0,1.0,1470,2019-03-20,2025-02-07,2025-02-10,2025-02-10,6,10,76,d-no-skew,10
217,xgboost,1,0.55,0.0,1,0,1,0.0,1.0,1470,2019-03-19,2025-02-06,2025-02-07,2025-02-07,6,10,76,d-no-skew,10
217,random_forest,1,0.6,0.0,1,0,1,0.0,1.0,1470,2019-03-19,2025-02-06,2025-02-07,2025-02-07,6,10,76,d-no-skew,10
218,xgboost,1,0.65,0.0,1,0,1,0.0,1.0,1470,2019-03-18,2025-02-05,2025-02-06,2025-02-06,6,10,76,d-no-skew,10
218,random_forest,1,0.65,0.0,1,0,1,0.0,1.0,1470,2019-03-18,2025-02-05,2025-02-06,2025-02-06,6,10,76,d-no-skew,10
219,xgboost,1,0.25,0.0,1,1,0,1.0,0.0,1470,2019-03-15,2025-02-04,2025-02-05,2025-02-05,6,10,76,d-no-skew,10
219,random_forest,1,0.65,1.0,1,1,0,1.0,0.0,1470,2019-03-15,2025-02-04,2025-02-05,2025-02-05,6,10,76,d-no-skew,10
220,xgboost,1,0.05,0.0,1,1,0,1.0,0.0,1470,2019-03-14,2025-02-03,2025-02-04,2025-02-04,6,10,76,d-no-skew,10
220,random_forest,1,0.65,1.0,1,1,0,1.0,0.0,1470,2019-03-14,2025-02-03,2025-02-04,2025-02-04,6,10,76,d-no-skew,10
221,xgboost,1,1.0,1.0,1,1,0,1.0,0.0,1470,2019-03-13,2025-01-31,2025-02-03,2025-02-03,6,10,76,d-no-skew,10
221,random_forest,1,0.65,1.0,1,1,0,1.0,0.0,1470,2019-03-13,2025-01-31,2025-02-03,2025-02-03,6,10,76,d-no-skew,10
222,xgboost,1,0.75,1.0,1,1,0,1.0,0.0,1470,2019-03-12,2025-01-30,2025-01-31,2025-01-31,6,10,76,d-no-skew,10
222,random_forest,1,0.65,1.0,1,1,0,1.0,0.0,1470,2019-03-12,2025-01-30,2025-01-31,2025-01-31,6,10,76,d-no-skew,10
223,xgboost,1,0.8,1.0,1,1,0,1.0,0.0,1470,2019-03-11,2025-01-29,2025-01-30,2025-01-30,6,10,76,d-no-skew,10
223,random_forest,1,0.7,1.0,1,1,0,1.0,0.0,1470,2019-03-11,2025-01-29,2025-01-30,2025-01-30,6,10,76,d-no-skew,10
224,xgboost,1,0.3,0.0,1,1,0,1.0,0.0,1470,2019-03-08,2025-01-28,2025-01-29,2025-01-29,6,10,76,d-no-skew,10
224,random_forest,1,0.6,1.0,1,1,0,1.0,0.0,1470,2019-03-08,2025-01-28,2025-01-29,2025-01-29,6,10,76,d-no-skew,10
225,xgboost,1,0.2,0.0,1,1,0,1.0,0.0,1470,2019-03-07,2025-01-27,2025-01-28,2025-01-28,6,10,76,d-no-skew,10
225,random_forest,1,0.4,0.0,1,1,0,1.0,0.0,1470,2019-03-07,2025-01-27,2025-01-28,2025-01-28,6,10,76,d-no-skew,10
226,xgboost,1,0.2,0.0,1,1,0,1.0,0.0,1470,2019-03-06,2025-01-24,2025-01-27,2025-01-27,6,10,76,d-no-skew,10
226,random_forest,1,0.45,0.0,1,1,0,1.0,0.0,1470,2019-03-06,2025-01-24,2025-01-27,2025-01-27,6,10,76,d-no-skew,10
227,xgboost,1,0.0,1.0,1,0,1,0.0,1.0,1470,2019-03-05,2025-01-23,2025-01-24,2025-01-24,6,10,76,d-no-skew,10
227,random_forest,1,0.2,1.0,1,0,1,0.0,1.0,1470,2019-03-05,2025-01-23,2025-01-24,2025-01-24,6,10,76,d-no-skew,10
228,xgboost,1,0.05,1.0,1,0,1,0.0,1.0,1470,2019-03-04,2025-01-22,2025-01-23,2025-01-23,6,10,76,d-no-skew,10
228,random_forest,1,0.25,1.0,1,0,1,0.0,1.0,1470,2019-03-04,2025-01-22,2025-01-23,2025-01-23,6,10,76,d-no-skew,10
1,xgboost,1,0.95,1.0,1,1,0,1.0,0.0,980,2022-01-12,2025-12-18,2025-12-19,2025-12-19,4,2,76,d-no-vix,2
1,random_forest,1,0.7,1.0,1,1,0,1.0,0.0,980,2022-01-12,2025-12-18,2025-12-19,2025-12-19,4,2,76,d-no-vix,2
2,xgboost,1,0.55,1.0,1,1,0,1.0,0.0,980,2022-01-11,2025-12-17,2025-12-18,2025-12-18,4,2,76,d-no-vix,2
2,random_forest,1,0.45,0.0,1,1,0,1.0,0.0,980,2022-01-11,2025-12-17,2025-12-18,2025-12-18,4,2,76,d-no-vix,2
3,xgboost,1,0.0,0.0,1,1,0,1.0,0.0,980,2022-01-10,2025-12-16,2025-12-17,2025-12-17,4,2,76,d-no-vix,2
3,random_forest,1,0.35,0.0,1,1,0,1.0,0.0,980,2022-01-10,2025-12-16,2025-12-17,2025-12-17,4,2,76,d-no-vix,2
4,xgboost,1,0.1,1.0,1,0,1,0.0,1.0,980,2022-01-07,2025-12-15,2025-12-16,2025-12-16,4,2,76,d-no-vix,2
4,random_forest,1,0.4,1.0,1,0,1,0.0,1.0,980,2022-01-07,2025-12-15,2025-12-16,2025-12-16,4,2,76,d-no-vix,2
5,xgboost,1,0.4,1.0,1,0,1,0.0,1.0,980,2022-01-06,2025-12-12,2025-12-15,2025-12-15,4,2,76,d-no-vix,2
5,random_forest,1,0.45,1.0,1,0,1,0.0,1.0,980,2022-01-06,2025-12-12,2025-12-15,2025-12-15,4,2,76,d-no-vix,2
6,xgboost,1,1.0,0.0,1,0,1,0.0,1.0,980,2022-01-05,2025-12-11,2025-12-12,2025-12-12,4,2,76,d-no-vix,2
6,random_forest,1,0.6,0.0,1,0,1,0.0,1.0,980,2022-01-05,2025-12-11,2025-12-12,2025-12-12,4,2,76,d-no-vix,2
7,xgboost,1,1.0,0.0,1,0,1,0.0,1.0,980,2022-01-04,2025-12-10,2025-12-11,2025-12-11,4,2,76,d-no-vix,2
7,random_forest,1,0.65,0.0,1,0,1,0.0,1.0,980,2022-01-04,2025-12-10,2025-12-11,2025-12-11,4,2,76,d-no-vix,2
8,xgboost,1,0.3,1.0,1,0,1,0.0,1.0,980,2022-01-03,2025-12-09,2025-12-10,2025-12-10,4,2,76,d-no-vix,2
8,random_forest,1,0.6,0.0,1,0,1,0.0,1.0,980,2022-01-03,2025-12-09,2025-12-10,2025-12-10,4,2,76,d-no-vix,2
9,xgboost,1,1.0,1.0,1,1,0,1.0,0.0,980,2021-12-31,2025-12-08,2025-12-09,2025-12-09,4,2,76,d-no-vix,2
9,random_forest,1,0.65,1.0,1,1,0,1.0,0.0,980,2021-12-31,2025-12-08,2025-12-09,2025-12-09,4,2,76,d-no-vix,2
10,xgboost,1,0.35,0.0,1,1,0,1.0,0.0,980,2021-12-30,2025-12-05,2025-12-08,2025-12-08,4,2,76,d-no-vix,2
10,random_forest,1,0.55,1.0,1,1,0,1.0,0.0,980,2021-12-30,2025-12-05,2025-12-08,2025-12-08,4,2,76,d-no-vix,2
11,xgboost,1,1.0,0.0,1,0,1,0.0,1.0,980,2021-12-29,2025-12-04,2025-12-05,2025-12-05,4,2,76,d-no-vix,2
11,random_forest,1,0.75,0.0,1,0,1,0.0,1.0,980,2021-12-29,2025-12-04,2025-12-05,2025-12-05,4,2,76,d-no-vix,2
12,xgboost,1,0.9,1.0,1,1,0,1.0,0.0,980,2021-12-28,2025-12-03,2025-12-04,2025-12-04,4,2,76,d-no-vix,2
12,random_forest,1,0.7,1.0,1,1,0,1.0,0.0,980,2021-12-28,2025-12-03,2025-12-04,2025-12-04,4,2,76,d-no-vix,2
13,xgboost,1,1.0,1.0,1,1,0,1.0,0.0,980,2021-12-27,2025-12-02,2025-12-03,2025-12-03,4,2,76,d-no-vix,2
13,random_forest,1,0.75,1.0,1,1,0,1.0,0.0,980,2021-12-27,2025-12-02,2025-12-03,2025-12-03,4,2,76,d-no-vix,2
14,xgboost,1,0.95,1.0,1,1,0,1.0,0.0,980,2021-12-23,2025-12-01,2025-12-02,2025-12-02,4,2,76,d-no-vix,2
14,random_forest,1,0.65,1.0,1,1,0,1.0,0.0,980,2021-12-23,2025-12-01,2025-12-02,2025-12-02,4,2,76,d-no-vix,2
15,xgboost,1,1.0,1.0,1,1,0,1.0,0.0,980,2021-12-22,2025-11-26,2025-12-01,2025-12-01,4,2,76,d-no-vix,2
15,random_forest,1,0.65,1.0,1,1,0,1.0,0.0,980,2021-12-22,2025-11-26,2025-12-01,2025-12-01,4,2,76,d-no-vix,2
16,xgboost,1,0.85,1.0,1,1,0,1.0,0.0,980,2021-12-21,2025-11-25,2025-11-26,2025-11-26,4,2,76,d-no-vix,2
16,random_forest,1,0.55,1.0,1,1,0,1.0,0.0,980,2021-12-21,2025-11-25,2025-11-26,2025-11-26,4,2,76,d-no-vix,2
17,xgboost,1,0.75,1.0,1,1,0,1.0,0.0,980,2021-12-20,2025-11-24,2025-11-25,2025-11-25,4,2,76,d-no-vix,2
17,random_forest,1,0.55,1.0,1,1,0,1.0,0.0,980,2021-12-20,2025-11-24,2025-11-25,2025-11-25,4,2,76,d-no-vix,2
18,xgboost,1,0.6,1.0,1,1,0,1.0,0.0,980,2021-12-17,2025-11-21,2025-11-24,2025-11-24,4,2,76,d-no-vix,2
18,random_forest,1,0.5,0.0,1,1,0,1.0,0.0,980,2021-12-17,2025-11-21,2025-11-24,2025-11-24,4,2,76,d-no-vix,2
19,xgboost,1,0.65,1.0,1,1,0,1.0,0.0,980,2021-12-16,2025-11-20,2025-11-21,2025-11-21,4,2,76,d-no-vix,2
19,random_forest,1,0.5,1.0,1,1,0,1.0,0.0,980,2021-12-16,2025-11-20,2025-11-21,2025-11-21,4,2,76,d-no-vix,2
20,xgboost,1,0.05,0.0,1,1,0,1.0,0.0,980,2021-12-15,2025-11-19,2025-11-20,2025-11-20,4,2,76,d-no-vix,2
20,random_forest,1,0.4,0.0,1,1,0,1.0,0.0,980,2021-12-15,2025-11-19,2025-11-20,2025-11-20,4,2,76,d-no-vix,2
21,xgboost,1,0.0,1.0,1,0,1,0.0,1.0,980,2021-12-14,2025-11-18,2025-11-19,2025-11-19,4,2,76,d-no-vix,2
21,random_forest,1,0.3,1.0,1,0,1,0.0,1.0,980,2021-12-14,2025-11-18,2025-11-19,2025-11-19,4,2,76,d-no-vix,2
22,xgboost,1,0.0,1.0,1,0,1,0.0,1.0,980,2021-12-13,2025-11-17,2025-11-18,2025-11-18,4,2,76,d-no-vix,2
22,random_forest,1,0.4,1.0,1,0,1,0.0,1.0,980,2021-12-13,2025-11-17,2025-11-18,2025-11-18,4,2,76,d-no-vix,2
23,xgboost,1,0.55,0.0,1,0,1,0.0,1.0,980,2021-12-10,2025-11-14,2025-11-17,2025-11-17,4,2,76,d-no-vix,2
23,random_forest,1,0.4,1.0,1,0,1,0.0,1.0,980,2021-12-10,2025-11-14,2025-11-17,2025-11-17,4,2,76,d-no-vix,2
24,xgboost,1,0.05,1.0,1,0,1,0.0,1.0,980,2021-12-09,2025-11-13,2025-11-14,2025-11-14,4,2,76,d-no-vix,2
24,random_forest,1,0.4,1.0,1,0,1,0.0,1.0,980,2021-12-09,2025-11-13,2025-11-14,2025-11-14,4,2,76,d-no-vix,2
25,xgboost,1,0.15,1.0,1,0,1,0.0,1.0,980,2021-12-08,2025-11-12,2025-11-13,2025-11-13,4,2,76,d-no-vix,2
25,random_forest,1,0.5,0.0,1,0,1,0.0,1.0,980,2021-12-08,2025-11-12,2025-11-13,2025-11-13,4,2,76,d-no-vix,2
26,xgboost,1,0.0,1.0,1,0,1,0.0,1.0,980,2021-12-07,2025-11-11,2025-11-12,2025-11-12,4,2,76,d-no-vix,2
26,random_forest,1,0.3,1.0,1,0,1,0.0,1.0,980,2021-12-07,2025-11-11,2025-11-12,2025-11-12,4,2,76,d-no-vix,2
27,xgboost,1,0.75,0.0,1,0,1,0.0,1.0,980,2021-12-06,2025-11-10,2025-11-11,2025-11-11,4,2,76,d-no-vix,2
27,random_forest,1,0.45,1.0,1,0,1,0.0,1.0,980,2021-12-06,2025-11-10,2025-11-11,2025-11-11,4,2,76,d-no-vix,2
28,xgboost,1,1.0,0.0,1,0,1,0.0,1.0,980,2021-12-03,2025-11-07,2025-11-10,2025-11-10,4,2,76,d-no-vix,2
28,random_forest,1,0.5,0.0,1,0,1,0.0,1.0,980,2021-12-03,2025-11-07,2025-11-10,2025-11-10,4,2,76,d-no-vix,2
29,xgboost,1,1.0,1.0,1,1,0,1.0,0.0,980,2021-12-02,2025-11-06,2025-11-07,2025-11-07,4,2,76,d-no-vix,2
29,random_forest,1,0.7,1.0,1,1,0,1.0,0.0,980,2021-12-02,2025-11-06,2025-11-07,2025-11-07,4,2,76,d-no-vix,2
30,xgboost,1,0.5,0.0,1,1,0,1.0,0.0,980,2021-12-01,2025-11-05,2025-11-06,2025-11-06,4,2,76,d-no-vix,2
30,random_forest,1,0.45,0.0,1,1,0,1.0,0.0,980,2021-12-01,2025-11-05,2025-11-06,2025-11-06,4,2,76,d-no-vix,2
31,xgboost,1,0.0,1.0,1,0,1,0.0,1.0,980,2021-11-30,2025-11-04,2025-11-05,2025-11-05,4,2,76,d-no-vix,2
31,random_forest,1,0.4,1.0,1,0,1,0.0,1.0,980,2021-11-30,2025-11-04,2025-11-05,2025-11-05,4,2,76,d-no-vix,2
32,xgboost,1,0.3,1.0,1,0,1,0.0,1.0,980,2021-11-29,2025-11-03,2025-11-04,2025-11-04,4,2,76,d-no-vix,2
32,random_forest,1,0.55,0.0,1,0,1,0.0,1.0,980,2021-11-29,2025-11-03,2025-11-04,2025-11-04,4,2,76,d-no-vix,2
33,xgboost,1,0.05,1.0,1,0,1,0.0,1.0,980,2021-11-24,2025-10-31,2025-11-03,2025-11-03,4,2,76,d-no-vix,2
33,random_forest,1,0.4,1.0,1,0,1,0.0,1.0,980,2021-11-24,2025-10-31,2025-11-03,2025-11-03,4,2,76,d-no-vix,2
34,xgboost,1,0.1,1.0,1,0,1,0.0,1.0,980,2021-11-23,2025-10-30,2025-10-31,2025-10-31,4,2,76,d-no-vix,2
34,random_forest,1,0.5,1.0,1,0,1,0.0,1.0,980,2021-11-23,2025-10-30,2025-10-31,2025-10-31,4,2,76,d-no-vix,2
35,xgboost,1,0.1,0.0,1,1,0,1.0,0.0,980,2021-11-22,2025-10-29,2025-10-30,2025-10-30,4,2,76,d-no-vix,2
35,random_forest,1,0.4,0.0,1,1,0,1.0,0.0,980,2021-11-22,2025-10-29,2025-10-30,2025-10-30,4,2,76,d-no-vix,2
36,xgboost,1,0.05,1.0,1,0,1,0.0,1.0,980,2021-11-19,2025-10-28,2025-10-29,2025-10-29,4,2,76,d-no-vix,2
36,random_forest,1,0.35,1.0,1,0,1,0.0,1.0,980,2021-11-19,2025-10-28,2025-10-29,2025-10-29,4,2,76,d-no-vix,2
37,xgboost,1,0.3,1.0,1,0,1,0.0,1.0,980,2021-11-18,2025-10-27,2025-10-28,2025-10-28,4,2,76,d-no-vix,2
37,random_forest,1,0.55,0.0,1,0,1,0.0,1.0,980,2021-11-18,2025-10-27,2025-10-28,2025-10-28,4,2,76,d-no-vix,2
38,xgboost,1,0.85,1.0,1,1,0,1.0,0.0,980,2021-11-17,2025-10-24,2025-10-27,2025-10-27,4,2,76,d-no-vix,2
38,random_forest,1,0.55,1.0,1,1,0,1.0,0.0,980,2021-11-17,2025-10-24,2025-10-27,2025-10-27,4,2,76,d-no-vix,2
39,xgboost,1,0.55,1.0,1,1,0,1.0,0.0,980,2021-11-16,2025-10-23,2025-10-24,2025-10-24,4,2,76,d-no-vix,2
39,random_forest,1,0.45,0.0,1,1,0,1.0,0.0,980,2021-11-16,2025-10-23,2025-10-24,2025-10-24,4,2,76,d-no-vix,2
40,xgboost,1,0.05,0.0,1,1,0,1.0,0.0,980,2021-11-15,2025-10-22,2025-10-23,2025-10-23,4,2,76,d-no-vix,2
40,random_forest,1,0.35,0.0,1,1,0,1.0,0.0,980,2021-11-15,2025-10-22,2025-10-23,2025-10-23,4,2,76,d-no-vix,2
41,xgboost,1,0.1,0.0,1,1,0,1.0,0.0,980,2021-11-12,2025-10-21,2025-10-22,2025-10-22,4,2,76,d-no-vix,2
41,random_forest,1,0.55,1.0,1,1,0,1.0,0.0,980,2021-11-12,2025-10-21,2025-10-22,2025-10-22,4,2,76,d-no-vix,2
42,xgboost,1,0.8,0.0,1,0,1,0.0,1.0,980,2021-11-11,2025-10-20,2025-10-21,2025-10-21,4,2,76,d-no-vix,2
42,random_forest,1,0.4,1.0,1,0,1,0.0,1.0,980,2021-11-11,2025-10-20,2025-10-21,2025-10-21,4,2,76,d-no-vix,2
43,xgboost,1,0.9,0.0,1,0,1,0.0,1.0,980,2021-11-10,2025-10-17,2025-10-20,2025-10-20,4,2,76,d-no-vix,2
43,random_forest,1,0.6,0.0,1,0,1,0.0,1.0,980,2021-11-10,2025-10-17,2025-10-20,2025-10-20,4,2,76,d-no-vix,2
44,xgboost,1,1.0,1.0,1,1,0,1.0,0.0,980,2021-11-09,2025-10-16,2025-10-17,2025-10-17,4,2,76,d-no-vix,2
44,random_forest,1,0.75,1.0,1,1,0,1.0,0.0,980,2021-11-09,2025-10-16,2025-10-17,2025-10-17,4,2,76,d-no-vix,2
45,xgboost,1,1.0,1.0,1,1,0,1.0,0.0,980,2021-11-08,2025-10-15,2025-10-16,2025-10-16,4,2,76,d-no-vix,2
45,random_forest,1,0.75,1.0,1,1,0,1.0,0.0,980,2021-11-08,2025-10-15,2025-10-16,2025-10-16,4,2,76,d-no-vix,2
46,xgboost,1,1.0,1.0,1,1,0,1.0,0.0,980,2021-11-05,2025-10-14,2025-10-15,2025-10-15,4,2,76,d-no-vix,2
46,random_forest,1,0.7,1.0,1,1,0,1.0,0.0,980,2021-11-05,2025-10-14,2025-10-15,2025-10-15,4,2,76,d-no-vix,2
47,xgboost,1,1.0,1.0,1,1,0,1.0,0.0,980,2021-11-04,2025-10-13,2025-10-14,2025-10-14,4,2,76,d-no-vix,2
47,random_forest,1,0.75,1.0,1,1,0,1.0,0.0,980,2021-11-04,2025-10-13,2025-10-14,2025-10-14,4,2,76,d-no-vix,2
48,xgboost,1,1.0,1.0,1,1,0,1.0,0.0,980,2021-11-03,2025-10-10,2025-10-13,2025-10-13,4,2,76,d-no-vix,2
48,random_forest,1,0.7,1.0,1,1,0,1.0,0.0,980,2021-11-03,2025-10-10,2025-10-13,2025-10-13,4,2,76,d-no-vix,2
49,xgboost,1,0.1,0.0,1,1,0,1.0,0.0,980,2021-11-02,2025-10-09,2025-10-10,2025-10-10,4,2,76,d-no-vix,2
49,random_forest,1,0.55,1.0,1,1,0,1.0,0.0,980,2021-11-02,2025-10-09,2025-10-10,2025-10-10,4,2,76,d-no-vix,2
50,xgboost,1,0.4,1.0,1,0,1,0.0,1.0,980,2021-11-01,2025-10-08,2025-10-09,2025-10-09,4,2,76,d-no-vix,2
50,random_forest,1,0.55,0.0,1,0,1,0.0,1.0,980,2021-11-01,2025-10-08,2025-10-09,2025-10-09,4,2,76,d-no-vix,2
51,xgboost,1,0.4,1.0,1,0,1,0.0,1.0,980,2021-10-29,2025-10-07,2025-10-08,2025-10-08,4,2,76,d-no-vix,2
51,random_forest,1,0.7,0.0,1,0,1,0.0,1.0,980,2021-10-29,2025-10-07,2025-10-08,2025-10-08,4,2,76,d-no-vix,2
52,xgboost,1,0.5,0.0,1,1,0,1.0,0.0,980,2021-10-28,2025-10-06,2025-10-07,2025-10-07,4,2,76,d-no-vix,2
52,random_forest,1,0.6,1.0,1,1,0,1.0,0.0,980,2021-10-28,2025-10-06,2025-10-07,2025-10-07,4,2,76,d-no-vix,2
53,xgboost,1,0.85,1.0,1,1,0,1.0,0.0,980,2021-10-27,2025-10-03,2025-10-06,2025-10-06,4,2,76,d-no-vix,2
53,random_forest,1,0.65,1.0,1,1,0,1.0,0.0,980,2021-10-27,2025-10-03,2025-10-06,2025-10-06,4,2,76,d-no-vix,2
54,xgboost,1,0.85,1.0,1,1,0,1.0,0.0,980,2021-10-26,2025-10-02,2025-10-03,2025-10-03,4,2,76,d-no-vix,2
54,random_forest,1,0.6,1.0,1,1,0,1.0,0.0,980,2021-10-26,2025-10-02,2025-10-03,2025-10-03,4,2,76,d-no-vix,2
55,xgboost,1,0.05,0.0,1,1,0,1.0,0.0,980,2021-10-25,2025-10-01,2025-10-02,2025-10-02,4,2,76,d-no-vix,2
55,random_forest,1,0.4,0.0,1,1,0,1.0,0.0,980,2021-10-25,2025-10-01,2025-10-02,2025-10-02,4,2,76,d-no-vix,2
56,xgboost,1,0.6,0.0,1,0,1,0.0,1.0,980,2021-10-22,2025-09-30,2025-10-01,2025-10-01,4,2,76,d-no-vix,2
56,random_forest,1,0.6,0.0,1,0,1,0.0,1.0,980,2021-10-22,2025-09-30,2025-10-01,2025-10-01,4,2,76,d-no-vix,2
57,xgboost,1,0.8,1.0,1,1,0,1.0,0.0,980,2021-10-21,2025-09-29,2025-09-30,2025-09-30,4,2,76,d-no-vix,2
57,random_forest,1,0.6,1.0,1,1,0,1.0,0.0,980,2021-10-21,2025-09-29,2025-09-30,2025-09-30,4,2,76,d-no-vix,2
58,xgboost,1,1.0,1.0,1,1,0,1.0,0.0,980,2021-10-20,2025-09-26,2025-09-29,2025-09-29,4,2,76,d-no-vix,2
58,random_forest,1,0.55,1.0,1,1,0,1.0,0.0,980,2021-10-20,2025-09-26,2025-09-29,2025-09-29,4,2,76,d-no-vix,2
59,xgboost,1,0.4,0.0,1,1,0,1.0,0.0,980,2021-10-19,2025-09-25,2025-09-26,2025-09-26,4,2,76,d-no-vix,2
59,random_forest,1,0.5,1.0,1,1,0,1.0,0.0,980,2021-10-19,2025-09-25,2025-09-26,2025-09-26,4,2,76,d-no-vix,2
60,xgboost,1,0.85,1.0,1,1,0,1.0,0.0,980,2021-10-18,2025-09-24,2025-09-25,2025-09-25,4,2,76,d-no-vix,2
60,random_forest,1,0.45,0.0,1,1,0,1.0,0.0,980,2021-10-18,2025-09-24,2025-09-25,2025-09-25,4,2,76,d-no-vix,2
61,xgboost,1,0.9,0.0,1,0,1,0.0,1.0,980,2021-10-15,2025-09-23,2025-09-24,2025-09-24,4,2,76,d-no-vix,2
61,random_forest,1,0.5,0.0,1,0,1,0.0,1.0,980,2021-10-15,2025-09-23,2025-09-24,2025-09-24,4,2,76,d-no-vix,2
62,xgboost,1,0.9,0.0,1,0,1,0.0,1.0,980,2021-10-14,2025-09-22,2025-09-23,2025-09-23,4,2,76,d-no-vix,2
62,random_forest,1,0.55,0.0,1,0,1,0.0,1.0,980,2021-10-14,2025-09-22,2025-09-23,2025-09-23,4,2,76,d-no-vix,2
63,xgboost,1,0.3,1.0,1,0,1,0.0,1.0,980,2021-10-13,2025-09-19,2025-09-22,2025-09-22,4,2,76,d-no-vix,2
63,random_forest,1,0.3,1.0,1,0,1,0.0,1.0,980,2021-10-13,2025-09-19,2025-09-22,2025-09-22,4,2,76,d-no-vix,2
64,xgboost,1,0.7,0.0,1,0,1,0.0,1.0,980,2021-10-12,2025-09-18,2025-09-19,2025-09-19,4,2,76,d-no-vix,2
64,random_forest,1,0.75,0.0,1,0,1,0.0,1.0,980,2021-10-12,2025-09-18,2025-09-19,2025-09-19,4,2,76,d-no-vix,2
65,xgboost,1,0.95,1.0,1,1,0,1.0,0.0,980,2021-10-11,2025-09-17,2025-09-18,2025-09-18,4,2,76,d-no-vix,2
65,random_forest,1,0.75,1.0,1,1,0,1.0,0.0,980,2021-10-11,2025-09-17,2025-09-18,2025-09-18,4,2,76,d-no-vix,2
66,xgboost,1,1.0,1.0,1,1,0,1.0,0.0,980,2021-10-08,2025-09-16,2025-09-17,2025-09-17,4,2,76,d-no-vix,2
66,random_forest,1,0.7,1.0,1,1,0,1.0,0.0,980,2021-10-08,2025-09-16,2025-09-17,2025-09-17,4,2,76,d-no-vix,2
67,xgboost,1,0.8,1.0,1,1,0,1.0,0.0,980,2021-10-07,2025-09-15,2025-09-16,2025-09-16,4,2,76,d-no-vix,2
67,random_forest,1,0.5,1.0,1,1,0,1.0,0.0,980,2021-10-07,2025-09-15,2025-09-16,2025-09-16,4,2,76,d-no-vix,2
68,xgboost,1,0.75,0.0,1,0,1,0.0,1.0,980,2021-10-06,2025-09-12,2025-09-15,2025-09-15,4,2,76,d-no-vix,2
68,random_forest,1,0.6,0.0,1,0,1,0.0,1.0,980,2021-10-06,2025-09-12,2025-09-15,2025-09-15,4,2,76,d-no-vix,2
69,xgboost,1,0.85,1.0,1,1,0,1.0,0.0,980,2021-10-05,2025-09-11,2025-09-12,2025-09-12,4,2,76,d-no-vix,2
69,random_forest,1,0.7,1.0,1,1,0,1.0,0.0,980,2021-10-05,2025-09-11,2025-09-12,2025-09-12,4,2,76,d-no-vix,2
70,xgboost,1,0.9,1.0,1,1,0,1.0,0.0,980,2021-10-04,2025-09-10,2025-09-11,2025-09-11,4,2,76,d-no-vix,2
70,random_forest,1,0.65,1.0,1,1,0,1.0,0.0,980,2021-10-04,2025-09-10,2025-09-11,2025-09-11,4,2,76,d-no-vix,2
71,xgboost,1,0.6,1.0,1,1,0,1.0,0.0,980,2021-10-01,2025-09-09,2025-09-10,2025-09-10,4,2,76,d-no-vix,2
71,random_forest,1,0.65,1.0,1,1,0,1.0,0.0,980,2021-10-01,2025-09-09,2025-09-10,2025-09-10,4,2,76,d-no-vix,2
72,xgboost,1,1.0,1.0,1,1,0,1.0,0.0,980,2021-09-30,2025-09-08,2025-09-09,2025-09-09,4,2,76,d-no-vix,2
72,random_forest,1,0.75,1.0,1,1,0,1.0,0.0,980,2021-09-30,2025-09-08,2025-09-09,2025-09-09,4,2,76,d-no-vix,2
73,xgboost,1,0.75,1.0,1,1,0,1.0,0.0,980,2021-09-29,2025-09-05,2025-09-08,2025-09-08,4,2,76,d-no-vix,2
73,random_forest,1,0.65,1.0,1,1,0,1.0,0.0,980,2021-09-29,2025-09-05,2025-09-08,2025-09-08,4,2,76,d-no-vix,2
74,xgboost,1,1.0,1.0,1,1,0,1.0,0.0,980,2021-09-28,2025-09-04,2025-09-05,2025-09-05,4,2,76,d-no-vix,2
74,random_forest,1,0.6,1.0,1,1,0,1.0,0.0,980,2021-09-28,2025-09-04,2025-09-05,2025-09-05,4,2,76,d-no-vix,2
75,xgboost,1,0.8,1.0,1,1,0,1.0,0.0,980,2021-09-27,2025-09-03,2025-09-04,2025-09-04,4,2,76,d-no-vix,2
75,random_forest,1,0.5,0.0,1,1,0,1.0,0.0,980,2021-09-27,2025-09-03,2025-09-04,2025-09-04,4,2,76,d-no-vix,2
76,xgboost,1,0.4,0.0,1,1,0,1.0,0.0,980,2021-09-24,2025-09-02,2025-09-03,2025-09-03,4,2,76,d-no-vix,2
76,random_forest,1,0.4,0.0,1,1,0,1.0,0.0,980,2021-09-24,2025-09-02,2025-09-03,2025-09-03,4,2,76,d-no-vix,2
77,xgboost,1,0.35,0.0,1,1,0,1.0,0.0,980,2021-09-23,2025-08-29,2025-09-02,2025-09-02,4,2,76,d-no-vix,2
77,random_forest,1,0.5,0.0,1,1,0,1.0,0.0,980,2021-09-23,2025-08-29,2025-09-02,2025-09-02,4,2,76,d-no-vix,2
78,xgboost,1,0.45,1.0,1,0,1,0.0,1.0,980,2021-09-22,2025-08-28,2025-08-29,2025-08-29,4,2,76,d-no-vix,2
78,random_forest,1,0.5,1.0,1,0,1,0.0,1.0,980,2021-09-22,2025-08-28,2025-08-29,2025-08-29,4,2,76,d-no-vix,2
79,xgboost,1,0.15,1.0,1,0,1,0.0,1.0,980,2021-09-21,2025-08-27,2025-08-28,2025-08-28,4,2,76,d-no-vix,2
79,random_forest,1,0.4,1.0,1,0,1,0.0,1.0,980,2021-09-21,2025-08-27,2025-08-28,2025-08-28,4,2,76,d-no-vix,2
80,xgboost,1,1.0,0.0,1,0,1,0.0,1.0,980,2021-09-20,2025-08-26,2025-08-27,2025-08-27,4,2,76,d-no-vix,2
80,random_forest,1,0.65,0.0,1,0,1,0.0,1.0,980,2021-09-20,2025-08-26,2025-08-27,2025-08-27,4,2,76,d-no-vix,2
81,xgboost,1,0.95,1.0,1,1,0,1.0,0.0,980,2021-09-17,2025-08-25,2025-08-26,2025-08-26,4,2,76,d-no-vix,2
81,random_forest,1,0.7,1.0,1,1,0,1.0,0.0,980,2021-09-17,2025-08-25,2025-08-26,2025-08-26,4,2,76,d-no-vix,2
82,xgboost,1,1.0,1.0,1,1,0,1.0,0.0,980,2021-09-16,2025-08-22,2025-08-25,2025-08-25,4,2,76,d-no-vix,2
82,random_forest,1,0.6,1.0,1,1,0,1.0,0.0,980,2021-09-16,2025-08-22,2025-08-25,2025-08-25,4,2,76,d-no-vix,2
83,xgboost,1,0.7,1.0,1,1,0,1.0,0.0,980,2021-09-15,2025-08-21,2025-08-22,2025-08-22,4,2,76,d-no-vix,2
83,random_forest,1,0.6,1.0,1,1,0,1.0,0.0,980,2021-09-15,2025-08-21,2025-08-22,2025-08-22,4,2,76,d-no-vix,2
84,xgboost,1,1.0,1.0,1,1,0,1.0,0.0,980,2021-09-14,2025-08-20,2025-08-21,2025-08-21,4,2,76,d-no-vix,2
84,random_forest,1,0.7,1.0,1,1,0,1.0,0.0,980,2021-09-14,2025-08-20,2025-08-21,2025-08-21,4,2,76,d-no-vix,2
85,xgboost,1,0.55,1.0,1,1,0,1.0,0.0,980,2021-09-13,2025-08-19,2025-08-20,2025-08-20,4,2,76,d-no-vix,2
85,random_forest,1,0.65,1.0,1,1,0,1.0,0.0,980,2021-09-13,2025-08-19,2025-08-20,2025-08-20,4,2,76,d-no-vix,2
86,xgboost,1,0.4,1.0,1,0,1,0.0,1.0,980,2021-09-10,2025-08-18,2025-08-19,2025-08-19,4,2,76,d-no-vix,2
86,random_forest,1,0.55,0.0,1,0,1,0.0,1.0,980,2021-09-10,2025-08-18,2025-08-19,2025-08-19,4,2,76,d-no-vix,2
87,xgboost,1,0.05,1.0,1,0,1,0.0,1.0,980,2021-09-09,2025-08-15,2025-08-18,2025-08-18,4,2,76,d-no-vix,2
87,random_forest,1,0.45,1.0,1,0,1,0.0,1.0,980,2021-09-09,2025-08-15,2025-08-18,2025-08-18,4,2,76,d-no-vix,2
88,xgboost,1,0.15,1.0,1,0,1,0.0,1.0,980,2021-09-08,2025-08-14,2025-08-15,2025-08-15,4,2,76,d-no-vix,2
88,random_forest,1,0.5,1.0,1,0,1,0.0,1.0,980,2021-09-08,2025-08-14,2025-08-15,2025-08-15,4,2,76,d-no-vix,2
89,xgboost,1,0.2,1.0,1,0,1,0.0,1.0,980,2021-09-07,2025-08-13,2025-08-14,2025-08-14,4,2,76,d-no-vix,2
89,random_forest,1,0.4,1.0,1,0,1,0.0,1.0,980,2021-09-07,2025-08-13,2025-08-14,2025-08-14,4,2,76,d-no-vix,2
90,xgboost,1,0.7,0.0,1,0,1,0.0,1.0,980,2021-09-03,2025-08-12,2025-08-13,2025-08-13,4,2,76,d-no-vix,2
90,random_forest,1,0.45,1.0,1,0,1,0.0,1.0,980,2021-09-03,2025-08-12,2025-08-13,2025-08-13,4,2,76,d-no-vix,2
91,xgboost,1,1.0,0.0,1,0,1,0.0,1.0,980,2021-09-02,2025-08-11,2025-08-12,2025-08-12,4,2,76,d-no-vix,2
91,random_forest,1,0.7,0.0,1,0,1,0.0,1.0,980,2021-09-02,2025-08-11,2025-08-12,2025-08-12,4,2,76,d-no-vix,2
92,xgboost,1,0.8,1.0,1,1,0,1.0,0.0,980,2021-09-01,2025-08-08,2025-08-11,2025-08-11,4,2,76,d-no-vix,2
92,random_forest,1,0.65,1.0,1,1,0,1.0,0.0,980,2021-09-01,2025-08-08,2025-08-11,2025-08-11,4,2,76,d-no-vix,2
93,xgboost,1,0.8,1.0,1,1,0,1.0,0.0,980,2021-08-31,2025-08-07,2025-08-08,2025-08-08,4,2,76,d-no-vix,2
93,random_forest,1,0.6,1.0,1,1,0,1.0,0.0,980,2021-08-31,2025-08-07,2025-08-08,2025-08-08,4,2,76,d-no-vix,2
94,xgboost,1,0.8,1.0,1,1,0,1.0,0.0,980,2021-08-30,2025-08-06,2025-08-07,2025-08-07,4,2,76,d-no-vix,2
94,random_forest,1,0.6,1.0,1,1,0,1.0,0.0,980,2021-08-30,2025-08-06,2025-08-07,2025-08-07,4,2,76,d-no-vix,2
95,xgboost,1,0.5,1.0,1,1,0,1.0,0.0,980,2021-08-27,2025-08-05,2025-08-06,2025-08-06,4,2,76,d-no-vix,2
95,random_forest,1,0.6,1.0,1,1,0,1.0,0.0,980,2021-08-27,2025-08-05,2025-08-06,2025-08-06,4,2,76,d-no-vix,2
96,xgboost,1,0.0,0.0,1,1,0,1.0,0.0,980,2021-08-26,2025-08-04,2025-08-05,2025-08-05,4,2,76,d-no-vix,2
96,random_forest,1,0.55,1.0,1,1,0,1.0,0.0,980,2021-08-26,2025-08-04,2025-08-05,2025-08-05,4,2,76,d-no-vix,2
97,xgboost,1,0.9,1.0,1,1,0,1.0,0.0,980,2021-08-25,2025-08-01,2025-08-04,2025-08-04,4,2,76,d-no-vix,2
97,random_forest,1,0.65,1.0,1,1,0,1.0,0.0,980,2021-08-25,2025-08-01,2025-08-04,2025-08-04,4,2,76,d-no-vix,2
98,xgboost,1,0.75,1.0,1,1,0,1.0,0.0,980,2021-08-24,2025-07-31,2025-08-01,2025-08-01,4,2,76,d-no-vix,2
98,random_forest,1,0.55,1.0,1,1,0,1.0,0.0,980,2021-08-24,2025-07-31,2025-08-01,2025-08-01,4,2,76,d-no-vix,2
99,xgboost,1,1.0,0.0,1,0,1,0.0,1.0,980,2021-08-23,2025-07-30,2025-07-31,2025-07-31,4,2,76,d-no-vix,2
99,random_forest,1,0.6,0.0,1,0,1,0.0,1.0,980,2021-08-23,2025-07-30,2025-07-31,2025-07-31,4,2,76,d-no-vix,2
100,xgboost,1,0.1,1.0,1,0,1,0.0,1.0,980,2021-08-20,2025-07-29,2025-07-30,2025-07-30,4,2,76,d-no-vix,2
100,random_forest,1,0.4,1.0,1,0,1,0.0,1.0,980,2021-08-20,2025-07-29,2025-07-30,2025-07-30,4,2,76,d-no-vix,2
101,xgboost,1,0.05,1.0,1,0,1,0.0,1.0,980,2021-08-19,2025-07-28,2025-07-29,2025-07-29,4,2,76,d-no-vix,2
101,random_forest,1,0.55,0.0,1,0,1,0.0,1.0,980,2021-08-19,2025-07-28,2025-07-29,2025-07-29,4,2,76,d-no-vix,2
102,xgboost,1,0.9,0.0,1,0,1,0.0,1.0,980,2021-08-18,2025-07-25,2025-07-28,2025-07-28,4,2,76,d-no-vix,2
102,random_forest,1,0.65,0.0,1,0,1,0.0,1.0,980,2021-08-18,2025-07-25,2025-07-28,2025-07-28,4,2,76,d-no-vix,2
103,xgboost,1,0.6,1.0,1,1,0,1.0,0.0,980,2021-08-17,2025-07-24,2025-07-25,2025-07-25,4,2,76,d-no-vix,2
103,random_forest,1,0.55,1.0,1,1,0,1.0,0.0,980,2021-08-17,2025-07-24,2025-07-25,2025-07-25,4,2,76,d-no-vix,2
104,xgboost,1,0.95,1.0,1,1,0,1.0,0.0,980,2021-08-16,2025-07-23,2025-07-24,2025-07-24,4,2,76,d-no-vix,2
104,random_forest,1,0.65,1.0,1,1,0,1.0,0.0,980,2021-08-16,2025-07-23,2025-07-24,2025-07-24,4,2,76,d-no-vix,2
105,xgboost,1,1.0,1.0,1,1,0,1.0,0.0,980,2021-08-13,2025-07-22,2025-07-23,2025-07-23,4,2,76,d-no-vix,2
105,random_forest,1,0.65,1.0,1,1,0,1.0,0.0,980,2021-08-13,2025-07-22,2025-07-23,2025-07-23,4,2,76,d-no-vix,2
106,xgboost,1,1.0,1.0,1,1,0,1.0,0.0,980,2021-08-12,2025-07-21,2025-07-22,2025-07-22,4,2,76,d-no-vix,2
106,random_forest,1,0.7,1.0,1,1,0,1.0,0.0,980,2021-08-12,2025-07-21,2025-07-22,2025-07-22,4,2,76,d-no-vix,2
107,xgboost,1,0.5,0.0,1,0,1,0.0,1.0,980,2021-08-11,2025-07-18,2025-07-21,2025-07-21,4,2,76,d-no-vix,2
107,random_forest,1,0.65,0.0,1,0,1,0.0,1.0,980,2021-08-11,2025-07-18,2025-07-21,2025-07-21,4,2,76,d-no-vix,2
108,xgboost,1,1.0,0.0,1,0,1,0.0,1.0,980,2021-08-10,2025-07-17,2025-07-18,2025-07-18,4,2,76,d-no-vix,2
108,random_forest,1,0.7,0.0,1,0,1,0.0,1.0,980,2021-08-10,2025-07-17,2025-07-18,2025-07-18,4,2,76,d-no-vix,2
109,xgboost,1,1.0,1.0,1,1,0,1.0,0.0,980,2021-08-09,2025-07-16,2025-07-17,2025-07-17,4,2,76,d-no-vix,2
109,random_forest,1,0.65,1.0,1,1,0,1.0,0.0,980,2021-08-09,2025-07-16,2025-07-17,2025-07-17,4,2,76,d-no-vix,2
110,xgboost,1,1.0,1.0,1,1,0,1.0,0.0,980,2021-08-06,2025-07-15,2025-07-16,2025-07-16,4,2,76,d-no-vix,2
110,random_forest,1,0.75,1.0,1,1,0,1.0,0.0,980,2021-08-06,2025-07-15,2025-07-16,2025-07-16,4,2,76,d-no-vix,2
111,xgboost,1,0.95,1.0,1,1,0,1.0,0.0,980,2021-08-05,2025-07-14,2025-07-15,2025-07-15,4,2,76,d-no-vix,2
111,random_forest,1,0.65,1.0,1,1,0,1.0,0.0,980,2021-08-05,2025-07-14,2025-07-15,2025-07-15,4,2,76,d-no-vix,2
112,xgboost,1,1.0,1.0,1,1,0,1.0,0.0,980,2021-08-04,2025-07-11,2025-07-14,2025-07-14,4,2,76,d-no-vix,2
112,random_forest,1,0.75,1.0,1,1,0,1.0,0.0,980,2021-08-04,2025-07-11,2025-07-14,2025-07-14,4,2,76,d-no-vix,2
113,xgboost,1,1.0,1.0,1,1,0,1.0,0.0,980,2021-08-03,2025-07-10,2025-07-11,2025-07-11,4,2,76,d-no-vix,2
113,random_forest,1,0.7,1.0,1,1,0,1.0,0.0,980,2021-08-03,2025-07-10,2025-07-11,2025-07-11,4,2,76,d-no-vix,2
114,xgboost,1,0.95,1.0,1,1,0,1.0,0.0,980,2021-08-02,2025-07-09,2025-07-10,2025-07-10,4,2,76,d-no-vix,2
114,random_forest,1,0.6,1.0,1,1,0,1.0,0.0,980,2021-08-02,2025-07-09,2025-07-10,2025-07-10,4,2,76,d-no-vix,2
115,xgboost,1,1.0,0.0,1,0,1,0.0,1.0,980,2021-07-30,2025-07-08,2025-07-09,2025-07-09,4,2,76,d-no-vix,2
115,random_forest,1,0.7,0.0,1,0,1,0.0,1.0,980,2021-07-30,2025-07-08,2025-07-09,2025-07-09,4,2,76,d-no-vix,2
116,xgboost,1,1.0,1.0,1,1,0,1.0,0.0,980,2021-07-29,2025-07-07,2025-07-08,2025-07-08,4,2,76,d-no-vix,2
116,random_forest,1,0.75,1.0,1,1,0,1.0,0.0,980,2021-07-29,2025-07-07,2025-07-08,2025-07-08,4,2,76,d-no-vix,2
117,xgboost,1,0.95,1.0,1,1,0,1.0,0.0,980,2021-07-28,2025-07-02,2025-07-07,2025-07-07,4,2,76,d-no-vix,2
117,random_forest,1,0.6,1.0,1,1,0,1.0,0.0,980,2021-07-28,2025-07-02,2025-07-07,2025-07-07,4,2,76,d-no-vix,2
118,xgboost,1,0.1,0.0,1,1,0,1.0,0.0,980,2021-07-27,2025-07-01,2025-07-02,2025-07-02,4,2,76,d-no-vix,2
118,random_forest,1,0.45,0.0,1,1,0,1.0,0.0,980,2021-07-27,2025-07-01,2025-07-02,2025-07-02,4,2,76,d-no-vix,2
119,xgboost,1,0.75,1.0,1,1,0,1.0,0.0,980,2021-07-26,2025-06-30,2025-07-01,2025-07-01,4,2,76,d-no-vix,2
119,random_forest,1,0.4,0.0,1,1,0,1.0,0.0,980,2021-07-26,2025-06-30,2025-07-01,2025-07-01,4,2,76,d-no-vix,2
120,xgboost,1,0.05,1.0,1,0,1,0.0,1.0,980,2021-07-23,2025-06-27,2025-06-30,2025-06-30,4,2,76,d-no-vix,2
120,random_forest,1,0.4,1.0,1,0,1,0.0,1.0,980,2021-07-23,2025-06-27,2025-06-30,2025-06-30,4,2,76,d-no-vix,2
121,xgboost,1,0.95,0.0,1,0,1,0.0,1.0,980,2021-07-22,2025-06-26,2025-06-27,2025-06-27,4,2,76,d-no-vix,2
121,random_forest,1,0.7,0.0,1,0,1,0.0,1.0,980,2021-07-22,2025-06-26,2025-06-27,2025-06-27,4,2,76,d-no-vix,2
122,xgboost,1,1.0,1.0,1,1,0,1.0,0.0,980,2021-07-21,2025-06-25,2025-06-26,2025-06-26,4,2,76,d-no-vix,2
122,random_forest,1,0.75,1.0,1,1,0,1.0,0.0,980,2021-07-21,2025-06-25,2025-06-26,2025-06-26,4,2,76,d-no-vix,2
123,xgboost,1,0.95,1.0,1,1,0,1.0,0.0,980,2021-07-20,2025-06-24,2025-06-25,2025-06-25,4,2,76,d-no-vix,2
123,random_forest,1,0.7,1.0,1,1,0,1.0,0.0,980,2021-07-20,2025-06-24,2025-06-25,2025-06-25,4,2,76,d-no-vix,2
124,xgboost,1,0.65,1.0,1,1,0,1.0,0.0,980,2021-07-19,2025-06-23,2025-06-24,2025-06-24,4,2,76,d-no-vix,2
124,random_forest,1,0.55,1.0,1,1,0,1.0,0.0,980,2021-07-19,2025-06-23,2025-06-24,2025-06-24,4,2,76,d-no-vix,2
125,xgboost,1,0.5,1.0,1,1,0,1.0,0.0,980,2021-07-16,2025-06-20,2025-06-23,2025-06-23,4,2,76,d-no-vix,2
125,random_forest,1,0.5,1.0,1,1,0,1.0,0.0,980,2021-07-16,2025-06-20,2025-06-23,2025-06-23,4,2,76,d-no-vix,2
126,xgboost,1,0.1,0.0,1,1,0,1.0,0.0,980,2021-07-15,2025-06-18,2025-06-20,2025-06-20,4,2,76,d-no-vix,2
126,random_forest,1,0.65,1.0,1,1,0,1.0,0.0,980,2021-07-15,2025-06-18,2025-06-20,2025-06-20,4,2,76,d-no-vix,2
127,xgboost,1,0.75,1.0,1,1,0,1.0,0.0,980,2021-07-14,2025-06-17,2025-06-18,2025-06-18,4,2,76,d-no-vix,2
127,random_forest,1,0.45,0.0,1,1,0,1.0,0.0,980,2021-07-14,2025-06-17,2025-06-18,2025-06-18,4,2,76,d-no-vix,2
128,xgboost,1,0.1,1.0,1,0,1,0.0,1.0,980,2021-07-13,2025-06-16,2025-06-17,2025-06-17,4,2,76,d-no-vix,2
128,random_forest,1,0.55,0.0,1,0,1,0.0,1.0,980,2021-07-13,2025-06-16,2025-06-17,2025-06-17,4,2,76,d-no-vix,2
129,xgboost,1,1.0,0.0,1,0,1,0.0,1.0,980,2021-07-12,2025-06-13,2025-06-16,2025-06-16,4,2,76,d-no-vix,2
129,random_forest,1,0.65,0.0,1,0,1,0.0,1.0,980,2021-07-12,2025-06-13,2025-06-16,2025-06-16,4,2,76,d-no-vix,2
130,xgboost,1,1.0,1.0,1,1,0,1.0,0.0,980,2021-07-09,2025-06-12,2025-06-13,2025-06-13,4,2,76,d-no-vix,2
130,random_forest,1,0.75,1.0,1,1,0,1.0,0.0,980,2021-07-09,2025-06-12,2025-06-13,2025-06-13,4,2,76,d-no-vix,2
131,xgboost,1,0.9,1.0,1,1,0,1.0,0.0,980,2021-07-08,2025-06-11,2025-06-12,2025-06-12,4,2,76,d-no-vix,2
131,random_forest,1,0.55,1.0,1,1,0,1.0,0.0,980,2021-07-08,2025-06-11,2025-06-12,2025-06-12,4,2,76,d-no-vix,2
132,xgboost,1,0.65,0.0,1,0,1,0.0,1.0,980,2021-07-07,2025-06-10,2025-06-11,2025-06-11,4,2,76,d-no-vix,2
132,random_forest,1,0.6,0.0,1,0,1,0.0,1.0,980,2021-07-07,2025-06-10,2025-06-11,2025-06-11,4,2,76,d-no-vix,2
133,xgboost,1,0.45,1.0,1,0,1,0.0,1.0,980,2021-07-06,2025-06-09,2025-06-10,2025-06-10,4,2,76,d-no-vix,2
133,random_forest,1,0.65,0.0,1,0,1,0.0,1.0,980,2021-07-06,2025-06-09,2025-06-10,2025-06-10,4,2,76,d-no-vix,2
134,xgboost,1,1.0,1.0,1,1,0,1.0,0.0,980,2021-07-02,2025-06-06,2025-06-09,2025-06-09,4,2,76,d-no-vix,2
134,random_forest,1,0.65,1.0,1,1,0,1.0,0.0,980,2021-07-02,2025-06-06,2025-06-09,2025-06-09,4,2,76,d-no-vix,2
135,xgboost,1,1.0,1.0,1,1,0,1.0,0.0,980,2021-07-01,2025-06-05,2025-06-06,2025-06-06,4,2,76,d-no-vix,2
135,random_forest,1,0.65,1.0,1,1,0,1.0,0.0,980,2021-07-01,2025-06-05,2025-06-06,2025-06-06,4,2,76,d-no-vix,2
136,xgboost,1,0.85,1.0,1,1,0,1.0,0.0,980,2021-06-30,2025-06-04,2025-06-05,2025-06-05,4,2,76,d-no-vix,2
136,random_forest,1,0.6,1.0,1,1,0,1.0,0.0,980,2021-06-30,2025-06-04,2025-06-05,2025-06-05,4,2,76,d-no-vix,2
137,xgboost,1,0.0,0.0,1,1,0,1.0,0.0,980,2021-06-29,2025-06-03,2025-06-04,2025-06-04,4,2,76,d-no-vix,2
137,random_forest,1,0.35,0.0,1,1,0,1.0,0.0,980,2021-06-29,2025-06-03,2025-06-04,2025-06-04,4,2,76,d-no-vix,2
138,xgboost,1,0.5,0.0,1,0,1,0.0,1.0,980,2021-06-28,2025-06-02,2025-06-03,2025-06-03,4,2,76,d-no-vix,2
138,random_forest,1,0.65,0.0,1,0,1,0.0,1.0,980,2021-06-28,2025-06-02,2025-06-03,2025-06-03,4,2,76,d-no-vix,2
139,xgboost,1,0.95,1.0,1,1,0,1.0,0.0,980,2021-06-25,2025-05-30,2025-06-02,2025-06-02,4,2,76,d-no-vix,2
139,random_forest,1,0.55,1.0,1,1,0,1.0,0.0,980,2021-06-25,2025-05-30,2025-06-02,2025-06-02,4,2,76,d-no-vix,2
140,xgboost,1,0.95,1.0,1,1,0,1.0,0.0,980,2021-06-24,2025-05-29,2025-05-30,2025-05-30,4,2,76,d-no-vix,2
140,random_forest,1,0.6,1.0,1,1,0,1.0,0.0,980,2021-06-24,2025-05-29,2025-05-30,2025-05-30,4,2,76,d-no-vix,2
141,xgboost,1,0.05,0.0,1,1,0,1.0,0.0,980,2021-06-23,2025-05-28,2025-05-29,2025-05-29,4,2,76,d-no-vix,2
141,random_forest,1,0.5,0.0,1,1,0,1.0,0.0,980,2021-06-23,2025-05-28,2025-05-29,2025-05-29,4,2,76,d-no-vix,2
142,xgboost,1,0.1,0.0,1,1,0,1.0,0.0,980,2021-06-22,2025-05-27,2025-05-28,2025-05-28,4,2,76,d-no-vix,2
142,random_forest,1,0.45,0.0,1,1,0,1.0,0.0,980,2021-06-22,2025-05-27,2025-05-28,2025-05-28,4,2,76,d-no-vix,2
143,xgboost,1,0.85,0.0,1,0,1,0.0,1.0,980,2021-06-21,2025-05-23,2025-05-27,2025-05-27,4,2,76,d-no-vix,2
143,random_forest,1,0.5,0.0,1,0,1,0.0,1.0,980,2021-06-21,2025-05-23,2025-05-27,2025-05-27,4,2,76,d-no-vix,2
144,xgboost,1,1.0,1.0,1,1,0,1.0,0.0,980,2021-06-18,2025-05-22,2025-05-23,2025-05-23,4,2,76,d-no-vix,2
144,random_forest,1,0.6,1.0,1,1,0,1.0,0.0,980,2021-06-18,2025-05-22,2025-05-23,2025-05-23,4,2,76,d-no-vix,2
145,xgboost,1,0.0,0.0,1,1,0,1.0,0.0,980,2021-06-17,2025-05-21,2025-05-22,2025-05-22,4,2,76,d-no-vix,2
145,random_forest,1,0.4,0.0,1,1,0,1.0,0.0,980,2021-06-17,2025-05-21,2025-05-22,2025-05-22,4,2,76,d-no-vix,2
146,xgboost,1,0.15,1.0,1,0,1,0.0,1.0,980,2021-06-16,2025-05-20,2025-05-21,2025-05-21,4,2,76,d-no-vix,2
146,random_forest,1,0.45,1.0,1,0,1,0.0,1.0,980,2021-06-16,2025-05-20,2025-05-21,2025-05-21,4,2,76,d-no-vix,2
147,xgboost,1,0.15,1.0,1,0,1,0.0,1.0,980,2021-06-15,2025-05-19,2025-05-20,2025-05-20,4,2,76,d-no-vix,2
147,random_forest,1,0.35,1.0,1,0,1,0.0,1.0,980,2021-06-15,2025-05-19,2025-05-20,2025-05-20,4,2,76,d-no-vix,2
148,xgboost,1,0.1,1.0,1,0,1,0.0,1.0,980,2021-06-14,2025-05-16,2025-05-19,2025-05-19,4,2,76,d-no-vix,2
148,random_forest,1,0.4,1.0,1,0,1,0.0,1.0,980,2021-06-14,2025-05-16,2025-05-19,2025-05-19,4,2,76,d-no-vix,2
149,xgboost,1,0.15,1.0,1,0,1,0.0,1.0,980,2021-06-11,2025-05-15,2025-05-16,2025-05-16,4,2,76,d-no-vix,2
149,random_forest,1,0.65,0.0,1,0,1,0.0,1.0,980,2021-06-11,2025-05-15,2025-05-16,2025-05-16,4,2,76,d-no-vix,2
150,xgboost,1,0.8,1.0,1,1,0,1.0,0.0,980,2021-06-10,2025-05-14,2025-05-15,2025-05-15,4,2,76,d-no-vix,2
150,random_forest,1,0.65,1.0,1,1,0,1.0,0.0,980,2021-06-10,2025-05-14,2025-05-15,2025-05-15,4,2,76,d-no-vix,2
151,xgboost,1,0.3,0.0,1,1,0,1.0,0.0,980,2021-06-09,2025-05-13,2025-05-14,2025-05-14,4,2,76,d-no-vix,2
151,random_forest,1,0.55,1.0,1,1,0,1.0,0.0,980,2021-06-09,2025-05-13,2025-05-14,2025-05-14,4,2,76,d-no-vix,2
152,xgboost,1,0.3,0.0,1,1,0,1.0,0.0,980,2021-06-08,2025-05-12,2025-05-13,2025-05-13,4,2,76,d-no-vix,2
152,random_forest,1,0.5,0.0,1,1,0,1.0,0.0,980,2021-06-08,2025-05-12,2025-05-13,2025-05-13,4,2,76,d-no-vix,2
153,xgboost,1,0.2,0.0,1,1,0,1.0,0.0,980,2021-06-07,2025-05-09,2025-05-12,2025-05-12,4,2,76,d-no-vix,2
153,random_forest,1,0.45,0.0,1,1,0,1.0,0.0,980,2021-06-07,2025-05-09,2025-05-12,2025-05-12,4,2,76,d-no-vix,2
154,xgboost,1,0.6,1.0,1,1,0,1.0,0.0,980,2021-06-04,2025-05-08,2025-05-09,2025-05-09,4,2,76,d-no-vix,2
154,random_forest,1,0.6,1.0,1,1,0,1.0,0.0,980,2021-06-04,2025-05-08,2025-05-09,2025-05-09,4,2,76,d-no-vix,2
155,xgboost,1,0.25,0.0,1,1,0,1.0,0.0,980,2021-06-03,2025-05-07,2025-05-08,2025-05-08,4,2,76,d-no-vix,2
155,random_forest,1,0.45,0.0,1,1,0,1.0,0.0,980,2021-06-03,2025-05-07,2025-05-08,2025-05-08,4,2,76,d-no-vix,2
156,xgboost,1,0.2,0.0,1,1,0,1.0,0.0,980,2021-06-02,2025-05-06,2025-05-07,2025-05-07,4,2,76,d-no-vix,2
156,random_forest,1,0.65,1.0,1,1,0,1.0,0.0,980,2021-06-02,2025-05-06,2025-05-07,2025-05-07,4,2,76,d-no-vix,2
157,xgboost,1,0.35,0.0,1,1,0,1.0,0.0,980,2021-06-01,2025-05-05,2025-05-06,2025-05-06,4,2,76,d-no-vix,2
157,random_forest,1,0.45,0.0,1,1,0,1.0,0.0,980,2021-06-01,2025-05-05,2025-05-06,2025-05-06,4,2,76,d-no-vix,2
158,xgboost,1,0.6,0.0,1,0,1,0.0,1.0,980,2021-05-28,2025-05-02,2025-05-05,2025-05-05,4,2,76,d-no-vix,2
158,random_forest,1,0.55,0.0,1,0,1,0.0,1.0,980,2021-05-28,2025-05-02,2025-05-05,2025-05-05,4,2,76,d-no-vix,2
159,xgboost,1,0.95,0.0,1,0,1,0.0,1.0,980,2021-05-27,2025-05-01,2025-05-02,2025-05-02,4,2,76,d-no-vix,2
159,random_forest,1,0.65,0.0,1,0,1,0.0,1.0,980,2021-05-27,2025-05-01,2025-05-02,2025-05-02,4,2,76,d-no-vix,2
160,xgboost,1,1.0,1.0,1,1,0,1.0,0.0,980,2021-05-26,2025-04-30,2025-05-01,2025-05-01,4,2,76,d-no-vix,2
160,random_forest,1,0.7,1.0,1,1,0,1.0,0.0,980,2021-05-26,2025-04-30,2025-05-01,2025-05-01,4,2,76,d-no-vix,2
161,xgboost,1,1.0,1.0,1,1,0,1.0,0.0,980,2021-05-25,2025-04-29,2025-04-30,2025-04-30,4,2,76,d-no-vix,2
161,random_forest,1,0.7,1.0,1,1,0,1.0,0.0,980,2021-05-25,2025-04-29,2025-04-30,2025-04-30,4,2,76,d-no-vix,2
162,xgboost,1,1.0,1.0,1,1,0,1.0,0.0,980,2021-05-24,2025-04-28,2025-04-29,2025-04-29,4,2,76,d-no-vix,2
162,random_forest,1,0.75,1.0,1,1,0,1.0,0.0,980,2021-05-24,2025-04-28,2025-04-29,2025-04-29,4,2,76,d-no-vix,2
163,xgboost,1,0.85,1.0,1,1,0,1.0,0.0,980,2021-05-21,2025-04-25,2025-04-28,2025-04-28,4,2,76,d-no-vix,2
163,random_forest,1,0.6,1.0,1,1,0,1.0,0.0,980,2021-05-21,2025-04-25,2025-04-28,2025-04-28,4,2,76,d-no-vix,2
164,xgboost,1,0.15,0.0,1,1,0,1.0,0.0,980,2021-05-20,2025-04-24,2025-04-25,2025-04-25,4,2,76,d-no-vix,2
164,random_forest,1,0.45,0.0,1,1,0,1.0,0.0,980,2021-05-20,2025-04-24,2025-04-25,2025-04-25,4,2,76,d-no-vix,2
165,xgboost,1,0.1,0.0,1,1,0,1.0,0.0,980,2021-05-19,2025-04-23,2025-04-24,2025-04-24,4,2,76,d-no-vix,2
165,random_forest,1,0.45,0.0,1,1,0,1.0,0.0,980,2021-05-19,2025-04-23,2025-04-24,2025-04-24,4,2,76,d-no-vix,2
166,xgboost,1,0.4,0.0,1,1,0,1.0,0.0,980,2021-05-18,2025-04-22,2025-04-23,2025-04-23,4,2,76,d-no-vix,2
166,random_forest,1,0.6,1.0,1,1,0,1.0,0.0,980,2021-05-18,2025-04-22,2025-04-23,2025-04-23,4,2,76,d-no-vix,2
167,xgboost,1,1.0,1.0,1,1,0,1.0,0.0,980,2021-05-17,2025-04-21,2025-04-22,2025-04-22,4,2,76,d-no-vix,2
167,random_forest,1,0.7,1.0,1,1,0,1.0,0.0,980,2021-05-17,2025-04-21,2025-04-22,2025-04-22,4,2,76,d-no-vix,2
168,xgboost,1,1.0,1.0,1,1,0,1.0,0.0,980,2021-05-14,2025-04-17,2025-04-21,2025-04-21,4,2,76,d-no-vix,2
168,random_forest,1,0.6,1.0,1,1,0,1.0,0.0,980,2021-05-14,2025-04-17,2025-04-21,2025-04-21,4,2,76,d-no-vix,2
169,xgboost,1,0.3,0.0,1,1,0,1.0,0.0,980,2021-05-13,2025-04-16,2025-04-17,2025-04-17,4,2,76,d-no-vix,2
169,random_forest,1,0.35,0.0,1,1,0,1.0,0.0,980,2021-05-13,2025-04-16,2025-04-17,2025-04-17,4,2,76,d-no-vix,2
170,xgboost,1,0.8,0.0,1,0,1,0.0,1.0,980,2021-05-12,2025-04-15,2025-04-16,2025-04-16,4,2,76,d-no-vix,2
170,random_forest,1,0.55,0.0,1,0,1,0.0,1.0,980,2021-05-12,2025-04-15,2025-04-16,2025-04-16,4,2,76,d-no-vix,2
171,xgboost,1,0.0,1.0,1,0,1,0.0,1.0,980,2021-05-11,2025-04-14,2025-04-15,2025-04-15,4,2,76,d-no-vix,2
171,random_forest,1,0.3,1.0,1,0,1,0.0,1.0,980,2021-05-11,2025-04-14,2025-04-15,2025-04-15,4,2,76,d-no-vix,2
172,xgboost,1,0.35,1.0,1,0,1,0.0,1.0,980,2021-05-10,2025-04-11,2025-04-14,2025-04-14,4,2,76,d-no-vix,2
172,random_forest,1,0.55,0.0,1,0,1,0.0,1.0,980,2021-05-10,2025-04-11,2025-04-14,2025-04-14,4,2,76,d-no-vix,2
173,xgboost,1,0.7,1.0,1,1,0,1.0,0.0,980,2021-05-07,2025-04-10,2025-04-11,2025-04-11,4,2,76,d-no-vix,2
173,random_forest,1,0.55,1.0,1,1,0,1.0,0.0,980,2021-05-07,2025-04-10,2025-04-11,2025-04-11,4,2,76,d-no-vix,2
174,xgboost,1,0.8,1.0,1,1,0,1.0,0.0,980,2021-05-06,2025-04-09,2025-04-10,2025-04-10,4,2,76,d-no-vix,2
174,random_forest,1,0.5,1.0,1,1,0,1.0,0.0,980,2021-05-06,2025-04-09,2025-04-10,2025-04-10,4,2,76,d-no-vix,2
175,xgboost,1,1.0,0.0,1,0,1,0.0,1.0,980,2021-05-05,2025-04-08,2025-04-09,2025-04-09,4,2,76,d-no-vix,2
175,random_forest,1,0.5,0.0,1,0,1,0.0,1.0,980,2021-05-05,2025-04-08,2025-04-09,2025-04-09,4,2,76,d-no-vix,2
176,xgboost,1,0.65,1.0,1,1,0,1.0,0.0,980,2021-05-04,2025-04-07,2025-04-08,2025-04-08,4,2,76,d-no-vix,2
176,random_forest,1,0.55,1.0,1,1,0,1.0,0.0,980,2021-05-04,2025-04-07,2025-04-08,2025-04-08,4,2,76,d-no-vix,2
177,xgboost,1,0.9,1.0,1,1,0,1.0,0.0,980,2021-05-03,2025-04-04,2025-04-07,2025-04-07,4,2,76,d-no-vix,2
177,random_forest,1,0.4,0.0,1,1,0,1.0,0.0,980,2021-05-03,2025-04-04,2025-04-07,2025-04-07,4,2,76,d-no-vix,2
178,xgboost,1,0.15,1.0,1,0,1,0.0,1.0,980,2021-04-30,2025-04-03,2025-04-04,2025-04-04,4,2,76,d-no-vix,2
178,random_forest,1,0.5,1.0,1,0,1,0.0,1.0,980,2021-04-30,2025-04-03,2025-04-04,2025-04-04,4,2,76,d-no-vix,2
179,xgboost,1,0.0,1.0,1,0,1,0.0,1.0,980,2021-04-29,2025-04-02,2025-04-03,2025-04-03,4,2,76,d-no-vix,2
179,random_forest,1,0.5,1.0,1,0,1,0.0,1.0,980,2021-04-29,2025-04-02,2025-04-03,2025-04-03,4,2,76,d-no-vix,2
180,xgboost,1,0.6,0.0,1,0,1,0.0,1.0,980,2021-04-28,2025-04-01,2025-04-02,2025-04-02,4,2,76,d-no-vix,2
180,random_forest,1,0.45,1.0,1,0,1,0.0,1.0,980,2021-04-28,2025-04-01,2025-04-02,2025-04-02,4,2,76,d-no-vix,2
181,xgboost,1,0.8,0.0,1,0,1,0.0,1.0,980,2021-04-27,2025-03-31,2025-04-01,2025-04-01,4,2,76,d-no-vix,2
181,random_forest,1,0.5,0.0,1,0,1,0.0,1.0,980,2021-04-27,2025-03-31,2025-04-01,2025-04-01,4,2,76,d-no-vix,2
182,xgboost,1,0.4,0.0,1,1,0,1.0,0.0,980,2021-04-26,2025-03-28,2025-03-31,2025-03-31,4,2,76,d-no-vix,2
182,random_forest,1,0.5,1.0,1,1,0,1.0,0.0,980,2021-04-26,2025-03-28,2025-03-31,2025-03-31,4,2,76,d-no-vix,2
183,xgboost,1,0.45,0.0,1,1,0,1.0,0.0,980,2021-04-23,2025-03-27,2025-03-28,2025-03-28,4,2,76,d-no-vix,2
183,random_forest,1,0.5,1.0,1,1,0,1.0,0.0,980,2021-04-23,2025-03-27,2025-03-28,2025-03-28,4,2,76,d-no-vix,2
184,xgboost,1,0.1,1.0,1,0,1,0.0,1.0,980,2021-04-22,2025-03-26,2025-03-27,2025-03-27,4,2,76,d-no-vix,2
184,random_forest,1,0.35,1.0,1,0,1,0.0,1.0,980,2021-04-22,2025-03-26,2025-03-27,2025-03-27,4,2,76,d-no-vix,2
185,xgboost,1,0.45,1.0,1,0,1,0.0,1.0,980,2021-04-21,2025-03-25,2025-03-26,2025-03-26,4,2,76,d-no-vix,2
185,random_forest,1,0.45,1.0,1,0,1,0.0,1.0,980,2021-04-21,2025-03-25,2025-03-26,2025-03-26,4,2,76,d-no-vix,2
186,xgboost,1,0.85,0.0,1,0,1,0.0,1.0,980,2021-04-20,2025-03-24,2025-03-25,2025-03-25,4,2,76,d-no-vix,2
186,random_forest,1,0.45,1.0,1,0,1,0.0,1.0,980,2021-04-20,2025-03-24,2025-03-25,2025-03-25,4,2,76,d-no-vix,2
187,xgboost,1,0.55,0.0,1,0,1,0.0,1.0,980,2021-04-19,2025-03-21,2025-03-24,2025-03-24,4,2,76,d-no-vix,2
187,random_forest,1,0.6,0.0,1,0,1,0.0,1.0,980,2021-04-19,2025-03-21,2025-03-24,2025-03-24,4,2,76,d-no-vix,2
188,xgboost,1,0.65,1.0,1,1,0,1.0,0.0,980,2021-04-16,2025-03-20,2025-03-21,2025-03-21,4,2,76,d-no-vix,2
188,random_forest,1,0.55,1.0,1,1,0,1.0,0.0,980,2021-04-16,2025-03-20,2025-03-21,2025-03-21,4,2,76,d-no-vix,2
189,xgboost,1,0.85,1.0,1,1,0,1.0,0.0,980,2021-04-15,2025-03-19,2025-03-20,2025-03-20,4,2,76,d-no-vix,2
189,random_forest,1,0.5,0.0,1,1,0,1.0,0.0,980,2021-04-15,2025-03-19,2025-03-20,2025-03-20,4,2,76,d-no-vix,2
190,xgboost,1,0.7,0.0,1,0,1,0.0,1.0,980,2021-04-14,2025-03-18,2025-03-19,2025-03-19,4,2,76,d-no-vix,2
190,random_forest,1,0.55,0.0,1,0,1,0.0,1.0,980,2021-04-14,2025-03-18,2025-03-19,2025-03-19,4,2,76,d-no-vix,2
191,xgboost,1,0.8,1.0,1,1,0,1.0,0.0,980,2021-04-13,2025-03-17,2025-03-18,2025-03-18,4,2,76,d-no-vix,2
191,random_forest,1,0.4,0.0,1,1,0,1.0,0.0,980,2021-04-13,2025-03-17,2025-03-18,2025-03-18,4,2,76,d-no-vix,2
192,xgboost,1,0.25,1.0,1,0,1,0.0,1.0,980,2021-04-12,2025-03-14,2025-03-17,2025-03-17,4,2,76,d-no-vix,2
192,random_forest,1,0.35,1.0,1,0,1,0.0,1.0,980,2021-04-12,2025-03-14,2025-03-17,2025-03-17,4,2,76,d-no-vix,2
193,xgboost,1,0.8,0.0,1,0,1,0.0,1.0,980,2021-04-09,2025-03-13,2025-03-14,2025-03-14,4,2,76,d-no-vix,2
193,random_forest,1,0.65,0.0,1,0,1,0.0,1.0,980,2021-04-09,2025-03-13,2025-03-14,2025-03-14,4,2,76,d-no-vix,2
194,xgboost,1,0.95,1.0,1,1,0,1.0,0.0,980,2021-04-08,2025-03-12,2025-03-13,2025-03-13,4,2,76,d-no-vix,2
194,random_forest,1,0.55,1.0,1,1,0,1.0,0.0,980,2021-04-08,2025-03-12,2025-03-13,2025-03-13,4,2,76,d-no-vix,2
195,xgboost,1,0.05,0.0,1,1,0,1.0,0.0,980,2021-04-07,2025-03-11,2025-03-12,2025-03-12,4,2,76,d-no-vix,2
195,random_forest,1,0.3,0.0,1,1,0,1.0,0.0,980,2021-04-07,2025-03-11,2025-03-12,2025-03-12,4,2,76,d-no-vix,2
196,xgboost,1,0.15,1.0,1,0,1,0.0,1.0,980,2021-04-06,2025-03-10,2025-03-11,2025-03-11,4,2,76,d-no-vix,2
196,random_forest,1,0.45,1.0,1,0,1,0.0,1.0,980,2021-04-06,2025-03-10,2025-03-11,2025-03-11,4,2,76,d-no-vix,2
197,xgboost,1,0.0,0.0,1,1,0,1.0,0.0,980,2021-04-05,2025-03-07,2025-03-10,2025-03-10,4,2,76,d-no-vix,2
197,random_forest,1,0.3,0.0,1,1,0,1.0,0.0,980,2021-04-05,2025-03-07,2025-03-10,2025-03-10,4,2,76,d-no-vix,2
198,xgboost,1,0.0,1.0,1,0,1,0.0,1.0,980,2021-04-01,2025-03-06,2025-03-07,2025-03-07,4,2,76,d-no-vix,2
198,random_forest,1,0.3,1.0,1,0,1,0.0,1.0,980,2021-04-01,2025-03-06,2025-03-07,2025-03-07,4,2,76,d-no-vix,2
199,xgboost,1,0.1,1.0,1,0,1,0.0,1.0,980,2021-03-31,2025-03-05,2025-03-06,2025-03-06,4,2,76,d-no-vix,2
199,random_forest,1,0.35,1.0,1,0,1,0.0,1.0,980,2021-03-31,2025-03-05,2025-03-06,2025-03-06,4,2,76,d-no-vix,2
200,xgboost,1,0.15,1.0,1,0,1,0.0,1.0,980,2021-03-30,2025-03-04,2025-03-05,2025-03-05,4,2,76,d-no-vix,2
200,random_forest,1,0.4,1.0,1,0,1,0.0,1.0,980,2021-03-30,2025-03-04,2025-03-05,2025-03-05,4,2,76,d-no-vix,2
201,xgboost,1,0.9,0.0,1,0,1,0.0,1.0,980,2021-03-29,2025-03-03,2025-03-04,2025-03-04,4,2,76,d-no-vix,2
201,random_forest,1,0.6,0.0,1,0,1,0.0,1.0,980,2021-03-29,2025-03-03,2025-03-04,2025-03-04,4,2,76,d-no-vix,2
202,xgboost,1,0.0,0.0,1,1,0,1.0,0.0,980,2021-03-26,2025-02-28,2025-03-03,2025-03-03,4,2,76,d-no-vix,2
202,random_forest,1,0.25,0.0,1,1,0,1.0,0.0,980,2021-03-26,2025-02-28,2025-03-03,2025-03-03,4,2,76,d-no-vix,2
203,xgboost,1,0.1,1.0,1,0,1,0.0,1.0,980,2021-03-25,2025-02-27,2025-02-28,2025-02-28,4,2,76,d-no-vix,2
203,random_forest,1,0.45,1.0,1,0,1,0.0,1.0,980,2021-03-25,2025-02-27,2025-02-28,2025-02-28,4,2,76,d-no-vix,2
204,xgboost,1,0.35,1.0,1,0,1,0.0,1.0,980,2021-03-24,2025-02-26,2025-02-27,2025-02-27,4,2,76,d-no-vix,2
204,random_forest,1,0.45,1.0,1,0,1,0.0,1.0,980,2021-03-24,2025-02-26,2025-02-27,2025-02-27,4,2,76,d-no-vix,2
205,xgboost,1,0.0,1.0,1,0,1,0.0,1.0,980,2021-03-23,2025-02-25,2025-02-26,2025-02-26,4,2,76,d-no-vix,2
205,random_forest,1,0.3,1.0,1,0,1,0.0,1.0,980,2021-03-23,2025-02-25,2025-02-26,2025-02-26,4,2,76,d-no-vix,2
206,xgboost,1,0.1,1.0,1,0,1,0.0,1.0,980,2021-03-22,2025-02-24,2025-02-25,2025-02-25,4,2,76,d-no-vix,2
206,random_forest,1,0.45,1.0,1,0,1,0.0,1.0,980,2021-03-22,2025-02-24,2025-02-25,2025-02-25,4,2,76,d-no-vix,2
207,xgboost,1,0.05,1.0,1,0,1,0.0,1.0,980,2021-03-19,2025-02-21,2025-02-24,2025-02-24,4,2,76,d-no-vix,2
207,random_forest,1,0.5,1.0,1,0,1,0.0,1.0,980,2021-03-19,2025-02-21,2025-02-24,2025-02-24,4,2,76,d-no-vix,2
208,xgboost,1,0.95,0.0,1,0,1,0.0,1.0,980,2021-03-18,2025-02-20,2025-02-21,2025-02-21,4,2,76,d-no-vix,2
208,random_forest,1,0.55,0.0,1,0,1,0.0,1.0,980,2021-03-18,2025-02-20,2025-02-21,2025-02-21,4,2,76,d-no-vix,2
209,xgboost,1,0.1,1.0,1,0,1,0.0,1.0,980,2021-03-17,2025-02-19,2025-02-20,2025-02-20,4,2,76,d-no-vix,2
209,random_forest,1,0.5,1.0,1,0,1,0.0,1.0,980,2021-03-17,2025-02-19,2025-02-20,2025-02-20,4,2,76,d-no-vix,2
210,xgboost,1,0.35,1.0,1,0,1,0.0,1.0,980,2021-03-16,2025-02-18,2025-02-19,2025-02-19,4,2,76,d-no-vix,2
210,random_forest,1,0.45,1.0,1,0,1,0.0,1.0,980,2021-03-16,2025-02-18,2025-02-19,2025-02-19,4,2,76,d-no-vix,2
211,xgboost,1,1.0,0.0,1,0,1,0.0,1.0,980,2021-03-15,2025-02-14,2025-02-18,2025-02-18,4,2,76,d-no-vix,2
211,random_forest,1,0.7,0.0,1,0,1,0.0,1.0,980,2021-03-15,2025-02-14,2025-02-18,2025-02-18,4,2,76,d-no-vix,2
212,xgboost,1,1.0,1.0,1,1,0,1.0,0.0,980,2021-03-12,2025-02-13,2025-02-14,2025-02-14,4,2,76,d-no-vix,2
212,random_forest,1,0.7,1.0,1,1,0,1.0,0.0,980,2021-03-12,2025-02-13,2025-02-14,2025-02-14,4,2,76,d-no-vix,2
213,xgboost,1,1.0,1.0,1,1,0,1.0,0.0,980,2021-03-11,2025-02-12,2025-02-13,2025-02-13,4,2,76,d-no-vix,2
213,random_forest,1,0.65,1.0,1,1,0,1.0,0.0,980,2021-03-11,2025-02-12,2025-02-13,2025-02-13,4,2,76,d-no-vix,2
214,xgboost,1,0.8,1.0,1,1,0,1.0,0.0,980,2021-03-10,2025-02-11,2025-02-12,2025-02-12,4,2,76,d-no-vix,2
214,random_forest,1,0.6,1.0,1,1,0,1.0,0.0,980,2021-03-10,2025-02-11,2025-02-12,2025-02-12,4,2,76,d-no-vix,2
215,xgboost,1,0.45,0.0,1,1,0,1.0,0.0,980,2021-03-09,2025-02-10,2025-02-11,2025-02-11,4,2,76,d-no-vix,2
215,random_forest,1,0.4,0.0,1,1,0,1.0,0.0,980,2021-03-09,2025-02-10,2025-02-11,2025-02-11,4,2,76,d-no-vix,2
216,xgboost,1,0.8,0.0,1,0,1,0.0,1.0,980,2021-03-08,2025-02-07,2025-02-10,2025-02-10,4,2,76,d-no-vix,2
216,random_forest,1,0.5,1.0,1,0,1,0.0,1.0,980,2021-03-08,2025-02-07,2025-02-10,2025-02-10,4,2,76,d-no-vix,2
217,xgboost,1,0.4,0.0,1,1,0,1.0,0.0,980,2021-03-05,2025-02-06,2025-02-07,2025-02-07,4,2,76,d-no-vix,2
217,random_forest,1,0.55,1.0,1,1,0,1.0,0.0,980,2021-03-05,2025-02-06,2025-02-07,2025-02-07,4,2,76,d-no-vix,2
218,xgboost,1,0.65,0.0,1,0,1,0.0,1.0,980,2021-03-04,2025-02-05,2025-02-06,2025-02-06,4,2,76,d-no-vix,2
218,random_forest,1,0.4,1.0,1,0,1,0.0,1.0,980,2021-03-04,2025-02-05,2025-02-06,2025-02-06,4,2,76,d-no-vix,2
219,xgboost,1,0.7,0.0,1,0,1,0.0,1.0,980,2021-03-03,2025-02-04,2025-02-05,2025-02-05,4,2,76,d-no-vix,2
219,random_forest,1,0.6,0.0,1,0,1,0.0,1.0,980,2021-03-03,2025-02-04,2025-02-05,2025-02-05,4,2,76,d-no-vix,2
220,xgboost,1,1.0,1.0,1,1,0,1.0,0.0,980,2021-03-02,2025-02-03,2025-02-04,2025-02-04,4,2,76,d-no-vix,2
220,random_forest,1,0.65,1.0,1,1,0,1.0,0.0,980,2021-03-02,2025-02-03,2025-02-04,2025-02-04,4,2,76,d-no-vix,2
221,xgboost,1,0.9,1.0,1,1,0,1.0,0.0,980,2021-03-01,2025-01-31,2025-02-03,2025-02-03,4,2,76,d-no-vix,2
221,random_forest,1,0.6,1.0,1,1,0,1.0,0.0,980,2021-03-01,2025-01-31,2025-02-03,2025-02-03,4,2,76,d-no-vix,2
222,xgboost,1,0.5,0.0,1,1,0,1.0,0.0,980,2021-02-26,2025-01-30,2025-01-31,2025-01-31,4,2,76,d-no-vix,2
222,random_forest,1,0.55,1.0,1,1,0,1.0,0.0,980,2021-02-26,2025-01-30,2025-01-31,2025-01-31,4,2,76,d-no-vix,2
223,xgboost,1,1.0,0.0,1,0,1,0.0,1.0,980,2021-02-25,2025-01-29,2025-01-30,2025-01-30,4,2,76,d-no-vix,2
223,random_forest,1,0.7,0.0,1,0,1,0.0,1.0,980,2021-02-25,2025-01-29,2025-01-30,2025-01-30,4,2,76,d-no-vix,2
224,xgboost,1,1.0,1.0,1,1,0,1.0,0.0,980,2021-02-24,2025-01-28,2025-01-29,2025-01-29,4,2,76,d-no-vix,2
224,random_forest,1,0.65,1.0,1,1,0,1.0,0.0,980,2021-02-24,2025-01-28,2025-01-29,2025-01-29,4,2,76,d-no-vix,2
225,xgboost,1,0.2,0.0,1,1,0,1.0,0.0,980,2021-02-23,2025-01-27,2025-01-28,2025-01-28,4,2,76,d-no-vix,2
225,random_forest,1,0.55,1.0,1,1,0,1.0,0.0,980,2021-02-23,2025-01-27,2025-01-28,2025-01-28,4,2,76,d-no-vix,2
226,xgboost,1,0.25,0.0,1,1,0,1.0,0.0,980,2021-02-22,2025-01-24,2025-01-27,2025-01-27,4,2,76,d-no-vix,2
226,random_forest,1,0.5,1.0,1,1,0,1.0,0.0,980,2021-02-22,2025-01-24,2025-01-27,2025-01-27,4,2,76,d-no-vix,2
227,xgboost,1,0.0,1.0,1,0,1,0.0,1.0,980,2021-02-19,2025-01-23,2025-01-24,2025-01-24,4,2,76,d-no-vix,2
227,random_forest,1,0.4,1.0,1,0,1,0.0,1.0,980,2021-02-19,2025-01-23,2025-01-24,2025-01-24,4,2,76,d-no-vix,2
228,xgboost,1,0.5,1.0,1,0,1,0.0,1.0,980,2021-02-18,2025-01-22,2025-01-23,2025-01-23,4,2,76,d-no-vix,2
228,random_forest,1,0.45,1.0,1,0,1,0.0,1.0,980,2021-02-18,2025-01-22,2025-01-23,2025-01-23,4,2,76,d-no-vix,2
1,xgboost,1,1.0,1.0,1,1,0,1.0,0.0,1470,2020-01-30,2025-12-18,2025-12-19,2025-12-19,6,2,76,d-no-vix,2
1,random_forest,1,0.65,1.0,1,1,0,1.0,0.0,1470,2020-01-30,2025-12-18,2025-12-19,2025-12-19,6,2,76,d-no-vix,2
2,xgboost,1,0.85,1.0,1,1,0,1.0,0.0,1470,2020-01-29,2025-12-17,2025-12-18,2025-12-18,6,2,76,d-no-vix,2
2,random_forest,1,0.5,0.0,1,1,0,1.0,0.0,1470,2020-01-29,2025-12-17,2025-12-18,2025-12-18,6,2,76,d-no-vix,2
3,xgboost,1,0.05,0.0,1,1,0,1.0,0.0,1470,2020-01-28,2025-12-16,2025-12-17,2025-12-17,6,2,76,d-no-vix,2
3,random_forest,1,0.4,0.0,1,1,0,1.0,0.0,1470,2020-01-28,2025-12-16,2025-12-17,2025-12-17,6,2,76,d-no-vix,2
4,xgboost,1,0.95,0.0,1,0,1,0.0,1.0,1470,2020-01-27,2025-12-15,2025-12-16,2025-12-16,6,2,76,d-no-vix,2
4,random_forest,1,0.4,1.0,1,0,1,0.0,1.0,1470,2020-01-27,2025-12-15,2025-12-16,2025-12-16,6,2,76,d-no-vix,2
5,xgboost,1,0.55,0.0,1,0,1,0.0,1.0,1470,2020-01-24,2025-12-12,2025-12-15,2025-12-15,6,2,76,d-no-vix,2
5,random_forest,1,0.45,1.0,1,0,1,0.0,1.0,1470,2020-01-24,2025-12-12,2025-12-15,2025-12-15,6,2,76,d-no-vix,2
6,xgboost,1,0.2,1.0,1,0,1,0.0,1.0,1470,2020-01-23,2025-12-11,2025-12-12,2025-12-12,6,2,76,d-no-vix,2
6,random_forest,1,0.5,0.0,1,0,1,0.0,1.0,1470,2020-01-23,2025-12-11,2025-12-12,2025-12-12,6,2,76,d-no-vix,2
7,xgboost,1,1.0,0.0,1,0,1,0.0,1.0,1470,2020-01-22,2025-12-10,2025-12-11,2025-12-11,6,2,76,d-no-vix,2
7,random_forest,1,0.7,0.0,1,0,1,0.0,1.0,1470,2020-01-22,2025-12-10,2025-12-11,2025-12-11,6,2,76,d-no-vix,2
8,xgboost,1,1.0,0.0,1,0,1,0.0,1.0,1470,2020-01-21,2025-12-09,2025-12-10,2025-12-10,6,2,76,d-no-vix,2
8,random_forest,1,0.65,0.0,1,0,1,0.0,1.0,1470,2020-01-21,2025-12-09,2025-12-10,2025-12-10,6,2,76,d-no-vix,2
9,xgboost,1,0.95,1.0,1,1,0,1.0,0.0,1470,2020-01-17,2025-12-08,2025-12-09,2025-12-09,6,2,76,d-no-vix,2
9,random_forest,1,0.75,1.0,1,1,0,1.0,0.0,1470,2020-01-17,2025-12-08,2025-12-09,2025-12-09,6,2,76,d-no-vix,2
10,xgboost,1,0.75,1.0,1,1,0,1.0,0.0,1470,2020-01-16,2025-12-05,2025-12-08,2025-12-08,6,2,76,d-no-vix,2
10,random_forest,1,0.7,1.0,1,1,0,1.0,0.0,1470,2020-01-16,2025-12-05,2025-12-08,2025-12-08,6,2,76,d-no-vix,2
11,xgboost,1,1.0,0.0,1,0,1,0.0,1.0,1470,2020-01-15,2025-12-04,2025-12-05,2025-12-05,6,2,76,d-no-vix,2
11,random_forest,1,0.8,0.0,1,0,1,0.0,1.0,1470,2020-01-15,2025-12-04,2025-12-05,2025-12-05,6,2,76,d-no-vix,2
12,xgboost,1,0.9,1.0,1,1,0,1.0,0.0,1470,2020-01-14,2025-12-03,2025-12-04,2025-12-04,6,2,76,d-no-vix,2
12,random_forest,1,0.8,1.0,1,1,0,1.0,0.0,1470,2020-01-14,2025-12-03,2025-12-04,2025-12-04,6,2,76,d-no-vix,2
13,xgboost,1,1.0,1.0,1,1,0,1.0,0.0,1470,2020-01-13,2025-12-02,2025-12-03,2025-12-03,6,2,76,d-no-vix,2
13,random_forest,1,0.7,1.0,1,1,0,1.0,0.0,1470,2020-01-13,2025-12-02,2025-12-03,2025-12-03,6,2,76,d-no-vix,2
14,xgboost,1,0.75,1.0,1,1,0,1.0,0.0,1470,2020-01-10,2025-12-01,2025-12-02,2025-12-02,6,2,76,d-no-vix,2
14,random_forest,1,0.65,1.0,1,1,0,1.0,0.0,1470,2020-01-10,2025-12-01,2025-12-02,2025-12-02,6,2,76,d-no-vix,2
15,xgboost,1,0.95,1.0,1,1,0,1.0,0.0,1470,2020-01-09,2025-11-26,2025-12-01,2025-12-01,6,2,76,d-no-vix,2
15,random_forest,1,0.6,1.0,1,1,0,1.0,0.0,1470,2020-01-09,2025-11-26,2025-12-01,2025-12-01,6,2,76,d-no-vix,2
16,xgboost,1,0.4,0.0,1,1,0,1.0,0.0,1470,2020-01-08,2025-11-25,2025-11-26,2025-11-26,6,2,76,d-no-vix,2
16,random_forest,1,0.5,1.0,1,1,0,1.0,0.0,1470,2020-01-08,2025-11-25,2025-11-26,2025-11-26,6,2,76,d-no-vix,2
17,xgboost,1,0.8,1.0,1,1,0,1.0,0.0,1470,2020-01-07,2025-11-24,2025-11-25,2025-11-25,6,2,76,d-no-vix,2
17,random_forest,1,0.55,1.0,1,1,0,1.0,0.0,1470,2020-01-07,2025-11-24,2025-11-25,2025-11-25,6,2,76,d-no-vix,2
18,xgboost,1,0.2,0.0,1,1,0,1.0,0.0,1470,2020-01-06,2025-11-21,2025-11-24,2025-11-24,6,2,76,d-no-vix,2
18,random_forest,1,0.45,0.0,1,1,0,1.0,0.0,1470,2020-01-06,2025-11-21,2025-11-24,2025-11-24,6,2,76,d-no-vix,2
19,xgboost,1,0.85,1.0,1,1,0,1.0,0.0,1470,2020-01-03,2025-11-20,2025-11-21,2025-11-21,6,2,76,d-no-vix,2
19,random_forest,1,0.6,1.0,1,1,0,1.0,0.0,1470,2020-01-03,2025-11-20,2025-11-21,2025-11-21,6,2,76,d-no-vix,2
20,xgboost,1,0.3,0.0,1,1,0,1.0,0.0,1470,2020-01-02,2025-11-19,2025-11-20,2025-11-20,6,2,76,d-no-vix,2
20,random_forest,1,0.45,0.0,1,1,0,1.0,0.0,1470,2020-01-02,2025-11-19,2025-11-20,2025-11-20,6,2,76,d-no-vix,2
21,xgboost,1,0.0,1.0,1,0,1,0.0,1.0,1470,2019-12-31,2025-11-18,2025-11-19,2025-11-19,6,2,76,d-no-vix,2
21,random_forest,1,0.3,1.0,1,0,1,0.0,1.0,1470,2019-12-31,2025-11-18,2025-11-19,2025-11-19,6,2,76,d-no-vix,2
22,xgboost,1,0.3,1.0,1,0,1,0.0,1.0,1470,2019-12-30,2025-11-17,2025-11-18,2025-11-18,6,2,76,d-no-vix,2
22,random_forest,1,0.4,1.0,1,0,1,0.0,1.0,1470,2019-12-30,2025-11-17,2025-11-18,2025-11-18,6,2,76,d-no-vix,2
23,xgboost,1,0.2,1.0,1,0,1,0.0,1.0,1470,2019-12-27,2025-11-14,2025-11-17,2025-11-17,6,2,76,d-no-vix,2
23,random_forest,1,0.35,1.0,1,0,1,0.0,1.0,1470,2019-12-27,2025-11-14,2025-11-17,2025-11-17,6,2,76,d-no-vix,2
24,xgboost,1,0.0,1.0,1,0,1,0.0,1.0,1470,2019-12-26,2025-11-13,2025-11-14,2025-11-14,6,2,76,d-no-vix,2
24,random_forest,1,0.35,1.0,1,0,1,0.0,1.0,1470,2019-12-26,2025-11-13,2025-11-14,2025-11-14,6,2,76,d-no-vix,2
25,xgboost,1,0.1,1.0,1,0,1,0.0,1.0,1470,2019-12-23,2025-11-12,2025-11-13,2025-11-13,6,2,76,d-no-vix,2
25,random_forest,1,0.5,1.0,1,0,1,0.0,1.0,1470,2019-12-23,2025-11-12,2025-11-13,2025-11-13,6,2,76,d-no-vix,2
26,xgboost,1,0.1,1.0,1,0,1,0.0,1.0,1470,2019-12-20,2025-11-11,2025-11-12,2025-11-12,6,2,76,d-no-vix,2
26,random_forest,1,0.35,1.0,1,0,1,0.0,1.0,1470,2019-12-20,2025-11-11,2025-11-12,2025-11-12,6,2,76,d-no-vix,2
27,xgboost,1,0.65,0.0,1,0,1,0.0,1.0,1470,2019-12-19,2025-11-10,2025-11-11,2025-11-11,6,2,76,d-no-vix,2
27,random_forest,1,0.4,1.0,1,0,1,0.0,1.0,1470,2019-12-19,2025-11-10,2025-11-11,2025-11-11,6,2,76,d-no-vix,2
28,xgboost,1,0.65,0.0,1,0,1,0.0,1.0,1470,2019-12-18,2025-11-07,2025-11-10,2025-11-10,6,2,76,d-no-vix,2
28,random_forest,1,0.55,0.0,1,0,1,0.0,1.0,1470,2019-12-18,2025-11-07,2025-11-10,2025-11-10,6,2,76,d-no-vix,2
29,xgboost,1,1.0,1.0,1,1,0,1.0,0.0,1470,2019-12-17,2025-11-06,2025-11-07,2025-11-07,6,2,76,d-no-vix,2
29,random_forest,1,0.6,1.0,1,1,0,1.0,0.0,1470,2019-12-17,2025-11-06,2025-11-07,2025-11-07,6,2,76,d-no-vix,2
30,xgboost,1,0.1,0.0,1,1,0,1.0,0.0,1470,2019-12-16,2025-11-05,2025-11-06,2025-11-06,6,2,76,d-no-vix,2
30,random_forest,1,0.45,0.0,1,1,0,1.0,0.0,1470,2019-12-16,2025-11-05,2025-11-06,2025-11-06,6,2,76,d-no-vix,2
31,xgboost,1,0.15,1.0,1,0,1,0.0,1.0,1470,2019-12-13,2025-11-04,2025-11-05,2025-11-05,6,2,76,d-no-vix,2
31,random_forest,1,0.4,1.0,1,0,1,0.0,1.0,1470,2019-12-13,2025-11-04,2025-11-05,2025-11-05,6,2,76,d-no-vix,2
32,xgboost,1,0.65,0.0,1,0,1,0.0,1.0,1470,2019-12-12,2025-11-03,2025-11-04,2025-11-04,6,2,76,d-no-vix,2
32,random_forest,1,0.6,0.0,1,0,1,0.0,1.0,1470,2019-12-12,2025-11-03,2025-11-04,2025-11-04,6,2,76,d-no-vix,2
33,xgboost,1,0.2,1.0,1,0,1,0.0,1.0,1470,2019-12-11,2025-10-31,2025-11-03,2025-11-03,6,2,76,d-no-vix,2
33,random_forest,1,0.45,1.0,1,0,1,0.0,1.0,1470,2019-12-11,2025-10-31,2025-11-03,2025-11-03,6,2,76,d-no-vix,2
34,xgboost,1,0.45,1.0,1,0,1,0.0,1.0,1470,2019-12-10,2025-10-30,2025-10-31,2025-10-31,6,2,76,d-no-vix,2
34,random_forest,1,0.5,1.0,1,0,1,0.0,1.0,1470,2019-12-10,2025-10-30,2025-10-31,2025-10-31,6,2,76,d-no-vix,2
35,xgboost,1,0.45,0.0,1,1,0,1.0,0.0,1470,2019-12-09,2025-10-29,2025-10-30,2025-10-30,6,2,76,d-no-vix,2
35,random_forest,1,0.5,0.0,1,1,0,1.0,0.0,1470,2019-12-09,2025-10-29,2025-10-30,2025-10-30,6,2,76,d-no-vix,2
36,xgboost,1,0.05,1.0,1,0,1,0.0,1.0,1470,2019-12-06,2025-10-28,2025-10-29,2025-10-29,6,2,76,d-no-vix,2
36,random_forest,1,0.45,1.0,1,0,1,0.0,1.0,1470,2019-12-06,2025-10-28,2025-10-29,2025-10-29,6,2,76,d-no-vix,2
37,xgboost,1,0.5,0.0,1,0,1,0.0,1.0,1470,2019-12-05,2025-10-27,2025-10-28,2025-10-28,6,2,76,d-no-vix,2
37,random_forest,1,0.6,0.0,1,0,1,0.0,1.0,1470,2019-12-05,2025-10-27,2025-10-28,2025-10-28,6,2,76,d-no-vix,2
38,xgboost,1,0.95,1.0,1,1,0,1.0,0.0,1470,2019-12-04,2025-10-24,2025-10-27,2025-10-27,6,2,76,d-no-vix,2
38,random_forest,1,0.6,1.0,1,1,0,1.0,0.0,1470,2019-12-04,2025-10-24,2025-10-27,2025-10-27,6,2,76,d-no-vix,2
39,xgboost,1,1.0,1.0,1,1,0,1.0,0.0,1470,2019-12-03,2025-10-23,2025-10-24,2025-10-24,6,2,76,d-no-vix,2
39,random_forest,1,0.55,1.0,1,1,0,1.0,0.0,1470,2019-12-03,2025-10-23,2025-10-24,2025-10-24,6,2,76,d-no-vix,2
40,xgboost,1,0.15,0.0,1,1,0,1.0,0.0,1470,2019-12-02,2025-10-22,2025-10-23,2025-10-23,6,2,76,d-no-vix,2
40,random_forest,1,0.4,0.0,1,1,0,1.0,0.0,1470,2019-12-02,2025-10-22,2025-10-23,2025-10-23,6,2,76,d-no-vix,2
41,xgboost,1,0.1,0.0,1,1,0,1.0,0.0,1470,2019-11-27,2025-10-21,2025-10-22,2025-10-22,6,2,76,d-no-vix,2
41,random_forest,1,0.5,0.0,1,1,0,1.0,0.0,1470,2019-11-27,2025-10-21,2025-10-22,2025-10-22,6,2,76,d-no-vix,2
42,xgboost,1,0.1,1.0,1,0,1,0.0,1.0,1470,2019-11-26,2025-10-20,2025-10-21,2025-10-21,6,2,76,d-no-vix,2
42,random_forest,1,0.45,1.0,1,0,1,0.0,1.0,1470,2019-11-26,2025-10-20,2025-10-21,2025-10-21,6,2,76,d-no-vix,2
43,xgboost,1,0.8,0.0,1,0,1,0.0,1.0,1470,2019-11-25,2025-10-17,2025-10-20,2025-10-20,6,2,76,d-no-vix,2
43,random_forest,1,0.65,0.0,1,0,1,0.0,1.0,1470,2019-11-25,2025-10-17,2025-10-20,2025-10-20,6,2,76,d-no-vix,2
44,xgboost,1,1.0,1.0,1,1,0,1.0,0.0,1470,2019-11-22,2025-10-16,2025-10-17,2025-10-17,6,2,76,d-no-vix,2
44,random_forest,1,0.75,1.0,1,1,0,1.0,0.0,1470,2019-11-22,2025-10-16,2025-10-17,2025-10-17,6,2,76,d-no-vix,2
45,xgboost,1,0.95,1.0,1,1,0,1.0,0.0,1470,2019-11-21,2025-10-15,2025-10-16,2025-10-16,6,2,76,d-no-vix,2
45,random_forest,1,0.7,1.0,1,1,0,1.0,0.0,1470,2019-11-21,2025-10-15,2025-10-16,2025-10-16,6,2,76,d-no-vix,2
46,xgboost,1,1.0,1.0,1,1,0,1.0,0.0,1470,2019-11-20,2025-10-14,2025-10-15,2025-10-15,6,2,76,d-no-vix,2
46,random_forest,1,0.75,1.0,1,1,0,1.0,0.0,1470,2019-11-20,2025-10-14,2025-10-15,2025-10-15,6,2,76,d-no-vix,2
47,xgboost,1,1.0,1.0,1,1,0,1.0,0.0,1470,2019-11-19,2025-10-13,2025-10-14,2025-10-14,6,2,76,d-no-vix,2
47,random_forest,1,0.7,1.0,1,1,0,1.0,0.0,1470,2019-11-19,2025-10-13,2025-10-14,2025-10-14,6,2,76,d-no-vix,2
48,xgboost,1,0.95,1.0,1,1,0,1.0,0.0,1470,2019-11-18,2025-10-10,2025-10-13,2025-10-13,6,2,76,d-no-vix,2
48,random_forest,1,0.65,1.0,1,1,0,1.0,0.0,1470,2019-11-18,2025-10-10,2025-10-13,2025-10-13,6,2,76,d-no-vix,2
49,xgboost,1,0.6,1.0,1,1,0,1.0,0.0,1470,2019-11-15,2025-10-09,2025-10-10,2025-10-10,6,2,76,d-no-vix,2
49,random_forest,1,0.5,1.0,1,1,0,1.0,0.0,1470,2019-11-15,2025-10-09,2025-10-10,2025-10-10,6,2,76,d-no-vix,2
50,xgboost,1,0.45,1.0,1,0,1,0.0,1.0,1470,2019-11-14,2025-10-08,2025-10-09,2025-10-09,6,2,76,d-no-vix,2
50,random_forest,1,0.5,0.0,1,0,1,0.0,1.0,1470,2019-11-14,2025-10-08,2025-10-09,2025-10-09,6,2,76,d-no-vix,2
51,xgboost,1,0.8,0.0,1,0,1,0.0,1.0,1470,2019-11-13,2025-10-07,2025-10-08,2025-10-08,6,2,76,d-no-vix,2
51,random_forest,1,0.75,0.0,1,0,1,0.0,1.0,1470,2019-11-13,2025-10-07,2025-10-08,2025-10-08,6,2,76,d-no-vix,2
52,xgboost,1,0.95,1.0,1,1,0,1.0,0.0,1470,2019-11-12,2025-10-06,2025-10-07,2025-10-07,6,2,76,d-no-vix,2
52,random_forest,1,0.65,1.0,1,1,0,1.0,0.0,1470,2019-11-12,2025-10-06,2025-10-07,2025-10-07,6,2,76,d-no-vix,2
53,xgboost,1,0.95,1.0,1,1,0,1.0,0.0,1470,2019-11-11,2025-10-03,2025-10-06,2025-10-06,6,2,76,d-no-vix,2
53,random_forest,1,0.7,1.0,1,1,0,1.0,0.0,1470,2019-11-11,2025-10-03,2025-10-06,2025-10-06,6,2,76,d-no-vix,2
54,xgboost,1,0.85,1.0,1,1,0,1.0,0.0,1470,2019-11-08,2025-10-02,2025-10-03,2025-10-03,6,2,76,d-no-vix,2
54,random_forest,1,0.55,1.0,1,1,0,1.0,0.0,1470,2019-11-08,2025-10-02,2025-10-03,2025-10-03,6,2,76,d-no-vix,2
55,xgboost,1,0.1,0.0,1,1,0,1.0,0.0,1470,2019-11-07,2025-10-01,2025-10-02,2025-10-02,6,2,76,d-no-vix,2
55,random_forest,1,0.4,0.0,1,1,0,1.0,0.0,1470,2019-11-07,2025-10-01,2025-10-02,2025-10-02,6,2,76,d-no-vix,2
56,xgboost,1,0.2,1.0,1,0,1,0.0,1.0,1470,2019-11-06,2025-09-30,2025-10-01,2025-10-01,6,2,76,d-no-vix,2
56,random_forest,1,0.6,0.0,1,0,1,0.0,1.0,1470,2019-11-06,2025-09-30,2025-10-01,2025-10-01,6,2,76,d-no-vix,2
57,xgboost,1,0.95,1.0,1,1,0,1.0,0.0,1470,2019-11-05,2025-09-29,2025-09-30,2025-09-30,6,2,76,d-no-vix,2
57,random_forest,1,0.65,1.0,1,1,0,1.0,0.0,1470,2019-11-05,2025-09-29,2025-09-30,2025-09-30,6,2,76,d-no-vix,2
58,xgboost,1,0.75,1.0,1,1,0,1.0,0.0,1470,2019-11-04,2025-09-26,2025-09-29,2025-09-29,6,2,76,d-no-vix,2
58,random_forest,1,0.65,1.0,1,1,0,1.0,0.0,1470,2019-11-04,2025-09-26,2025-09-29,2025-09-29,6,2,76,d-no-vix,2
59,xgboost,1,0.0,0.0,1,1,0,1.0,0.0,1470,2019-11-01,2025-09-25,2025-09-26,2025-09-26,6,2,76,d-no-vix,2
59,random_forest,1,0.5,0.0,1,1,0,1.0,0.0,1470,2019-11-01,2025-09-25,2025-09-26,2025-09-26,6,2,76,d-no-vix,2
60,xgboost,1,0.05,0.0,1,1,0,1.0,0.0,1470,2019-10-31,2025-09-24,2025-09-25,2025-09-25,6,2,76,d-no-vix,2
60,random_forest,1,0.4,0.0,1,1,0,1.0,0.0,1470,2019-10-31,2025-09-24,2025-09-25,2025-09-25,6,2,76,d-no-vix,2
61,xgboost,1,1.0,0.0,1,0,1,0.0,1.0,1470,2019-10-30,2025-09-23,2025-09-24,2025-09-24,6,2,76,d-no-vix,2
61,random_forest,1,0.5,0.0,1,0,1,0.0,1.0,1470,2019-10-30,2025-09-23,2025-09-24,2025-09-24,6,2,76,d-no-vix,2
62,xgboost,1,0.7,0.0,1,0,1,0.0,1.0,1470,2019-10-29,2025-09-22,2025-09-23,2025-09-23,6,2,76,d-no-vix,2
62,random_forest,1,0.5,0.0,1,0,1,0.0,1.0,1470,2019-10-29,2025-09-22,2025-09-23,2025-09-23,6,2,76,d-no-vix,2
63,xgboost,1,0.05,1.0,1,0,1,0.0,1.0,1470,2019-10-28,2025-09-19,2025-09-22,2025-09-22,6,2,76,d-no-vix,2
63,random_forest,1,0.4,1.0,1,0,1,0.0,1.0,1470,2019-10-28,2025-09-19,2025-09-22,2025-09-22,6,2,76,d-no-vix,2
64,xgboost,1,0.8,0.0,1,0,1,0.0,1.0,1470,2019-10-25,2025-09-18,2025-09-19,2025-09-19,6,2,76,d-no-vix,2
64,random_forest,1,0.7,0.0,1,0,1,0.0,1.0,1470,2019-10-25,2025-09-18,2025-09-19,2025-09-19,6,2,76,d-no-vix,2
65,xgboost,1,1.0,1.0,1,1,0,1.0,0.0,1470,2019-10-24,2025-09-17,2025-09-18,2025-09-18,6,2,76,d-no-vix,2
65,random_forest,1,0.75,1.0,1,1,0,1.0,0.0,1470,2019-10-24,2025-09-17,2025-09-18,2025-09-18,6,2,76,d-no-vix,2
66,xgboost,1,1.0,1.0,1,1,0,1.0,0.0,1470,2019-10-23,2025-09-16,2025-09-17,2025-09-17,6,2,76,d-no-vix,2
66,random_forest,1,0.65,1.0,1,1,0,1.0,0.0,1470,2019-10-23,2025-09-16,2025-09-17,2025-09-17,6,2,76,d-no-vix,2
67,xgboost,1,0.75,1.0,1,1,0,1.0,0.0,1470,2019-10-22,2025-09-15,2025-09-16,2025-09-16,6,2,76,d-no-vix,2
67,random_forest,1,0.55,1.0,1,1,0,1.0,0.0,1470,2019-10-22,2025-09-15,2025-09-16,2025-09-16,6,2,76,d-no-vix,2
68,xgboost,1,0.9,0.0,1,0,1,0.0,1.0,1470,2019-10-21,2025-09-12,2025-09-15,2025-09-15,6,2,76,d-no-vix,2
68,random_forest,1,0.65,0.0,1,0,1,0.0,1.0,1470,2019-10-21,2025-09-12,2025-09-15,2025-09-15,6,2,76,d-no-vix,2
69,xgboost,1,0.95,1.0,1,1,0,1.0,0.0,1470,2019-10-18,2025-09-11,2025-09-12,2025-09-12,6,2,76,d-no-vix,2
69,random_forest,1,0.7,1.0,1,1,0,1.0,0.0,1470,2019-10-18,2025-09-11,2025-09-12,2025-09-12,6,2,76,d-no-vix,2
70,xgboost,1,0.2,0.0,1,1,0,1.0,0.0,1470,2019-10-17,2025-09-10,2025-09-11,2025-09-11,6,2,76,d-no-vix,2
70,random_forest,1,0.65,1.0,1,1,0,1.0,0.0,1470,2019-10-17,2025-09-10,2025-09-11,2025-09-11,6,2,76,d-no-vix,2
71,xgboost,1,0.85,1.0,1,1,0,1.0,0.0,1470,2019-10-16,2025-09-09,2025-09-10,2025-09-10,6,2,76,d-no-vix,2
71,random_forest,1,0.7,1.0,1,1,0,1.0,0.0,1470,2019-10-16,2025-09-09,2025-09-10,2025-09-10,6,2,76,d-no-vix,2
72,xgboost,1,1.0,1.0,1,1,0,1.0,0.0,1470,2019-10-15,2025-09-08,2025-09-09,2025-09-09,6,2,76,d-no-vix,2
72,random_forest,1,0.7,1.0,1,1,0,1.0,0.0,1470,2019-10-15,2025-09-08,2025-09-09,2025-09-09,6,2,76,d-no-vix,2
73,xgboost,1,1.0,1.0,1,1,0,1.0,0.0,1470,2019-10-14,2025-09-05,2025-09-08,2025-09-08,6,2,76,d-no-vix,2
73,random_forest,1,0.7,1.0,1,1,0,1.0,0.0,1470,2019-10-14,2025-09-05,2025-09-08,2025-09-08,6,2,76,d-no-vix,2
74,xgboost,1,0.9,1.0,1,1,0,1.0,0.0,1470,2019-10-11,2025-09-04,2025-09-05,2025-09-05,6,2,76,d-no-vix,2
74,random_forest,1,0.6,1.0,1,1,0,1.0,0.0,1470,2019-10-11,2025-09-04,2025-09-05,2025-09-05,6,2,76,d-no-vix,2
75,xgboost,1,1.0,1.0,1,1,0,1.0,0.0,1470,2019-10-10,2025-09-03,2025-09-04,2025-09-04,6,2,76,d-no-vix,2
75,random_forest,1,0.55,1.0,1,1,0,1.0,0.0,1470,2019-10-10,2025-09-03,2025-09-04,2025-09-04,6,2,76,d-no-vix,2
76,xgboost,1,0.8,1.0,1,1,0,1.0,0.0,1470,2019-10-09,2025-09-02,2025-09-03,2025-09-03,6,2,76,d-no-vix,2
76,random_forest,1,0.45,0.0,1,1,0,1.0,0.0,1470,2019-10-09,2025-09-02,2025-09-03,2025-09-03,6,2,76,d-no-vix,2
77,xgboost,1,0.3,0.0,1,1,0,1.0,0.0,1470,2019-10-08,2025-08-29,2025-09-02,2025-09-02,6,2,76,d-no-vix,2
77,random_forest,1,0.45,0.0,1,1,0,1.0,0.0,1470,2019-10-08,2025-08-29,2025-09-02,2025-09-02,6,2,76,d-no-vix,2
78,xgboost,1,0.25,1.0,1,0,1,0.0,1.0,1470,2019-10-07,2025-08-28,2025-08-29,2025-08-29,6,2,76,d-no-vix,2
78,random_forest,1,0.5,1.0,1,0,1,0.0,1.0,1470,2019-10-07,2025-08-28,2025-08-29,2025-08-29,6,2,76,d-no-vix,2
79,xgboost,1,0.05,1.0,1,0,1,0.0,1.0,1470,2019-10-04,2025-08-27,2025-08-28,2025-08-28,6,2,76,d-no-vix,2
79,random_forest,1,0.45,1.0,1,0,1,0.0,1.0,1470,2019-10-04,2025-08-27,2025-08-28,2025-08-28,6,2,76,d-no-vix,2
80,xgboost,1,1.0,0.0,1,0,1,0.0,1.0,1470,2019-10-03,2025-08-26,2025-08-27,2025-08-27,6,2,76,d-no-vix,2
80,random_forest,1,0.65,0.0,1,0,1,0.0,1.0,1470,2019-10-03,2025-08-26,2025-08-27,2025-08-27,6,2,76,d-no-vix,2
81,xgboost,1,1.0,1.0,1,1,0,1.0,0.0,1470,2019-10-02,2025-08-25,2025-08-26,2025-08-26,6,2,76,d-no-vix,2
81,random_forest,1,0.65,1.0,1,1,0,1.0,0.0,1470,2019-10-02,2025-08-25,2025-08-26,2025-08-26,6,2,76,d-no-vix,2
82,xgboost,1,1.0,1.0,1,1,0,1.0,0.0,1470,2019-10-01,2025-08-22,2025-08-25,2025-08-25,6,2,76,d-no-vix,2
82,random_forest,1,0.6,1.0,1,1,0,1.0,0.0,1470,2019-10-01,2025-08-22,2025-08-25,2025-08-25,6,2,76,d-no-vix,2
83,xgboost,1,0.8,1.0,1,1,0,1.0,0.0,1470,2019-09-30,2025-08-21,2025-08-22,2025-08-22,6,2,76,d-no-vix,2
83,random_forest,1,0.6,1.0,1,1,0,1.0,0.0,1470,2019-09-30,2025-08-21,2025-08-22,2025-08-22,6,2,76,d-no-vix,2
84,xgboost,1,1.0,1.0,1,1,0,1.0,0.0,1470,2019-09-27,2025-08-20,2025-08-21,2025-08-21,6,2,76,d-no-vix,2
84,random_forest,1,0.75,1.0,1,1,0,1.0,0.0,1470,2019-09-27,2025-08-20,2025-08-21,2025-08-21,6,2,76,d-no-vix,2
85,xgboost,1,0.85,1.0,1,1,0,1.0,0.0,1470,2019-09-26,2025-08-19,2025-08-20,2025-08-20,6,2,76,d-no-vix,2
85,random_forest,1,0.65,1.0,1,1,0,1.0,0.0,1470,2019-09-26,2025-08-19,2025-08-20,2025-08-20,6,2,76,d-no-vix,2
86,xgboost,1,0.3,1.0,1,0,1,0.0,1.0,1470,2019-09-25,2025-08-18,2025-08-19,2025-08-19,6,2,76,d-no-vix,2
86,random_forest,1,0.55,0.0,1,0,1,0.0,1.0,1470,2019-09-25,2025-08-18,2025-08-19,2025-08-19,6,2,76,d-no-vix,2
87,xgboost,1,0.1,1.0,1,0,1,0.0,1.0,1470,2019-09-24,2025-08-15,2025-08-18,2025-08-18,6,2,76,d-no-vix,2
87,random_forest,1,0.5,0.0,1,0,1,0.0,1.0,1470,2019-09-24,2025-08-15,2025-08-18,2025-08-18,6,2,76,d-no-vix,2
88,xgboost,1,0.75,0.0,1,0,1,0.0,1.0,1470,2019-09-23,2025-08-14,2025-08-15,2025-08-15,6,2,76,d-no-vix,2
88,random_forest,1,0.55,0.0,1,0,1,0.0,1.0,1470,2019-09-23,2025-08-14,2025-08-15,2025-08-15,6,2,76,d-no-vix,2
89,xgboost,1,0.1,1.0,1,0,1,0.0,1.0,1470,2019-09-20,2025-08-13,2025-08-14,2025-08-14,6,2,76,d-no-vix,2
89,random_forest,1,0.55,0.0,1,0,1,0.0,1.0,1470,2019-09-20,2025-08-13,2025-08-14,2025-08-14,6,2,76,d-no-vix,2
90,xgboost,1,0.45,1.0,1,0,1,0.0,1.0,1470,2019-09-19,2025-08-12,2025-08-13,2025-08-13,6,2,76,d-no-vix,2
90,random_forest,1,0.5,0.0,1,0,1,0.0,1.0,1470,2019-09-19,2025-08-12,2025-08-13,2025-08-13,6,2,76,d-no-vix,2
91,xgboost,1,1.0,0.0,1,0,1,0.0,1.0,1470,2019-09-18,2025-08-11,2025-08-12,2025-08-12,6,2,76,d-no-vix,2
91,random_forest,1,0.8,0.0,1,0,1,0.0,1.0,1470,2019-09-18,2025-08-11,2025-08-12,2025-08-12,6,2,76,d-no-vix,2
92,xgboost,1,0.8,1.0,1,1,0,1.0,0.0,1470,2019-09-17,2025-08-08,2025-08-11,2025-08-11,6,2,76,d-no-vix,2
92,random_forest,1,0.7,1.0,1,1,0,1.0,0.0,1470,2019-09-17,2025-08-08,2025-08-11,2025-08-11,6,2,76,d-no-vix,2
93,xgboost,1,1.0,1.0,1,1,0,1.0,0.0,1470,2019-09-16,2025-08-07,2025-08-08,2025-08-08,6,2,76,d-no-vix,2
93,random_forest,1,0.75,1.0,1,1,0,1.0,0.0,1470,2019-09-16,2025-08-07,2025-08-08,2025-08-08,6,2,76,d-no-vix,2
94,xgboost,1,0.95,1.0,1,1,0,1.0,0.0,1470,2019-09-13,2025-08-06,2025-08-07,2025-08-07,6,2,76,d-no-vix,2
94,random_forest,1,0.65,1.0,1,1,0,1.0,0.0,1470,2019-09-13,2025-08-06,2025-08-07,2025-08-07,6,2,76,d-no-vix,2
95,xgboost,1,0.85,1.0,1,1,0,1.0,0.0,1470,2019-09-12,2025-08-05,2025-08-06,2025-08-06,6,2,76,d-no-vix,2
95,random_forest,1,0.75,1.0,1,1,0,1.0,0.0,1470,2019-09-12,2025-08-05,2025-08-06,2025-08-06,6,2,76,d-no-vix,2
96,xgboost,1,0.35,0.0,1,1,0,1.0,0.0,1470,2019-09-11,2025-08-04,2025-08-05,2025-08-05,6,2,76,d-no-vix,2
96,random_forest,1,0.6,1.0,1,1,0,1.0,0.0,1470,2019-09-11,2025-08-04,2025-08-05,2025-08-05,6,2,76,d-no-vix,2
97,xgboost,1,0.6,1.0,1,1,0,1.0,0.0,1470,2019-09-10,2025-08-01,2025-08-04,2025-08-04,6,2,76,d-no-vix,2
97,random_forest,1,0.7,1.0,1,1,0,1.0,0.0,1470,2019-09-10,2025-08-01,2025-08-04,2025-08-04,6,2,76,d-no-vix,2
98,xgboost,1,0.9,1.0,1,1,0,1.0,0.0,1470,2019-09-09,2025-07-31,2025-08-01,2025-08-01,6,2,76,d-no-vix,2
98,random_forest,1,0.55,1.0,1,1,0,1.0,0.0,1470,2019-09-09,2025-07-31,2025-08-01,2025-08-01,6,2,76,d-no-vix,2
99,xgboost,1,1.0,0.0,1,0,1,0.0,1.0,1470,2019-09-06,2025-07-30,2025-07-31,2025-07-31,6,2,76,d-no-vix,2
99,random_forest,1,0.65,0.0,1,0,1,0.0,1.0,1470,2019-09-06,2025-07-30,2025-07-31,2025-07-31,6,2,76,d-no-vix,2
100,xgboost,1,0.4,1.0,1,0,1,0.0,1.0,1470,2019-09-05,2025-07-29,2025-07-30,2025-07-30,6,2,76,d-no-vix,2
100,random_forest,1,0.5,0.0,1,0,1,0.0,1.0,1470,2019-09-05,2025-07-29,2025-07-30,2025-07-30,6,2,76,d-no-vix,2
101,xgboost,1,0.3,1.0,1,0,1,0.0,1.0,1470,2019-09-04,2025-07-28,2025-07-29,2025-07-29,6,2,76,d-no-vix,2
101,random_forest,1,0.65,0.0,1,0,1,0.0,1.0,1470,2019-09-04,2025-07-28,2025-07-29,2025-07-29,6,2,76,d-no-vix,2
102,xgboost,1,0.9,0.0,1,0,1,0.0,1.0,1470,2019-09-03,2025-07-25,2025-07-28,2025-07-28,6,2,76,d-no-vix,2
102,random_forest,1,0.65,0.0,1,0,1,0.0,1.0,1470,2019-09-03,2025-07-25,2025-07-28,2025-07-28,6,2,76,d-no-vix,2
103,xgboost,1,0.5,1.0,1,1,0,1.0,0.0,1470,2019-08-30,2025-07-24,2025-07-25,2025-07-25,6,2,76,d-no-vix,2
103,random_forest,1,0.6,1.0,1,1,0,1.0,0.0,1470,2019-08-30,2025-07-24,2025-07-25,2025-07-25,6,2,76,d-no-vix,2
104,xgboost,1,0.95,1.0,1,1,0,1.0,0.0,1470,2019-08-29,2025-07-23,2025-07-24,2025-07-24,6,2,76,d-no-vix,2
104,random_forest,1,0.7,1.0,1,1,0,1.0,0.0,1470,2019-08-29,2025-07-23,2025-07-24,2025-07-24,6,2,76,d-no-vix,2
105,xgboost,1,0.95,1.0,1,1,0,1.0,0.0,1470,2019-08-28,2025-07-22,2025-07-23,2025-07-23,6,2,76,d-no-vix,2
105,random_forest,1,0.7,1.0,1,1,0,1.0,0.0,1470,2019-08-28,2025-07-22,2025-07-23,2025-07-23,6,2,76,d-no-vix,2
106,xgboost,1,1.0,1.0,1,1,0,1.0,0.0,1470,2019-08-27,2025-07-21,2025-07-22,2025-07-22,6,2,76,d-no-vix,2
106,random_forest,1,0.7,1.0,1,1,0,1.0,0.0,1470,2019-08-27,2025-07-21,2025-07-22,2025-07-22,6,2,76,d-no-vix,2
107,xgboost,1,0.9,0.0,1,0,1,0.0,1.0,1470,2019-08-26,2025-07-18,2025-07-21,2025-07-21,6,2,76,d-no-vix,2
107,random_forest,1,0.7,0.0,1,0,1,0.0,1.0,1470,2019-08-26,2025-07-18,2025-07-21,2025-07-21,6,2,76,d-no-vix,2
108,xgboost,1,1.0,0.0,1,0,1,0.0,1.0,1470,2019-08-23,2025-07-17,2025-07-18,2025-07-18,6,2,76,d-no-vix,2
108,random_forest,1,0.75,0.0,1,0,1,0.0,1.0,1470,2019-08-23,2025-07-17,2025-07-18,2025-07-18,6,2,76,d-no-vix,2
109,xgboost,1,0.9,1.0,1,1,0,1.0,0.0,1470,2019-08-22,2025-07-16,2025-07-17,2025-07-17,6,2,76,d-no-vix,2
109,random_forest,1,0.7,1.0,1,1,0,1.0,0.0,1470,2019-08-22,2025-07-16,2025-07-17,2025-07-17,6,2,76,d-no-vix,2
110,xgboost,1,1.0,1.0,1,1,0,1.0,0.0,1470,2019-08-21,2025-07-15,2025-07-16,2025-07-16,6,2,76,d-no-vix,2
110,random_forest,1,0.7,1.0,1,1,0,1.0,0.0,1470,2019-08-21,2025-07-15,2025-07-16,2025-07-16,6,2,76,d-no-vix,2
111,xgboost,1,0.95,1.0,1,1,0,1.0,0.0,1470,2019-08-20,2025-07-14,2025-07-15,2025-07-15,6,2,76,d-no-vix,2
111,random_forest,1,0.65,1.0,1,1,0,1.0,0.0,1470,2019-08-20,2025-07-14,2025-07-15,2025-07-15,6,2,76,d-no-vix,2
112,xgboost,1,1.0,1.0,1,1,0,1.0,0.0,1470,2019-08-19,2025-07-11,2025-07-14,2025-07-14,6,2,76,d-no-vix,2
112,random_forest,1,0.8,1.0,1,1,0,1.0,0.0,1470,2019-08-19,2025-07-11,2025-07-14,2025-07-14,6,2,76,d-no-vix,2
113,xgboost,1,1.0,1.0,1,1,0,1.0,0.0,1470,2019-08-16,2025-07-10,2025-07-11,2025-07-11,6,2,76,d-no-vix,2
113,random_forest,1,0.8,1.0,1,1,0,1.0,0.0,1470,2019-08-16,2025-07-10,2025-07-11,2025-07-11,6,2,76,d-no-vix,2
114,xgboost,1,0.85,1.0,1,1,0,1.0,0.0,1470,2019-08-15,2025-07-09,2025-07-10,2025-07-10,6,2,76,d-no-vix,2
114,random_forest,1,0.7,1.0,1,1,0,1.0,0.0,1470,2019-08-15,2025-07-09,2025-07-10,2025-07-10,6,2,76,d-no-vix,2
115,xgboost,1,1.0,0.0,1,0,1,0.0,1.0,1470,2019-08-14,2025-07-08,2025-07-09,2025-07-09,6,2,76,d-no-vix,2
115,random_forest,1,0.75,0.0,1,0,1,0.0,1.0,1470,2019-08-14,2025-07-08,2025-07-09,2025-07-09,6,2,76,d-no-vix,2
116,xgboost,1,1.0,1.0,1,1,0,1.0,0.0,1470,2019-08-13,2025-07-07,2025-07-08,2025-07-08,6,2,76,d-no-vix,2
116,random_forest,1,0.75,1.0,1,1,0,1.0,0.0,1470,2019-08-13,2025-07-07,2025-07-08,2025-07-08,6,2,76,d-no-vix,2
117,xgboost,1,1.0,1.0,1,1,0,1.0,0.0,1470,2019-08-12,2025-07-02,2025-07-07,2025-07-07,6,2,76,d-no-vix,2
117,random_forest,1,0.65,1.0,1,1,0,1.0,0.0,1470,2019-08-12,2025-07-02,2025-07-07,2025-07-07,6,2,76,d-no-vix,2
118,xgboost,1,1.0,1.0,1,1,0,1.0,0.0,1470,2019-08-09,2025-07-01,2025-07-02,2025-07-02,6,2,76,d-no-vix,2
118,random_forest,1,0.65,1.0,1,1,0,1.0,0.0,1470,2019-08-09,2025-07-01,2025-07-02,2025-07-02,6,2,76,d-no-vix,2
119,xgboost,1,0.95,1.0,1,1,0,1.0,0.0,1470,2019-08-08,2025-06-30,2025-07-01,2025-07-01,6,2,76,d-no-vix,2
119,random_forest,1,0.55,1.0,1,1,0,1.0,0.0,1470,2019-08-08,2025-06-30,2025-07-01,2025-07-01,6,2,76,d-no-vix,2
120,xgboost,1,0.45,1.0,1,0,1,0.0,1.0,1470,2019-08-07,2025-06-27,2025-06-30,2025-06-30,6,2,76,d-no-vix,2
120,random_forest,1,0.6,0.0,1,0,1,0.0,1.0,1470,2019-08-07,2025-06-27,2025-06-30,2025-06-30,6,2,76,d-no-vix,2
121,xgboost,1,1.0,0.0,1,0,1,0.0,1.0,1470,2019-08-06,2025-06-26,2025-06-27,2025-06-27,6,2,76,d-no-vix,2
121,random_forest,1,0.7,0.0,1,0,1,0.0,1.0,1470,2019-08-06,2025-06-26,2025-06-27,2025-06-27,6,2,76,d-no-vix,2
122,xgboost,1,1.0,1.0,1,1,0,1.0,0.0,1470,2019-08-05,2025-06-25,2025-06-26,2025-06-26,6,2,76,d-no-vix,2
122,random_forest,1,0.75,1.0,1,1,0,1.0,0.0,1470,2019-08-05,2025-06-25,2025-06-26,2025-06-26,6,2,76,d-no-vix,2
123,xgboost,1,1.0,1.0,1,1,0,1.0,0.0,1470,2019-08-02,2025-06-24,2025-06-25,2025-06-25,6,2,76,d-no-vix,2
123,random_forest,1,0.7,1.0,1,1,0,1.0,0.0,1470,2019-08-02,2025-06-24,2025-06-25,2025-06-25,6,2,76,d-no-vix,2
124,xgboost,1,0.95,1.0,1,1,0,1.0,0.0,1470,2019-08-01,2025-06-23,2025-06-24,2025-06-24,6,2,76,d-no-vix,2
124,random_forest,1,0.6,1.0,1,1,0,1.0,0.0,1470,2019-08-01,2025-06-23,2025-06-24,2025-06-24,6,2,76,d-no-vix,2
125,xgboost,1,0.05,0.0,1,1,0,1.0,0.0,1470,2019-07-31,2025-06-20,2025-06-23,2025-06-23,6,2,76,d-no-vix,2
125,random_forest,1,0.55,1.0,1,1,0,1.0,0.0,1470,2019-07-31,2025-06-20,2025-06-23,2025-06-23,6,2,76,d-no-vix,2
126,xgboost,1,0.45,0.0,1,1,0,1.0,0.0,1470,2019-07-30,2025-06-18,2025-06-20,2025-06-20,6,2,76,d-no-vix,2
126,random_forest,1,0.6,1.0,1,1,0,1.0,0.0,1470,2019-07-30,2025-06-18,2025-06-20,2025-06-20,6,2,76,d-no-vix,2
127,xgboost,1,0.85,1.0,1,1,0,1.0,0.0,1470,2019-07-29,2025-06-17,2025-06-18,2025-06-18,6,2,76,d-no-vix,2
127,random_forest,1,0.45,0.0,1,1,0,1.0,0.0,1470,2019-07-29,2025-06-17,2025-06-18,2025-06-18,6,2,76,d-no-vix,2
128,xgboost,1,0.45,1.0,1,0,1,0.0,1.0,1470,2019-07-26,2025-06-16,2025-06-17,2025-06-17,6,2,76,d-no-vix,2
128,random_forest,1,0.6,0.0,1,0,1,0.0,1.0,1470,2019-07-26,2025-06-16,2025-06-17,2025-06-17,6,2,76,d-no-vix,2
129,xgboost,1,1.0,0.0,1,0,1,0.0,1.0,1470,2019-07-25,2025-06-13,2025-06-16,2025-06-16,6,2,76,d-no-vix,2
129,random_forest,1,0.7,0.0,1,0,1,0.0,1.0,1470,2019-07-25,2025-06-13,2025-06-16,2025-06-16,6,2,76,d-no-vix,2
130,xgboost,1,1.0,1.0,1,1,0,1.0,0.0,1470,2019-07-24,2025-06-12,2025-06-13,2025-06-13,6,2,76,d-no-vix,2
130,random_forest,1,0.8,1.0,1,1,0,1.0,0.0,1470,2019-07-24,2025-06-12,2025-06-13,2025-06-13,6,2,76,d-no-vix,2
131,xgboost,1,1.0,1.0,1,1,0,1.0,0.0,1470,2019-07-23,2025-06-11,2025-06-12,2025-06-12,6,2,76,d-no-vix,2
131,random_forest,1,0.6,1.0,1,1,0,1.0,0.0,1470,2019-07-23,2025-06-11,2025-06-12,2025-06-12,6,2,76,d-no-vix,2
132,xgboost,1,1.0,0.0,1,0,1,0.0,1.0,1470,2019-07-22,2025-06-10,2025-06-11,2025-06-11,6,2,76,d-no-vix,2
132,random_forest,1,0.7,0.0,1,0,1,0.0,1.0,1470,2019-07-22,2025-06-10,2025-06-11,2025-06-11,6,2,76,d-no-vix,2
133,xgboost,1,0.9,0.0,1,0,1,0.0,1.0,1470,2019-07-19,2025-06-09,2025-06-10,2025-06-10,6,2,76,d-no-vix,2
133,random_forest,1,0.7,0.0,1,0,1,0.0,1.0,1470,2019-07-19,2025-06-09,2025-06-10,2025-06-10,6,2,76,d-no-vix,2
134,xgboost,1,0.95,1.0,1,1,0,1.0,0.0,1470,2019-07-18,2025-06-06,2025-06-09,2025-06-09,6,2,76,d-no-vix,2
134,random_forest,1,0.65,1.0,1,1,0,1.0,0.0,1470,2019-07-18,2025-06-06,2025-06-09,2025-06-09,6,2,76,d-no-vix,2
135,xgboost,1,1.0,1.0,1,1,0,1.0,0.0,1470,2019-07-17,2025-06-05,2025-06-06,2025-06-06,6,2,76,d-no-vix,2
135,random_forest,1,0.8,1.0,1,1,0,1.0,0.0,1470,2019-07-17,2025-06-05,2025-06-06,2025-06-06,6,2,76,d-no-vix,2
136,xgboost,1,1.0,1.0,1,1,0,1.0,0.0,1470,2019-07-16,2025-06-04,2025-06-05,2025-06-05,6,2,76,d-no-vix,2
136,random_forest,1,0.75,1.0,1,1,0,1.0,0.0,1470,2019-07-16,2025-06-04,2025-06-05,2025-06-05,6,2,76,d-no-vix,2
137,xgboost,1,0.15,0.0,1,1,0,1.0,0.0,1470,2019-07-15,2025-06-03,2025-06-04,2025-06-04,6,2,76,d-no-vix,2
137,random_forest,1,0.45,0.0,1,1,0,1.0,0.0,1470,2019-07-15,2025-06-03,2025-06-04,2025-06-04,6,2,76,d-no-vix,2
138,xgboost,1,0.4,1.0,1,0,1,0.0,1.0,1470,2019-07-12,2025-06-02,2025-06-03,2025-06-03,6,2,76,d-no-vix,2
138,random_forest,1,0.7,0.0,1,0,1,0.0,1.0,1470,2019-07-12,2025-06-02,2025-06-03,2025-06-03,6,2,76,d-no-vix,2
139,xgboost,1,0.8,1.0,1,1,0,1.0,0.0,1470,2019-07-11,2025-05-30,2025-06-02,2025-06-02,6,2,76,d-no-vix,2
139,random_forest,1,0.65,1.0,1,1,0,1.0,0.0,1470,2019-07-11,2025-05-30,2025-06-02,2025-06-02,6,2,76,d-no-vix,2
140,xgboost,1,1.0,1.0,1,1,0,1.0,0.0,1470,2019-07-10,2025-05-29,2025-05-30,2025-05-30,6,2,76,d-no-vix,2
140,random_forest,1,0.65,1.0,1,1,0,1.0,0.0,1470,2019-07-10,2025-05-29,2025-05-30,2025-05-30,6,2,76,d-no-vix,2
141,xgboost,1,0.7,1.0,1,1,0,1.0,0.0,1470,2019-07-09,2025-05-28,2025-05-29,2025-05-29,6,2,76,d-no-vix,2
141,random_forest,1,0.6,1.0,1,1,0,1.0,0.0,1470,2019-07-09,2025-05-28,2025-05-29,2025-05-29,6,2,76,d-no-vix,2
142,xgboost,1,0.8,1.0,1,1,0,1.0,0.0,1470,2019-07-08,2025-05-27,2025-05-28,2025-05-28,6,2,76,d-no-vix,2
142,random_forest,1,0.55,1.0,1,1,0,1.0,0.0,1470,2019-07-08,2025-05-27,2025-05-28,2025-05-28,6,2,76,d-no-vix,2
143,xgboost,1,1.0,0.0,1,0,1,0.0,1.0,1470,2019-07-05,2025-05-23,2025-05-27,2025-05-27,6,2,76,d-no-vix,2
143,random_forest,1,0.65,0.0,1,0,1,0.0,1.0,1470,2019-07-05,2025-05-23,2025-05-27,2025-05-27,6,2,76,d-no-vix,2
144,xgboost,1,0.95,1.0,1,1,0,1.0,0.0,1470,2019-07-02,2025-05-22,2025-05-23,2025-05-23,6,2,76,d-no-vix,2
144,random_forest,1,0.6,1.0,1,1,0,1.0,0.0,1470,2019-07-02,2025-05-22,2025-05-23,2025-05-23,6,2,76,d-no-vix,2
145,xgboost,1,0.2,0.0,1,1,0,1.0,0.0,1470,2019-07-01,2025-05-21,2025-05-22,2025-05-22,6,2,76,d-no-vix,2
145,random_forest,1,0.55,1.0,1,1,0,1.0,0.0,1470,2019-07-01,2025-05-21,2025-05-22,2025-05-22,6,2,76,d-no-vix,2
146,xgboost,1,0.95,0.0,1,0,1,0.0,1.0,1470,2019-06-28,2025-05-20,2025-05-21,2025-05-21,6,2,76,d-no-vix,2
146,random_forest,1,0.6,0.0,1,0,1,0.0,1.0,1470,2019-06-28,2025-05-20,2025-05-21,2025-05-21,6,2,76,d-no-vix,2
147,xgboost,1,0.05,1.0,1,0,1,0.0,1.0,1470,2019-06-27,2025-05-19,2025-05-20,2025-05-20,6,2,76,d-no-vix,2
147,random_forest,1,0.4,1.0,1,0,1,0.0,1.0,1470,2019-06-27,2025-05-19,2025-05-20,2025-05-20,6,2,76,d-no-vix,2
148,xgboost,1,0.1,1.0,1,0,1,0.0,1.0,1470,2019-06-26,2025-05-16,2025-05-19,2025-05-19,6,2,76,d-no-vix,2
148,random_forest,1,0.4,1.0,1,0,1,0.0,1.0,1470,2019-06-26,2025-05-16,2025-05-19,2025-05-19,6,2,76,d-no-vix,2
149,xgboost,1,0.15,1.0,1,0,1,0.0,1.0,1470,2019-06-25,2025-05-15,2025-05-16,2025-05-16,6,2,76,d-no-vix,2
149,random_forest,1,0.55,0.0,1,0,1,0.0,1.0,1470,2019-06-25,2025-05-15,2025-05-16,2025-05-16,6,2,76,d-no-vix,2
150,xgboost,1,0.95,1.0,1,1,0,1.0,0.0,1470,2019-06-24,2025-05-14,2025-05-15,2025-05-15,6,2,76,d-no-vix,2
150,random_forest,1,0.65,1.0,1,1,0,1.0,0.0,1470,2019-06-24,2025-05-14,2025-05-15,2025-05-15,6,2,76,d-no-vix,2
151,xgboost,1,0.2,0.0,1,1,0,1.0,0.0,1470,2019-06-21,2025-05-13,2025-05-14,2025-05-14,6,2,76,d-no-vix,2
151,random_forest,1,0.5,0.0,1,1,0,1.0,0.0,1470,2019-06-21,2025-05-13,2025-05-14,2025-05-14,6,2,76,d-no-vix,2
152,xgboost,1,0.65,1.0,1,1,0,1.0,0.0,1470,2019-06-20,2025-05-12,2025-05-13,2025-05-13,6,2,76,d-no-vix,2
152,random_forest,1,0.55,1.0,1,1,0,1.0,0.0,1470,2019-06-20,2025-05-12,2025-05-13,2025-05-13,6,2,76,d-no-vix,2
153,xgboost,1,0.05,0.0,1,1,0,1.0,0.0,1470,2019-06-19,2025-05-09,2025-05-12,2025-05-12,6,2,76,d-no-vix,2
153,random_forest,1,0.4,0.0,1,1,0,1.0,0.0,1470,2019-06-19,2025-05-09,2025-05-12,2025-05-12,6,2,76,d-no-vix,2
154,xgboost,1,1.0,1.0,1,1,0,1.0,0.0,1470,2019-06-18,2025-05-08,2025-05-09,2025-05-09,6,2,76,d-no-vix,2
154,random_forest,1,0.65,1.0,1,1,0,1.0,0.0,1470,2019-06-18,2025-05-08,2025-05-09,2025-05-09,6,2,76,d-no-vix,2
155,xgboost,1,0.5,1.0,1,1,0,1.0,0.0,1470,2019-06-17,2025-05-07,2025-05-08,2025-05-08,6,2,76,d-no-vix,2
155,random_forest,1,0.6,1.0,1,1,0,1.0,0.0,1470,2019-06-17,2025-05-07,2025-05-08,2025-05-08,6,2,76,d-no-vix,2
156,xgboost,1,0.95,1.0,1,1,0,1.0,0.0,1470,2019-06-14,2025-05-06,2025-05-07,2025-05-07,6,2,76,d-no-vix,2
156,random_forest,1,0.7,1.0,1,1,0,1.0,0.0,1470,2019-06-14,2025-05-06,2025-05-07,2025-05-07,6,2,76,d-no-vix,2
157,xgboost,1,0.6,1.0,1,1,0,1.0,0.0,1470,2019-06-13,2025-05-05,2025-05-06,2025-05-06,6,2,76,d-no-vix,2
157,random_forest,1,0.6,1.0,1,1,0,1.0,0.0,1470,2019-06-13,2025-05-05,2025-05-06,2025-05-06,6,2,76,d-no-vix,2
158,xgboost,1,0.45,1.0,1,0,1,0.0,1.0,1470,2019-06-12,2025-05-02,2025-05-05,2025-05-05,6,2,76,d-no-vix,2
158,random_forest,1,0.55,0.0,1,0,1,0.0,1.0,1470,2019-06-12,2025-05-02,2025-05-05,2025-05-05,6,2,76,d-no-vix,2
159,xgboost,1,0.95,0.0,1,0,1,0.0,1.0,1470,2019-06-11,2025-05-01,2025-05-02,2025-05-02,6,2,76,d-no-vix,2
159,random_forest,1,0.7,0.0,1,0,1,0.0,1.0,1470,2019-06-11,2025-05-01,2025-05-02,2025-05-02,6,2,76,d-no-vix,2
160,xgboost,1,1.0,1.0,1,1,0,1.0,0.0,1470,2019-06-10,2025-04-30,2025-05-01,2025-05-01,6,2,76,d-no-vix,2
160,random_forest,1,0.8,1.0,1,1,0,1.0,0.0,1470,2019-06-10,2025-04-30,2025-05-01,2025-05-01,6,2,76,d-no-vix,2
161,xgboost,1,1.0,1.0,1,1,0,1.0,0.0,1470,2019-06-07,2025-04-29,2025-04-30,2025-04-30,6,2,76,d-no-vix,2
161,random_forest,1,0.8,1.0,1,1,0,1.0,0.0,1470,2019-06-07,2025-04-29,2025-04-30,2025-04-30,6,2,76,d-no-vix,2
162,xgboost,1,0.95,1.0,1,1,0,1.0,0.0,1470,2019-06-06,2025-04-28,2025-04-29,2025-04-29,6,2,76,d-no-vix,2
162,random_forest,1,0.75,1.0,1,1,0,1.0,0.0,1470,2019-06-06,2025-04-28,2025-04-29,2025-04-29,6,2,76,d-no-vix,2
163,xgboost,1,0.75,1.0,1,1,0,1.0,0.0,1470,2019-06-05,2025-04-25,2025-04-28,2025-04-28,6,2,76,d-no-vix,2
163,random_forest,1,0.7,1.0,1,1,0,1.0,0.0,1470,2019-06-05,2025-04-25,2025-04-28,2025-04-28,6,2,76,d-no-vix,2
164,xgboost,1,0.75,1.0,1,1,0,1.0,0.0,1470,2019-06-04,2025-04-24,2025-04-25,2025-04-25,6,2,76,d-no-vix,2
164,random_forest,1,0.6,1.0,1,1,0,1.0,0.0,1470,2019-06-04,2025-04-24,2025-04-25,2025-04-25,6,2,76,d-no-vix,2
165,xgboost,1,0.75,1.0,1,1,0,1.0,0.0,1470,2019-06-03,2025-04-23,2025-04-24,2025-04-24,6,2,76,d-no-vix,2
165,random_forest,1,0.6,1.0,1,1,0,1.0,0.0,1470,2019-06-03,2025-04-23,2025-04-24,2025-04-24,6,2,76,d-no-vix,2
166,xgboost,1,1.0,1.0,1,1,0,1.0,0.0,1470,2019-05-31,2025-04-22,2025-04-23,2025-04-23,6,2,76,d-no-vix,2
166,random_forest,1,0.6,1.0,1,1,0,1.0,0.0,1470,2019-05-31,2025-04-22,2025-04-23,2025-04-23,6,2,76,d-no-vix,2
167,xgboost,1,1.0,1.0,1,1,0,1.0,0.0,1470,2019-05-30,2025-04-21,2025-04-22,2025-04-22,6,2,76,d-no-vix,2
167,random_forest,1,0.65,1.0,1,1,0,1.0,0.0,1470,2019-05-30,2025-04-21,2025-04-22,2025-04-22,6,2,76,d-no-vix,2
168,xgboost,1,1.0,1.0,1,1,0,1.0,0.0,1470,2019-05-29,2025-04-17,2025-04-21,2025-04-21,6,2,76,d-no-vix,2
168,random_forest,1,0.65,1.0,1,1,0,1.0,0.0,1470,2019-05-29,2025-04-17,2025-04-21,2025-04-21,6,2,76,d-no-vix,2
169,xgboost,1,0.15,0.0,1,1,0,1.0,0.0,1470,2019-05-28,2025-04-16,2025-04-17,2025-04-17,6,2,76,d-no-vix,2
169,random_forest,1,0.5,0.0,1,1,0,1.0,0.0,1470,2019-05-28,2025-04-16,2025-04-17,2025-04-17,6,2,76,d-no-vix,2
170,xgboost,1,0.95,0.0,1,0,1,0.0,1.0,1470,2019-05-24,2025-04-15,2025-04-16,2025-04-16,6,2,76,d-no-vix,2
170,random_forest,1,0.55,0.0,1,0,1,0.0,1.0,1470,2019-05-24,2025-04-15,2025-04-16,2025-04-16,6,2,76,d-no-vix,2
171,xgboost,1,0.2,1.0,1,0,1,0.0,1.0,1470,2019-05-23,2025-04-14,2025-04-15,2025-04-15,6,2,76,d-no-vix,2
171,random_forest,1,0.4,1.0,1,0,1,0.0,1.0,1470,2019-05-23,2025-04-14,2025-04-15,2025-04-15,6,2,76,d-no-vix,2
172,xgboost,1,0.9,0.0,1,0,1,0.0,1.0,1470,2019-05-22,2025-04-11,2025-04-14,2025-04-14,6,2,76,d-no-vix,2
172,random_forest,1,0.65,0.0,1,0,1,0.0,1.0,1470,2019-05-22,2025-04-11,2025-04-14,2025-04-14,6,2,76,d-no-vix,2
173,xgboost,1,0.5,0.0,1,1,0,1.0,0.0,1470,2019-05-21,2025-04-10,2025-04-11,2025-04-11,6,2,76,d-no-vix,2
173,random_forest,1,0.55,1.0,1,1,0,1.0,0.0,1470,2019-05-21,2025-04-10,2025-04-11,2025-04-11,6,2,76,d-no-vix,2
174,xgboost,1,0.9,1.0,1,1,0,1.0,0.0,1470,2019-05-20,2025-04-09,2025-04-10,2025-04-10,6,2,76,d-no-vix,2
174,random_forest,1,0.5,1.0,1,1,0,1.0,0.0,1470,2019-05-20,2025-04-09,2025-04-10,2025-04-10,6,2,76,d-no-vix,2
175,xgboost,1,0.95,0.0,1,0,1,0.0,1.0,1470,2019-05-17,2025-04-08,2025-04-09,2025-04-09,6,2,76,d-no-vix,2
175,random_forest,1,0.6,0.0,1,0,1,0.0,1.0,1470,2019-05-17,2025-04-08,2025-04-09,2025-04-09,6,2,76,d-no-vix,2
176,xgboost,1,0.95,1.0,1,1,0,1.0,0.0,1470,2019-05-16,2025-04-07,2025-04-08,2025-04-08,6,2,76,d-no-vix,2
176,random_forest,1,0.6,1.0,1,1,0,1.0,0.0,1470,2019-05-16,2025-04-07,2025-04-08,2025-04-08,6,2,76,d-no-vix,2
177,xgboost,1,0.15,0.0,1,1,0,1.0,0.0,1470,2019-05-15,2025-04-04,2025-04-07,2025-04-07,6,2,76,d-no-vix,2
177,random_forest,1,0.45,0.0,1,1,0,1.0,0.0,1470,2019-05-15,2025-04-04,2025-04-07,2025-04-07,6,2,76,d-no-vix,2
178,xgboost,1,0.15,1.0,1,0,1,0.0,1.0,1470,2019-05-14,2025-04-03,2025-04-04,2025-04-04,6,2,76,d-no-vix,2
178,random_forest,1,0.5,0.0,1,0,1,0.0,1.0,1470,2019-05-14,2025-04-03,2025-04-04,2025-04-04,6,2,76,d-no-vix,2
179,xgboost,1,0.1,1.0,1,0,1,0.0,1.0,1470,2019-05-13,2025-04-02,2025-04-03,2025-04-03,6,2,76,d-no-vix,2
179,random_forest,1,0.55,0.0,1,0,1,0.0,1.0,1470,2019-05-13,2025-04-02,2025-04-03,2025-04-03,6,2,76,d-no-vix,2
180,xgboost,1,0.8,0.0,1,0,1,0.0,1.0,1470,2019-05-10,2025-04-01,2025-04-02,2025-04-02,6,2,76,d-no-vix,2
180,random_forest,1,0.45,1.0,1,0,1,0.0,1.0,1470,2019-05-10,2025-04-01,2025-04-02,2025-04-02,6,2,76,d-no-vix,2
181,xgboost,1,0.25,1.0,1,0,1,0.0,1.0,1470,2019-05-09,2025-03-31,2025-04-01,2025-04-01,6,2,76,d-no-vix,2
181,random_forest,1,0.5,1.0,1,0,1,0.0,1.0,1470,2019-05-09,2025-03-31,2025-04-01,2025-04-01,6,2,76,d-no-vix,2
182,xgboost,1,0.05,0.0,1,1,0,1.0,0.0,1470,2019-05-08,2025-03-28,2025-03-31,2025-03-31,6,2,76,d-no-vix,2
182,random_forest,1,0.55,1.0,1,1,0,1.0,0.0,1470,2019-05-08,2025-03-28,2025-03-31,2025-03-31,6,2,76,d-no-vix,2
183,xgboost,1,0.6,1.0,1,1,0,1.0,0.0,1470,2019-05-07,2025-03-27,2025-03-28,2025-03-28,6,2,76,d-no-vix,2
183,random_forest,1,0.6,1.0,1,1,0,1.0,0.0,1470,2019-05-07,2025-03-27,2025-03-28,2025-03-28,6,2,76,d-no-vix,2
184,xgboost,1,0.5,0.0,1,0,1,0.0,1.0,1470,2019-05-06,2025-03-26,2025-03-27,2025-03-27,6,2,76,d-no-vix,2
184,random_forest,1,0.45,1.0,1,0,1,0.0,1.0,1470,2019-05-06,2025-03-26,2025-03-27,2025-03-27,6,2,76,d-no-vix,2
185,xgboost,1,0.55,0.0,1,0,1,0.0,1.0,1470,2019-05-03,2025-03-25,2025-03-26,2025-03-26,6,2,76,d-no-vix,2
185,random_forest,1,0.5,1.0,1,0,1,0.0,1.0,1470,2019-05-03,2025-03-25,2025-03-26,2025-03-26,6,2,76,d-no-vix,2
186,xgboost,1,1.0,0.0,1,0,1,0.0,1.0,1470,2019-05-02,2025-03-24,2025-03-25,2025-03-25,6,2,76,d-no-vix,2
186,random_forest,1,0.45,1.0,1,0,1,0.0,1.0,1470,2019-05-02,2025-03-24,2025-03-25,2025-03-25,6,2,76,d-no-vix,2
187,xgboost,1,0.95,0.0,1,0,1,0.0,1.0,1470,2019-05-01,2025-03-21,2025-03-24,2025-03-24,6,2,76,d-no-vix,2
187,random_forest,1,0.55,0.0,1,0,1,0.0,1.0,1470,2019-05-01,2025-03-21,2025-03-24,2025-03-24,6,2,76,d-no-vix,2
188,xgboost,1,0.8,1.0,1,1,0,1.0,0.0,1470,2019-04-30,2025-03-20,2025-03-21,2025-03-21,6,2,76,d-no-vix,2
188,random_forest,1,0.6,1.0,1,1,0,1.0,0.0,1470,2019-04-30,2025-03-20,2025-03-21,2025-03-21,6,2,76,d-no-vix,2
189,xgboost,1,1.0,1.0,1,1,0,1.0,0.0,1470,2019-04-29,2025-03-19,2025-03-20,2025-03-20,6,2,76,d-no-vix,2
189,random_forest,1,0.55,1.0,1,1,0,1.0,0.0,1470,2019-04-29,2025-03-19,2025-03-20,2025-03-20,6,2,76,d-no-vix,2
190,xgboost,1,0.75,0.0,1,0,1,0.0,1.0,1470,2019-04-26,2025-03-18,2025-03-19,2025-03-19,6,2,76,d-no-vix,2
190,random_forest,1,0.6,0.0,1,0,1,0.0,1.0,1470,2019-04-26,2025-03-18,2025-03-19,2025-03-19,6,2,76,d-no-vix,2
191,xgboost,1,0.85,1.0,1,1,0,1.0,0.0,1470,2019-04-25,2025-03-17,2025-03-18,2025-03-18,6,2,76,d-no-vix,2
191,random_forest,1,0.45,0.0,1,1,0,1.0,0.0,1470,2019-04-25,2025-03-17,2025-03-18,2025-03-18,6,2,76,d-no-vix,2
192,xgboost,1,0.05,1.0,1,0,1,0.0,1.0,1470,2019-04-24,2025-03-14,2025-03-17,2025-03-17,6,2,76,d-no-vix,2
192,random_forest,1,0.45,1.0,1,0,1,0.0,1.0,1470,2019-04-24,2025-03-14,2025-03-17,2025-03-17,6,2,76,d-no-vix,2
193,xgboost,1,0.9,0.0,1,0,1,0.0,1.0,1470,2019-04-23,2025-03-13,2025-03-14,2025-03-14,6,2,76,d-no-vix,2
193,random_forest,1,0.65,0.0,1,0,1,0.0,1.0,1470,2019-04-23,2025-03-13,2025-03-14,2025-03-14,6,2,76,d-no-vix,2
194,xgboost,1,1.0,1.0,1,1,0,1.0,0.0,1470,2019-04-22,2025-03-12,2025-03-13,2025-03-13,6,2,76,d-no-vix,2
194,random_forest,1,0.6,1.0,1,1,0,1.0,0.0,1470,2019-04-22,2025-03-12,2025-03-13,2025-03-13,6,2,76,d-no-vix,2
195,xgboost,1,0.05,0.0,1,1,0,1.0,0.0,1470,2019-04-18,2025-03-11,2025-03-12,2025-03-12,6,2,76,d-no-vix,2
195,random_forest,1,0.3,0.0,1,1,0,1.0,0.0,1470,2019-04-18,2025-03-11,2025-03-12,2025-03-12,6,2,76,d-no-vix,2
196,xgboost,1,0.3,1.0,1,0,1,0.0,1.0,1470,2019-04-17,2025-03-10,2025-03-11,2025-03-11,6,2,76,d-no-vix,2
196,random_forest,1,0.4,1.0,1,0,1,0.0,1.0,1470,2019-04-17,2025-03-10,2025-03-11,2025-03-11,6,2,76,d-no-vix,2
197,xgboost,1,0.05,0.0,1,1,0,1.0,0.0,1470,2019-04-16,2025-03-07,2025-03-10,2025-03-10,6,2,76,d-no-vix,2
197,random_forest,1,0.25,0.0,1,1,0,1.0,0.0,1470,2019-04-16,2025-03-07,2025-03-10,2025-03-10,6,2,76,d-no-vix,2
198,xgboost,1,0.05,1.0,1,0,1,0.0,1.0,1470,2019-04-15,2025-03-06,2025-03-07,2025-03-07,6,2,76,d-no-vix,2
198,random_forest,1,0.35,1.0,1,0,1,0.0,1.0,1470,2019-04-15,2025-03-06,2025-03-07,2025-03-07,6,2,76,d-no-vix,2
199,xgboost,1,0.4,1.0,1,0,1,0.0,1.0,1470,2019-04-12,2025-03-05,2025-03-06,2025-03-06,6,2,76,d-no-vix,2
199,random_forest,1,0.4,1.0,1,0,1,0.0,1.0,1470,2019-04-12,2025-03-05,2025-03-06,2025-03-06,6,2,76,d-no-vix,2
200,xgboost,1,0.55,0.0,1,0,1,0.0,1.0,1470,2019-04-11,2025-03-04,2025-03-05,2025-03-05,6,2,76,d-no-vix,2
200,random_forest,1,0.5,1.0,1,0,1,0.0,1.0,1470,2019-04-11,2025-03-04,2025-03-05,2025-03-05,6,2,76,d-no-vix,2
201,xgboost,1,0.5,0.0,1,0,1,0.0,1.0,1470,2019-04-10,2025-03-03,2025-03-04,2025-03-04,6,2,76,d-no-vix,2
201,random_forest,1,0.55,0.0,1,0,1,0.0,1.0,1470,2019-04-10,2025-03-03,2025-03-04,2025-03-04,6,2,76,d-no-vix,2
202,xgboost,1,0.05,0.0,1,1,0,1.0,0.0,1470,2019-04-09,2025-02-28,2025-03-03,2025-03-03,6,2,76,d-no-vix,2
202,random_forest,1,0.3,0.0,1,1,0,1.0,0.0,1470,2019-04-09,2025-02-28,2025-03-03,2025-03-03,6,2,76,d-no-vix,2
203,xgboost,1,0.4,1.0,1,0,1,0.0,1.0,1470,2019-04-08,2025-02-27,2025-02-28,2025-02-28,6,2,76,d-no-vix,2
203,random_forest,1,0.5,1.0,1,0,1,0.0,1.0,1470,2019-04-08,2025-02-27,2025-02-28,2025-02-28,6,2,76,d-no-vix,2
204,xgboost,1,0.95,0.0,1,0,1,0.0,1.0,1470,2019-04-05,2025-02-26,2025-02-27,2025-02-27,6,2,76,d-no-vix,2
204,random_forest,1,0.55,0.0,1,0,1,0.0,1.0,1470,2019-04-05,2025-02-26,2025-02-27,2025-02-27,6,2,76,d-no-vix,2
205,xgboost,1,0.0,1.0,1,0,1,0.0,1.0,1470,2019-04-04,2025-02-25,2025-02-26,2025-02-26,6,2,76,d-no-vix,2
205,random_forest,1,0.3,1.0,1,0,1,0.0,1.0,1470,2019-04-04,2025-02-25,2025-02-26,2025-02-26,6,2,76,d-no-vix,2
206,xgboost,1,0.1,1.0,1,0,1,0.0,1.0,1470,2019-04-03,2025-02-24,2025-02-25,2025-02-25,6,2,76,d-no-vix,2
206,random_forest,1,0.45,1.0,1,0,1,0.0,1.0,1470,2019-04-03,2025-02-24,2025-02-25,2025-02-25,6,2,76,d-no-vix,2
207,xgboost,1,0.45,1.0,1,0,1,0.0,1.0,1470,2019-04-02,2025-02-21,2025-02-24,2025-02-24,6,2,76,d-no-vix,2
207,random_forest,1,0.5,1.0,1,0,1,0.0,1.0,1470,2019-04-02,2025-02-21,2025-02-24,2025-02-24,6,2,76,d-no-vix,2
208,xgboost,1,0.85,0.0,1,0,1,0.0,1.0,1470,2019-04-01,2025-02-20,2025-02-21,2025-02-21,6,2,76,d-no-vix,2
208,random_forest,1,0.55,0.0,1,0,1,0.0,1.0,1470,2019-04-01,2025-02-20,2025-02-21,2025-02-21,6,2,76,d-no-vix,2
209,xgboost,1,0.65,0.0,1,0,1,0.0,1.0,1470,2019-03-29,2025-02-19,2025-02-20,2025-02-20,6,2,76,d-no-vix,2
209,random_forest,1,0.5,0.0,1,0,1,0.0,1.0,1470,2019-03-29,2025-02-19,2025-02-20,2025-02-20,6,2,76,d-no-vix,2
210,xgboost,1,0.05,1.0,1,0,1,0.0,1.0,1470,2019-03-28,2025-02-18,2025-02-19,2025-02-19,6,2,76,d-no-vix,2
210,random_forest,1,0.4,1.0,1,0,1,0.0,1.0,1470,2019-03-28,2025-02-18,2025-02-19,2025-02-19,6,2,76,d-no-vix,2
211,xgboost,1,1.0,0.0,1,0,1,0.0,1.0,1470,2019-03-27,2025-02-14,2025-02-18,2025-02-18,6,2,76,d-no-vix,2
211,random_forest,1,0.7,0.0,1,0,1,0.0,1.0,1470,2019-03-27,2025-02-14,2025-02-18,2025-02-18,6,2,76,d-no-vix,2
212,xgboost,1,1.0,1.0,1,1,0,1.0,0.0,1470,2019-03-26,2025-02-13,2025-02-14,2025-02-14,6,2,76,d-no-vix,2
212,random_forest,1,0.6,1.0,1,1,0,1.0,0.0,1470,2019-03-26,2025-02-13,2025-02-14,2025-02-14,6,2,76,d-no-vix,2
213,xgboost,1,1.0,1.0,1,1,0,1.0,0.0,1470,2019-03-25,2025-02-12,2025-02-13,2025-02-13,6,2,76,d-no-vix,2
213,random_forest,1,0.6,1.0,1,1,0,1.0,0.0,1470,2019-03-25,2025-02-12,2025-02-13,2025-02-13,6,2,76,d-no-vix,2
214,xgboost,1,0.1,0.0,1,1,0,1.0,0.0,1470,2019-03-22,2025-02-11,2025-02-12,2025-02-12,6,2,76,d-no-vix,2
214,random_forest,1,0.55,1.0,1,1,0,1.0,0.0,1470,2019-03-22,2025-02-11,2025-02-12,2025-02-12,6,2,76,d-no-vix,2
215,xgboost,1,0.15,0.0,1,1,0,1.0,0.0,1470,2019-03-21,2025-02-10,2025-02-11,2025-02-11,6,2,76,d-no-vix,2
215,random_forest,1,0.35,0.0,1,1,0,1.0,0.0,1470,2019-03-21,2025-02-10,2025-02-11,2025-02-11,6,2,76,d-no-vix,2
216,xgboost,1,0.2,1.0,1,0,1,0.0,1.0,1470,2019-03-20,2025-02-07,2025-02-10,2025-02-10,6,2,76,d-no-vix,2
216,random_forest,1,0.4,1.0,1,0,1,0.0,1.0,1470,2019-03-20,2025-02-07,2025-02-10,2025-02-10,6,2,76,d-no-vix,2
217,xgboost,1,0.3,0.0,1,1,0,1.0,0.0,1470,2019-03-19,2025-02-06,2025-02-07,2025-02-07,6,2,76,d-no-vix,2
217,random_forest,1,0.5,1.0,1,1,0,1.0,0.0,1470,2019-03-19,2025-02-06,2025-02-07,2025-02-07,6,2,76,d-no-vix,2
218,xgboost,1,0.2,1.0,1,0,1,0.0,1.0,1470,2019-03-18,2025-02-05,2025-02-06,2025-02-06,6,2,76,d-no-vix,2
218,random_forest,1,0.45,1.0,1,0,1,0.0,1.0,1470,2019-03-18,2025-02-05,2025-02-06,2025-02-06,6,2,76,d-no-vix,2
219,xgboost,1,0.55,0.0,1,0,1,0.0,1.0,1470,2019-03-15,2025-02-04,2025-02-05,2025-02-05,6,2,76,d-no-vix,2
219,random_forest,1,0.65,0.0,1,0,1,0.0,1.0,1470,2019-03-15,2025-02-04,2025-02-05,2025-02-05,6,2,76,d-no-vix,2
220,xgboost,1,0.95,1.0,1,1,0,1.0,0.0,1470,2019-03-14,2025-02-03,2025-02-04,2025-02-04,6,2,76,d-no-vix,2
220,random_forest,1,0.6,1.0,1,1,0,1.0,0.0,1470,2019-03-14,2025-02-03,2025-02-04,2025-02-04,6,2,76,d-no-vix,2
221,xgboost,1,0.7,1.0,1,1,0,1.0,0.0,1470,2019-03-13,2025-01-31,2025-02-03,2025-02-03,6,2,76,d-no-vix,2
221,random_forest,1,0.6,1.0,1,1,0,1.0,0.0,1470,2019-03-13,2025-01-31,2025-02-03,2025-02-03,6,2,76,d-no-vix,2
222,xgboost,1,0.65,1.0,1,1,0,1.0,0.0,1470,2019-03-12,2025-01-30,2025-01-31,2025-01-31,6,2,76,d-no-vix,2
222,random_forest,1,0.55,1.0,1,1,0,1.0,0.0,1470,2019-03-12,2025-01-30,2025-01-31,2025-01-31,6,2,76,d-no-vix,2
223,xgboost,1,1.0,0.0,1,0,1,0.0,1.0,1470,2019-03-11,2025-01-29,2025-01-30,2025-01-30,6,2,76,d-no-vix,2
223,random_forest,1,0.65,0.0,1,0,1,0.0,1.0,1470,2019-03-11,2025-01-29,2025-01-30,2025-01-30,6,2,76,d-no-vix,2
224,xgboost,1,0.9,1.0,1,1,0,1.0,0.0,1470,2019-03-08,2025-01-28,2025-01-29,2025-01-29,6,2,76,d-no-vix,2
224,random_forest,1,0.55,1.0,1,1,0,1.0,0.0,1470,2019-03-08,2025-01-28,2025-01-29,2025-01-29,6,2,76,d-no-vix,2
225,xgboost,1,0.8,1.0,1,1,0,1.0,0.0,1470,2019-03-07,2025-01-27,2025-01-28,2025-01-28,6,2,76,d-no-vix,2
225,random_forest,1,0.55,1.0,1,1,0,1.0,0.0,1470,2019-03-07,2025-01-27,2025-01-28,2025-01-28,6,2,76,d-no-vix,2
226,xgboost,1,0.25,0.0,1,1,0,1.0,0.0,1470,2019-03-06,2025-01-24,2025-01-27,2025-01-27,6,2,76,d-no-vix,2
226,random_forest,1,0.45,0.0,1,1,0,1.0,0.0,1470,2019-03-06,2025-01-24,2025-01-27,2025-01-27,6,2,76,d-no-vix,2
227,xgboost,1,0.0,1.0,1,0,1,0.0,1.0,1470,2019-03-05,2025-01-23,2025-01-24,2025-01-24,6,2,76,d-no-vix,2
227,random_forest,1,0.4,1.0,1,0,1,0.0,1.0,1470,2019-03-05,2025-01-23,2025-01-24,2025-01-24,6,2,76,d-no-vix,2
228,xgboost,1,0.95,0.0,1,0,1,0.0,1.0,1470,2019-03-04,2025-01-22,2025-01-23,2025-01-23,6,2,76,d-no-vix,2
228,random_forest,1,0.5,0.0,1,0,1,0.0,1.0,1470,2019-03-04,2025-01-22,2025-01-23,2025-01-23,6,2,76,d-no-vix,2
1,xgboost,1,0.95,1.0,1,1,0,1.0,0.0,980,2022-01-12,2025-12-18,2025-12-19,2025-12-19,4,5,76,d-no-vix,5
1,random_forest,1,0.75,1.0,1,1,0,1.0,0.0,980,2022-01-12,2025-12-18,2025-12-19,2025-12-19,4,5,76,d-no-vix,5
2,xgboost,1,0.95,1.0,1,1,0,1.0,0.0,980,2022-01-11,2025-12-17,2025-12-18,2025-12-18,4,5,76,d-no-vix,5
2,random_forest,1,0.7,1.0,1,1,0,1.0,0.0,980,2022-01-11,2025-12-17,2025-12-18,2025-12-18,4,5,76,d-no-vix,5
3,xgboost,1,0.65,1.0,1,1,0,1.0,0.0,980,2022-01-10,2025-12-16,2025-12-17,2025-12-17,4,5,76,d-no-vix,5
3,random_forest,1,0.7,1.0,1,1,0,1.0,0.0,980,2022-01-10,2025-12-16,2025-12-17,2025-12-17,4,5,76,d-no-vix,5
4,xgboost,1,1.0,1.0,1,1,0,1.0,0.0,980,2022-01-07,2025-12-15,2025-12-16,2025-12-16,4,5,76,d-no-vix,5
4,random_forest,1,0.7,1.0,1,1,0,1.0,0.0,980,2022-01-07,2025-12-15,2025-12-16,2025-12-16,4,5,76,d-no-vix,5
5,xgboost,1,0.3,0.0,1,1,0,1.0,0.0,980,2022-01-06,2025-12-12,2025-12-15,2025-12-15,4,5,76,d-no-vix,5
5,random_forest,1,0.6,1.0,1,1,0,1.0,0.0,980,2022-01-06,2025-12-12,2025-12-15,2025-12-15,4,5,76,d-no-vix,5
6,xgboost,1,0.15,0.0,1,1,0,1.0,0.0,980,2022-01-05,2025-12-11,2025-12-12,2025-12-12,4,5,76,d-no-vix,5
6,random_forest,1,0.55,1.0,1,1,0,1.0,0.0,980,2022-01-05,2025-12-11,2025-12-12,2025-12-12,4,5,76,d-no-vix,5
7,xgboost,1,0.9,0.0,1,0,1,0.0,1.0,980,2022-01-04,2025-12-10,2025-12-11,2025-12-11,4,5,76,d-no-vix,5
7,random_forest,1,0.45,1.0,1,0,1,0.0,1.0,980,2022-01-04,2025-12-10,2025-12-11,2025-12-11,4,5,76,d-no-vix,5
8,xgboost,1,0.45,1.0,1,0,1,0.0,1.0,980,2022-01-03,2025-12-09,2025-12-10,2025-12-10,4,5,76,d-no-vix,5
8,random_forest,1,0.45,1.0,1,0,1,0.0,1.0,980,2022-01-03,2025-12-09,2025-12-10,2025-12-10,4,5,76,d-no-vix,5
9,xgboost,1,0.15,1.0,1,0,1,0.0,1.0,980,2021-12-31,2025-12-08,2025-12-09,2025-12-09,4,5,76,d-no-vix,5
9,random_forest,1,0.4,1.0,1,0,1,0.0,1.0,980,2021-12-31,2025-12-08,2025-12-09,2025-12-09,4,5,76,d-no-vix,5
10,xgboost,1,0.35,1.0,1,0,1,0.0,1.0,980,2021-12-30,2025-12-05,2025-12-08,2025-12-08,4,5,76,d-no-vix,5
10,random_forest,1,0.55,0.0,1,0,1,0.0,1.0,980,2021-12-30,2025-12-05,2025-12-08,2025-12-08,4,5,76,d-no-vix,5
11,xgboost,1,1.0,0.0,1,0,1,0.0,1.0,980,2021-12-29,2025-12-04,2025-12-05,2025-12-05,4,5,76,d-no-vix,5
11,random_forest,1,0.75,0.0,1,0,1,0.0,1.0,980,2021-12-29,2025-12-04,2025-12-05,2025-12-05,4,5,76,d-no-vix,5
12,xgboost,1,1.0,1.0,1,1,0,1.0,0.0,980,2021-12-28,2025-12-03,2025-12-04,2025-12-04,4,5,76,d-no-vix,5
12,random_forest,1,0.8,1.0,1,1,0,1.0,0.0,980,2021-12-28,2025-12-03,2025-12-04,2025-12-04,4,5,76,d-no-vix,5
13,xgboost,1,1.0,1.0,1,1,0,1.0,0.0,980,2021-12-27,2025-12-02,2025-12-03,2025-12-03,4,5,76,d-no-vix,5
13,random_forest,1,0.75,1.0,1,1,0,1.0,0.0,980,2021-12-27,2025-12-02,2025-12-03,2025-12-03,4,5,76,d-no-vix,5
14,xgboost,1,0.95,1.0,1,1,0,1.0,0.0,980,2021-12-23,2025-12-01,2025-12-02,2025-12-02,4,5,76,d-no-vix,5
14,random_forest,1,0.65,1.0,1,1,0,1.0,0.0,980,2021-12-23,2025-12-01,2025-12-02,2025-12-02,4,5,76,d-no-vix,5
15,xgboost,1,0.85,1.0,1,1,0,1.0,0.0,980,2021-12-22,2025-11-26,2025-12-01,2025-12-01,4,5,76,d-no-vix,5
15,random_forest,1,0.7,1.0,1,1,0,1.0,0.0,980,2021-12-22,2025-11-26,2025-12-01,2025-12-01,4,5,76,d-no-vix,5
16,xgboost,1,0.85,1.0,1,1,0,1.0,0.0,980,2021-12-21,2025-11-25,2025-11-26,2025-11-26,4,5,76,d-no-vix,5
16,random_forest,1,0.6,1.0,1,1,0,1.0,0.0,980,2021-12-21,2025-11-25,2025-11-26,2025-11-26,4,5,76,d-no-vix,5
17,xgboost,1,0.8,1.0,1,1,0,1.0,0.0,980,2021-12-20,2025-11-24,2025-11-25,2025-11-25,4,5,76,d-no-vix,5
17,random_forest,1,0.6,1.0,1,1,0,1.0,0.0,980,2021-12-20,2025-11-24,2025-11-25,2025-11-25,4,5,76,d-no-vix,5
18,xgboost,1,0.75,1.0,1,1,0,1.0,0.0,980,2021-12-17,2025-11-21,2025-11-24,2025-11-24,4,5,76,d-no-vix,5
18,random_forest,1,0.65,1.0,1,1,0,1.0,0.0,980,2021-12-17,2025-11-21,2025-11-24,2025-11-24,4,5,76,d-no-vix,5
19,xgboost,1,0.9,1.0,1,1,0,1.0,0.0,980,2021-12-16,2025-11-20,2025-11-21,2025-11-21,4,5,76,d-no-vix,5
19,random_forest,1,0.65,1.0,1,1,0,1.0,0.0,980,2021-12-16,2025-11-20,2025-11-21,2025-11-21,4,5,76,d-no-vix,5
20,xgboost,1,0.95,1.0,1,1,0,1.0,0.0,980,2021-12-15,2025-11-19,2025-11-20,2025-11-20,4,5,76,d-no-vix,5
20,random_forest,1,0.65,1.0,1,1,0,1.0,0.0,980,2021-12-15,2025-11-19,2025-11-20,2025-11-20,4,5,76,d-no-vix,5
21,xgboost,1,0.35,0.0,1,1,0,1.0,0.0,980,2021-12-14,2025-11-18,2025-11-19,2025-11-19,4,5,76,d-no-vix,5
21,random_forest,1,0.65,1.0,1,1,0,1.0,0.0,980,2021-12-14,2025-11-18,2025-11-19,2025-11-19,4,5,76,d-no-vix,5
22,xgboost,1,0.9,1.0,1,1,0,1.0,0.0,980,2021-12-13,2025-11-17,2025-11-18,2025-11-18,4,5,76,d-no-vix,5
22,random_forest,1,0.6,1.0,1,1,0,1.0,0.0,980,2021-12-13,2025-11-17,2025-11-18,2025-11-18,4,5,76,d-no-vix,5
23,xgboost,1,0.0,0.0,1,1,0,1.0,0.0,980,2021-12-10,2025-11-14,2025-11-17,2025-11-17,4,5,76,d-no-vix,5
23,random_forest,1,0.2,0.0,1,1,0,1.0,0.0,980,2021-12-10,2025-11-14,2025-11-17,2025-11-17,4,5,76,d-no-vix,5
24,xgboost,1,0.0,1.0,1,0,1,0.0,1.0,980,2021-12-09,2025-11-13,2025-11-14,2025-11-14,4,5,76,d-no-vix,5
24,random_forest,1,0.15,1.0,1,0,1,0.0,1.0,980,2021-12-09,2025-11-13,2025-11-14,2025-11-14,4,5,76,d-no-vix,5
25,xgboost,1,0.1,1.0,1,0,1,0.0,1.0,980,2021-12-08,2025-11-12,2025-11-13,2025-11-13,4,5,76,d-no-vix,5
25,random_forest,1,0.3,1.0,1,0,1,0.0,1.0,980,2021-12-08,2025-11-12,2025-11-13,2025-11-13,4,5,76,d-no-vix,5
26,xgboost,1,0.45,1.0,1,0,1,0.0,1.0,980,2021-12-07,2025-11-11,2025-11-12,2025-11-12,4,5,76,d-no-vix,5
26,random_forest,1,0.25,1.0,1,0,1,0.0,1.0,980,2021-12-07,2025-11-11,2025-11-12,2025-11-12,4,5,76,d-no-vix,5
27,xgboost,1,0.05,1.0,1,0,1,0.0,1.0,980,2021-12-06,2025-11-10,2025-11-11,2025-11-11,4,5,76,d-no-vix,5
27,random_forest,1,0.3,1.0,1,0,1,0.0,1.0,980,2021-12-06,2025-11-10,2025-11-11,2025-11-11,4,5,76,d-no-vix,5
28,xgboost,1,0.55,0.0,1,0,1,0.0,1.0,980,2021-12-03,2025-11-07,2025-11-10,2025-11-10,4,5,76,d-no-vix,5
28,random_forest,1,0.4,1.0,1,0,1,0.0,1.0,980,2021-12-03,2025-11-07,2025-11-10,2025-11-10,4,5,76,d-no-vix,5
29,xgboost,1,0.9,0.0,1,0,1,0.0,1.0,980,2021-12-02,2025-11-06,2025-11-07,2025-11-07,4,5,76,d-no-vix,5
29,random_forest,1,0.5,1.0,1,0,1,0.0,1.0,980,2021-12-02,2025-11-06,2025-11-07,2025-11-07,4,5,76,d-no-vix,5
30,xgboost,1,0.2,1.0,1,0,1,0.0,1.0,980,2021-12-01,2025-11-05,2025-11-06,2025-11-06,4,5,76,d-no-vix,5
30,random_forest,1,0.5,1.0,1,0,1,0.0,1.0,980,2021-12-01,2025-11-05,2025-11-06,2025-11-06,4,5,76,d-no-vix,5
31,xgboost,1,1.0,0.0,1,0,1,0.0,1.0,980,2021-11-30,2025-11-04,2025-11-05,2025-11-05,4,5,76,d-no-vix,5
31,random_forest,1,0.6,0.0,1,0,1,0.0,1.0,980,2021-11-30,2025-11-04,2025-11-05,2025-11-05,4,5,76,d-no-vix,5
32,xgboost,1,0.65,1.0,1,1,0,1.0,0.0,980,2021-11-29,2025-11-03,2025-11-04,2025-11-04,4,5,76,d-no-vix,5
32,random_forest,1,0.4,0.0,1,1,0,1.0,0.0,980,2021-11-29,2025-11-03,2025-11-04,2025-11-04,4,5,76,d-no-vix,5
33,xgboost,1,0.1,1.0,1,0,1,0.0,1.0,980,2021-11-24,2025-10-31,2025-11-03,2025-11-03,4,5,76,d-no-vix,5
33,random_forest,1,0.25,1.0,1,0,1,0.0,1.0,980,2021-11-24,2025-10-31,2025-11-03,2025-11-03,4,5,76,d-no-vix,5
34,xgboost,1,0.05,1.0,1,0,1,0.0,1.0,980,2021-11-23,2025-10-30,2025-10-31,2025-10-31,4,5,76,d-no-vix,5
34,random_forest,1,0.25,1.0,1,0,1,0.0,1.0,980,2021-11-23,2025-10-30,2025-10-31,2025-10-31,4,5,76,d-no-vix,5
35,xgboost,1,0.05,1.0,1,0,1,0.0,1.0,980,2021-11-22,2025-10-29,2025-10-30,2025-10-30,4,5,76,d-no-vix,5
35,random_forest,1,0.4,1.0,1,0,1,0.0,1.0,980,2021-11-22,2025-10-29,2025-10-30,2025-10-30,4,5,76,d-no-vix,5
36,xgboost,1,0.15,1.0,1,0,1,0.0,1.0,980,2021-11-19,2025-10-28,2025-10-29,2025-10-29,4,5,76,d-no-vix,5
36,random_forest,1,0.3,1.0,1,0,1,0.0,1.0,980,2021-11-19,2025-10-28,2025-10-29,2025-10-29,4,5,76,d-no-vix,5
37,xgboost,1,0.95,0.0,1,0,1,0.0,1.0,980,2021-11-18,2025-10-27,2025-10-28,2025-10-28,4,5,76,d-no-vix,5
37,random_forest,1,0.65,0.0,1,0,1,0.0,1.0,980,2021-11-18,2025-10-27,2025-10-28,2025-10-28,4,5,76,d-no-vix,5
38,xgboost,1,0.9,1.0,1,1,0,1.0,0.0,980,2021-11-17,2025-10-24,2025-10-27,2025-10-27,4,5,76,d-no-vix,5
38,random_forest,1,0.6,1.0,1,1,0,1.0,0.0,980,2021-11-17,2025-10-24,2025-10-27,2025-10-27,4,5,76,d-no-vix,5
39,xgboost,1,0.1,0.0,1,1,0,1.0,0.0,980,2021-11-16,2025-10-23,2025-10-24,2025-10-24,4,5,76,d-no-vix,5
39,random_forest,1,0.5,0.0,1,1,0,1.0,0.0,980,2021-11-16,2025-10-23,2025-10-24,2025-10-24,4,5,76,d-no-vix,5
40,xgboost,1,0.85,1.0,1,1,0,1.0,0.0,980,2021-11-15,2025-10-22,2025-10-23,2025-10-23,4,5,76,d-no-vix,5
40,random_forest,1,0.7,1.0,1,1,0,1.0,0.0,980,2021-11-15,2025-10-22,2025-10-23,2025-10-23,4,5,76,d-no-vix,5
41,xgboost,1,0.45,0.0,1,1,0,1.0,0.0,980,2021-11-12,2025-10-21,2025-10-22,2025-10-22,4,5,76,d-no-vix,5
41,random_forest,1,0.7,1.0,1,1,0,1.0,0.0,980,2021-11-12,2025-10-21,2025-10-22,2025-10-22,4,5,76,d-no-vix,5
42,xgboost,1,0.55,1.0,1,1,0,1.0,0.0,980,2021-11-11,2025-10-20,2025-10-21,2025-10-21,4,5,76,d-no-vix,5
42,random_forest,1,0.65,1.0,1,1,0,1.0,0.0,980,2021-11-11,2025-10-20,2025-10-21,2025-10-21,4,5,76,d-no-vix,5
43,xgboost,1,0.85,1.0,1,1,0,1.0,0.0,980,2021-11-10,2025-10-17,2025-10-20,2025-10-20,4,5,76,d-no-vix,5
43,random_forest,1,0.55,1.0,1,1,0,1.0,0.0,980,2021-11-10,2025-10-17,2025-10-20,2025-10-20,4,5,76,d-no-vix,5
44,xgboost,1,1.0,1.0,1,1,0,1.0,0.0,980,2021-11-09,2025-10-16,2025-10-17,2025-10-17,4,5,76,d-no-vix,5
44,random_forest,1,0.75,1.0,1,1,0,1.0,0.0,980,2021-11-09,2025-10-16,2025-10-17,2025-10-17,4,5,76,d-no-vix,5
45,xgboost,1,0.95,1.0,1,1,0,1.0,0.0,980,2021-11-08,2025-10-15,2025-10-16,2025-10-16,4,5,76,d-no-vix,5
45,random_forest,1,0.75,1.0,1,1,0,1.0,0.0,980,2021-11-08,2025-10-15,2025-10-16,2025-10-16,4,5,76,d-no-vix,5
46,xgboost,1,1.0,1.0,1,1,0,1.0,0.0,980,2021-11-05,2025-10-14,2025-10-15,2025-10-15,4,5,76,d-no-vix,5
46,random_forest,1,0.75,1.0,1,1,0,1.0,0.0,980,2021-11-05,2025-10-14,2025-10-15,2025-10-15,4,5,76,d-no-vix,5
47,xgboost,1,1.0,1.0,1,1,0,1.0,0.0,980,2021-11-04,2025-10-13,2025-10-14,2025-10-14,4,5,76,d-no-vix,5
47,random_forest,1,0.7,1.0,1,1,0,1.0,0.0,980,2021-11-04,2025-10-13,2025-10-14,2025-10-14,4,5,76,d-no-vix,5
48,xgboost,1,0.6,1.0,1,1,0,1.0,0.0,980,2021-11-03,2025-10-10,2025-10-13,2025-10-13,4,5,76,d-no-vix,5
48,random_forest,1,0.55,1.0,1,1,0,1.0,0.0,980,2021-11-03,2025-10-10,2025-10-13,2025-10-13,4,5,76,d-no-vix,5
49,xgboost,1,0.6,1.0,1,1,0,1.0,0.0,980,2021-11-02,2025-10-09,2025-10-10,2025-10-10,4,5,76,d-no-vix,5
49,random_forest,1,0.45,0.0,1,1,0,1.0,0.0,980,2021-11-02,2025-10-09,2025-10-10,2025-10-10,4,5,76,d-no-vix,5
50,xgboost,1,0.1,1.0,1,0,1,0.0,1.0,980,2021-11-01,2025-10-08,2025-10-09,2025-10-09,4,5,76,d-no-vix,5
50,random_forest,1,0.35,1.0,1,0,1,0.0,1.0,980,2021-11-01,2025-10-08,2025-10-09,2025-10-09,4,5,76,d-no-vix,5
51,xgboost,1,0.0,1.0,1,0,1,0.0,1.0,980,2021-10-29,2025-10-07,2025-10-08,2025-10-08,4,5,76,d-no-vix,5
51,random_forest,1,0.3,1.0,1,0,1,0.0,1.0,980,2021-10-29,2025-10-07,2025-10-08,2025-10-08,4,5,76,d-no-vix,5
52,xgboost,1,0.05,1.0,1,0,1,0.0,1.0,980,2021-10-28,2025-10-06,2025-10-07,2025-10-07,4,5,76,d-no-vix,5
52,random_forest,1,0.45,1.0,1,0,1,0.0,1.0,980,2021-10-28,2025-10-06,2025-10-07,2025-10-07,4,5,76,d-no-vix,5
53,xgboost,1,0.55,0.0,1,0,1,0.0,1.0,980,2021-10-27,2025-10-03,2025-10-06,2025-10-06,4,5,76,d-no-vix,5
53,random_forest,1,0.5,1.0,1,0,1,0.0,1.0,980,2021-10-27,2025-10-03,2025-10-06,2025-10-06,4,5,76,d-no-vix,5
54,xgboost,1,1.0,0.0,1,0,1,0.0,1.0,980,2021-10-26,2025-10-02,2025-10-03,2025-10-03,4,5,76,d-no-vix,5
54,random_forest,1,0.85,0.0,1,0,1,0.0,1.0,980,2021-10-26,2025-10-02,2025-10-03,2025-10-03,4,5,76,d-no-vix,5
55,xgboost,1,1.0,1.0,1,1,0,1.0,0.0,980,2021-10-25,2025-10-01,2025-10-02,2025-10-02,4,5,76,d-no-vix,5
55,random_forest,1,0.75,1.0,1,1,0,1.0,0.0,980,2021-10-25,2025-10-01,2025-10-02,2025-10-02,4,5,76,d-no-vix,5
56,xgboost,1,0.85,1.0,1,1,0,1.0,0.0,980,2021-10-22,2025-09-30,2025-10-01,2025-10-01,4,5,76,d-no-vix,5
56,random_forest,1,0.7,1.0,1,1,0,1.0,0.0,980,2021-10-22,2025-09-30,2025-10-01,2025-10-01,4,5,76,d-no-vix,5
57,xgboost,1,1.0,1.0,1,1,0,1.0,0.0,980,2021-10-21,2025-09-29,2025-09-30,2025-09-30,4,5,76,d-no-vix,5
57,random_forest,1,0.7,1.0,1,1,0,1.0,0.0,980,2021-10-21,2025-09-29,2025-09-30,2025-09-30,4,5,76,d-no-vix,5
58,xgboost,1,1.0,1.0,1,1,0,1.0,0.0,980,2021-10-20,2025-09-26,2025-09-29,2025-09-29,4,5,76,d-no-vix,5
58,random_forest,1,0.8,1.0,1,1,0,1.0,0.0,980,2021-10-20,2025-09-26,2025-09-29,2025-09-29,4,5,76,d-no-vix,5
59,xgboost,1,0.95,1.0,1,1,0,1.0,0.0,980,2021-10-19,2025-09-25,2025-09-26,2025-09-26,4,5,76,d-no-vix,5
59,random_forest,1,0.75,1.0,1,1,0,1.0,0.0,980,2021-10-19,2025-09-25,2025-09-26,2025-09-26,4,5,76,d-no-vix,5
60,xgboost,1,1.0,1.0,1,1,0,1.0,0.0,980,2021-10-18,2025-09-24,2025-09-25,2025-09-25,4,5,76,d-no-vix,5
60,random_forest,1,0.7,1.0,1,1,0,1.0,0.0,980,2021-10-18,2025-09-24,2025-09-25,2025-09-25,4,5,76,d-no-vix,5
61,xgboost,1,1.0,1.0,1,1,0,1.0,0.0,980,2021-10-15,2025-09-23,2025-09-24,2025-09-24,4,5,76,d-no-vix,5
61,random_forest,1,0.65,1.0,1,1,0,1.0,0.0,980,2021-10-15,2025-09-23,2025-09-24,2025-09-24,4,5,76,d-no-vix,5
62,xgboost,1,0.5,0.0,1,1,0,1.0,0.0,980,2021-10-14,2025-09-22,2025-09-23,2025-09-23,4,5,76,d-no-vix,5
62,random_forest,1,0.35,0.0,1,1,0,1.0,0.0,980,2021-10-14,2025-09-22,2025-09-23,2025-09-23,4,5,76,d-no-vix,5
63,xgboost,1,0.05,1.0,1,0,1,0.0,1.0,980,2021-10-13,2025-09-19,2025-09-22,2025-09-22,4,5,76,d-no-vix,5
63,random_forest,1,0.3,1.0,1,0,1,0.0,1.0,980,2021-10-13,2025-09-19,2025-09-22,2025-09-22,4,5,76,d-no-vix,5
64,xgboost,1,0.85,0.0,1,0,1,0.0,1.0,980,2021-10-12,2025-09-18,2025-09-19,2025-09-19,4,5,76,d-no-vix,5
64,random_forest,1,0.5,1.0,1,0,1,0.0,1.0,980,2021-10-12,2025-09-18,2025-09-19,2025-09-19,4,5,76,d-no-vix,5
65,xgboost,1,1.0,0.0,1,0,1,0.0,1.0,980,2021-10-11,2025-09-17,2025-09-18,2025-09-18,4,5,76,d-no-vix,5
65,random_forest,1,0.8,0.0,1,0,1,0.0,1.0,980,2021-10-11,2025-09-17,2025-09-18,2025-09-18,4,5,76,d-no-vix,5
66,xgboost,1,1.0,1.0,1,1,0,1.0,0.0,980,2021-10-08,2025-09-16,2025-09-17,2025-09-17,4,5,76,d-no-vix,5
66,random_forest,1,0.75,1.0,1,1,0,1.0,0.0,980,2021-10-08,2025-09-16,2025-09-17,2025-09-17,4,5,76,d-no-vix,5
67,xgboost,1,0.95,1.0,1,1,0,1.0,0.0,980,2021-10-07,2025-09-15,2025-09-16,2025-09-16,4,5,76,d-no-vix,5
67,random_forest,1,0.7,1.0,1,1,0,1.0,0.0,980,2021-10-07,2025-09-15,2025-09-16,2025-09-16,4,5,76,d-no-vix,5
68,xgboost,1,0.95,1.0,1,1,0,1.0,0.0,980,2021-10-06,2025-09-12,2025-09-15,2025-09-15,4,5,76,d-no-vix,5
68,random_forest,1,0.7,1.0,1,1,0,1.0,0.0,980,2021-10-06,2025-09-12,2025-09-15,2025-09-15,4,5,76,d-no-vix,5
69,xgboost,1,0.9,1.0,1,1,0,1.0,0.0,980,2021-10-05,2025-09-11,2025-09-12,2025-09-12,4,5,76,d-no-vix,5
69,random_forest,1,0.7,1.0,1,1,0,1.0,0.0,980,2021-10-05,2025-09-11,2025-09-12,2025-09-12,4,5,76,d-no-vix,5
70,xgboost,1,0.95,1.0,1,1,0,1.0,0.0,980,2021-10-04,2025-09-10,2025-09-11,2025-09-11,4,5,76,d-no-vix,5
70,random_forest,1,0.65,1.0,1,1,0,1.0,0.0,980,2021-10-04,2025-09-10,2025-09-11,2025-09-11,4,5,76,d-no-vix,5
71,xgboost,1,0.8,1.0,1,1,0,1.0,0.0,980,2021-10-01,2025-09-09,2025-09-10,2025-09-10,4,5,76,d-no-vix,5
71,random_forest,1,0.65,1.0,1,1,0,1.0,0.0,980,2021-10-01,2025-09-09,2025-09-10,2025-09-10,4,5,76,d-no-vix,5
72,xgboost,1,1.0,1.0,1,1,0,1.0,0.0,980,2021-09-30,2025-09-08,2025-09-09,2025-09-09,4,5,76,d-no-vix,5
72,random_forest,1,0.7,1.0,1,1,0,1.0,0.0,980,2021-09-30,2025-09-08,2025-09-09,2025-09-09,4,5,76,d-no-vix,5
73,xgboost,1,0.95,1.0,1,1,0,1.0,0.0,980,2021-09-29,2025-09-05,2025-09-08,2025-09-08,4,5,76,d-no-vix,5
73,random_forest,1,0.65,1.0,1,1,0,1.0,0.0,980,2021-09-29,2025-09-05,2025-09-08,2025-09-08,4,5,76,d-no-vix,5
74,xgboost,1,1.0,1.0,1,1,0,1.0,0.0,980,2021-09-28,2025-09-04,2025-09-05,2025-09-05,4,5,76,d-no-vix,5
74,random_forest,1,0.75,1.0,1,1,0,1.0,0.0,980,2021-09-28,2025-09-04,2025-09-05,2025-09-05,4,5,76,d-no-vix,5
75,xgboost,1,0.3,0.0,1,1,0,1.0,0.0,980,2021-09-27,2025-09-03,2025-09-04,2025-09-04,4,5,76,d-no-vix,5
75,random_forest,1,0.6,1.0,1,1,0,1.0,0.0,980,2021-09-27,2025-09-03,2025-09-04,2025-09-04,4,5,76,d-no-vix,5
76,xgboost,1,1.0,1.0,1,1,0,1.0,0.0,980,2021-09-24,2025-09-02,2025-09-03,2025-09-03,4,5,76,d-no-vix,5
76,random_forest,1,0.65,1.0,1,1,0,1.0,0.0,980,2021-09-24,2025-09-02,2025-09-03,2025-09-03,4,5,76,d-no-vix,5
77,xgboost,1,1.0,1.0,1,1,0,1.0,0.0,980,2021-09-23,2025-08-29,2025-09-02,2025-09-02,4,5,76,d-no-vix,5
77,random_forest,1,0.7,1.0,1,1,0,1.0,0.0,980,2021-09-23,2025-08-29,2025-09-02,2025-09-02,4,5,76,d-no-vix,5
78,xgboost,1,0.45,0.0,1,1,0,1.0,0.0,980,2021-09-22,2025-08-28,2025-08-29,2025-08-29,4,5,76,d-no-vix,5
78,random_forest,1,0.55,1.0,1,1,0,1.0,0.0,980,2021-09-22,2025-08-28,2025-08-29,2025-08-29,4,5,76,d-no-vix,5
79,xgboost,1,0.9,0.0,1,0,1,0.0,1.0,980,2021-09-21,2025-08-27,2025-08-28,2025-08-28,4,5,76,d-no-vix,5
79,random_forest,1,0.5,1.0,1,0,1,0.0,1.0,980,2021-09-21,2025-08-27,2025-08-28,2025-08-28,4,5,76,d-no-vix,5
80,xgboost,1,0.1,0.0,1,1,0,1.0,0.0,980,2021-09-20,2025-08-26,2025-08-27,2025-08-27,4,5,76,d-no-vix,5
80,random_forest,1,0.3,0.0,1,1,0,1.0,0.0,980,2021-09-20,2025-08-26,2025-08-27,2025-08-27,4,5,76,d-no-vix,5
81,xgboost,1,0.0,1.0,1,0,1,0.0,1.0,980,2021-09-17,2025-08-25,2025-08-26,2025-08-26,4,5,76,d-no-vix,5
81,random_forest,1,0.3,1.0,1,0,1,0.0,1.0,980,2021-09-17,2025-08-25,2025-08-26,2025-08-26,4,5,76,d-no-vix,5
82,xgboost,1,0.75,0.0,1,0,1,0.0,1.0,980,2021-09-16,2025-08-22,2025-08-25,2025-08-25,4,5,76,d-no-vix,5
82,random_forest,1,0.45,1.0,1,0,1,0.0,1.0,980,2021-09-16,2025-08-22,2025-08-25,2025-08-25,4,5,76,d-no-vix,5
83,xgboost,1,0.95,0.0,1,0,1,0.0,1.0,980,2021-09-15,2025-08-21,2025-08-22,2025-08-22,4,5,76,d-no-vix,5
83,random_forest,1,0.7,0.0,1,0,1,0.0,1.0,980,2021-09-15,2025-08-21,2025-08-22,2025-08-22,4,5,76,d-no-vix,5
84,xgboost,1,1.0,1.0,1,1,0,1.0,0.0,980,2021-09-14,2025-08-20,2025-08-21,2025-08-21,4,5,76,d-no-vix,5
84,random_forest,1,0.75,1.0,1,1,0,1.0,0.0,980,2021-09-14,2025-08-20,2025-08-21,2025-08-21,4,5,76,d-no-vix,5
85,xgboost,1,0.95,1.0,1,1,0,1.0,0.0,980,2021-09-13,2025-08-19,2025-08-20,2025-08-20,4,5,76,d-no-vix,5
85,random_forest,1,0.65,1.0,1,1,0,1.0,0.0,980,2021-09-13,2025-08-19,2025-08-20,2025-08-20,4,5,76,d-no-vix,5
86,xgboost,1,0.2,0.0,1,1,0,1.0,0.0,980,2021-09-10,2025-08-18,2025-08-19,2025-08-19,4,5,76,d-no-vix,5
86,random_forest,1,0.6,1.0,1,1,0,1.0,0.0,980,2021-09-10,2025-08-18,2025-08-19,2025-08-19,4,5,76,d-no-vix,5
87,xgboost,1,0.55,0.0,1,0,1,0.0,1.0,980,2021-09-09,2025-08-15,2025-08-18,2025-08-18,4,5,76,d-no-vix,5
87,random_forest,1,0.4,1.0,1,0,1,0.0,1.0,980,2021-09-09,2025-08-15,2025-08-18,2025-08-18,4,5,76,d-no-vix,5
88,xgboost,1,0.35,1.0,1,0,1,0.0,1.0,980,2021-09-08,2025-08-14,2025-08-15,2025-08-15,4,5,76,d-no-vix,5
88,random_forest,1,0.45,1.0,1,0,1,0.0,1.0,980,2021-09-08,2025-08-14,2025-08-15,2025-08-15,4,5,76,d-no-vix,5
89,xgboost,1,0.15,1.0,1,0,1,0.0,1.0,980,2021-09-07,2025-08-13,2025-08-14,2025-08-14,4,5,76,d-no-vix,5
89,random_forest,1,0.4,1.0,1,0,1,0.0,1.0,980,2021-09-07,2025-08-13,2025-08-14,2025-08-14,4,5,76,d-no-vix,5
90,xgboost,1,0.15,1.0,1,0,1,0.0,1.0,980,2021-09-03,2025-08-12,2025-08-13,2025-08-13,4,5,76,d-no-vix,5
90,random_forest,1,0.35,1.0,1,0,1,0.0,1.0,980,2021-09-03,2025-08-12,2025-08-13,2025-08-13,4,5,76,d-no-vix,5
91,xgboost,1,1.0,0.0,1,0,1,0.0,1.0,980,2021-09-02,2025-08-11,2025-08-12,2025-08-12,4,5,76,d-no-vix,5
91,random_forest,1,0.75,0.0,1,0,1,0.0,1.0,980,2021-09-02,2025-08-11,2025-08-12,2025-08-12,4,5,76,d-no-vix,5
92,xgboost,1,1.0,1.0,1,1,0,1.0,0.0,980,2021-09-01,2025-08-08,2025-08-11,2025-08-11,4,5,76,d-no-vix,5
92,random_forest,1,0.8,1.0,1,1,0,1.0,0.0,980,2021-09-01,2025-08-08,2025-08-11,2025-08-11,4,5,76,d-no-vix,5
93,xgboost,1,0.95,1.0,1,1,0,1.0,0.0,980,2021-08-31,2025-08-07,2025-08-08,2025-08-08,4,5,76,d-no-vix,5
93,random_forest,1,0.6,1.0,1,1,0,1.0,0.0,980,2021-08-31,2025-08-07,2025-08-08,2025-08-08,4,5,76,d-no-vix,5
94,xgboost,1,1.0,1.0,1,1,0,1.0,0.0,980,2021-08-30,2025-08-06,2025-08-07,2025-08-07,4,5,76,d-no-vix,5
94,random_forest,1,0.7,1.0,1,1,0,1.0,0.0,980,2021-08-30,2025-08-06,2025-08-07,2025-08-07,4,5,76,d-no-vix,5
95,xgboost,1,1.0,1.0,1,1,0,1.0,0.0,980,2021-08-27,2025-08-05,2025-08-06,2025-08-06,4,5,76,d-no-vix,5
95,random_forest,1,0.7,1.0,1,1,0,1.0,0.0,980,2021-08-27,2025-08-05,2025-08-06,2025-08-06,4,5,76,d-no-vix,5
96,xgboost,1,1.0,1.0,1,1,0,1.0,0.0,980,2021-08-26,2025-08-04,2025-08-05,2025-08-05,4,5,76,d-no-vix,5
96,random_forest,1,0.85,1.0,1,1,0,1.0,0.0,980,2021-08-26,2025-08-04,2025-08-05,2025-08-05,4,5,76,d-no-vix,5
97,xgboost,1,0.95,1.0,1,1,0,1.0,0.0,980,2021-08-25,2025-08-01,2025-08-04,2025-08-04,4,5,76,d-no-vix,5
97,random_forest,1,0.7,1.0,1,1,0,1.0,0.0,980,2021-08-25,2025-08-01,2025-08-04,2025-08-04,4,5,76,d-no-vix,5
98,xgboost,1,0.9,1.0,1,1,0,1.0,0.0,980,2021-08-24,2025-07-31,2025-08-01,2025-08-01,4,5,76,d-no-vix,5
98,random_forest,1,0.65,1.0,1,1,0,1.0,0.0,980,2021-08-24,2025-07-31,2025-08-01,2025-08-01,4,5,76,d-no-vix,5
99,xgboost,1,0.1,0.0,1,1,0,1.0,0.0,980,2021-08-23,2025-07-30,2025-07-31,2025-07-31,4,5,76,d-no-vix,5
99,random_forest,1,0.4,0.0,1,1,0,1.0,0.0,980,2021-08-23,2025-07-30,2025-07-31,2025-07-31,4,5,76,d-no-vix,5
100,xgboost,1,0.05,1.0,1,0,1,0.0,1.0,980,2021-08-20,2025-07-29,2025-07-30,2025-07-30,4,5,76,d-no-vix,5
100,random_forest,1,0.3,1.0,1,0,1,0.0,1.0,980,2021-08-20,2025-07-29,2025-07-30,2025-07-30,4,5,76,d-no-vix,5
101,xgboost,1,0.95,0.0,1,0,1,0.0,1.0,980,2021-08-19,2025-07-28,2025-07-29,2025-07-29,4,5,76,d-no-vix,5
101,random_forest,1,0.5,1.0,1,0,1,0.0,1.0,980,2021-08-19,2025-07-28,2025-07-29,2025-07-29,4,5,76,d-no-vix,5
102,xgboost,1,0.05,1.0,1,0,1,0.0,1.0,980,2021-08-18,2025-07-25,2025-07-28,2025-07-28,4,5,76,d-no-vix,5
102,random_forest,1,0.3,1.0,1,0,1,0.0,1.0,980,2021-08-18,2025-07-25,2025-07-28,2025-07-28,4,5,76,d-no-vix,5
103,xgboost,1,0.95,0.0,1,0,1,0.0,1.0,980,2021-08-17,2025-07-24,2025-07-25,2025-07-25,4,5,76,d-no-vix,5
103,random_forest,1,0.55,0.0,1,0,1,0.0,1.0,980,2021-08-17,2025-07-24,2025-07-25,2025-07-25,4,5,76,d-no-vix,5
104,xgboost,1,1.0,0.0,1,0,1,0.0,1.0,980,2021-08-16,2025-07-23,2025-07-24,2025-07-24,4,5,76,d-no-vix,5
104,random_forest,1,0.85,0.0,1,0,1,0.0,1.0,980,2021-08-16,2025-07-23,2025-07-24,2025-07-24,4,5,76,d-no-vix,5
105,xgboost,1,1.0,1.0,1,1,0,1.0,0.0,980,2021-08-13,2025-07-22,2025-07-23,2025-07-23,4,5,76,d-no-vix,5
105,random_forest,1,0.85,1.0,1,1,0,1.0,0.0,980,2021-08-13,2025-07-22,2025-07-23,2025-07-23,4,5,76,d-no-vix,5
106,xgboost,1,1.0,1.0,1,1,0,1.0,0.0,980,2021-08-12,2025-07-21,2025-07-22,2025-07-22,4,5,76,d-no-vix,5
106,random_forest,1,0.9,1.0,1,1,0,1.0,0.0,980,2021-08-12,2025-07-21,2025-07-22,2025-07-22,4,5,76,d-no-vix,5
107,xgboost,1,1.0,1.0,1,1,0,1.0,0.0,980,2021-08-11,2025-07-18,2025-07-21,2025-07-21,4,5,76,d-no-vix,5
107,random_forest,1,0.9,1.0,1,1,0,1.0,0.0,980,2021-08-11,2025-07-18,2025-07-21,2025-07-21,4,5,76,d-no-vix,5
108,xgboost,1,0.85,1.0,1,1,0,1.0,0.0,980,2021-08-10,2025-07-17,2025-07-18,2025-07-18,4,5,76,d-no-vix,5
108,random_forest,1,0.8,1.0,1,1,0,1.0,0.0,980,2021-08-10,2025-07-17,2025-07-18,2025-07-18,4,5,76,d-no-vix,5
109,xgboost,1,1.0,1.0,1,1,0,1.0,0.0,980,2021-08-09,2025-07-16,2025-07-17,2025-07-17,4,5,76,d-no-vix,5
109,random_forest,1,0.75,1.0,1,1,0,1.0,0.0,980,2021-08-09,2025-07-16,2025-07-17,2025-07-17,4,5,76,d-no-vix,5
110,xgboost,1,1.0,1.0,1,1,0,1.0,0.0,980,2021-08-06,2025-07-15,2025-07-16,2025-07-16,4,5,76,d-no-vix,5
110,random_forest,1,0.8,1.0,1,1,0,1.0,0.0,980,2021-08-06,2025-07-15,2025-07-16,2025-07-16,4,5,76,d-no-vix,5
111,xgboost,1,1.0,1.0,1,1,0,1.0,0.0,980,2021-08-05,2025-07-14,2025-07-15,2025-07-15,4,5,76,d-no-vix,5
111,random_forest,1,0.9,1.0,1,1,0,1.0,0.0,980,2021-08-05,2025-07-14,2025-07-15,2025-07-15,4,5,76,d-no-vix,5
112,xgboost,1,1.0,1.0,1,1,0,1.0,0.0,980,2021-08-04,2025-07-11,2025-07-14,2025-07-14,4,5,76,d-no-vix,5
112,random_forest,1,0.85,1.0,1,1,0,1.0,0.0,980,2021-08-04,2025-07-11,2025-07-14,2025-07-14,4,5,76,d-no-vix,5
113,xgboost,1,1.0,1.0,1,1,0,1.0,0.0,980,2021-08-03,2025-07-10,2025-07-11,2025-07-11,4,5,76,d-no-vix,5
113,random_forest,1,0.9,1.0,1,1,0,1.0,0.0,980,2021-08-03,2025-07-10,2025-07-11,2025-07-11,4,5,76,d-no-vix,5
114,xgboost,1,1.0,1.0,1,1,0,1.0,0.0,980,2021-08-02,2025-07-09,2025-07-10,2025-07-10,4,5,76,d-no-vix,5
114,random_forest,1,0.9,1.0,1,1,0,1.0,0.0,980,2021-08-02,2025-07-09,2025-07-10,2025-07-10,4,5,76,d-no-vix,5
115,xgboost,1,1.0,1.0,1,1,0,1.0,0.0,980,2021-07-30,2025-07-08,2025-07-09,2025-07-09,4,5,76,d-no-vix,5
115,random_forest,1,0.85,1.0,1,1,0,1.0,0.0,980,2021-07-30,2025-07-08,2025-07-09,2025-07-09,4,5,76,d-no-vix,5
116,xgboost,1,1.0,1.0,1,1,0,1.0,0.0,980,2021-07-29,2025-07-07,2025-07-08,2025-07-08,4,5,76,d-no-vix,5
116,random_forest,1,0.85,1.0,1,1,0,1.0,0.0,980,2021-07-29,2025-07-07,2025-07-08,2025-07-08,4,5,76,d-no-vix,5
117,xgboost,1,0.95,1.0,1,1,0,1.0,0.0,980,2021-07-28,2025-07-02,2025-07-07,2025-07-07,4,5,76,d-no-vix,5
117,random_forest,1,0.85,1.0,1,1,0,1.0,0.0,980,2021-07-28,2025-07-02,2025-07-07,2025-07-07,4,5,76,d-no-vix,5
118,xgboost,1,1.0,1.0,1,1,0,1.0,0.0,980,2021-07-27,2025-07-01,2025-07-02,2025-07-02,4,5,76,d-no-vix,5
118,random_forest,1,0.75,1.0,1,1,0,1.0,0.0,980,2021-07-27,2025-07-01,2025-07-02,2025-07-02,4,5,76,d-no-vix,5
119,xgboost,1,0.8,1.0,1,1,0,1.0,0.0,980,2021-07-26,2025-06-30,2025-07-01,2025-07-01,4,5,76,d-no-vix,5
119,random_forest,1,0.75,1.0,1,1,0,1.0,0.0,980,2021-07-26,2025-06-30,2025-07-01,2025-07-01,4,5,76,d-no-vix,5
120,xgboost,1,0.65,1.0,1,1,0,1.0,0.0,980,2021-07-23,2025-06-27,2025-06-30,2025-06-30,4,5,76,d-no-vix,5
120,random_forest,1,0.7,1.0,1,1,0,1.0,0.0,980,2021-07-23,2025-06-27,2025-06-30,2025-06-30,4,5,76,d-no-vix,5
121,xgboost,1,0.85,1.0,1,1,0,1.0,0.0,980,2021-07-22,2025-06-26,2025-06-27,2025-06-27,4,5,76,d-no-vix,5
121,random_forest,1,0.7,1.0,1,1,0,1.0,0.0,980,2021-07-22,2025-06-26,2025-06-27,2025-06-27,4,5,76,d-no-vix,5
122,xgboost,1,1.0,1.0,1,1,0,1.0,0.0,980,2021-07-21,2025-06-25,2025-06-26,2025-06-26,4,5,76,d-no-vix,5
122,random_forest,1,0.85,1.0,1,1,0,1.0,0.0,980,2021-07-21,2025-06-25,2025-06-26,2025-06-26,4,5,76,d-no-vix,5
123,xgboost,1,1.0,1.0,1,1,0,1.0,0.0,980,2021-07-20,2025-06-24,2025-06-25,2025-06-25,4,5,76,d-no-vix,5
123,random_forest,1,0.8,1.0,1,1,0,1.0,0.0,980,2021-07-20,2025-06-24,2025-06-25,2025-06-25,4,5,76,d-no-vix,5
124,xgboost,1,0.85,1.0,1,1,0,1.0,0.0,980,2021-07-19,2025-06-23,2025-06-24,2025-06-24,4,5,76,d-no-vix,5
124,random_forest,1,0.7,1.0,1,1,0,1.0,0.0,980,2021-07-19,2025-06-23,2025-06-24,2025-06-24,4,5,76,d-no-vix,5
125,xgboost,1,0.9,1.0,1,1,0,1.0,0.0,980,2021-07-16,2025-06-20,2025-06-23,2025-06-23,4,5,76,d-no-vix,5
125,random_forest,1,0.8,1.0,1,1,0,1.0,0.0,980,2021-07-16,2025-06-20,2025-06-23,2025-06-23,4,5,76,d-no-vix,5
126,xgboost,1,1.0,1.0,1,1,0,1.0,0.0,980,2021-07-15,2025-06-18,2025-06-20,2025-06-20,4,5,76,d-no-vix,5
126,random_forest,1,0.75,1.0,1,1,0,1.0,0.0,980,2021-07-15,2025-06-18,2025-06-20,2025-06-20,4,5,76,d-no-vix,5
127,xgboost,1,1.0,1.0,1,1,0,1.0,0.0,980,2021-07-14,2025-06-17,2025-06-18,2025-06-18,4,5,76,d-no-vix,5
127,random_forest,1,0.85,1.0,1,1,0,1.0,0.0,980,2021-07-14,2025-06-17,2025-06-18,2025-06-18,4,5,76,d-no-vix,5
128,xgboost,1,1.0,1.0,1,1,0,1.0,0.0,980,2021-07-13,2025-06-16,2025-06-17,2025-06-17,4,5,76,d-no-vix,5
128,random_forest,1,0.75,1.0,1,1,0,1.0,0.0,980,2021-07-13,2025-06-16,2025-06-17,2025-06-17,4,5,76,d-no-vix,5
129,xgboost,1,0.9,1.0,1,1,0,1.0,0.0,980,2021-07-12,2025-06-13,2025-06-16,2025-06-16,4,5,76,d-no-vix,5
129,random_forest,1,0.5,1.0,1,1,0,1.0,0.0,980,2021-07-12,2025-06-13,2025-06-16,2025-06-16,4,5,76,d-no-vix,5
130,xgboost,1,0.9,1.0,1,1,0,1.0,0.0,980,2021-07-09,2025-06-12,2025-06-13,2025-06-13,4,5,76,d-no-vix,5
130,random_forest,1,0.6,1.0,1,1,0,1.0,0.0,980,2021-07-09,2025-06-12,2025-06-13,2025-06-13,4,5,76,d-no-vix,5
131,xgboost,1,0.65,0.0,1,0,1,0.0,1.0,980,2021-07-08,2025-06-11,2025-06-12,2025-06-12,4,5,76,d-no-vix,5
131,random_forest,1,0.4,1.0,1,0,1,0.0,1.0,980,2021-07-08,2025-06-11,2025-06-12,2025-06-12,4,5,76,d-no-vix,5
132,xgboost,1,0.8,0.0,1,0,1,0.0,1.0,980,2021-07-07,2025-06-10,2025-06-11,2025-06-11,4,5,76,d-no-vix,5
132,random_forest,1,0.65,0.0,1,0,1,0.0,1.0,980,2021-07-07,2025-06-10,2025-06-11,2025-06-11,4,5,76,d-no-vix,5
133,xgboost,1,0.65,0.0,1,0,1,0.0,1.0,980,2021-07-06,2025-06-09,2025-06-10,2025-06-10,4,5,76,d-no-vix,5
133,random_forest,1,0.65,0.0,1,0,1,0.0,1.0,980,2021-07-06,2025-06-09,2025-06-10,2025-06-10,4,5,76,d-no-vix,5
134,xgboost,1,0.1,0.0,1,1,0,1.0,0.0,980,2021-07-02,2025-06-06,2025-06-09,2025-06-09,4,5,76,d-no-vix,5
134,random_forest,1,0.45,0.0,1,1,0,1.0,0.0,980,2021-07-02,2025-06-06,2025-06-09,2025-06-09,4,5,76,d-no-vix,5
135,xgboost,1,1.0,0.0,1,0,1,0.0,1.0,980,2021-07-01,2025-06-05,2025-06-06,2025-06-06,4,5,76,d-no-vix,5
135,random_forest,1,0.85,0.0,1,0,1,0.0,1.0,980,2021-07-01,2025-06-05,2025-06-06,2025-06-06,4,5,76,d-no-vix,5
136,xgboost,1,1.0,1.0,1,1,0,1.0,0.0,980,2021-06-30,2025-06-04,2025-06-05,2025-06-05,4,5,76,d-no-vix,5
136,random_forest,1,0.85,1.0,1,1,0,1.0,0.0,980,2021-06-30,2025-06-04,2025-06-05,2025-06-05,4,5,76,d-no-vix,5
137,xgboost,1,0.4,0.0,1,1,0,1.0,0.0,980,2021-06-29,2025-06-03,2025-06-04,2025-06-04,4,5,76,d-no-vix,5
137,random_forest,1,0.6,1.0,1,1,0,1.0,0.0,980,2021-06-29,2025-06-03,2025-06-04,2025-06-04,4,5,76,d-no-vix,5
138,xgboost,1,0.85,1.0,1,1,0,1.0,0.0,980,2021-06-28,2025-06-02,2025-06-03,2025-06-03,4,5,76,d-no-vix,5
138,random_forest,1,0.75,1.0,1,1,0,1.0,0.0,980,2021-06-28,2025-06-02,2025-06-03,2025-06-03,4,5,76,d-no-vix,5
139,xgboost,1,0.9,1.0,1,1,0,1.0,0.0,980,2021-06-25,2025-05-30,2025-06-02,2025-06-02,4,5,76,d-no-vix,5
139,random_forest,1,0.8,1.0,1,1,0,1.0,0.0,980,2021-06-25,2025-05-30,2025-06-02,2025-06-02,4,5,76,d-no-vix,5
140,xgboost,1,0.85,1.0,1,1,0,1.0,0.0,980,2021-06-24,2025-05-29,2025-05-30,2025-05-30,4,5,76,d-no-vix,5
140,random_forest,1,0.8,1.0,1,1,0,1.0,0.0,980,2021-06-24,2025-05-29,2025-05-30,2025-05-30,4,5,76,d-no-vix,5
141,xgboost,1,0.15,0.0,1,1,0,1.0,0.0,980,2021-06-23,2025-05-28,2025-05-29,2025-05-29,4,5,76,d-no-vix,5
141,random_forest,1,0.7,1.0,1,1,0,1.0,0.0,980,2021-06-23,2025-05-28,2025-05-29,2025-05-29,4,5,76,d-no-vix,5
142,xgboost,1,0.3,0.0,1,1,0,1.0,0.0,980,2021-06-22,2025-05-27,2025-05-28,2025-05-28,4,5,76,d-no-vix,5
142,random_forest,1,0.6,1.0,1,1,0,1.0,0.0,980,2021-06-22,2025-05-27,2025-05-28,2025-05-28,4,5,76,d-no-vix,5
143,xgboost,1,0.35,0.0,1,1,0,1.0,0.0,980,2021-06-21,2025-05-23,2025-05-27,2025-05-27,4,5,76,d-no-vix,5
143,random_forest,1,0.55,1.0,1,1,0,1.0,0.0,980,2021-06-21,2025-05-23,2025-05-27,2025-05-27,4,5,76,d-no-vix,5
144,xgboost,1,1.0,1.0,1,1,0,1.0,0.0,980,2021-06-18,2025-05-22,2025-05-23,2025-05-23,4,5,76,d-no-vix,5
144,random_forest,1,0.75,1.0,1,1,0,1.0,0.0,980,2021-06-18,2025-05-22,2025-05-23,2025-05-23,4,5,76,d-no-vix,5
145,xgboost,1,0.85,1.0,1,1,0,1.0,0.0,980,2021-06-17,2025-05-21,2025-05-22,2025-05-22,4,5,76,d-no-vix,5
145,random_forest,1,0.65,1.0,1,1,0,1.0,0.0,980,2021-06-17,2025-05-21,2025-05-22,2025-05-22,4,5,76,d-no-vix,5
146,xgboost,1,0.9,1.0,1,1,0,1.0,0.0,980,2021-06-16,2025-05-20,2025-05-21,2025-05-21,4,5,76,d-no-vix,5
146,random_forest,1,0.45,0.0,1,1,0,1.0,0.0,980,2021-06-16,2025-05-20,2025-05-21,2025-05-21,4,5,76,d-no-vix,5
147,xgboost,1,0.2,1.0,1,0,1,0.0,1.0,980,2021-06-15,2025-05-19,2025-05-20,2025-05-20,4,5,76,d-no-vix,5
147,random_forest,1,0.25,1.0,1,0,1,0.0,1.0,980,2021-06-15,2025-05-19,2025-05-20,2025-05-20,4,5,76,d-no-vix,5
148,xgboost,1,0.0,1.0,1,0,1,0.0,1.0,980,2021-06-14,2025-05-16,2025-05-19,2025-05-19,4,5,76,d-no-vix,5
148,random_forest,1,0.25,1.0,1,0,1,0.0,1.0,980,2021-06-14,2025-05-16,2025-05-19,2025-05-19,4,5,76,d-no-vix,5
149,xgboost,1,0.1,1.0,1,0,1,0.0,1.0,980,2021-06-11,2025-05-15,2025-05-16,2025-05-16,4,5,76,d-no-vix,5
149,random_forest,1,0.3,1.0,1,0,1,0.0,1.0,980,2021-06-11,2025-05-15,2025-05-16,2025-05-16,4,5,76,d-no-vix,5
150,xgboost,1,0.05,1.0,1,0,1,0.0,1.0,980,2021-06-10,2025-05-14,2025-05-15,2025-05-15,4,5,76,d-no-vix,5
150,random_forest,1,0.35,1.0,1,0,1,0.0,1.0,980,2021-06-10,2025-05-14,2025-05-15,2025-05-15,4,5,76,d-no-vix,5
151,xgboost,1,0.9,0.0,1,0,1,0.0,1.0,980,2021-06-09,2025-05-13,2025-05-14,2025-05-14,4,5,76,d-no-vix,5
151,random_forest,1,0.6,0.0,1,0,1,0.0,1.0,980,2021-06-09,2025-05-13,2025-05-14,2025-05-14,4,5,76,d-no-vix,5
152,xgboost,1,0.95,1.0,1,1,0,1.0,0.0,980,2021-06-08,2025-05-12,2025-05-13,2025-05-13,4,5,76,d-no-vix,5
152,random_forest,1,0.6,1.0,1,1,0,1.0,0.0,980,2021-06-08,2025-05-12,2025-05-13,2025-05-13,4,5,76,d-no-vix,5
153,xgboost,1,0.05,0.0,1,1,0,1.0,0.0,980,2021-06-07,2025-05-09,2025-05-12,2025-05-12,4,5,76,d-no-vix,5
153,random_forest,1,0.45,0.0,1,1,0,1.0,0.0,980,2021-06-07,2025-05-09,2025-05-12,2025-05-12,4,5,76,d-no-vix,5
154,xgboost,1,1.0,1.0,1,1,0,1.0,0.0,980,2021-06-04,2025-05-08,2025-05-09,2025-05-09,4,5,76,d-no-vix,5
154,random_forest,1,0.75,1.0,1,1,0,1.0,0.0,980,2021-06-04,2025-05-08,2025-05-09,2025-05-09,4,5,76,d-no-vix,5
155,xgboost,1,0.15,0.0,1,1,0,1.0,0.0,980,2021-06-03,2025-05-07,2025-05-08,2025-05-08,4,5,76,d-no-vix,5
155,random_forest,1,0.6,1.0,1,1,0,1.0,0.0,980,2021-06-03,2025-05-07,2025-05-08,2025-05-08,4,5,76,d-no-vix,5
156,xgboost,1,1.0,1.0,1,1,0,1.0,0.0,980,2021-06-02,2025-05-06,2025-05-07,2025-05-07,4,5,76,d-no-vix,5
156,random_forest,1,0.85,1.0,1,1,0,1.0,0.0,980,2021-06-02,2025-05-06,2025-05-07,2025-05-07,4,5,76,d-no-vix,5
157,xgboost,1,0.9,1.0,1,1,0,1.0,0.0,980,2021-06-01,2025-05-05,2025-05-06,2025-05-06,4,5,76,d-no-vix,5
157,random_forest,1,0.7,1.0,1,1,0,1.0,0.0,980,2021-06-01,2025-05-05,2025-05-06,2025-05-06,4,5,76,d-no-vix,5
158,xgboost,1,0.3,0.0,1,1,0,1.0,0.0,980,2021-05-28,2025-05-02,2025-05-05,2025-05-05,4,5,76,d-no-vix,5
158,random_forest,1,0.45,0.0,1,1,0,1.0,0.0,980,2021-05-28,2025-05-02,2025-05-05,2025-05-05,4,5,76,d-no-vix,5
159,xgboost,1,1.0,0.0,1,0,1,0.0,1.0,980,2021-05-27,2025-05-01,2025-05-02,2025-05-02,4,5,76,d-no-vix,5
159,random_forest,1,0.8,0.0,1,0,1,0.0,1.0,980,2021-05-27,2025-05-01,2025-05-02,2025-05-02,4,5,76,d-no-vix,5
160,xgboost,1,0.95,1.0,1,1,0,1.0,0.0,980,2021-05-26,2025-04-30,2025-05-01,2025-05-01,4,5,76,d-no-vix,5
160,random_forest,1,0.75,1.0,1,1,0,1.0,0.0,980,2021-05-26,2025-04-30,2025-05-01,2025-05-01,4,5,76,d-no-vix,5
161,xgboost,1,1.0,1.0,1,1,0,1.0,0.0,980,2021-05-25,2025-04-29,2025-04-30,2025-04-30,4,5,76,d-no-vix,5
161,random_forest,1,0.8,1.0,1,1,0,1.0,0.0,980,2021-05-25,2025-04-29,2025-04-30,2025-04-30,4,5,76,d-no-vix,5
162,xgboost,1,1.0,1.0,1,1,0,1.0,0.0,980,2021-05-24,2025-04-28,2025-04-29,2025-04-29,4,5,76,d-no-vix,5
162,random_forest,1,0.75,1.0,1,1,0,1.0,0.0,980,2021-05-24,2025-04-28,2025-04-29,2025-04-29,4,5,76,d-no-vix,5
163,xgboost,1,0.95,1.0,1,1,0,1.0,0.0,980,2021-05-21,2025-04-25,2025-04-28,2025-04-28,4,5,76,d-no-vix,5
163,random_forest,1,0.75,1.0,1,1,0,1.0,0.0,980,2021-05-21,2025-04-25,2025-04-28,2025-04-28,4,5,76,d-no-vix,5
164,xgboost,1,0.7,1.0,1,1,0,1.0,0.0,980,2021-05-20,2025-04-24,2025-04-25,2025-04-25,4,5,76,d-no-vix,5
164,random_forest,1,0.6,1.0,1,1,0,1.0,0.0,980,2021-05-20,2025-04-24,2025-04-25,2025-04-25,4,5,76,d-no-vix,5
165,xgboost,1,0.1,0.0,1,1,0,1.0,0.0,980,2021-05-19,2025-04-23,2025-04-24,2025-04-24,4,5,76,d-no-vix,5
165,random_forest,1,0.55,1.0,1,1,0,1.0,0.0,980,2021-05-19,2025-04-23,2025-04-24,2025-04-24,4,5,76,d-no-vix,5
166,xgboost,1,0.2,0.0,1,1,0,1.0,0.0,980,2021-05-18,2025-04-22,2025-04-23,2025-04-23,4,5,76,d-no-vix,5
166,random_forest,1,0.4,0.0,1,1,0,1.0,0.0,980,2021-05-18,2025-04-22,2025-04-23,2025-04-23,4,5,76,d-no-vix,5
167,xgboost,1,0.9,1.0,1,1,0,1.0,0.0,980,2021-05-17,2025-04-21,2025-04-22,2025-04-22,4,5,76,d-no-vix,5
167,random_forest,1,0.6,1.0,1,1,0,1.0,0.0,980,2021-05-17,2025-04-21,2025-04-22,2025-04-22,4,5,76,d-no-vix,5
168,xgboost,1,1.0,1.0,1,1,0,1.0,0.0,980,2021-05-14,2025-04-17,2025-04-21,2025-04-21,4,5,76,d-no-vix,5
168,random_forest,1,0.6,1.0,1,1,0,1.0,0.0,980,2021-05-14,2025-04-17,2025-04-21,2025-04-21,4,5,76,d-no-vix,5
169,xgboost,1,0.85,1.0,1,1,0,1.0,0.0,980,2021-05-13,2025-04-16,2025-04-17,2025-04-17,4,5,76,d-no-vix,5
169,random_forest,1,0.55,1.0,1,1,0,1.0,0.0,980,2021-05-13,2025-04-16,2025-04-17,2025-04-17,4,5,76,d-no-vix,5
170,xgboost,1,0.0,0.0,1,1,0,1.0,0.0,980,2021-05-12,2025-04-15,2025-04-16,2025-04-16,4,5,76,d-no-vix,5
170,random_forest,1,0.15,0.0,1,1,0,1.0,0.0,980,2021-05-12,2025-04-15,2025-04-16,2025-04-16,4,5,76,d-no-vix,5
171,xgboost,1,0.0,1.0,1,0,1,0.0,1.0,980,2021-05-11,2025-04-14,2025-04-15,2025-04-15,4,5,76,d-no-vix,5
171,random_forest,1,0.15,1.0,1,0,1,0.0,1.0,980,2021-05-11,2025-04-14,2025-04-15,2025-04-15,4,5,76,d-no-vix,5
172,xgboost,1,0.0,1.0,1,0,1,0.0,1.0,980,2021-05-10,2025-04-11,2025-04-14,2025-04-14,4,5,76,d-no-vix,5
172,random_forest,1,0.2,1.0,1,0,1,0.0,1.0,980,2021-05-10,2025-04-11,2025-04-14,2025-04-14,4,5,76,d-no-vix,5
173,xgboost,1,0.0,1.0,1,0,1,0.0,1.0,980,2021-05-07,2025-04-10,2025-04-11,2025-04-11,4,5,76,d-no-vix,5
173,random_forest,1,0.2,1.0,1,0,1,0.0,1.0,980,2021-05-07,2025-04-10,2025-04-11,2025-04-11,4,5,76,d-no-vix,5
174,xgboost,1,0.15,1.0,1,0,1,0.0,1.0,980,2021-05-06,2025-04-09,2025-04-10,2025-04-10,4,5,76,d-no-vix,5
174,random_forest,1,0.4,1.0,1,0,1,0.0,1.0,980,2021-05-06,2025-04-09,2025-04-10,2025-04-10,4,5,76,d-no-vix,5
175,xgboost,1,0.85,0.0,1,0,1,0.0,1.0,980,2021-05-05,2025-04-08,2025-04-09,2025-04-09,4,5,76,d-no-vix,5
175,random_forest,1,0.5,1.0,1,0,1,0.0,1.0,980,2021-05-05,2025-04-08,2025-04-09,2025-04-09,4,5,76,d-no-vix,5
176,xgboost,1,1.0,1.0,1,1,0,1.0,0.0,980,2021-05-04,2025-04-07,2025-04-08,2025-04-08,4,5,76,d-no-vix,5
176,random_forest,1,0.75,1.0,1,1,0,1.0,0.0,980,2021-05-04,2025-04-07,2025-04-08,2025-04-08,4,5,76,d-no-vix,5
177,xgboost,1,0.95,1.0,1,1,0,1.0,0.0,980,2021-05-03,2025-04-04,2025-04-07,2025-04-07,4,5,76,d-no-vix,5
177,random_forest,1,0.65,1.0,1,1,0,1.0,0.0,980,2021-05-03,2025-04-04,2025-04-07,2025-04-07,4,5,76,d-no-vix,5
178,xgboost,1,1.0,1.0,1,1,0,1.0,0.0,980,2021-04-30,2025-04-03,2025-04-04,2025-04-04,4,5,76,d-no-vix,5
178,random_forest,1,0.65,1.0,1,1,0,1.0,0.0,980,2021-04-30,2025-04-03,2025-04-04,2025-04-04,4,5,76,d-no-vix,5
179,xgboost,1,0.15,1.0,1,0,1,0.0,1.0,980,2021-04-29,2025-04-02,2025-04-03,2025-04-03,4,5,76,d-no-vix,5
179,random_forest,1,0.45,1.0,1,0,1,0.0,1.0,980,2021-04-29,2025-04-02,2025-04-03,2025-04-03,4,5,76,d-no-vix,5
180,xgboost,1,0.0,1.0,1,0,1,0.0,1.0,980,2021-04-28,2025-04-01,2025-04-02,2025-04-02,4,5,76,d-no-vix,5
180,random_forest,1,0.15,1.0,1,0,1,0.0,1.0,980,2021-04-28,2025-04-01,2025-04-02,2025-04-02,4,5,76,d-no-vix,5
181,xgboost,1,0.05,1.0,1,0,1,0.0,1.0,980,2021-04-27,2025-03-31,2025-04-01,2025-04-01,4,5,76,d-no-vix,5
181,random_forest,1,0.2,1.0,1,0,1,0.0,1.0,980,2021-04-27,2025-03-31,2025-04-01,2025-04-01,4,5,76,d-no-vix,5
182,xgboost,1,0.05,1.0,1,0,1,0.0,1.0,980,2021-04-26,2025-03-28,2025-03-31,2025-03-31,4,5,76,d-no-vix,5
182,random_forest,1,0.45,1.0,1,0,1,0.0,1.0,980,2021-04-26,2025-03-28,2025-03-31,2025-03-31,4,5,76,d-no-vix,5
183,xgboost,1,0.75,0.0,1,0,1,0.0,1.0,980,2021-04-23,2025-03-27,2025-03-28,2025-03-28,4,5,76,d-no-vix,5
183,random_forest,1,0.5,0.0,1,0,1,0.0,1.0,980,2021-04-23,2025-03-27,2025-03-28,2025-03-28,4,5,76,d-no-vix,5
184,xgboost,1,0.05,1.0,1,0,1,0.0,1.0,980,2021-04-22,2025-03-26,2025-03-27,2025-03-27,4,5,76,d-no-vix,5
184,random_forest,1,0.25,1.0,1,0,1,0.0,1.0,980,2021-04-22,2025-03-26,2025-03-27,2025-03-27,4,5,76,d-no-vix,5
185,xgboost,1,0.15,1.0,1,0,1,0.0,1.0,980,2021-04-21,2025-03-25,2025-03-26,2025-03-26,4,5,76,d-no-vix,5
185,random_forest,1,0.3,1.0,1,0,1,0.0,1.0,980,2021-04-21,2025-03-25,2025-03-26,2025-03-26,4,5,76,d-no-vix,5
186,xgboost,1,0.35,1.0,1,0,1,0.0,1.0,980,2021-04-20,2025-03-24,2025-03-25,2025-03-25,4,5,76,d-no-vix,5
186,random_forest,1,0.35,1.0,1,0,1,0.0,1.0,980,2021-04-20,2025-03-24,2025-03-25,2025-03-25,4,5,76,d-no-vix,5
187,xgboost,1,0.95,0.0,1,0,1,0.0,1.0,980,2021-04-19,2025-03-21,2025-03-24,2025-03-24,4,5,76,d-no-vix,5
187,random_forest,1,0.4,1.0,1,0,1,0.0,1.0,980,2021-04-19,2025-03-21,2025-03-24,2025-03-24,4,5,76,d-no-vix,5
188,xgboost,1,1.0,0.0,1,0,1,0.0,1.0,980,2021-04-16,2025-03-20,2025-03-21,2025-03-21,4,5,76,d-no-vix,5
188,random_forest,1,0.75,0.0,1,0,1,0.0,1.0,980,2021-04-16,2025-03-20,2025-03-21,2025-03-21,4,5,76,d-no-vix,5
189,xgboost,1,1.0,1.0,1,1,0,1.0,0.0,980,2021-04-15,2025-03-19,2025-03-20,2025-03-20,4,5,76,d-no-vix,5
189,random_forest,1,0.85,1.0,1,1,0,1.0,0.0,980,2021-04-15,2025-03-19,2025-03-20,2025-03-20,4,5,76,d-no-vix,5
190,xgboost,1,1.0,1.0,1,1,0,1.0,0.0,980,2021-04-14,2025-03-18,2025-03-19,2025-03-19,4,5,76,d-no-vix,5
190,random_forest,1,0.75,1.0,1,1,0,1.0,0.0,980,2021-04-14,2025-03-18,2025-03-19,2025-03-19,4,5,76,d-no-vix,5
191,xgboost,1,1.0,1.0,1,1,0,1.0,0.0,980,2021-04-13,2025-03-17,2025-03-18,2025-03-18,4,5,76,d-no-vix,5
191,random_forest,1,0.8,1.0,1,1,0,1.0,0.0,980,2021-04-13,2025-03-17,2025-03-18,2025-03-18,4,5,76,d-no-vix,5
192,xgboost,1,0.75,1.0,1,1,0,1.0,0.0,980,2021-04-12,2025-03-14,2025-03-17,2025-03-17,4,5,76,d-no-vix,5
192,random_forest,1,0.6,1.0,1,1,0,1.0,0.0,980,2021-04-12,2025-03-14,2025-03-17,2025-03-17,4,5,76,d-no-vix,5
193,xgboost,1,0.85,1.0,1,1,0,1.0,0.0,980,2021-04-09,2025-03-13,2025-03-14,2025-03-14,4,5,76,d-no-vix,5
193,random_forest,1,0.65,1.0,1,1,0,1.0,0.0,980,2021-04-09,2025-03-13,2025-03-14,2025-03-14,4,5,76,d-no-vix,5
194,xgboost,1,0.95,1.0,1,1,0,1.0,0.0,980,2021-04-08,2025-03-12,2025-03-13,2025-03-13,4,5,76,d-no-vix,5
194,random_forest,1,0.7,1.0,1,1,0,1.0,0.0,980,2021-04-08,2025-03-12,2025-03-13,2025-03-13,4,5,76,d-no-vix,5
195,xgboost,1,0.2,0.0,1,1,0,1.0,0.0,980,2021-04-07,2025-03-11,2025-03-12,2025-03-12,4,5,76,d-no-vix,5
195,random_forest,1,0.5,1.0,1,1,0,1.0,0.0,980,2021-04-07,2025-03-11,2025-03-12,2025-03-12,4,5,76,d-no-vix,5
196,xgboost,1,0.55,1.0,1,1,0,1.0,0.0,980,2021-04-06,2025-03-10,2025-03-11,2025-03-11,4,5,76,d-no-vix,5
196,random_forest,1,0.5,0.0,1,1,0,1.0,0.0,980,2021-04-06,2025-03-10,2025-03-11,2025-03-11,4,5,76,d-no-vix,5
197,xgboost,1,0.05,0.0,1,1,0,1.0,0.0,980,2021-04-05,2025-03-07,2025-03-10,2025-03-10,4,5,76,d-no-vix,5
197,random_forest,1,0.4,0.0,1,1,0,1.0,0.0,980,2021-04-05,2025-03-07,2025-03-10,2025-03-10,4,5,76,d-no-vix,5
198,xgboost,1,0.05,1.0,1,0,1,0.0,1.0,980,2021-04-01,2025-03-06,2025-03-07,2025-03-07,4,5,76,d-no-vix,5
198,random_forest,1,0.3,1.0,1,0,1,0.0,1.0,980,2021-04-01,2025-03-06,2025-03-07,2025-03-07,4,5,76,d-no-vix,5
199,xgboost,1,0.25,1.0,1,0,1,0.0,1.0,980,2021-03-31,2025-03-05,2025-03-06,2025-03-06,4,5,76,d-no-vix,5
199,random_forest,1,0.4,1.0,1,0,1,0.0,1.0,980,2021-03-31,2025-03-05,2025-03-06,2025-03-06,4,5,76,d-no-vix,5
200,xgboost,1,0.0,1.0,1,0,1,0.0,1.0,980,2021-03-30,2025-03-04,2025-03-05,2025-03-05,4,5,76,d-no-vix,5
200,random_forest,1,0.25,1.0,1,0,1,0.0,1.0,980,2021-03-30,2025-03-04,2025-03-05,2025-03-05,4,5,76,d-no-vix,5
201,xgboost,1,0.35,1.0,1,0,1,0.0,1.0,980,2021-03-29,2025-03-03,2025-03-04,2025-03-04,4,5,76,d-no-vix,5
201,random_forest,1,0.35,1.0,1,0,1,0.0,1.0,980,2021-03-29,2025-03-03,2025-03-04,2025-03-04,4,5,76,d-no-vix,5
202,xgboost,1,0.05,1.0,1,0,1,0.0,1.0,980,2021-03-26,2025-02-28,2025-03-03,2025-03-03,4,5,76,d-no-vix,5
202,random_forest,1,0.3,1.0,1,0,1,0.0,1.0,980,2021-03-26,2025-02-28,2025-03-03,2025-03-03,4,5,76,d-no-vix,5
203,xgboost,1,0.0,1.0,1,0,1,0.0,1.0,980,2021-03-25,2025-02-27,2025-02-28,2025-02-28,4,5,76,d-no-vix,5
203,random_forest,1,0.4,1.0,1,0,1,0.0,1.0,980,2021-03-25,2025-02-27,2025-02-28,2025-02-28,4,5,76,d-no-vix,5
204,xgboost,1,0.95,0.0,1,0,1,0.0,1.0,980,2021-03-24,2025-02-26,2025-02-27,2025-02-27,4,5,76,d-no-vix,5
204,random_forest,1,0.5,0.0,1,0,1,0.0,1.0,980,2021-03-24,2025-02-26,2025-02-27,2025-02-27,4,5,76,d-no-vix,5
205,xgboost,1,0.0,1.0,1,0,1,0.0,1.0,980,2021-03-23,2025-02-25,2025-02-26,2025-02-26,4,5,76,d-no-vix,5
205,random_forest,1,0.3,1.0,1,0,1,0.0,1.0,980,2021-03-23,2025-02-25,2025-02-26,2025-02-26,4,5,76,d-no-vix,5
206,xgboost,1,0.5,1.0,1,0,1,0.0,1.0,980,2021-03-22,2025-02-24,2025-02-25,2025-02-25,4,5,76,d-no-vix,5
206,random_forest,1,0.4,1.0,1,0,1,0.0,1.0,980,2021-03-22,2025-02-24,2025-02-25,2025-02-25,4,5,76,d-no-vix,5
207,xgboost,1,0.6,0.0,1,0,1,0.0,1.0,980,2021-03-19,2025-02-21,2025-02-24,2025-02-24,4,5,76,d-no-vix,5
207,random_forest,1,0.5,1.0,1,0,1,0.0,1.0,980,2021-03-19,2025-02-21,2025-02-24,2025-02-24,4,5,76,d-no-vix,5
208,xgboost,1,1.0,0.0,1,0,1,0.0,1.0,980,2021-03-18,2025-02-20,2025-02-21,2025-02-21,4,5,76,d-no-vix,5
208,random_forest,1,0.55,0.0,1,0,1,0.0,1.0,980,2021-03-18,2025-02-20,2025-02-21,2025-02-21,4,5,76,d-no-vix,5
209,xgboost,1,0.35,1.0,1,0,1,0.0,1.0,980,2021-03-17,2025-02-19,2025-02-20,2025-02-20,4,5,76,d-no-vix,5
209,random_forest,1,0.35,1.0,1,0,1,0.0,1.0,980,2021-03-17,2025-02-19,2025-02-20,2025-02-20,4,5,76,d-no-vix,5
210,xgboost,1,0.1,1.0,1,0,1,0.0,1.0,980,2021-03-16,2025-02-18,2025-02-19,2025-02-19,4,5,76,d-no-vix,5
210,random_forest,1,0.35,1.0,1,0,1,0.0,1.0,980,2021-03-16,2025-02-18,2025-02-19,2025-02-19,4,5,76,d-no-vix,5
211,xgboost,1,0.4,1.0,1,0,1,0.0,1.0,980,2021-03-15,2025-02-14,2025-02-18,2025-02-18,4,5,76,d-no-vix,5
211,random_forest,1,0.45,1.0,1,0,1,0.0,1.0,980,2021-03-15,2025-02-14,2025-02-18,2025-02-18,4,5,76,d-no-vix,5
212,xgboost,1,0.85,0.0,1,0,1,0.0,1.0,980,2021-03-12,2025-02-13,2025-02-14,2025-02-14,4,5,76,d-no-vix,5
212,random_forest,1,0.65,0.0,1,0,1,0.0,1.0,980,2021-03-12,2025-02-13,2025-02-14,2025-02-14,4,5,76,d-no-vix,5
213,xgboost,1,1.0,0.0,1,0,1,0.0,1.0,980,2021-03-11,2025-02-12,2025-02-13,2025-02-13,4,5,76,d-no-vix,5
213,random_forest,1,0.8,0.0,1,0,1,0.0,1.0,980,2021-03-11,2025-02-12,2025-02-13,2025-02-13,4,5,76,d-no-vix,5
214,xgboost,1,1.0,1.0,1,1,0,1.0,0.0,980,2021-03-10,2025-02-11,2025-02-12,2025-02-12,4,5,76,d-no-vix,5
214,random_forest,1,0.85,1.0,1,1,0,1.0,0.0,980,2021-03-10,2025-02-11,2025-02-12,2025-02-12,4,5,76,d-no-vix,5
215,xgboost,1,0.95,1.0,1,1,0,1.0,0.0,980,2021-03-09,2025-02-10,2025-02-11,2025-02-11,4,5,76,d-no-vix,5
215,random_forest,1,0.8,1.0,1,1,0,1.0,0.0,980,2021-03-09,2025-02-10,2025-02-11,2025-02-11,4,5,76,d-no-vix,5
216,xgboost,1,1.0,1.0,1,1,0,1.0,0.0,980,2021-03-08,2025-02-07,2025-02-10,2025-02-10,4,5,76,d-no-vix,5
216,random_forest,1,0.75,1.0,1,1,0,1.0,0.0,980,2021-03-08,2025-02-07,2025-02-10,2025-02-10,4,5,76,d-no-vix,5
217,xgboost,1,1.0,1.0,1,1,0,1.0,0.0,980,2021-03-05,2025-02-06,2025-02-07,2025-02-07,4,5,76,d-no-vix,5
217,random_forest,1,0.75,1.0,1,1,0,1.0,0.0,980,2021-03-05,2025-02-06,2025-02-07,2025-02-07,4,5,76,d-no-vix,5
218,xgboost,1,0.85,1.0,1,1,0,1.0,0.0,980,2021-03-04,2025-02-05,2025-02-06,2025-02-06,4,5,76,d-no-vix,5
218,random_forest,1,0.75,1.0,1,1,0,1.0,0.0,980,2021-03-04,2025-02-05,2025-02-06,2025-02-06,4,5,76,d-no-vix,5
219,xgboost,1,1.0,1.0,1,1,0,1.0,0.0,980,2021-03-03,2025-02-04,2025-02-05,2025-02-05,4,5,76,d-no-vix,5
219,random_forest,1,0.7,1.0,1,1,0,1.0,0.0,980,2021-03-03,2025-02-04,2025-02-05,2025-02-05,4,5,76,d-no-vix,5
220,xgboost,1,1.0,1.0,1,1,0,1.0,0.0,980,2021-03-02,2025-02-03,2025-02-04,2025-02-04,4,5,76,d-no-vix,5
220,random_forest,1,0.7,1.0,1,1,0,1.0,0.0,980,2021-03-02,2025-02-03,2025-02-04,2025-02-04,4,5,76,d-no-vix,5
221,xgboost,1,0.85,1.0,1,1,0,1.0,0.0,980,2021-03-01,2025-01-31,2025-02-03,2025-02-03,4,5,76,d-no-vix,5
221,random_forest,1,0.7,1.0,1,1,0,1.0,0.0,980,2021-03-01,2025-01-31,2025-02-03,2025-02-03,4,5,76,d-no-vix,5
222,xgboost,1,0.95,1.0,1,1,0,1.0,0.0,980,2021-02-26,2025-01-30,2025-01-31,2025-01-31,4,5,76,d-no-vix,5
222,random_forest,1,0.65,1.0,1,1,0,1.0,0.0,980,2021-02-26,2025-01-30,2025-01-31,2025-01-31,4,5,76,d-no-vix,5
223,xgboost,1,0.9,1.0,1,1,0,1.0,0.0,980,2021-02-25,2025-01-29,2025-01-30,2025-01-30,4,5,76,d-no-vix,5
223,random_forest,1,0.7,1.0,1,1,0,1.0,0.0,980,2021-02-25,2025-01-29,2025-01-30,2025-01-30,4,5,76,d-no-vix,5
224,xgboost,1,0.9,1.0,1,1,0,1.0,0.0,980,2021-02-24,2025-01-28,2025-01-29,2025-01-29,4,5,76,d-no-vix,5
224,random_forest,1,0.55,1.0,1,1,0,1.0,0.0,980,2021-02-24,2025-01-28,2025-01-29,2025-01-29,4,5,76,d-no-vix,5
225,xgboost,1,0.0,0.0,1,1,0,1.0,0.0,980,2021-02-23,2025-01-27,2025-01-28,2025-01-28,4,5,76,d-no-vix,5
225,random_forest,1,0.45,0.0,1,1,0,1.0,0.0,980,2021-02-23,2025-01-27,2025-01-28,2025-01-28,4,5,76,d-no-vix,5
226,xgboost,1,0.1,0.0,1,1,0,1.0,0.0,980,2021-02-22,2025-01-24,2025-01-27,2025-01-27,4,5,76,d-no-vix,5
226,random_forest,1,0.45,0.0,1,1,0,1.0,0.0,980,2021-02-22,2025-01-24,2025-01-27,2025-01-27,4,5,76,d-no-vix,5
227,xgboost,1,0.0,1.0,1,0,1,0.0,1.0,980,2021-02-19,2025-01-23,2025-01-24,2025-01-24,4,5,76,d-no-vix,5
227,random_forest,1,0.2,1.0,1,0,1,0.0,1.0,980,2021-02-19,2025-01-23,2025-01-24,2025-01-24,4,5,76,d-no-vix,5
228,xgboost,1,0.05,1.0,1,0,1,0.0,1.0,980,2021-02-18,2025-01-22,2025-01-23,2025-01-23,4,5,76,d-no-vix,5
228,random_forest,1,0.35,1.0,1,0,1,0.0,1.0,980,2021-02-18,2025-01-22,2025-01-23,2025-01-23,4,5,76,d-no-vix,5
1,xgboost,1,0.85,1.0,1,1,0,1.0,0.0,1470,2020-01-30,2025-12-18,2025-12-19,2025-12-19,6,5,76,d-no-vix,5
1,random_forest,1,0.7,1.0,1,1,0,1.0,0.0,1470,2020-01-30,2025-12-18,2025-12-19,2025-12-19,6,5,76,d-no-vix,5
2,xgboost,1,0.85,1.0,1,1,0,1.0,0.0,1470,2020-01-29,2025-12-17,2025-12-18,2025-12-18,6,5,76,d-no-vix,5
2,random_forest,1,0.7,1.0,1,1,0,1.0,0.0,1470,2020-01-29,2025-12-17,2025-12-18,2025-12-18,6,5,76,d-no-vix,5
3,xgboost,1,0.65,1.0,1,1,0,1.0,0.0,1470,2020-01-28,2025-12-16,2025-12-17,2025-12-17,6,5,76,d-no-vix,5
3,random_forest,1,0.7,1.0,1,1,0,1.0,0.0,1470,2020-01-28,2025-12-16,2025-12-17,2025-12-17,6,5,76,d-no-vix,5
4,xgboost,1,1.0,1.0,1,1,0,1.0,0.0,1470,2020-01-27,2025-12-15,2025-12-16,2025-12-16,6,5,76,d-no-vix,5
4,random_forest,1,0.7,1.0,1,1,0,1.0,0.0,1470,2020-01-27,2025-12-15,2025-12-16,2025-12-16,6,5,76,d-no-vix,5
5,xgboost,1,0.95,1.0,1,1,0,1.0,0.0,1470,2020-01-24,2025-12-12,2025-12-15,2025-12-15,6,5,76,d-no-vix,5
5,random_forest,1,0.6,1.0,1,1,0,1.0,0.0,1470,2020-01-24,2025-12-12,2025-12-15,2025-12-15,6,5,76,d-no-vix,5
6,xgboost,1,0.0,0.0,1,1,0,1.0,0.0,1470,2020-01-23,2025-12-11,2025-12-12,2025-12-12,6,5,76,d-no-vix,5
6,random_forest,1,0.45,0.0,1,1,0,1.0,0.0,1470,2020-01-23,2025-12-11,2025-12-12,2025-12-12,6,5,76,d-no-vix,5
7,xgboost,1,0.75,0.0,1,0,1,0.0,1.0,1470,2020-01-22,2025-12-10,2025-12-11,2025-12-11,6,5,76,d-no-vix,5
7,random_forest,1,0.45,1.0,1,0,1,0.0,1.0,1470,2020-01-22,2025-12-10,2025-12-11,2025-12-11,6,5,76,d-no-vix,5
8,xgboost,1,0.65,0.0,1,0,1,0.0,1.0,1470,2020-01-21,2025-12-09,2025-12-10,2025-12-10,6,5,76,d-no-vix,5
8,random_forest,1,0.45,1.0,1,0,1,0.0,1.0,1470,2020-01-21,2025-12-09,2025-12-10,2025-12-10,6,5,76,d-no-vix,5
9,xgboost,1,0.1,1.0,1,0,1,0.0,1.0,1470,2020-01-17,2025-12-08,2025-12-09,2025-12-09,6,5,76,d-no-vix,5
9,random_forest,1,0.45,1.0,1,0,1,0.0,1.0,1470,2020-01-17,2025-12-08,2025-12-09,2025-12-09,6,5,76,d-no-vix,5
10,xgboost,1,0.3,1.0,1,0,1,0.0,1.0,1470,2020-01-16,2025-12-05,2025-12-08,2025-12-08,6,5,76,d-no-vix,5
10,random_forest,1,0.6,0.0,1,0,1,0.0,1.0,1470,2020-01-16,2025-12-05,2025-12-08,2025-12-08,6,5,76,d-no-vix,5
11,xgboost,1,1.0,0.0,1,0,1,0.0,1.0,1470,2020-01-15,2025-12-04,2025-12-05,2025-12-05,6,5,76,d-no-vix,5
11,random_forest,1,0.75,0.0,1,0,1,0.0,1.0,1470,2020-01-15,2025-12-04,2025-12-05,2025-12-05,6,5,76,d-no-vix,5
12,xgboost,1,0.9,1.0,1,1,0,1.0,0.0,1470,2020-01-14,2025-12-03,2025-12-04,2025-12-04,6,5,76,d-no-vix,5
12,random_forest,1,0.8,1.0,1,1,0,1.0,0.0,1470,2020-01-14,2025-12-03,2025-12-04,2025-12-04,6,5,76,d-no-vix,5
13,xgboost,1,1.0,1.0,1,1,0,1.0,0.0,1470,2020-01-13,2025-12-02,2025-12-03,2025-12-03,6,5,76,d-no-vix,5
13,random_forest,1,0.8,1.0,1,1,0,1.0,0.0,1470,2020-01-13,2025-12-02,2025-12-03,2025-12-03,6,5,76,d-no-vix,5
14,xgboost,1,0.9,1.0,1,1,0,1.0,0.0,1470,2020-01-10,2025-12-01,2025-12-02,2025-12-02,6,5,76,d-no-vix,5
14,random_forest,1,0.7,1.0,1,1,0,1.0,0.0,1470,2020-01-10,2025-12-01,2025-12-02,2025-12-02,6,5,76,d-no-vix,5
15,xgboost,1,0.95,1.0,1,1,0,1.0,0.0,1470,2020-01-09,2025-11-26,2025-12-01,2025-12-01,6,5,76,d-no-vix,5
15,random_forest,1,0.65,1.0,1,1,0,1.0,0.0,1470,2020-01-09,2025-11-26,2025-12-01,2025-12-01,6,5,76,d-no-vix,5
16,xgboost,1,0.95,1.0,1,1,0,1.0,0.0,1470,2020-01-08,2025-11-25,2025-11-26,2025-11-26,6,5,76,d-no-vix,5
16,random_forest,1,0.65,1.0,1,1,0,1.0,0.0,1470,2020-01-08,2025-11-25,2025-11-26,2025-11-26,6,5,76,d-no-vix,5
17,xgboost,1,0.95,1.0,1,1,0,1.0,0.0,1470,2020-01-07,2025-11-24,2025-11-25,2025-11-25,6,5,76,d-no-vix,5
17,random_forest,1,0.65,1.0,1,1,0,1.0,0.0,1470,2020-01-07,2025-11-24,2025-11-25,2025-11-25,6,5,76,d-no-vix,5
18,xgboost,1,0.95,1.0,1,1,0,1.0,0.0,1470,2020-01-06,2025-11-21,2025-11-24,2025-11-24,6,5,76,d-no-vix,5
18,random_forest,1,0.7,1.0,1,1,0,1.0,0.0,1470,2020-01-06,2025-11-21,2025-11-24,2025-11-24,6,5,76,d-no-vix,5
19,xgboost,1,1.0,1.0,1,1,0,1.0,0.0,1470,2020-01-03,2025-11-20,2025-11-21,2025-11-21,6,5,76,d-no-vix,5
19,random_forest,1,0.75,1.0,1,1,0,1.0,0.0,1470,2020-01-03,2025-11-20,2025-11-21,2025-11-21,6,5,76,d-no-vix,5
20,xgboost,1,1.0,1.0,1,1,0,1.0,0.0,1470,2020-01-02,2025-11-19,2025-11-20,2025-11-20,6,5,76,d-no-vix,5
20,random_forest,1,0.7,1.0,1,1,0,1.0,0.0,1470,2020-01-02,2025-11-19,2025-11-20,2025-11-20,6,5,76,d-no-vix,5
21,xgboost,1,0.45,0.0,1,1,0,1.0,0.0,1470,2019-12-31,2025-11-18,2025-11-19,2025-11-19,6,5,76,d-no-vix,5
21,random_forest,1,0.6,1.0,1,1,0,1.0,0.0,1470,2019-12-31,2025-11-18,2025-11-19,2025-11-19,6,5,76,d-no-vix,5
22,xgboost,1,0.45,0.0,1,1,0,1.0,0.0,1470,2019-12-30,2025-11-17,2025-11-18,2025-11-18,6,5,76,d-no-vix,5
22,random_forest,1,0.6,1.0,1,1,0,1.0,0.0,1470,2019-12-30,2025-11-17,2025-11-18,2025-11-18,6,5,76,d-no-vix,5
23,xgboost,1,0.0,0.0,1,1,0,1.0,0.0,1470,2019-12-27,2025-11-14,2025-11-17,2025-11-17,6,5,76,d-no-vix,5
23,random_forest,1,0.2,0.0,1,1,0,1.0,0.0,1470,2019-12-27,2025-11-14,2025-11-17,2025-11-17,6,5,76,d-no-vix,5
24,xgboost,1,0.0,1.0,1,0,1,0.0,1.0,1470,2019-12-26,2025-11-13,2025-11-14,2025-11-14,6,5,76,d-no-vix,5
24,random_forest,1,0.2,1.0,1,0,1,0.0,1.0,1470,2019-12-26,2025-11-13,2025-11-14,2025-11-14,6,5,76,d-no-vix,5
25,xgboost,1,0.1,1.0,1,0,1,0.0,1.0,1470,2019-12-23,2025-11-12,2025-11-13,2025-11-13,6,5,76,d-no-vix,5
25,random_forest,1,0.3,1.0,1,0,1,0.0,1.0,1470,2019-12-23,2025-11-12,2025-11-13,2025-11-13,6,5,76,d-no-vix,5
26,xgboost,1,0.9,0.0,1,0,1,0.0,1.0,1470,2019-12-20,2025-11-11,2025-11-12,2025-11-12,6,5,76,d-no-vix,5
26,random_forest,1,0.25,1.0,1,0,1,0.0,1.0,1470,2019-12-20,2025-11-11,2025-11-12,2025-11-12,6,5,76,d-no-vix,5
27,xgboost,1,0.25,1.0,1,0,1,0.0,1.0,1470,2019-12-19,2025-11-10,2025-11-11,2025-11-11,6,5,76,d-no-vix,5
27,random_forest,1,0.35,1.0,1,0,1,0.0,1.0,1470,2019-12-19,2025-11-10,2025-11-11,2025-11-11,6,5,76,d-no-vix,5
28,xgboost,1,0.85,0.0,1,0,1,0.0,1.0,1470,2019-12-18,2025-11-07,2025-11-10,2025-11-10,6,5,76,d-no-vix,5
28,random_forest,1,0.4,1.0,1,0,1,0.0,1.0,1470,2019-12-18,2025-11-07,2025-11-10,2025-11-10,6,5,76,d-no-vix,5
29,xgboost,1,0.8,0.0,1,0,1,0.0,1.0,1470,2019-12-17,2025-11-06,2025-11-07,2025-11-07,6,5,76,d-no-vix,5
29,random_forest,1,0.5,1.0,1,0,1,0.0,1.0,1470,2019-12-17,2025-11-06,2025-11-07,2025-11-07,6,5,76,d-no-vix,5
30,xgboost,1,0.65,0.0,1,0,1,0.0,1.0,1470,2019-12-16,2025-11-05,2025-11-06,2025-11-06,6,5,76,d-no-vix,5
30,random_forest,1,0.5,0.0,1,0,1,0.0,1.0,1470,2019-12-16,2025-11-05,2025-11-06,2025-11-06,6,5,76,d-no-vix,5
31,xgboost,1,0.75,0.0,1,0,1,0.0,1.0,1470,2019-12-13,2025-11-04,2025-11-05,2025-11-05,6,5,76,d-no-vix,5
31,random_forest,1,0.6,0.0,1,0,1,0.0,1.0,1470,2019-12-13,2025-11-04,2025-11-05,2025-11-05,6,5,76,d-no-vix,5
32,xgboost,1,0.8,1.0,1,1,0,1.0,0.0,1470,2019-12-12,2025-11-03,2025-11-04,2025-11-04,6,5,76,d-no-vix,5
32,random_forest,1,0.45,0.0,1,1,0,1.0,0.0,1470,2019-12-12,2025-11-03,2025-11-04,2025-11-04,6,5,76,d-no-vix,5
33,xgboost,1,0.35,1.0,1,0,1,0.0,1.0,1470,2019-12-11,2025-10-31,2025-11-03,2025-11-03,6,5,76,d-no-vix,5
33,random_forest,1,0.4,1.0,1,0,1,0.0,1.0,1470,2019-12-11,2025-10-31,2025-11-03,2025-11-03,6,5,76,d-no-vix,5
34,xgboost,1,0.05,1.0,1,0,1,0.0,1.0,1470,2019-12-10,2025-10-30,2025-10-31,2025-10-31,6,5,76,d-no-vix,5
34,random_forest,1,0.4,1.0,1,0,1,0.0,1.0,1470,2019-12-10,2025-10-30,2025-10-31,2025-10-31,6,5,76,d-no-vix,5
35,xgboost,1,0.3,1.0,1,0,1,0.0,1.0,1470,2019-12-09,2025-10-29,2025-10-30,2025-10-30,6,5,76,d-no-vix,5
35,random_forest,1,0.5,0.0,1,0,1,0.0,1.0,1470,2019-12-09,2025-10-29,2025-10-30,2025-10-30,6,5,76,d-no-vix,5
36,xgboost,1,0.05,1.0,1,0,1,0.0,1.0,1470,2019-12-06,2025-10-28,2025-10-29,2025-10-29,6,5,76,d-no-vix,5
36,random_forest,1,0.35,1.0,1,0,1,0.0,1.0,1470,2019-12-06,2025-10-28,2025-10-29,2025-10-29,6,5,76,d-no-vix,5
37,xgboost,1,0.8,0.0,1,0,1,0.0,1.0,1470,2019-12-05,2025-10-27,2025-10-28,2025-10-28,6,5,76,d-no-vix,5
37,random_forest,1,0.6,0.0,1,0,1,0.0,1.0,1470,2019-12-05,2025-10-27,2025-10-28,2025-10-28,6,5,76,d-no-vix,5
38,xgboost,1,0.65,1.0,1,1,0,1.0,0.0,1470,2019-12-04,2025-10-24,2025-10-27,2025-10-27,6,5,76,d-no-vix,5
38,random_forest,1,0.5,1.0,1,1,0,1.0,0.0,1470,2019-12-04,2025-10-24,2025-10-27,2025-10-27,6,5,76,d-no-vix,5
39,xgboost,1,0.85,1.0,1,1,0,1.0,0.0,1470,2019-12-03,2025-10-23,2025-10-24,2025-10-24,6,5,76,d-no-vix,5
39,random_forest,1,0.55,1.0,1,1,0,1.0,0.0,1470,2019-12-03,2025-10-23,2025-10-24,2025-10-24,6,5,76,d-no-vix,5
40,xgboost,1,1.0,1.0,1,1,0,1.0,0.0,1470,2019-12-02,2025-10-22,2025-10-23,2025-10-23,6,5,76,d-no-vix,5
40,random_forest,1,0.7,1.0,1,1,0,1.0,0.0,1470,2019-12-02,2025-10-22,2025-10-23,2025-10-23,6,5,76,d-no-vix,5
41,xgboost,1,0.3,0.0,1,1,0,1.0,0.0,1470,2019-11-27,2025-10-21,2025-10-22,2025-10-22,6,5,76,d-no-vix,5
41,random_forest,1,0.6,1.0,1,1,0,1.0,0.0,1470,2019-11-27,2025-10-21,2025-10-22,2025-10-22,6,5,76,d-no-vix,5
42,xgboost,1,1.0,1.0,1,1,0,1.0,0.0,1470,2019-11-26,2025-10-20,2025-10-21,2025-10-21,6,5,76,d-no-vix,5
42,random_forest,1,0.7,1.0,1,1,0,1.0,0.0,1470,2019-11-26,2025-10-20,2025-10-21,2025-10-21,6,5,76,d-no-vix,5
43,xgboost,1,1.0,1.0,1,1,0,1.0,0.0,1470,2019-11-25,2025-10-17,2025-10-20,2025-10-20,6,5,76,d-no-vix,5
43,random_forest,1,0.6,1.0,1,1,0,1.0,0.0,1470,2019-11-25,2025-10-17,2025-10-20,2025-10-20,6,5,76,d-no-vix,5
44,xgboost,1,1.0,1.0,1,1,0,1.0,0.0,1470,2019-11-22,2025-10-16,2025-10-17,2025-10-17,6,5,76,d-no-vix,5
44,random_forest,1,0.7,1.0,1,1,0,1.0,0.0,1470,2019-11-22,2025-10-16,2025-10-17,2025-10-17,6,5,76,d-no-vix,5
45,xgboost,1,0.9,1.0,1,1,0,1.0,0.0,1470,2019-11-21,2025-10-15,2025-10-16,2025-10-16,6,5,76,d-no-vix,5
45,random_forest,1,0.75,1.0,1,1,0,1.0,0.0,1470,2019-11-21,2025-10-15,2025-10-16,2025-10-16,6,5,76,d-no-vix,5
46,xgboost,1,1.0,1.0,1,1,0,1.0,0.0,1470,2019-11-20,2025-10-14,2025-10-15,2025-10-15,6,5,76,d-no-vix,5
46,random_forest,1,0.75,1.0,1,1,0,1.0,0.0,1470,2019-11-20,2025-10-14,2025-10-15,2025-10-15,6,5,76,d-no-vix,5
47,xgboost,1,0.95,1.0,1,1,0,1.0,0.0,1470,2019-11-19,2025-10-13,2025-10-14,2025-10-14,6,5,76,d-no-vix,5
47,random_forest,1,0.7,1.0,1,1,0,1.0,0.0,1470,2019-11-19,2025-10-13,2025-10-14,2025-10-14,6,5,76,d-no-vix,5
48,xgboost,1,1.0,1.0,1,1,0,1.0,0.0,1470,2019-11-18,2025-10-10,2025-10-13,2025-10-13,6,5,76,d-no-vix,5
48,random_forest,1,0.6,1.0,1,1,0,1.0,0.0,1470,2019-11-18,2025-10-10,2025-10-13,2025-10-13,6,5,76,d-no-vix,5
49,xgboost,1,0.9,1.0,1,1,0,1.0,0.0,1470,2019-11-15,2025-10-09,2025-10-10,2025-10-10,6,5,76,d-no-vix,5
49,random_forest,1,0.45,0.0,1,1,0,1.0,0.0,1470,2019-11-15,2025-10-09,2025-10-10,2025-10-10,6,5,76,d-no-vix,5
50,xgboost,1,0.15,1.0,1,0,1,0.0,1.0,1470,2019-11-14,2025-10-08,2025-10-09,2025-10-09,6,5,76,d-no-vix,5
50,random_forest,1,0.45,1.0,1,0,1,0.0,1.0,1470,2019-11-14,2025-10-08,2025-10-09,2025-10-09,6,5,76,d-no-vix,5
51,xgboost,1,0.0,1.0,1,0,1,0.0,1.0,1470,2019-11-13,2025-10-07,2025-10-08,2025-10-08,6,5,76,d-no-vix,5
51,random_forest,1,0.3,1.0,1,0,1,0.0,1.0,1470,2019-11-13,2025-10-07,2025-10-08,2025-10-08,6,5,76,d-no-vix,5
52,xgboost,1,0.0,1.0,1,0,1,0.0,1.0,1470,2019-11-12,2025-10-06,2025-10-07,2025-10-07,6,5,76,d-no-vix,5
52,random_forest,1,0.4,1.0,1,0,1,0.0,1.0,1470,2019-11-12,2025-10-06,2025-10-07,2025-10-07,6,5,76,d-no-vix,5
53,xgboost,1,0.4,1.0,1,0,1,0.0,1.0,1470,2019-11-11,2025-10-03,2025-10-06,2025-10-06,6,5,76,d-no-vix,5
53,random_forest,1,0.55,0.0,1,0,1,0.0,1.0,1470,2019-11-11,2025-10-03,2025-10-06,2025-10-06,6,5,76,d-no-vix,5
54,xgboost,1,1.0,0.0,1,0,1,0.0,1.0,1470,2019-11-08,2025-10-02,2025-10-03,2025-10-03,6,5,76,d-no-vix,5
54,random_forest,1,0.75,0.0,1,0,1,0.0,1.0,1470,2019-11-08,2025-10-02,2025-10-03,2025-10-03,6,5,76,d-no-vix,5
55,xgboost,1,0.6,1.0,1,1,0,1.0,0.0,1470,2019-11-07,2025-10-01,2025-10-02,2025-10-02,6,5,76,d-no-vix,5
55,random_forest,1,0.65,1.0,1,1,0,1.0,0.0,1470,2019-11-07,2025-10-01,2025-10-02,2025-10-02,6,5,76,d-no-vix,5
56,xgboost,1,0.25,0.0,1,1,0,1.0,0.0,1470,2019-11-06,2025-09-30,2025-10-01,2025-10-01,6,5,76,d-no-vix,5
56,random_forest,1,0.6,1.0,1,1,0,1.0,0.0,1470,2019-11-06,2025-09-30,2025-10-01,2025-10-01,6,5,76,d-no-vix,5
57,xgboost,1,1.0,1.0,1,1,0,1.0,0.0,1470,2019-11-05,2025-09-29,2025-09-30,2025-09-30,6,5,76,d-no-vix,5
57,random_forest,1,0.8,1.0,1,1,0,1.0,0.0,1470,2019-11-05,2025-09-29,2025-09-30,2025-09-30,6,5,76,d-no-vix,5
58,xgboost,1,1.0,1.0,1,1,0,1.0,0.0,1470,2019-11-04,2025-09-26,2025-09-29,2025-09-29,6,5,76,d-no-vix,5
58,random_forest,1,0.75,1.0,1,1,0,1.0,0.0,1470,2019-11-04,2025-09-26,2025-09-29,2025-09-29,6,5,76,d-no-vix,5
59,xgboost,1,0.95,1.0,1,1,0,1.0,0.0,1470,2019-11-01,2025-09-25,2025-09-26,2025-09-26,6,5,76,d-no-vix,5
59,random_forest,1,0.7,1.0,1,1,0,1.0,0.0,1470,2019-11-01,2025-09-25,2025-09-26,2025-09-26,6,5,76,d-no-vix,5
60,xgboost,1,1.0,1.0,1,1,0,1.0,0.0,1470,2019-10-31,2025-09-24,2025-09-25,2025-09-25,6,5,76,d-no-vix,5
60,random_forest,1,0.7,1.0,1,1,0,1.0,0.0,1470,2019-10-31,2025-09-24,2025-09-25,2025-09-25,6,5,76,d-no-vix,5
61,xgboost,1,1.0,1.0,1,1,0,1.0,0.0,1470,2019-10-30,2025-09-23,2025-09-24,2025-09-24,6,5,76,d-no-vix,5
61,random_forest,1,0.6,1.0,1,1,0,1.0,0.0,1470,2019-10-30,2025-09-23,2025-09-24,2025-09-24,6,5,76,d-no-vix,5
62,xgboost,1,0.6,1.0,1,1,0,1.0,0.0,1470,2019-10-29,2025-09-22,2025-09-23,2025-09-23,6,5,76,d-no-vix,5
62,random_forest,1,0.35,0.0,1,1,0,1.0,0.0,1470,2019-10-29,2025-09-22,2025-09-23,2025-09-23,6,5,76,d-no-vix,5
63,xgboost,1,0.0,1.0,1,0,1,0.0,1.0,1470,2019-10-28,2025-09-19,2025-09-22,2025-09-22,6,5,76,d-no-vix,5
63,random_forest,1,0.3,1.0,1,0,1,0.0,1.0,1470,2019-10-28,2025-09-19,2025-09-22,2025-09-22,6,5,76,d-no-vix,5
64,xgboost,1,0.65,0.0,1,0,1,0.0,1.0,1470,2019-10-25,2025-09-18,2025-09-19,2025-09-19,6,5,76,d-no-vix,5
64,random_forest,1,0.5,0.0,1,0,1,0.0,1.0,1470,2019-10-25,2025-09-18,2025-09-19,2025-09-19,6,5,76,d-no-vix,5
65,xgboost,1,1.0,0.0,1,0,1,0.0,1.0,1470,2019-10-24,2025-09-17,2025-09-18,2025-09-18,6,5,76,d-no-vix,5
65,random_forest,1,0.75,0.0,1,0,1,0.0,1.0,1470,2019-10-24,2025-09-17,2025-09-18,2025-09-18,6,5,76,d-no-vix,5
66,xgboost,1,1.0,1.0,1,1,0,1.0,0.0,1470,2019-10-23,2025-09-16,2025-09-17,2025-09-17,6,5,76,d-no-vix,5
66,random_forest,1,0.7,1.0,1,1,0,1.0,0.0,1470,2019-10-23,2025-09-16,2025-09-17,2025-09-17,6,5,76,d-no-vix,5
67,xgboost,1,1.0,1.0,1,1,0,1.0,0.0,1470,2019-10-22,2025-09-15,2025-09-16,2025-09-16,6,5,76,d-no-vix,5
67,random_forest,1,0.7,1.0,1,1,0,1.0,0.0,1470,2019-10-22,2025-09-15,2025-09-16,2025-09-16,6,5,76,d-no-vix,5
68,xgboost,1,0.95,1.0,1,1,0,1.0,0.0,1470,2019-10-21,2025-09-12,2025-09-15,2025-09-15,6,5,76,d-no-vix,5
68,random_forest,1,0.65,1.0,1,1,0,1.0,0.0,1470,2019-10-21,2025-09-12,2025-09-15,2025-09-15,6,5,76,d-no-vix,5
69,xgboost,1,0.95,1.0,1,1,0,1.0,0.0,1470,2019-10-18,2025-09-11,2025-09-12,2025-09-12,6,5,76,d-no-vix,5
69,random_forest,1,0.75,1.0,1,1,0,1.0,0.0,1470,2019-10-18,2025-09-11,2025-09-12,2025-09-12,6,5,76,d-no-vix,5
70,xgboost,1,1.0,1.0,1,1,0,1.0,0.0,1470,2019-10-17,2025-09-10,2025-09-11,2025-09-11,6,5,76,d-no-vix,5
70,random_forest,1,0.75,1.0,1,1,0,1.0,0.0,1470,2019-10-17,2025-09-10,2025-09-11,2025-09-11,6,5,76,d-no-vix,5
71,xgboost,1,0.9,1.0,1,1,0,1.0,0.0,1470,2019-10-16,2025-09-09,2025-09-10,2025-09-10,6,5,76,d-no-vix,5
71,random_forest,1,0.7,1.0,1,1,0,1.0,0.0,1470,2019-10-16,2025-09-09,2025-09-10,2025-09-10,6,5,76,d-no-vix,5
72,xgboost,1,0.95,1.0,1,1,0,1.0,0.0,1470,2019-10-15,2025-09-08,2025-09-09,2025-09-09,6,5,76,d-no-vix,5
72,random_forest,1,0.75,1.0,1,1,0,1.0,0.0,1470,2019-10-15,2025-09-08,2025-09-09,2025-09-09,6,5,76,d-no-vix,5
73,xgboost,1,1.0,1.0,1,1,0,1.0,0.0,1470,2019-10-14,2025-09-05,2025-09-08,2025-09-08,6,5,76,d-no-vix,5
73,random_forest,1,0.7,1.0,1,1,0,1.0,0.0,1470,2019-10-14,2025-09-05,2025-09-08,2025-09-08,6,5,76,d-no-vix,5
74,xgboost,1,1.0,1.0,1,1,0,1.0,0.0,1470,2019-10-11,2025-09-04,2025-09-05,2025-09-05,6,5,76,d-no-vix,5
74,random_forest,1,0.7,1.0,1,1,0,1.0,0.0,1470,2019-10-11,2025-09-04,2025-09-05,2025-09-05,6,5,76,d-no-vix,5
75,xgboost,1,0.9,1.0,1,1,0,1.0,0.0,1470,2019-10-10,2025-09-03,2025-09-04,2025-09-04,6,5,76,d-no-vix,5
75,random_forest,1,0.6,1.0,1,1,0,1.0,0.0,1470,2019-10-10,2025-09-03,2025-09-04,2025-09-04,6,5,76,d-no-vix,5
76,xgboost,1,1.0,1.0,1,1,0,1.0,0.0,1470,2019-10-09,2025-09-02,2025-09-03,2025-09-03,6,5,76,d-no-vix,5
76,random_forest,1,0.75,1.0,1,1,0,1.0,0.0,1470,2019-10-09,2025-09-02,2025-09-03,2025-09-03,6,5,76,d-no-vix,5
77,xgboost,1,1.0,1.0,1,1,0,1.0,0.0,1470,2019-10-08,2025-08-29,2025-09-02,2025-09-02,6,5,76,d-no-vix,5
77,random_forest,1,0.7,1.0,1,1,0,1.0,0.0,1470,2019-10-08,2025-08-29,2025-09-02,2025-09-02,6,5,76,d-no-vix,5
78,xgboost,1,0.75,1.0,1,1,0,1.0,0.0,1470,2019-10-07,2025-08-28,2025-08-29,2025-08-29,6,5,76,d-no-vix,5
78,random_forest,1,0.55,1.0,1,1,0,1.0,0.0,1470,2019-10-07,2025-08-28,2025-08-29,2025-08-29,6,5,76,d-no-vix,5
79,xgboost,1,0.95,0.0,1,0,1,0.0,1.0,1470,2019-10-04,2025-08-27,2025-08-28,2025-08-28,6,5,76,d-no-vix,5
79,random_forest,1,0.5,0.0,1,0,1,0.0,1.0,1470,2019-10-04,2025-08-27,2025-08-28,2025-08-28,6,5,76,d-no-vix,5
80,xgboost,1,0.15,0.0,1,1,0,1.0,0.0,1470,2019-10-03,2025-08-26,2025-08-27,2025-08-27,6,5,76,d-no-vix,5
80,random_forest,1,0.3,0.0,1,1,0,1.0,0.0,1470,2019-10-03,2025-08-26,2025-08-27,2025-08-27,6,5,76,d-no-vix,5
81,xgboost,1,0.0,1.0,1,0,1,0.0,1.0,1470,2019-10-02,2025-08-25,2025-08-26,2025-08-26,6,5,76,d-no-vix,5
81,random_forest,1,0.35,1.0,1,0,1,0.0,1.0,1470,2019-10-02,2025-08-25,2025-08-26,2025-08-26,6,5,76,d-no-vix,5
82,xgboost,1,0.9,0.0,1,0,1,0.0,1.0,1470,2019-10-01,2025-08-22,2025-08-25,2025-08-25,6,5,76,d-no-vix,5
82,random_forest,1,0.5,0.0,1,0,1,0.0,1.0,1470,2019-10-01,2025-08-22,2025-08-25,2025-08-25,6,5,76,d-no-vix,5
83,xgboost,1,0.9,0.0,1,0,1,0.0,1.0,1470,2019-09-30,2025-08-21,2025-08-22,2025-08-22,6,5,76,d-no-vix,5
83,random_forest,1,0.7,0.0,1,0,1,0.0,1.0,1470,2019-09-30,2025-08-21,2025-08-22,2025-08-22,6,5,76,d-no-vix,5
84,xgboost,1,1.0,1.0,1,1,0,1.0,0.0,1470,2019-09-27,2025-08-20,2025-08-21,2025-08-21,6,5,76,d-no-vix,5
84,random_forest,1,0.7,1.0,1,1,0,1.0,0.0,1470,2019-09-27,2025-08-20,2025-08-21,2025-08-21,6,5,76,d-no-vix,5
85,xgboost,1,1.0,1.0,1,1,0,1.0,0.0,1470,2019-09-26,2025-08-19,2025-08-20,2025-08-20,6,5,76,d-no-vix,5
85,random_forest,1,0.65,1.0,1,1,0,1.0,0.0,1470,2019-09-26,2025-08-19,2025-08-20,2025-08-20,6,5,76,d-no-vix,5
86,xgboost,1,0.9,1.0,1,1,0,1.0,0.0,1470,2019-09-25,2025-08-18,2025-08-19,2025-08-19,6,5,76,d-no-vix,5
86,random_forest,1,0.55,1.0,1,1,0,1.0,0.0,1470,2019-09-25,2025-08-18,2025-08-19,2025-08-19,6,5,76,d-no-vix,5
87,xgboost,1,0.95,0.0,1,0,1,0.0,1.0,1470,2019-09-24,2025-08-15,2025-08-18,2025-08-18,6,5,76,d-no-vix,5
87,random_forest,1,0.5,0.0,1,0,1,0.0,1.0,1470,2019-09-24,2025-08-15,2025-08-18,2025-08-18,6,5,76,d-no-vix,5
88,xgboost,1,0.85,0.0,1,0,1,0.0,1.0,1470,2019-09-23,2025-08-14,2025-08-15,2025-08-15,6,5,76,d-no-vix,5
88,random_forest,1,0.6,0.0,1,0,1,0.0,1.0,1470,2019-09-23,2025-08-14,2025-08-15,2025-08-15,6,5,76,d-no-vix,5
89,xgboost,1,0.3,1.0,1,0,1,0.0,1.0,1470,2019-09-20,2025-08-13,2025-08-14,2025-08-14,6,5,76,d-no-vix,5
89,random_forest,1,0.55,0.0,1,0,1,0.0,1.0,1470,2019-09-20,2025-08-13,2025-08-14,2025-08-14,6,5,76,d-no-vix,5
90,xgboost,1,0.8,0.0,1,0,1,0.0,1.0,1470,2019-09-19,2025-08-12,2025-08-13,2025-08-13,6,5,76,d-no-vix,5
90,random_forest,1,0.5,1.0,1,0,1,0.0,1.0,1470,2019-09-19,2025-08-12,2025-08-13,2025-08-13,6,5,76,d-no-vix,5
91,xgboost,1,1.0,0.0,1,0,1,0.0,1.0,1470,2019-09-18,2025-08-11,2025-08-12,2025-08-12,6,5,76,d-no-vix,5
91,random_forest,1,0.8,0.0,1,0,1,0.0,1.0,1470,2019-09-18,2025-08-11,2025-08-12,2025-08-12,6,5,76,d-no-vix,5
92,xgboost,1,1.0,1.0,1,1,0,1.0,0.0,1470,2019-09-17,2025-08-08,2025-08-11,2025-08-11,6,5,76,d-no-vix,5
92,random_forest,1,0.75,1.0,1,1,0,1.0,0.0,1470,2019-09-17,2025-08-08,2025-08-11,2025-08-11,6,5,76,d-no-vix,5
93,xgboost,1,0.95,1.0,1,1,0,1.0,0.0,1470,2019-09-16,2025-08-07,2025-08-08,2025-08-08,6,5,76,d-no-vix,5
93,random_forest,1,0.65,1.0,1,1,0,1.0,0.0,1470,2019-09-16,2025-08-07,2025-08-08,2025-08-08,6,5,76,d-no-vix,5
94,xgboost,1,1.0,1.0,1,1,0,1.0,0.0,1470,2019-09-13,2025-08-06,2025-08-07,2025-08-07,6,5,76,d-no-vix,5
94,random_forest,1,0.75,1.0,1,1,0,1.0,0.0,1470,2019-09-13,2025-08-06,2025-08-07,2025-08-07,6,5,76,d-no-vix,5
95,xgboost,1,1.0,1.0,1,1,0,1.0,0.0,1470,2019-09-12,2025-08-05,2025-08-06,2025-08-06,6,5,76,d-no-vix,5
95,random_forest,1,0.75,1.0,1,1,0,1.0,0.0,1470,2019-09-12,2025-08-05,2025-08-06,2025-08-06,6,5,76,d-no-vix,5
96,xgboost,1,1.0,1.0,1,1,0,1.0,0.0,1470,2019-09-11,2025-08-04,2025-08-05,2025-08-05,6,5,76,d-no-vix,5
96,random_forest,1,0.85,1.0,1,1,0,1.0,0.0,1470,2019-09-11,2025-08-04,2025-08-05,2025-08-05,6,5,76,d-no-vix,5
97,xgboost,1,1.0,1.0,1,1,0,1.0,0.0,1470,2019-09-10,2025-08-01,2025-08-04,2025-08-04,6,5,76,d-no-vix,5
97,random_forest,1,0.8,1.0,1,1,0,1.0,0.0,1470,2019-09-10,2025-08-01,2025-08-04,2025-08-04,6,5,76,d-no-vix,5
98,xgboost,1,1.0,1.0,1,1,0,1.0,0.0,1470,2019-09-09,2025-07-31,2025-08-01,2025-08-01,6,5,76,d-no-vix,5
98,random_forest,1,0.7,1.0,1,1,0,1.0,0.0,1470,2019-09-09,2025-07-31,2025-08-01,2025-08-01,6,5,76,d-no-vix,5
99,xgboost,1,0.2,0.0,1,1,0,1.0,0.0,1470,2019-09-06,2025-07-30,2025-07-31,2025-07-31,6,5,76,d-no-vix,5
99,random_forest,1,0.55,1.0,1,1,0,1.0,0.0,1470,2019-09-06,2025-07-30,2025-07-31,2025-07-31,6,5,76,d-no-vix,5
100,xgboost,1,0.45,1.0,1,0,1,0.0,1.0,1470,2019-09-05,2025-07-29,2025-07-30,2025-07-30,6,5,76,d-no-vix,5
100,random_forest,1,0.4,1.0,1,0,1,0.0,1.0,1470,2019-09-05,2025-07-29,2025-07-30,2025-07-30,6,5,76,d-no-vix,5
101,xgboost,1,0.8,0.0,1,0,1,0.0,1.0,1470,2019-09-04,2025-07-28,2025-07-29,2025-07-29,6,5,76,d-no-vix,5
101,random_forest,1,0.55,0.0,1,0,1,0.0,1.0,1470,2019-09-04,2025-07-28,2025-07-29,2025-07-29,6,5,76,d-no-vix,5
102,xgboost,1,0.35,1.0,1,0,1,0.0,1.0,1470,2019-09-03,2025-07-25,2025-07-28,2025-07-28,6,5,76,d-no-vix,5
102,random_forest,1,0.45,1.0,1,0,1,0.0,1.0,1470,2019-09-03,2025-07-25,2025-07-28,2025-07-28,6,5,76,d-no-vix,5
103,xgboost,1,1.0,0.0,1,0,1,0.0,1.0,1470,2019-08-30,2025-07-24,2025-07-25,2025-07-25,6,5,76,d-no-vix,5
103,random_forest,1,0.65,0.0,1,0,1,0.0,1.0,1470,2019-08-30,2025-07-24,2025-07-25,2025-07-25,6,5,76,d-no-vix,5
104,xgboost,1,1.0,0.0,1,0,1,0.0,1.0,1470,2019-08-29,2025-07-23,2025-07-24,2025-07-24,6,5,76,d-no-vix,5
104,random_forest,1,0.9,0.0,1,0,1,0.0,1.0,1470,2019-08-29,2025-07-23,2025-07-24,2025-07-24,6,5,76,d-no-vix,5
105,xgboost,1,1.0,1.0,1,1,0,1.0,0.0,1470,2019-08-28,2025-07-22,2025-07-23,2025-07-23,6,5,76,d-no-vix,5
105,random_forest,1,0.95,1.0,1,1,0,1.0,0.0,1470,2019-08-28,2025-07-22,2025-07-23,2025-07-23,6,5,76,d-no-vix,5
106,xgboost,1,1.0,1.0,1,1,0,1.0,0.0,1470,2019-08-27,2025-07-21,2025-07-22,2025-07-22,6,5,76,d-no-vix,5
106,random_forest,1,0.95,1.0,1,1,0,1.0,0.0,1470,2019-08-27,2025-07-21,2025-07-22,2025-07-22,6,5,76,d-no-vix,5
107,xgboost,1,1.0,1.0,1,1,0,1.0,0.0,1470,2019-08-26,2025-07-18,2025-07-21,2025-07-21,6,5,76,d-no-vix,5
107,random_forest,1,0.9,1.0,1,1,0,1.0,0.0,1470,2019-08-26,2025-07-18,2025-07-21,2025-07-21,6,5,76,d-no-vix,5
108,xgboost,1,1.0,1.0,1,1,0,1.0,0.0,1470,2019-08-23,2025-07-17,2025-07-18,2025-07-18,6,5,76,d-no-vix,5
108,random_forest,1,0.9,1.0,1,1,0,1.0,0.0,1470,2019-08-23,2025-07-17,2025-07-18,2025-07-18,6,5,76,d-no-vix,5
109,xgboost,1,1.0,1.0,1,1,0,1.0,0.0,1470,2019-08-22,2025-07-16,2025-07-17,2025-07-17,6,5,76,d-no-vix,5
109,random_forest,1,0.85,1.0,1,1,0,1.0,0.0,1470,2019-08-22,2025-07-16,2025-07-17,2025-07-17,6,5,76,d-no-vix,5
110,xgboost,1,1.0,1.0,1,1,0,1.0,0.0,1470,2019-08-21,2025-07-15,2025-07-16,2025-07-16,6,5,76,d-no-vix,5
110,random_forest,1,0.85,1.0,1,1,0,1.0,0.0,1470,2019-08-21,2025-07-15,2025-07-16,2025-07-16,6,5,76,d-no-vix,5
111,xgboost,1,1.0,1.0,1,1,0,1.0,0.0,1470,2019-08-20,2025-07-14,2025-07-15,2025-07-15,6,5,76,d-no-vix,5
111,random_forest,1,0.95,1.0,1,1,0,1.0,0.0,1470,2019-08-20,2025-07-14,2025-07-15,2025-07-15,6,5,76,d-no-vix,5
112,xgboost,1,1.0,1.0,1,1,0,1.0,0.0,1470,2019-08-19,2025-07-11,2025-07-14,2025-07-14,6,5,76,d-no-vix,5
112,random_forest,1,0.9,1.0,1,1,0,1.0,0.0,1470,2019-08-19,2025-07-11,2025-07-14,2025-07-14,6,5,76,d-no-vix,5
113,xgboost,1,1.0,1.0,1,1,0,1.0,0.0,1470,2019-08-16,2025-07-10,2025-07-11,2025-07-11,6,5,76,d-no-vix,5
113,random_forest,1,0.9,1.0,1,1,0,1.0,0.0,1470,2019-08-16,2025-07-10,2025-07-11,2025-07-11,6,5,76,d-no-vix,5
114,xgboost,1,1.0,1.0,1,1,0,1.0,0.0,1470,2019-08-15,2025-07-09,2025-07-10,2025-07-10,6,5,76,d-no-vix,5
114,random_forest,1,0.9,1.0,1,1,0,1.0,0.0,1470,2019-08-15,2025-07-09,2025-07-10,2025-07-10,6,5,76,d-no-vix,5
115,xgboost,1,1.0,1.0,1,1,0,1.0,0.0,1470,2019-08-14,2025-07-08,2025-07-09,2025-07-09,6,5,76,d-no-vix,5
115,random_forest,1,0.85,1.0,1,1,0,1.0,0.0,1470,2019-08-14,2025-07-08,2025-07-09,2025-07-09,6,5,76,d-no-vix,5
116,xgboost,1,1.0,1.0,1,1,0,1.0,0.0,1470,2019-08-13,2025-07-07,2025-07-08,2025-07-08,6,5,76,d-no-vix,5
116,random_forest,1,0.9,1.0,1,1,0,1.0,0.0,1470,2019-08-13,2025-07-07,2025-07-08,2025-07-08,6,5,76,d-no-vix,5
117,xgboost,1,1.0,1.0,1,1,0,1.0,0.0,1470,2019-08-12,2025-07-02,2025-07-07,2025-07-07,6,5,76,d-no-vix,5
117,random_forest,1,0.9,1.0,1,1,0,1.0,0.0,1470,2019-08-12,2025-07-02,2025-07-07,2025-07-07,6,5,76,d-no-vix,5
118,xgboost,1,1.0,1.0,1,1,0,1.0,0.0,1470,2019-08-09,2025-07-01,2025-07-02,2025-07-02,6,5,76,d-no-vix,5
118,random_forest,1,0.85,1.0,1,1,0,1.0,0.0,1470,2019-08-09,2025-07-01,2025-07-02,2025-07-02,6,5,76,d-no-vix,5
119,xgboost,1,1.0,1.0,1,1,0,1.0,0.0,1470,2019-08-08,2025-06-30,2025-07-01,2025-07-01,6,5,76,d-no-vix,5
119,random_forest,1,0.9,1.0,1,1,0,1.0,0.0,1470,2019-08-08,2025-06-30,2025-07-01,2025-07-01,6,5,76,d-no-vix,5
120,xgboost,1,1.0,1.0,1,1,0,1.0,0.0,1470,2019-08-07,2025-06-27,2025-06-30,2025-06-30,6,5,76,d-no-vix,5
120,random_forest,1,0.8,1.0,1,1,0,1.0,0.0,1470,2019-08-07,2025-06-27,2025-06-30,2025-06-30,6,5,76,d-no-vix,5
121,xgboost,1,1.0,1.0,1,1,0,1.0,0.0,1470,2019-08-06,2025-06-26,2025-06-27,2025-06-27,6,5,76,d-no-vix,5
121,random_forest,1,0.85,1.0,1,1,0,1.0,0.0,1470,2019-08-06,2025-06-26,2025-06-27,2025-06-27,6,5,76,d-no-vix,5
122,xgboost,1,1.0,1.0,1,1,0,1.0,0.0,1470,2019-08-05,2025-06-25,2025-06-26,2025-06-26,6,5,76,d-no-vix,5
122,random_forest,1,0.85,1.0,1,1,0,1.0,0.0,1470,2019-08-05,2025-06-25,2025-06-26,2025-06-26,6,5,76,d-no-vix,5
123,xgboost,1,1.0,1.0,1,1,0,1.0,0.0,1470,2019-08-02,2025-06-24,2025-06-25,2025-06-25,6,5,76,d-no-vix,5
123,random_forest,1,0.8,1.0,1,1,0,1.0,0.0,1470,2019-08-02,2025-06-24,2025-06-25,2025-06-25,6,5,76,d-no-vix,5
124,xgboost,1,1.0,1.0,1,1,0,1.0,0.0,1470,2019-08-01,2025-06-23,2025-06-24,2025-06-24,6,5,76,d-no-vix,5
124,random_forest,1,0.7,1.0,1,1,0,1.0,0.0,1470,2019-08-01,2025-06-23,2025-06-24,2025-06-24,6,5,76,d-no-vix,5
125,xgboost,1,0.8,1.0,1,1,0,1.0,0.0,1470,2019-07-31,2025-06-20,2025-06-23,2025-06-23,6,5,76,d-no-vix,5
125,random_forest,1,0.75,1.0,1,1,0,1.0,0.0,1470,2019-07-31,2025-06-20,2025-06-23,2025-06-23,6,5,76,d-no-vix,5
126,xgboost,1,1.0,1.0,1,1,0,1.0,0.0,1470,2019-07-30,2025-06-18,2025-06-20,2025-06-20,6,5,76,d-no-vix,5
126,random_forest,1,0.75,1.0,1,1,0,1.0,0.0,1470,2019-07-30,2025-06-18,2025-06-20,2025-06-20,6,5,76,d-no-vix,5
127,xgboost,1,1.0,1.0,1,1,0,1.0,0.0,1470,2019-07-29,2025-06-17,2025-06-18,2025-06-18,6,5,76,d-no-vix,5
127,random_forest,1,0.8,1.0,1,1,0,1.0,0.0,1470,2019-07-29,2025-06-17,2025-06-18,2025-06-18,6,5,76,d-no-vix,5
128,xgboost,1,1.0,1.0,1,1,0,1.0,0.0,1470,2019-07-26,2025-06-16,2025-06-17,2025-06-17,6,5,76,d-no-vix,5
128,random_forest,1,0.8,1.0,1,1,0,1.0,0.0,1470,2019-07-26,2025-06-16,2025-06-17,2025-06-17,6,5,76,d-no-vix,5
129,xgboost,1,0.9,1.0,1,1,0,1.0,0.0,1470,2019-07-25,2025-06-13,2025-06-16,2025-06-16,6,5,76,d-no-vix,5
129,random_forest,1,0.6,1.0,1,1,0,1.0,0.0,1470,2019-07-25,2025-06-13,2025-06-16,2025-06-16,6,5,76,d-no-vix,5
130,xgboost,1,1.0,1.0,1,1,0,1.0,0.0,1470,2019-07-24,2025-06-12,2025-06-13,2025-06-13,6,5,76,d-no-vix,5
130,random_forest,1,0.7,1.0,1,1,0,1.0,0.0,1470,2019-07-24,2025-06-12,2025-06-13,2025-06-13,6,5,76,d-no-vix,5
131,xgboost,1,0.9,0.0,1,0,1,0.0,1.0,1470,2019-07-23,2025-06-11,2025-06-12,2025-06-12,6,5,76,d-no-vix,5
131,random_forest,1,0.5,1.0,1,0,1,0.0,1.0,1470,2019-07-23,2025-06-11,2025-06-12,2025-06-12,6,5,76,d-no-vix,5
132,xgboost,1,1.0,0.0,1,0,1,0.0,1.0,1470,2019-07-22,2025-06-10,2025-06-11,2025-06-11,6,5,76,d-no-vix,5
132,random_forest,1,0.7,0.0,1,0,1,0.0,1.0,1470,2019-07-22,2025-06-10,2025-06-11,2025-06-11,6,5,76,d-no-vix,5
133,xgboost,1,0.9,0.0,1,0,1,0.0,1.0,1470,2019-07-19,2025-06-09,2025-06-10,2025-06-10,6,5,76,d-no-vix,5
133,random_forest,1,0.8,0.0,1,0,1,0.0,1.0,1470,2019-07-19,2025-06-09,2025-06-10,2025-06-10,6,5,76,d-no-vix,5
134,xgboost,1,0.85,1.0,1,1,0,1.0,0.0,1470,2019-07-18,2025-06-06,2025-06-09,2025-06-09,6,5,76,d-no-vix,5
134,random_forest,1,0.6,1.0,1,1,0,1.0,0.0,1470,2019-07-18,2025-06-06,2025-06-09,2025-06-09,6,5,76,d-no-vix,5
135,xgboost,1,1.0,0.0,1,0,1,0.0,1.0,1470,2019-07-17,2025-06-05,2025-06-06,2025-06-06,6,5,76,d-no-vix,5
135,random_forest,1,0.9,0.0,1,0,1,0.0,1.0,1470,2019-07-17,2025-06-05,2025-06-06,2025-06-06,6,5,76,d-no-vix,5
136,xgboost,1,1.0,1.0,1,1,0,1.0,0.0,1470,2019-07-16,2025-06-04,2025-06-05,2025-06-05,6,5,76,d-no-vix,5
136,random_forest,1,0.95,1.0,1,1,0,1.0,0.0,1470,2019-07-16,2025-06-04,2025-06-05,2025-06-05,6,5,76,d-no-vix,5
137,xgboost,1,0.95,1.0,1,1,0,1.0,0.0,1470,2019-07-15,2025-06-03,2025-06-04,2025-06-04,6,5,76,d-no-vix,5
137,random_forest,1,0.8,1.0,1,1,0,1.0,0.0,1470,2019-07-15,2025-06-03,2025-06-04,2025-06-04,6,5,76,d-no-vix,5
138,xgboost,1,0.85,1.0,1,1,0,1.0,0.0,1470,2019-07-12,2025-06-02,2025-06-03,2025-06-03,6,5,76,d-no-vix,5
138,random_forest,1,0.8,1.0,1,1,0,1.0,0.0,1470,2019-07-12,2025-06-02,2025-06-03,2025-06-03,6,5,76,d-no-vix,5
139,xgboost,1,1.0,1.0,1,1,0,1.0,0.0,1470,2019-07-11,2025-05-30,2025-06-02,2025-06-02,6,5,76,d-no-vix,5
139,random_forest,1,0.85,1.0,1,1,0,1.0,0.0,1470,2019-07-11,2025-05-30,2025-06-02,2025-06-02,6,5,76,d-no-vix,5
140,xgboost,1,0.95,1.0,1,1,0,1.0,0.0,1470,2019-07-10,2025-05-29,2025-05-30,2025-05-30,6,5,76,d-no-vix,5
140,random_forest,1,0.85,1.0,1,1,0,1.0,0.0,1470,2019-07-10,2025-05-29,2025-05-30,2025-05-30,6,5,76,d-no-vix,5
141,xgboost,1,0.6,1.0,1,1,0,1.0,0.0,1470,2019-07-09,2025-05-28,2025-05-29,2025-05-29,6,5,76,d-no-vix,5
141,random_forest,1,0.8,1.0,1,1,0,1.0,0.0,1470,2019-07-09,2025-05-28,2025-05-29,2025-05-29,6,5,76,d-no-vix,5
142,xgboost,1,0.85,1.0,1,1,0,1.0,0.0,1470,2019-07-08,2025-05-27,2025-05-28,2025-05-28,6,5,76,d-no-vix,5
142,random_forest,1,0.75,1.0,1,1,0,1.0,0.0,1470,2019-07-08,2025-05-27,2025-05-28,2025-05-28,6,5,76,d-no-vix,5
143,xgboost,1,0.05,0.0,1,1,0,1.0,0.0,1470,2019-07-05,2025-05-23,2025-05-27,2025-05-27,6,5,76,d-no-vix,5
143,random_forest,1,0.6,1.0,1,1,0,1.0,0.0,1470,2019-07-05,2025-05-23,2025-05-27,2025-05-27,6,5,76,d-no-vix,5
144,xgboost,1,1.0,1.0,1,1,0,1.0,0.0,1470,2019-07-02,2025-05-22,2025-05-23,2025-05-23,6,5,76,d-no-vix,5
144,random_forest,1,0.8,1.0,1,1,0,1.0,0.0,1470,2019-07-02,2025-05-22,2025-05-23,2025-05-23,6,5,76,d-no-vix,5
145,xgboost,1,0.9,1.0,1,1,0,1.0,0.0,1470,2019-07-01,2025-05-21,2025-05-22,2025-05-22,6,5,76,d-no-vix,5
145,random_forest,1,0.7,1.0,1,1,0,1.0,0.0,1470,2019-07-01,2025-05-21,2025-05-22,2025-05-22,6,5,76,d-no-vix,5
146,xgboost,1,0.8,1.0,1,1,0,1.0,0.0,1470,2019-06-28,2025-05-20,2025-05-21,2025-05-21,6,5,76,d-no-vix,5
146,random_forest,1,0.6,1.0,1,1,0,1.0,0.0,1470,2019-06-28,2025-05-20,2025-05-21,2025-05-21,6,5,76,d-no-vix,5
147,xgboost,1,0.05,1.0,1,0,1,0.0,1.0,1470,2019-06-27,2025-05-19,2025-05-20,2025-05-20,6,5,76,d-no-vix,5
147,random_forest,1,0.45,1.0,1,0,1,0.0,1.0,1470,2019-06-27,2025-05-19,2025-05-20,2025-05-20,6,5,76,d-no-vix,5
148,xgboost,1,0.05,1.0,1,0,1,0.0,1.0,1470,2019-06-26,2025-05-16,2025-05-19,2025-05-19,6,5,76,d-no-vix,5
148,random_forest,1,0.25,1.0,1,0,1,0.0,1.0,1470,2019-06-26,2025-05-16,2025-05-19,2025-05-19,6,5,76,d-no-vix,5
149,xgboost,1,0.05,1.0,1,0,1,0.0,1.0,1470,2019-06-25,2025-05-15,2025-05-16,2025-05-16,6,5,76,d-no-vix,5
149,random_forest,1,0.35,1.0,1,0,1,0.0,1.0,1470,2019-06-25,2025-05-15,2025-05-16,2025-05-16,6,5,76,d-no-vix,5
150,xgboost,1,0.25,1.0,1,0,1,0.0,1.0,1470,2019-06-24,2025-05-14,2025-05-15,2025-05-15,6,5,76,d-no-vix,5
150,random_forest,1,0.45,1.0,1,0,1,0.0,1.0,1470,2019-06-24,2025-05-14,2025-05-15,2025-05-15,6,5,76,d-no-vix,5
151,xgboost,1,0.85,0.0,1,0,1,0.0,1.0,1470,2019-06-21,2025-05-13,2025-05-14,2025-05-14,6,5,76,d-no-vix,5
151,random_forest,1,0.6,0.0,1,0,1,0.0,1.0,1470,2019-06-21,2025-05-13,2025-05-14,2025-05-14,6,5,76,d-no-vix,5
152,xgboost,1,0.8,1.0,1,1,0,1.0,0.0,1470,2019-06-20,2025-05-12,2025-05-13,2025-05-13,6,5,76,d-no-vix,5
152,random_forest,1,0.6,1.0,1,1,0,1.0,0.0,1470,2019-06-20,2025-05-12,2025-05-13,2025-05-13,6,5,76,d-no-vix,5
153,xgboost,1,0.05,0.0,1,1,0,1.0,0.0,1470,2019-06-19,2025-05-09,2025-05-12,2025-05-12,6,5,76,d-no-vix,5
153,random_forest,1,0.45,0.0,1,1,0,1.0,0.0,1470,2019-06-19,2025-05-09,2025-05-12,2025-05-12,6,5,76,d-no-vix,5
154,xgboost,1,1.0,1.0,1,1,0,1.0,0.0,1470,2019-06-18,2025-05-08,2025-05-09,2025-05-09,6,5,76,d-no-vix,5
154,random_forest,1,0.85,1.0,1,1,0,1.0,0.0,1470,2019-06-18,2025-05-08,2025-05-09,2025-05-09,6,5,76,d-no-vix,5
155,xgboost,1,0.2,0.0,1,1,0,1.0,0.0,1470,2019-06-17,2025-05-07,2025-05-08,2025-05-08,6,5,76,d-no-vix,5
155,random_forest,1,0.65,1.0,1,1,0,1.0,0.0,1470,2019-06-17,2025-05-07,2025-05-08,2025-05-08,6,5,76,d-no-vix,5
156,xgboost,1,1.0,1.0,1,1,0,1.0,0.0,1470,2019-06-14,2025-05-06,2025-05-07,2025-05-07,6,5,76,d-no-vix,5
156,random_forest,1,0.85,1.0,1,1,0,1.0,0.0,1470,2019-06-14,2025-05-06,2025-05-07,2025-05-07,6,5,76,d-no-vix,5
157,xgboost,1,1.0,1.0,1,1,0,1.0,0.0,1470,2019-06-13,2025-05-05,2025-05-06,2025-05-06,6,5,76,d-no-vix,5
157,random_forest,1,0.85,1.0,1,1,0,1.0,0.0,1470,2019-06-13,2025-05-05,2025-05-06,2025-05-06,6,5,76,d-no-vix,5
158,xgboost,1,0.85,1.0,1,1,0,1.0,0.0,1470,2019-06-12,2025-05-02,2025-05-05,2025-05-05,6,5,76,d-no-vix,5
158,random_forest,1,0.65,1.0,1,1,0,1.0,0.0,1470,2019-06-12,2025-05-02,2025-05-05,2025-05-05,6,5,76,d-no-vix,5
159,xgboost,1,1.0,0.0,1,0,1,0.0,1.0,1470,2019-06-11,2025-05-01,2025-05-02,2025-05-02,6,5,76,d-no-vix,5
159,random_forest,1,0.7,0.0,1,0,1,0.0,1.0,1470,2019-06-11,2025-05-01,2025-05-02,2025-05-02,6,5,76,d-no-vix,5
160,xgboost,1,1.0,1.0,1,1,0,1.0,0.0,1470,2019-06-10,2025-04-30,2025-05-01,2025-05-01,6,5,76,d-no-vix,5
160,random_forest,1,0.8,1.0,1,1,0,1.0,0.0,1470,2019-06-10,2025-04-30,2025-05-01,2025-05-01,6,5,76,d-no-vix,5
161,xgboost,1,1.0,1.0,1,1,0,1.0,0.0,1470,2019-06-07,2025-04-29,2025-04-30,2025-04-30,6,5,76,d-no-vix,5
161,random_forest,1,0.8,1.0,1,1,0,1.0,0.0,1470,2019-06-07,2025-04-29,2025-04-30,2025-04-30,6,5,76,d-no-vix,5
162,xgboost,1,1.0,1.0,1,1,0,1.0,0.0,1470,2019-06-06,2025-04-28,2025-04-29,2025-04-29,6,5,76,d-no-vix,5
162,random_forest,1,0.8,1.0,1,1,0,1.0,0.0,1470,2019-06-06,2025-04-28,2025-04-29,2025-04-29,6,5,76,d-no-vix,5
163,xgboost,1,1.0,1.0,1,1,0,1.0,0.0,1470,2019-06-05,2025-04-25,2025-04-28,2025-04-28,6,5,76,d-no-vix,5
163,random_forest,1,0.8,1.0,1,1,0,1.0,0.0,1470,2019-06-05,2025-04-25,2025-04-28,2025-04-28,6,5,76,d-no-vix,5
164,xgboost,1,0.9,1.0,1,1,0,1.0,0.0,1470,2019-06-04,2025-04-24,2025-04-25,2025-04-25,6,5,76,d-no-vix,5
164,random_forest,1,0.65,1.0,1,1,0,1.0,0.0,1470,2019-06-04,2025-04-24,2025-04-25,2025-04-25,6,5,76,d-no-vix,5
165,xgboost,1,0.4,0.0,1,1,0,1.0,0.0,1470,2019-06-03,2025-04-23,2025-04-24,2025-04-24,6,5,76,d-no-vix,5
165,random_forest,1,0.6,1.0,1,1,0,1.0,0.0,1470,2019-06-03,2025-04-23,2025-04-24,2025-04-24,6,5,76,d-no-vix,5
166,xgboost,1,0.2,0.0,1,1,0,1.0,0.0,1470,2019-05-31,2025-04-22,2025-04-23,2025-04-23,6,5,76,d-no-vix,5
166,random_forest,1,0.55,1.0,1,1,0,1.0,0.0,1470,2019-05-31,2025-04-22,2025-04-23,2025-04-23,6,5,76,d-no-vix,5
167,xgboost,1,0.9,1.0,1,1,0,1.0,0.0,1470,2019-05-30,2025-04-21,2025-04-22,2025-04-22,6,5,76,d-no-vix,5
167,random_forest,1,0.6,1.0,1,1,0,1.0,0.0,1470,2019-05-30,2025-04-21,2025-04-22,2025-04-22,6,5,76,d-no-vix,5
168,xgboost,1,1.0,1.0,1,1,0,1.0,0.0,1470,2019-05-29,2025-04-17,2025-04-21,2025-04-21,6,5,76,d-no-vix,5
168,random_forest,1,0.6,1.0,1,1,0,1.0,0.0,1470,2019-05-29,2025-04-17,2025-04-21,2025-04-21,6,5,76,d-no-vix,5
169,xgboost,1,1.0,1.0,1,1,0,1.0,0.0,1470,2019-05-28,2025-04-16,2025-04-17,2025-04-17,6,5,76,d-no-vix,5
169,random_forest,1,0.6,1.0,1,1,0,1.0,0.0,1470,2019-05-28,2025-04-16,2025-04-17,2025-04-17,6,5,76,d-no-vix,5
170,xgboost,1,0.05,0.0,1,1,0,1.0,0.0,1470,2019-05-24,2025-04-15,2025-04-16,2025-04-16,6,5,76,d-no-vix,5
170,random_forest,1,0.35,0.0,1,1,0,1.0,0.0,1470,2019-05-24,2025-04-15,2025-04-16,2025-04-16,6,5,76,d-no-vix,5
171,xgboost,1,0.05,1.0,1,0,1,0.0,1.0,1470,2019-05-23,2025-04-14,2025-04-15,2025-04-15,6,5,76,d-no-vix,5
171,random_forest,1,0.25,1.0,1,0,1,0.0,1.0,1470,2019-05-23,2025-04-14,2025-04-15,2025-04-15,6,5,76,d-no-vix,5
172,xgboost,1,0.0,1.0,1,0,1,0.0,1.0,1470,2019-05-22,2025-04-11,2025-04-14,2025-04-14,6,5,76,d-no-vix,5
172,random_forest,1,0.25,1.0,1,0,1,0.0,1.0,1470,2019-05-22,2025-04-11,2025-04-14,2025-04-14,6,5,76,d-no-vix,5
173,xgboost,1,0.0,1.0,1,0,1,0.0,1.0,1470,2019-05-21,2025-04-10,2025-04-11,2025-04-11,6,5,76,d-no-vix,5
173,random_forest,1,0.35,1.0,1,0,1,0.0,1.0,1470,2019-05-21,2025-04-10,2025-04-11,2025-04-11,6,5,76,d-no-vix,5
174,xgboost,1,0.85,0.0,1,0,1,0.0,1.0,1470,2019-05-20,2025-04-09,2025-04-10,2025-04-10,6,5,76,d-no-vix,5
174,random_forest,1,0.5,0.0,1,0,1,0.0,1.0,1470,2019-05-20,2025-04-09,2025-04-10,2025-04-10,6,5,76,d-no-vix,5
175,xgboost,1,0.9,0.0,1,0,1,0.0,1.0,1470,2019-05-17,2025-04-08,2025-04-09,2025-04-09,6,5,76,d-no-vix,5
175,random_forest,1,0.5,0.0,1,0,1,0.0,1.0,1470,2019-05-17,2025-04-08,2025-04-09,2025-04-09,6,5,76,d-no-vix,5
176,xgboost,1,1.0,1.0,1,1,0,1.0,0.0,1470,2019-05-16,2025-04-07,2025-04-08,2025-04-08,6,5,76,d-no-vix,5
176,random_forest,1,0.85,1.0,1,1,0,1.0,0.0,1470,2019-05-16,2025-04-07,2025-04-08,2025-04-08,6,5,76,d-no-vix,5
177,xgboost,1,1.0,1.0,1,1,0,1.0,0.0,1470,2019-05-15,2025-04-04,2025-04-07,2025-04-07,6,5,76,d-no-vix,5
177,random_forest,1,0.7,1.0,1,1,0,1.0,0.0,1470,2019-05-15,2025-04-04,2025-04-07,2025-04-07,6,5,76,d-no-vix,5
178,xgboost,1,1.0,1.0,1,1,0,1.0,0.0,1470,2019-05-14,2025-04-03,2025-04-04,2025-04-04,6,5,76,d-no-vix,5
178,random_forest,1,0.75,1.0,1,1,0,1.0,0.0,1470,2019-05-14,2025-04-03,2025-04-04,2025-04-04,6,5,76,d-no-vix,5
179,xgboost,1,0.65,0.0,1,0,1,0.0,1.0,1470,2019-05-13,2025-04-02,2025-04-03,2025-04-03,6,5,76,d-no-vix,5
179,random_forest,1,0.5,0.0,1,0,1,0.0,1.0,1470,2019-05-13,2025-04-02,2025-04-03,2025-04-03,6,5,76,d-no-vix,5
180,xgboost,1,0.0,1.0,1,0,1,0.0,1.0,1470,2019-05-10,2025-04-01,2025-04-02,2025-04-02,6,5,76,d-no-vix,5
180,random_forest,1,0.2,1.0,1,0,1,0.0,1.0,1470,2019-05-10,2025-04-01,2025-04-02,2025-04-02,6,5,76,d-no-vix,5
181,xgboost,1,0.05,1.0,1,0,1,0.0,1.0,1470,2019-05-09,2025-03-31,2025-04-01,2025-04-01,6,5,76,d-no-vix,5
181,random_forest,1,0.25,1.0,1,0,1,0.0,1.0,1470,2019-05-09,2025-03-31,2025-04-01,2025-04-01,6,5,76,d-no-vix,5
182,xgboost,1,0.8,0.0,1,0,1,0.0,1.0,1470,2019-05-08,2025-03-28,2025-03-31,2025-03-31,6,5,76,d-no-vix,5
182,random_forest,1,0.4,1.0,1,0,1,0.0,1.0,1470,2019-05-08,2025-03-28,2025-03-31,2025-03-31,6,5,76,d-no-vix,5
183,xgboost,1,0.8,0.0,1,0,1,0.0,1.0,1470,2019-05-07,2025-03-27,2025-03-28,2025-03-28,6,5,76,d-no-vix,5
183,random_forest,1,0.55,0.0,1,0,1,0.0,1.0,1470,2019-05-07,2025-03-27,2025-03-28,2025-03-28,6,5,76,d-no-vix,5
184,xgboost,1,0.1,1.0,1,0,1,0.0,1.0,1470,2019-05-06,2025-03-26,2025-03-27,2025-03-27,6,5,76,d-no-vix,5
184,random_forest,1,0.3,1.0,1,0,1,0.0,1.0,1470,2019-05-06,2025-03-26,2025-03-27,2025-03-27,6,5,76,d-no-vix,5
185,xgboost,1,0.05,1.0,1,0,1,0.0,1.0,1470,2019-05-03,2025-03-25,2025-03-26,2025-03-26,6,5,76,d-no-vix,5
185,random_forest,1,0.3,1.0,1,0,1,0.0,1.0,1470,2019-05-03,2025-03-25,2025-03-26,2025-03-26,6,5,76,d-no-vix,5
186,xgboost,1,0.4,1.0,1,0,1,0.0,1.0,1470,2019-05-02,2025-03-24,2025-03-25,2025-03-25,6,5,76,d-no-vix,5
186,random_forest,1,0.4,1.0,1,0,1,0.0,1.0,1470,2019-05-02,2025-03-24,2025-03-25,2025-03-25,6,5,76,d-no-vix,5
187,xgboost,1,0.95,0.0,1,0,1,0.0,1.0,1470,2019-05-01,2025-03-21,2025-03-24,2025-03-24,6,5,76,d-no-vix,5
187,random_forest,1,0.5,0.0,1,0,1,0.0,1.0,1470,2019-05-01,2025-03-21,2025-03-24,2025-03-24,6,5,76,d-no-vix,5
188,xgboost,1,1.0,0.0,1,0,1,0.0,1.0,1470,2019-04-30,2025-03-20,2025-03-21,2025-03-21,6,5,76,d-no-vix,5
188,random_forest,1,0.8,0.0,1,0,1,0.0,1.0,1470,2019-04-30,2025-03-20,2025-03-21,2025-03-21,6,5,76,d-no-vix,5
189,xgboost,1,1.0,1.0,1,1,0,1.0,0.0,1470,2019-04-29,2025-03-19,2025-03-20,2025-03-20,6,5,76,d-no-vix,5
189,random_forest,1,0.85,1.0,1,1,0,1.0,0.0,1470,2019-04-29,2025-03-19,2025-03-20,2025-03-20,6,5,76,d-no-vix,5
190,xgboost,1,1.0,1.0,1,1,0,1.0,0.0,1470,2019-04-26,2025-03-18,2025-03-19,2025-03-19,6,5,76,d-no-vix,5
190,random_forest,1,0.8,1.0,1,1,0,1.0,0.0,1470,2019-04-26,2025-03-18,2025-03-19,2025-03-19,6,5,76,d-no-vix,5
191,xgboost,1,1.0,1.0,1,1,0,1.0,0.0,1470,2019-04-25,2025-03-17,2025-03-18,2025-03-18,6,5,76,d-no-vix,5
191,random_forest,1,0.85,1.0,1,1,0,1.0,0.0,1470,2019-04-25,2025-03-17,2025-03-18,2025-03-18,6,5,76,d-no-vix,5
192,xgboost,1,0.9,1.0,1,1,0,1.0,0.0,1470,2019-04-24,2025-03-14,2025-03-17,2025-03-17,6,5,76,d-no-vix,5
192,random_forest,1,0.6,1.0,1,1,0,1.0,0.0,1470,2019-04-24,2025-03-14,2025-03-17,2025-03-17,6,5,76,d-no-vix,5
193,xgboost,1,1.0,1.0,1,1,0,1.0,0.0,1470,2019-04-23,2025-03-13,2025-03-14,2025-03-14,6,5,76,d-no-vix,5
193,random_forest,1,0.65,1.0,1,1,0,1.0,0.0,1470,2019-04-23,2025-03-13,2025-03-14,2025-03-14,6,5,76,d-no-vix,5
194,xgboost,1,0.95,1.0,1,1,0,1.0,0.0,1470,2019-04-22,2025-03-12,2025-03-13,2025-03-13,6,5,76,d-no-vix,5
194,random_forest,1,0.7,1.0,1,1,0,1.0,0.0,1470,2019-04-22,2025-03-12,2025-03-13,2025-03-13,6,5,76,d-no-vix,5
195,xgboost,1,0.15,0.0,1,1,0,1.0,0.0,1470,2019-04-18,2025-03-11,2025-03-12,2025-03-12,6,5,76,d-no-vix,5
195,random_forest,1,0.45,0.0,1,1,0,1.0,0.0,1470,2019-04-18,2025-03-11,2025-03-12,2025-03-12,6,5,76,d-no-vix,5
196,xgboost,1,0.45,0.0,1,1,0,1.0,0.0,1470,2019-04-17,2025-03-10,2025-03-11,2025-03-11,6,5,76,d-no-vix,5
196,random_forest,1,0.45,0.0,1,1,0,1.0,0.0,1470,2019-04-17,2025-03-10,2025-03-11,2025-03-11,6,5,76,d-no-vix,5
197,xgboost,1,0.0,0.0,1,1,0,1.0,0.0,1470,2019-04-16,2025-03-07,2025-03-10,2025-03-10,6,5,76,d-no-vix,5
197,random_forest,1,0.45,0.0,1,1,0,1.0,0.0,1470,2019-04-16,2025-03-07,2025-03-10,2025-03-10,6,5,76,d-no-vix,5
198,xgboost,1,0.0,1.0,1,0,1,0.0,1.0,1470,2019-04-15,2025-03-06,2025-03-07,2025-03-07,6,5,76,d-no-vix,5
198,random_forest,1,0.3,1.0,1,0,1,0.0,1.0,1470,2019-04-15,2025-03-06,2025-03-07,2025-03-07,6,5,76,d-no-vix,5
199,xgboost,1,0.25,1.0,1,0,1,0.0,1.0,1470,2019-04-12,2025-03-05,2025-03-06,2025-03-06,6,5,76,d-no-vix,5
199,random_forest,1,0.45,1.0,1,0,1,0.0,1.0,1470,2019-04-12,2025-03-05,2025-03-06,2025-03-06,6,5,76,d-no-vix,5
200,xgboost,1,0.0,1.0,1,0,1,0.0,1.0,1470,2019-04-11,2025-03-04,2025-03-05,2025-03-05,6,5,76,d-no-vix,5
200,random_forest,1,0.2,1.0,1,0,1,0.0,1.0,1470,2019-04-11,2025-03-04,2025-03-05,2025-03-05,6,5,76,d-no-vix,5
201,xgboost,1,0.0,1.0,1,0,1,0.0,1.0,1470,2019-04-10,2025-03-03,2025-03-04,2025-03-04,6,5,76,d-no-vix,5
201,random_forest,1,0.25,1.0,1,0,1,0.0,1.0,1470,2019-04-10,2025-03-03,2025-03-04,2025-03-04,6,5,76,d-no-vix,5
202,xgboost,1,0.0,1.0,1,0,1,0.0,1.0,1470,2019-04-09,2025-02-28,2025-03-03,2025-03-03,6,5,76,d-no-vix,5
202,random_forest,1,0.35,1.0,1,0,1,0.0,1.0,1470,2019-04-09,2025-02-28,2025-03-03,2025-03-03,6,5,76,d-no-vix,5
203,xgboost,1,0.05,1.0,1,0,1,0.0,1.0,1470,2019-04-08,2025-02-27,2025-02-28,2025-02-28,6,5,76,d-no-vix,5
203,random_forest,1,0.4,1.0,1,0,1,0.0,1.0,1470,2019-04-08,2025-02-27,2025-02-28,2025-02-28,6,5,76,d-no-vix,5
204,xgboost,1,0.95,0.0,1,0,1,0.0,1.0,1470,2019-04-05,2025-02-26,2025-02-27,2025-02-27,6,5,76,d-no-vix,5
204,random_forest,1,0.55,0.0,1,0,1,0.0,1.0,1470,2019-04-05,2025-02-26,2025-02-27,2025-02-27,6,5,76,d-no-vix,5
205,xgboost,1,0.0,1.0,1,0,1,0.0,1.0,1470,2019-04-04,2025-02-25,2025-02-26,2025-02-26,6,5,76,d-no-vix,5
205,random_forest,1,0.3,1.0,1,0,1,0.0,1.0,1470,2019-04-04,2025-02-25,2025-02-26,2025-02-26,6,5,76,d-no-vix,5
206,xgboost,1,0.3,1.0,1,0,1,0.0,1.0,1470,2019-04-03,2025-02-24,2025-02-25,2025-02-25,6,5,76,d-no-vix,5
206,random_forest,1,0.4,1.0,1,0,1,0.0,1.0,1470,2019-04-03,2025-02-24,2025-02-25,2025-02-25,6,5,76,d-no-vix,5
207,xgboost,1,0.25,1.0,1,0,1,0.0,1.0,1470,2019-04-02,2025-02-21,2025-02-24,2025-02-24,6,5,76,d-no-vix,5
207,random_forest,1,0.45,1.0,1,0,1,0.0,1.0,1470,2019-04-02,2025-02-21,2025-02-24,2025-02-24,6,5,76,d-no-vix,5
208,xgboost,1,0.75,0.0,1,0,1,0.0,1.0,1470,2019-04-01,2025-02-20,2025-02-21,2025-02-21,6,5,76,d-no-vix,5
208,random_forest,1,0.55,0.0,1,0,1,0.0,1.0,1470,2019-04-01,2025-02-20,2025-02-21,2025-02-21,6,5,76,d-no-vix,5
209,xgboost,1,0.3,1.0,1,0,1,0.0,1.0,1470,2019-03-29,2025-02-19,2025-02-20,2025-02-20,6,5,76,d-no-vix,5
209,random_forest,1,0.4,1.0,1,0,1,0.0,1.0,1470,2019-03-29,2025-02-19,2025-02-20,2025-02-20,6,5,76,d-no-vix,5
210,xgboost,1,0.05,1.0,1,0,1,0.0,1.0,1470,2019-03-28,2025-02-18,2025-02-19,2025-02-19,6,5,76,d-no-vix,5
210,random_forest,1,0.35,1.0,1,0,1,0.0,1.0,1470,2019-03-28,2025-02-18,2025-02-19,2025-02-19,6,5,76,d-no-vix,5
211,xgboost,1,0.3,1.0,1,0,1,0.0,1.0,1470,2019-03-27,2025-02-14,2025-02-18,2025-02-18,6,5,76,d-no-vix,5
211,random_forest,1,0.45,1.0,1,0,1,0.0,1.0,1470,2019-03-27,2025-02-14,2025-02-18,2025-02-18,6,5,76,d-no-vix,5
212,xgboost,1,0.85,0.0,1,0,1,0.0,1.0,1470,2019-03-26,2025-02-13,2025-02-14,2025-02-14,6,5,76,d-no-vix,5
212,random_forest,1,0.65,0.0,1,0,1,0.0,1.0,1470,2019-03-26,2025-02-13,2025-02-14,2025-02-14,6,5,76,d-no-vix,5
213,xgboost,1,1.0,0.0,1,0,1,0.0,1.0,1470,2019-03-25,2025-02-12,2025-02-13,2025-02-13,6,5,76,d-no-vix,5
213,random_forest,1,0.75,0.0,1,0,1,0.0,1.0,1470,2019-03-25,2025-02-12,2025-02-13,2025-02-13,6,5,76,d-no-vix,5
214,xgboost,1,1.0,1.0,1,1,0,1.0,0.0,1470,2019-03-22,2025-02-11,2025-02-12,2025-02-12,6,5,76,d-no-vix,5
214,random_forest,1,0.8,1.0,1,1,0,1.0,0.0,1470,2019-03-22,2025-02-11,2025-02-12,2025-02-12,6,5,76,d-no-vix,5
215,xgboost,1,0.95,1.0,1,1,0,1.0,0.0,1470,2019-03-21,2025-02-10,2025-02-11,2025-02-11,6,5,76,d-no-vix,5
215,random_forest,1,0.75,1.0,1,1,0,1.0,0.0,1470,2019-03-21,2025-02-10,2025-02-11,2025-02-11,6,5,76,d-no-vix,5
216,xgboost,1,1.0,1.0,1,1,0,1.0,0.0,1470,2019-03-20,2025-02-07,2025-02-10,2025-02-10,6,5,76,d-no-vix,5
216,random_forest,1,0.7,1.0,1,1,0,1.0,0.0,1470,2019-03-20,2025-02-07,2025-02-10,2025-02-10,6,5,76,d-no-vix,5
217,xgboost,1,0.95,1.0,1,1,0,1.0,0.0,1470,2019-03-19,2025-02-06,2025-02-07,2025-02-07,6,5,76,d-no-vix,5
217,random_forest,1,0.7,1.0,1,1,0,1.0,0.0,1470,2019-03-19,2025-02-06,2025-02-07,2025-02-07,6,5,76,d-no-vix,5
218,xgboost,1,1.0,1.0,1,1,0,1.0,0.0,1470,2019-03-18,2025-02-05,2025-02-06,2025-02-06,6,5,76,d-no-vix,5
218,random_forest,1,0.7,1.0,1,1,0,1.0,0.0,1470,2019-03-18,2025-02-05,2025-02-06,2025-02-06,6,5,76,d-no-vix,5
219,xgboost,1,1.0,1.0,1,1,0,1.0,0.0,1470,2019-03-15,2025-02-04,2025-02-05,2025-02-05,6,5,76,d-no-vix,5
219,random_forest,1,0.65,1.0,1,1,0,1.0,0.0,1470,2019-03-15,2025-02-04,2025-02-05,2025-02-05,6,5,76,d-no-vix,5
220,xgboost,1,1.0,1.0,1,1,0,1.0,0.0,1470,2019-03-14,2025-02-03,2025-02-04,2025-02-04,6,5,76,d-no-vix,5
220,random_forest,1,0.65,1.0,1,1,0,1.0,0.0,1470,2019-03-14,2025-02-03,2025-02-04,2025-02-04,6,5,76,d-no-vix,5
221,xgboost,1,0.85,1.0,1,1,0,1.0,0.0,1470,2019-03-13,2025-01-31,2025-02-03,2025-02-03,6,5,76,d-no-vix,5
221,random_forest,1,0.65,1.0,1,1,0,1.0,0.0,1470,2019-03-13,2025-01-31,2025-02-03,2025-02-03,6,5,76,d-no-vix,5
222,xgboost,1,1.0,1.0,1,1,0,1.0,0.0,1470,2019-03-12,2025-01-30,2025-01-31,2025-01-31,6,5,76,d-no-vix,5
222,random_forest,1,0.65,1.0,1,1,0,1.0,0.0,1470,2019-03-12,2025-01-30,2025-01-31,2025-01-31,6,5,76,d-no-vix,5
223,xgboost,1,0.9,1.0,1,1,0,1.0,0.0,1470,2019-03-11,2025-01-29,2025-01-30,2025-01-30,6,5,76,d-no-vix,5
223,random_forest,1,0.6,1.0,1,1,0,1.0,0.0,1470,2019-03-11,2025-01-29,2025-01-30,2025-01-30,6,5,76,d-no-vix,5
224,xgboost,1,0.85,1.0,1,1,0,1.0,0.0,1470,2019-03-08,2025-01-28,2025-01-29,2025-01-29,6,5,76,d-no-vix,5
224,random_forest,1,0.6,1.0,1,1,0,1.0,0.0,1470,2019-03-08,2025-01-28,2025-01-29,2025-01-29,6,5,76,d-no-vix,5
225,xgboost,1,0.05,0.0,1,1,0,1.0,0.0,1470,2019-03-07,2025-01-27,2025-01-28,2025-01-28,6,5,76,d-no-vix,5
225,random_forest,1,0.4,0.0,1,1,0,1.0,0.0,1470,2019-03-07,2025-01-27,2025-01-28,2025-01-28,6,5,76,d-no-vix,5
226,xgboost,1,0.05,0.0,1,1,0,1.0,0.0,1470,2019-03-06,2025-01-24,2025-01-27,2025-01-27,6,5,76,d-no-vix,5
226,random_forest,1,0.45,0.0,1,1,0,1.0,0.0,1470,2019-03-06,2025-01-24,2025-01-27,2025-01-27,6,5,76,d-no-vix,5
227,xgboost,1,0.0,1.0,1,0,1,0.0,1.0,1470,2019-03-05,2025-01-23,2025-01-24,2025-01-24,6,5,76,d-no-vix,5
227,random_forest,1,0.2,1.0,1,0,1,0.0,1.0,1470,2019-03-05,2025-01-23,2025-01-24,2025-01-24,6,5,76,d-no-vix,5
228,xgboost,1,0.0,1.0,1,0,1,0.0,1.0,1470,2019-03-04,2025-01-22,2025-01-23,2025-01-23,6,5,76,d-no-vix,5
228,random_forest,1,0.25,1.0,1,0,1,0.0,1.0,1470,2019-03-04,2025-01-22,2025-01-23,2025-01-23,6,5,76,d-no-vix,5
1,xgboost,1,0.55,1.0,1,1,0,1.0,0.0,980,2022-01-12,2025-12-18,2025-12-19,2025-12-19,4,10,76,d-no-vix,10
1,random_forest,1,0.6,1.0,1,1,0,1.0,0.0,980,2022-01-12,2025-12-18,2025-12-19,2025-12-19,4,10,76,d-no-vix,10
2,xgboost,1,0.95,1.0,1,1,0,1.0,0.0,980,2022-01-11,2025-12-17,2025-12-18,2025-12-18,4,10,76,d-no-vix,10
2,random_forest,1,0.8,1.0,1,1,0,1.0,0.0,980,2022-01-11,2025-12-17,2025-12-18,2025-12-18,4,10,76,d-no-vix,10
3,xgboost,1,1.0,1.0,1,1,0,1.0,0.0,980,2022-01-10,2025-12-16,2025-12-17,2025-12-17,4,10,76,d-no-vix,10
3,random_forest,1,0.85,1.0,1,1,0,1.0,0.0,980,2022-01-10,2025-12-16,2025-12-17,2025-12-17,4,10,76,d-no-vix,10
4,xgboost,1,1.0,1.0,1,1,0,1.0,0.0,980,2022-01-07,2025-12-15,2025-12-16,2025-12-16,4,10,76,d-no-vix,10
4,random_forest,1,0.8,1.0,1,1,0,1.0,0.0,980,2022-01-07,2025-12-15,2025-12-16,2025-12-16,4,10,76,d-no-vix,10
5,xgboost,1,1.0,1.0,1,1,0,1.0,0.0,980,2022-01-06,2025-12-12,2025-12-15,2025-12-15,4,10,76,d-no-vix,10
5,random_forest,1,0.75,1.0,1,1,0,1.0,0.0,980,2022-01-06,2025-12-12,2025-12-15,2025-12-15,4,10,76,d-no-vix,10
6,xgboost,1,0.95,1.0,1,1,0,1.0,0.0,980,2022-01-05,2025-12-11,2025-12-12,2025-12-12,4,10,76,d-no-vix,10
6,random_forest,1,0.5,0.0,1,1,0,1.0,0.0,980,2022-01-05,2025-12-11,2025-12-12,2025-12-12,4,10,76,d-no-vix,10
7,xgboost,1,0.0,1.0,1,0,1,0.0,1.0,980,2022-01-04,2025-12-10,2025-12-11,2025-12-11,4,10,76,d-no-vix,10
7,random_forest,1,0.2,1.0,1,0,1,0.0,1.0,980,2022-01-04,2025-12-10,2025-12-11,2025-12-11,4,10,76,d-no-vix,10
8,xgboost,1,0.0,1.0,1,0,1,0.0,1.0,980,2022-01-03,2025-12-09,2025-12-10,2025-12-10,4,10,76,d-no-vix,10
8,random_forest,1,0.2,1.0,1,0,1,0.0,1.0,980,2022-01-03,2025-12-09,2025-12-10,2025-12-10,4,10,76,d-no-vix,10
9,xgboost,1,0.0,1.0,1,0,1,0.0,1.0,980,2021-12-31,2025-12-08,2025-12-09,2025-12-09,4,10,76,d-no-vix,10
9,random_forest,1,0.1,1.0,1,0,1,0.0,1.0,980,2021-12-31,2025-12-08,2025-12-09,2025-12-09,4,10,76,d-no-vix,10
10,xgboost,1,0.0,1.0,1,0,1,0.0,1.0,980,2021-12-30,2025-12-05,2025-12-08,2025-12-08,4,10,76,d-no-vix,10
10,random_forest,1,0.15,1.0,1,0,1,0.0,1.0,980,2021-12-30,2025-12-05,2025-12-08,2025-12-08,4,10,76,d-no-vix,10
11,xgboost,1,0.5,1.0,1,0,1,0.0,1.0,980,2021-12-29,2025-12-04,2025-12-05,2025-12-05,4,10,76,d-no-vix,10
11,random_forest,1,0.2,1.0,1,0,1,0.0,1.0,980,2021-12-29,2025-12-04,2025-12-05,2025-12-05,4,10,76,d-no-vix,10
12,xgboost,1,0.25,1.0,1,0,1,0.0,1.0,980,2021-12-28,2025-12-03,2025-12-04,2025-12-04,4,10,76,d-no-vix,10
12,random_forest,1,0.25,1.0,1,0,1,0.0,1.0,980,2021-12-28,2025-12-03,2025-12-04,2025-12-04,4,10,76,d-no-vix,10
13,xgboost,1,0.5,0.0,1,0,1,0.0,1.0,980,2021-12-27,2025-12-02,2025-12-03,2025-12-03,4,10,76,d-no-vix,10
13,random_forest,1,0.25,1.0,1,0,1,0.0,1.0,980,2021-12-27,2025-12-02,2025-12-03,2025-12-03,4,10,76,d-no-vix,10
14,xgboost,1,0.65,0.0,1,0,1,0.0,1.0,980,2021-12-23,2025-12-01,2025-12-02,2025-12-02,4,10,76,d-no-vix,10
14,random_forest,1,0.45,1.0,1,0,1,0.0,1.0,980,2021-12-23,2025-12-01,2025-12-02,2025-12-02,4,10,76,d-no-vix,10
15,xgboost,1,0.85,0.0,1,0,1,0.0,1.0,980,2021-12-22,2025-11-26,2025-12-01,2025-12-01,4,10,76,d-no-vix,10
15,random_forest,1,0.6,0.0,1,0,1,0.0,1.0,980,2021-12-22,2025-11-26,2025-12-01,2025-12-01,4,10,76,d-no-vix,10
16,xgboost,1,0.95,1.0,1,1,0,1.0,0.0,980,2021-12-21,2025-11-25,2025-11-26,2025-11-26,4,10,76,d-no-vix,10
16,random_forest,1,0.65,1.0,1,1,0,1.0,0.0,980,2021-12-21,2025-11-25,2025-11-26,2025-11-26,4,10,76,d-no-vix,10
17,xgboost,1,1.0,1.0,1,1,0,1.0,0.0,980,2021-12-20,2025-11-24,2025-11-25,2025-11-25,4,10,76,d-no-vix,10
17,random_forest,1,0.7,1.0,1,1,0,1.0,0.0,980,2021-12-20,2025-11-24,2025-11-25,2025-11-25,4,10,76,d-no-vix,10
18,xgboost,1,1.0,1.0,1,1,0,1.0,0.0,980,2021-12-17,2025-11-21,2025-11-24,2025-11-24,4,10,76,d-no-vix,10
18,random_forest,1,0.7,1.0,1,1,0,1.0,0.0,980,2021-12-17,2025-11-21,2025-11-24,2025-11-24,4,10,76,d-no-vix,10
19,xgboost,1,0.95,1.0,1,1,0,1.0,0.0,980,2021-12-16,2025-11-20,2025-11-21,2025-11-21,4,10,76,d-no-vix,10
19,random_forest,1,0.75,1.0,1,1,0,1.0,0.0,980,2021-12-16,2025-11-20,2025-11-21,2025-11-21,4,10,76,d-no-vix,10
20,xgboost,1,1.0,1.0,1,1,0,1.0,0.0,980,2021-12-15,2025-11-19,2025-11-20,2025-11-20,4,10,76,d-no-vix,10
20,random_forest,1,0.75,1.0,1,1,0,1.0,0.0,980,2021-12-15,2025-11-19,2025-11-20,2025-11-20,4,10,76,d-no-vix,10
21,xgboost,1,0.9,1.0,1,1,0,1.0,0.0,980,2021-12-14,2025-11-18,2025-11-19,2025-11-19,4,10,76,d-no-vix,10
21,random_forest,1,0.8,1.0,1,1,0,1.0,0.0,980,2021-12-14,2025-11-18,2025-11-19,2025-11-19,4,10,76,d-no-vix,10
22,xgboost,1,1.0,1.0,1,1,0,1.0,0.0,980,2021-12-13,2025-11-17,2025-11-18,2025-11-18,4,10,76,d-no-vix,10
22,random_forest,1,0.75,1.0,1,1,0,1.0,0.0,980,2021-12-13,2025-11-17,2025-11-18,2025-11-18,4,10,76,d-no-vix,10
23,xgboost,1,0.95,1.0,1,1,0,1.0,0.0,980,2021-12-10,2025-11-14,2025-11-17,2025-11-17,4,10,76,d-no-vix,10
23,random_forest,1,0.6,1.0,1,1,0,1.0,0.0,980,2021-12-10,2025-11-14,2025-11-17,2025-11-17,4,10,76,d-no-vix,10
24,xgboost,1,0.3,0.0,1,1,0,1.0,0.0,980,2021-12-09,2025-11-13,2025-11-14,2025-11-14,4,10,76,d-no-vix,10
24,random_forest,1,0.45,0.0,1,1,0,1.0,0.0,980,2021-12-09,2025-11-13,2025-11-14,2025-11-14,4,10,76,d-no-vix,10
25,xgboost,1,0.15,0.0,1,1,0,1.0,0.0,980,2021-12-08,2025-11-12,2025-11-13,2025-11-13,4,10,76,d-no-vix,10
25,random_forest,1,0.2,0.0,1,1,0,1.0,0.0,980,2021-12-08,2025-11-12,2025-11-13,2025-11-13,4,10,76,d-no-vix,10
26,xgboost,1,0.15,1.0,1,0,1,0.0,1.0,980,2021-12-07,2025-11-11,2025-11-12,2025-11-12,4,10,76,d-no-vix,10
26,random_forest,1,0.15,1.0,1,0,1,0.0,1.0,980,2021-12-07,2025-11-11,2025-11-12,2025-11-12,4,10,76,d-no-vix,10
27,xgboost,1,0.05,1.0,1,0,1,0.0,1.0,980,2021-12-06,2025-11-10,2025-11-11,2025-11-11,4,10,76,d-no-vix,10
27,random_forest,1,0.25,1.0,1,0,1,0.0,1.0,980,2021-12-06,2025-11-10,2025-11-11,2025-11-11,4,10,76,d-no-vix,10
28,xgboost,1,0.1,1.0,1,0,1,0.0,1.0,980,2021-12-03,2025-11-07,2025-11-10,2025-11-10,4,10,76,d-no-vix,10
28,random_forest,1,0.25,1.0,1,0,1,0.0,1.0,980,2021-12-03,2025-11-07,2025-11-10,2025-11-10,4,10,76,d-no-vix,10
29,xgboost,1,0.85,0.0,1,0,1,0.0,1.0,980,2021-12-02,2025-11-06,2025-11-07,2025-11-07,4,10,76,d-no-vix,10
29,random_forest,1,0.3,1.0,1,0,1,0.0,1.0,980,2021-12-02,2025-11-06,2025-11-07,2025-11-07,4,10,76,d-no-vix,10
30,xgboost,1,0.25,1.0,1,0,1,0.0,1.0,980,2021-12-01,2025-11-05,2025-11-06,2025-11-06,4,10,76,d-no-vix,10
30,random_forest,1,0.25,1.0,1,0,1,0.0,1.0,980,2021-12-01,2025-11-05,2025-11-06,2025-11-06,4,10,76,d-no-vix,10
31,xgboost,1,0.0,1.0,1,0,1,0.0,1.0,980,2021-11-30,2025-11-04,2025-11-05,2025-11-05,4,10,76,d-no-vix,10
31,random_forest,1,0.15,1.0,1,0,1,0.0,1.0,980,2021-11-30,2025-11-04,2025-11-05,2025-11-05,4,10,76,d-no-vix,10
32,xgboost,1,0.05,1.0,1,0,1,0.0,1.0,980,2021-11-29,2025-11-03,2025-11-04,2025-11-04,4,10,76,d-no-vix,10
32,random_forest,1,0.25,1.0,1,0,1,0.0,1.0,980,2021-11-29,2025-11-03,2025-11-04,2025-11-04,4,10,76,d-no-vix,10
33,xgboost,1,0.0,1.0,1,0,1,0.0,1.0,980,2021-11-24,2025-10-31,2025-11-03,2025-11-03,4,10,76,d-no-vix,10
33,random_forest,1,0.2,1.0,1,0,1,0.0,1.0,980,2021-11-24,2025-10-31,2025-11-03,2025-11-03,4,10,76,d-no-vix,10
34,xgboost,1,0.2,1.0,1,0,1,0.0,1.0,980,2021-11-23,2025-10-30,2025-10-31,2025-10-31,4,10,76,d-no-vix,10
34,random_forest,1,0.25,1.0,1,0,1,0.0,1.0,980,2021-11-23,2025-10-30,2025-10-31,2025-10-31,4,10,76,d-no-vix,10
35,xgboost,1,0.05,1.0,1,0,1,0.0,1.0,980,2021-11-22,2025-10-29,2025-10-30,2025-10-30,4,10,76,d-no-vix,10
35,random_forest,1,0.3,1.0,1,0,1,0.0,1.0,980,2021-11-22,2025-10-29,2025-10-30,2025-10-30,4,10,76,d-no-vix,10
36,xgboost,1,0.05,1.0,1,0,1,0.0,1.0,980,2021-11-19,2025-10-28,2025-10-29,2025-10-29,4,10,76,d-no-vix,10
36,random_forest,1,0.2,1.0,1,0,1,0.0,1.0,980,2021-11-19,2025-10-28,2025-10-29,2025-10-29,4,10,76,d-no-vix,10
37,xgboost,1,0.1,1.0,1,0,1,0.0,1.0,980,2021-11-18,2025-10-27,2025-10-28,2025-10-28,4,10,76,d-no-vix,10
37,random_forest,1,0.25,1.0,1,0,1,0.0,1.0,980,2021-11-18,2025-10-27,2025-10-28,2025-10-28,4,10,76,d-no-vix,10
38,xgboost,1,0.9,0.0,1,0,1,0.0,1.0,980,2021-11-17,2025-10-24,2025-10-27,2025-10-27,4,10,76,d-no-vix,10
38,random_forest,1,0.5,1.0,1,0,1,0.0,1.0,980,2021-11-17,2025-10-24,2025-10-27,2025-10-27,4,10,76,d-no-vix,10
39,xgboost,1,0.9,0.0,1,0,1,0.0,1.0,980,2021-11-16,2025-10-23,2025-10-24,2025-10-24,4,10,76,d-no-vix,10
39,random_forest,1,0.7,0.0,1,0,1,0.0,1.0,980,2021-11-16,2025-10-23,2025-10-24,2025-10-24,4,10,76,d-no-vix,10
40,xgboost,1,1.0,1.0,1,1,0,1.0,0.0,980,2021-11-15,2025-10-22,2025-10-23,2025-10-23,4,10,76,d-no-vix,10
40,random_forest,1,0.85,1.0,1,1,0,1.0,0.0,980,2021-11-15,2025-10-22,2025-10-23,2025-10-23,4,10,76,d-no-vix,10
41,xgboost,1,1.0,1.0,1,1,0,1.0,0.0,980,2021-11-12,2025-10-21,2025-10-22,2025-10-22,4,10,76,d-no-vix,10
41,random_forest,1,0.8,1.0,1,1,0,1.0,0.0,980,2021-11-12,2025-10-21,2025-10-22,2025-10-22,4,10,76,d-no-vix,10
42,xgboost,1,1.0,1.0,1,1,0,1.0,0.0,980,2021-11-11,2025-10-20,2025-10-21,2025-10-21,4,10,76,d-no-vix,10
42,random_forest,1,0.75,1.0,1,1,0,1.0,0.0,980,2021-11-11,2025-10-20,2025-10-21,2025-10-21,4,10,76,d-no-vix,10
43,xgboost,1,0.95,1.0,1,1,0,1.0,0.0,980,2021-11-10,2025-10-17,2025-10-20,2025-10-20,4,10,76,d-no-vix,10
43,random_forest,1,0.6,1.0,1,1,0,1.0,0.0,980,2021-11-10,2025-10-17,2025-10-20,2025-10-20,4,10,76,d-no-vix,10
44,xgboost,1,0.8,1.0,1,1,0,1.0,0.0,980,2021-11-09,2025-10-16,2025-10-17,2025-10-17,4,10,76,d-no-vix,10
44,random_forest,1,0.8,1.0,1,1,0,1.0,0.0,980,2021-11-09,2025-10-16,2025-10-17,2025-10-17,4,10,76,d-no-vix,10
45,xgboost,1,1.0,1.0,1,1,0,1.0,0.0,980,2021-11-08,2025-10-15,2025-10-16,2025-10-16,4,10,76,d-no-vix,10
45,random_forest,1,0.8,1.0,1,1,0,1.0,0.0,980,2021-11-08,2025-10-15,2025-10-16,2025-10-16,4,10,76,d-no-vix,10
46,xgboost,1,0.9,1.0,1,1,0,1.0,0.0,980,2021-11-05,2025-10-14,2025-10-15,2025-10-15,4,10,76,d-no-vix,10
46,random_forest,1,0.75,1.0,1,1,0,1.0,0.0,980,2021-11-05,2025-10-14,2025-10-15,2025-10-15,4,10,76,d-no-vix,10
47,xgboost,1,0.75,1.0,1,1,0,1.0,0.0,980,2021-11-04,2025-10-13,2025-10-14,2025-10-14,4,10,76,d-no-vix,10
47,random_forest,1,0.8,1.0,1,1,0,1.0,0.0,980,2021-11-04,2025-10-13,2025-10-14,2025-10-14,4,10,76,d-no-vix,10
48,xgboost,1,1.0,1.0,1,1,0,1.0,0.0,980,2021-11-03,2025-10-10,2025-10-13,2025-10-13,4,10,76,d-no-vix,10
48,random_forest,1,0.65,1.0,1,1,0,1.0,0.0,980,2021-11-03,2025-10-10,2025-10-13,2025-10-13,4,10,76,d-no-vix,10
49,xgboost,1,0.95,1.0,1,1,0,1.0,0.0,980,2021-11-02,2025-10-09,2025-10-10,2025-10-10,4,10,76,d-no-vix,10
49,random_forest,1,0.55,1.0,1,1,0,1.0,0.0,980,2021-11-02,2025-10-09,2025-10-10,2025-10-10,4,10,76,d-no-vix,10
50,xgboost,1,0.45,1.0,1,0,1,0.0,1.0,980,2021-11-01,2025-10-08,2025-10-09,2025-10-09,4,10,76,d-no-vix,10
50,random_forest,1,0.4,1.0,1,0,1,0.0,1.0,980,2021-11-01,2025-10-08,2025-10-09,2025-10-09,4,10,76,d-no-vix,10
51,xgboost,1,0.85,0.0,1,0,1,0.0,1.0,980,2021-10-29,2025-10-07,2025-10-08,2025-10-08,4,10,76,d-no-vix,10
51,random_forest,1,0.7,0.0,1,0,1,0.0,1.0,980,2021-10-29,2025-10-07,2025-10-08,2025-10-08,4,10,76,d-no-vix,10
52,xgboost,1,0.95,1.0,1,1,0,1.0,0.0,980,2021-10-28,2025-10-06,2025-10-07,2025-10-07,4,10,76,d-no-vix,10
52,random_forest,1,0.7,1.0,1,1,0,1.0,0.0,980,2021-10-28,2025-10-06,2025-10-07,2025-10-07,4,10,76,d-no-vix,10
53,xgboost,1,0.5,0.0,1,1,0,1.0,0.0,980,2021-10-27,2025-10-03,2025-10-06,2025-10-06,4,10,76,d-no-vix,10
53,random_forest,1,0.5,0.0,1,1,0,1.0,0.0,980,2021-10-27,2025-10-03,2025-10-06,2025-10-06,4,10,76,d-no-vix,10
54,xgboost,1,0.1,0.0,1,1,0,1.0,0.0,980,2021-10-26,2025-10-02,2025-10-03,2025-10-03,4,10,76,d-no-vix,10
54,random_forest,1,0.35,0.0,1,1,0,1.0,0.0,980,2021-10-26,2025-10-02,2025-10-03,2025-10-03,4,10,76,d-no-vix,10
55,xgboost,1,0.45,1.0,1,0,1,0.0,1.0,980,2021-10-25,2025-10-01,2025-10-02,2025-10-02,4,10,76,d-no-vix,10
55,random_forest,1,0.4,1.0,1,0,1,0.0,1.0,980,2021-10-25,2025-10-01,2025-10-02,2025-10-02,4,10,76,d-no-vix,10
56,xgboost,1,0.8,0.0,1,0,1,0.0,1.0,980,2021-10-22,2025-09-30,2025-10-01,2025-10-01,4,10,76,d-no-vix,10
56,random_forest,1,0.5,0.0,1,0,1,0.0,1.0,980,2021-10-22,2025-09-30,2025-10-01,2025-10-01,4,10,76,d-no-vix,10
57,xgboost,1,1.0,0.0,1,0,1,0.0,1.0,980,2021-10-21,2025-09-29,2025-09-30,2025-09-30,4,10,76,d-no-vix,10
57,random_forest,1,0.7,0.0,1,0,1,0.0,1.0,980,2021-10-21,2025-09-29,2025-09-30,2025-09-30,4,10,76,d-no-vix,10
58,xgboost,1,0.95,1.0,1,1,0,1.0,0.0,980,2021-10-20,2025-09-26,2025-09-29,2025-09-29,4,10,76,d-no-vix,10
58,random_forest,1,0.6,1.0,1,1,0,1.0,0.0,980,2021-10-20,2025-09-26,2025-09-29,2025-09-29,4,10,76,d-no-vix,10
59,xgboost,1,1.0,0.0,1,0,1,0.0,1.0,980,2021-10-19,2025-09-25,2025-09-26,2025-09-26,4,10,76,d-no-vix,10
59,random_forest,1,0.9,0.0,1,0,1,0.0,1.0,980,2021-10-19,2025-09-25,2025-09-26,2025-09-26,4,10,76,d-no-vix,10
60,xgboost,1,1.0,1.0,1,1,0,1.0,0.0,980,2021-10-18,2025-09-24,2025-09-25,2025-09-25,4,10,76,d-no-vix,10
60,random_forest,1,0.85,1.0,1,1,0,1.0,0.0,980,2021-10-18,2025-09-24,2025-09-25,2025-09-25,4,10,76,d-no-vix,10
61,xgboost,1,1.0,1.0,1,1,0,1.0,0.0,980,2021-10-15,2025-09-23,2025-09-24,2025-09-24,4,10,76,d-no-vix,10
61,random_forest,1,0.85,1.0,1,1,0,1.0,0.0,980,2021-10-15,2025-09-23,2025-09-24,2025-09-24,4,10,76,d-no-vix,10
62,xgboost,1,1.0,1.0,1,1,0,1.0,0.0,980,2021-10-14,2025-09-22,2025-09-23,2025-09-23,4,10,76,d-no-vix,10
62,random_forest,1,0.85,1.0,1,1,0,1.0,0.0,980,2021-10-14,2025-09-22,2025-09-23,2025-09-23,4,10,76,d-no-vix,10
63,xgboost,1,1.0,1.0,1,1,0,1.0,0.0,980,2021-10-13,2025-09-19,2025-09-22,2025-09-22,4,10,76,d-no-vix,10
63,random_forest,1,0.85,1.0,1,1,0,1.0,0.0,980,2021-10-13,2025-09-19,2025-09-22,2025-09-22,4,10,76,d-no-vix,10
64,xgboost,1,1.0,1.0,1,1,0,1.0,0.0,980,2021-10-12,2025-09-18,2025-09-19,2025-09-19,4,10,76,d-no-vix,10
64,random_forest,1,0.85,1.0,1,1,0,1.0,0.0,980,2021-10-12,2025-09-18,2025-09-19,2025-09-19,4,10,76,d-no-vix,10
65,xgboost,1,1.0,1.0,1,1,0,1.0,0.0,980,2021-10-11,2025-09-17,2025-09-18,2025-09-18,4,10,76,d-no-vix,10
65,random_forest,1,0.85,1.0,1,1,0,1.0,0.0,980,2021-10-11,2025-09-17,2025-09-18,2025-09-18,4,10,76,d-no-vix,10
66,xgboost,1,1.0,1.0,1,1,0,1.0,0.0,980,2021-10-08,2025-09-16,2025-09-17,2025-09-17,4,10,76,d-no-vix,10
66,random_forest,1,0.75,1.0,1,1,0,1.0,0.0,980,2021-10-08,2025-09-16,2025-09-17,2025-09-17,4,10,76,d-no-vix,10
67,xgboost,1,1.0,1.0,1,1,0,1.0,0.0,980,2021-10-07,2025-09-15,2025-09-16,2025-09-16,4,10,76,d-no-vix,10
67,random_forest,1,0.7,1.0,1,1,0,1.0,0.0,980,2021-10-07,2025-09-15,2025-09-16,2025-09-16,4,10,76,d-no-vix,10
68,xgboost,1,1.0,1.0,1,1,0,1.0,0.0,980,2021-10-06,2025-09-12,2025-09-15,2025-09-15,4,10,76,d-no-vix,10
68,random_forest,1,0.65,1.0,1,1,0,1.0,0.0,980,2021-10-06,2025-09-12,2025-09-15,2025-09-15,4,10,76,d-no-vix,10
69,xgboost,1,1.0,1.0,1,1,0,1.0,0.0,980,2021-10-05,2025-09-11,2025-09-12,2025-09-12,4,10,76,d-no-vix,10
69,random_forest,1,0.75,1.0,1,1,0,1.0,0.0,980,2021-10-05,2025-09-11,2025-09-12,2025-09-12,4,10,76,d-no-vix,10
70,xgboost,1,0.95,1.0,1,1,0,1.0,0.0,980,2021-10-04,2025-09-10,2025-09-11,2025-09-11,4,10,76,d-no-vix,10
70,random_forest,1,0.75,1.0,1,1,0,1.0,0.0,980,2021-10-04,2025-09-10,2025-09-11,2025-09-11,4,10,76,d-no-vix,10
71,xgboost,1,1.0,1.0,1,1,0,1.0,0.0,980,2021-10-01,2025-09-09,2025-09-10,2025-09-10,4,10,76,d-no-vix,10
71,random_forest,1,0.75,1.0,1,1,0,1.0,0.0,980,2021-10-01,2025-09-09,2025-09-10,2025-09-10,4,10,76,d-no-vix,10
72,xgboost,1,1.0,1.0,1,1,0,1.0,0.0,980,2021-09-30,2025-09-08,2025-09-09,2025-09-09,4,10,76,d-no-vix,10
72,random_forest,1,0.75,1.0,1,1,0,1.0,0.0,980,2021-09-30,2025-09-08,2025-09-09,2025-09-09,4,10,76,d-no-vix,10
73,xgboost,1,1.0,1.0,1,1,0,1.0,0.0,980,2021-09-29,2025-09-05,2025-09-08,2025-09-08,4,10,76,d-no-vix,10
73,random_forest,1,0.65,1.0,1,1,0,1.0,0.0,980,2021-09-29,2025-09-05,2025-09-08,2025-09-08,4,10,76,d-no-vix,10
74,xgboost,1,0.9,1.0,1,1,0,1.0,0.0,980,2021-09-28,2025-09-04,2025-09-05,2025-09-05,4,10,76,d-no-vix,10
74,random_forest,1,0.75,1.0,1,1,0,1.0,0.0,980,2021-09-28,2025-09-04,2025-09-05,2025-09-05,4,10,76,d-no-vix,10
75,xgboost,1,1.0,1.0,1,1,0,1.0,0.0,980,2021-09-27,2025-09-03,2025-09-04,2025-09-04,4,10,76,d-no-vix,10
75,random_forest,1,0.7,1.0,1,1,0,1.0,0.0,980,2021-09-27,2025-09-03,2025-09-04,2025-09-04,4,10,76,d-no-vix,10
76,xgboost,1,1.0,1.0,1,1,0,1.0,0.0,980,2021-09-24,2025-09-02,2025-09-03,2025-09-03,4,10,76,d-no-vix,10
76,random_forest,1,0.8,1.0,1,1,0,1.0,0.0,980,2021-09-24,2025-09-02,2025-09-03,2025-09-03,4,10,76,d-no-vix,10
77,xgboost,1,1.0,1.0,1,1,0,1.0,0.0,980,2021-09-23,2025-08-29,2025-09-02,2025-09-02,4,10,76,d-no-vix,10
77,random_forest,1,0.8,1.0,1,1,0,1.0,0.0,980,2021-09-23,2025-08-29,2025-09-02,2025-09-02,4,10,76,d-no-vix,10
78,xgboost,1,1.0,1.0,1,1,0,1.0,0.0,980,2021-09-22,2025-08-28,2025-08-29,2025-08-29,4,10,76,d-no-vix,10
78,random_forest,1,0.85,1.0,1,1,0,1.0,0.0,980,2021-09-22,2025-08-28,2025-08-29,2025-08-29,4,10,76,d-no-vix,10
79,xgboost,1,0.7,1.0,1,1,0,1.0,0.0,980,2021-09-21,2025-08-27,2025-08-28,2025-08-28,4,10,76,d-no-vix,10
79,random_forest,1,0.55,1.0,1,1,0,1.0,0.0,980,2021-09-21,2025-08-27,2025-08-28,2025-08-28,4,10,76,d-no-vix,10
80,xgboost,1,0.55,1.0,1,1,0,1.0,0.0,980,2021-09-20,2025-08-26,2025-08-27,2025-08-27,4,10,76,d-no-vix,10
80,random_forest,1,0.5,1.0,1,1,0,1.0,0.0,980,2021-09-20,2025-08-26,2025-08-27,2025-08-27,4,10,76,d-no-vix,10
81,xgboost,1,0.95,1.0,1,1,0,1.0,0.0,980,2021-09-17,2025-08-25,2025-08-26,2025-08-26,4,10,76,d-no-vix,10
81,random_forest,1,0.8,1.0,1,1,0,1.0,0.0,980,2021-09-17,2025-08-25,2025-08-26,2025-08-26,4,10,76,d-no-vix,10
82,xgboost,1,0.45,0.0,1,1,0,1.0,0.0,980,2021-09-16,2025-08-22,2025-08-25,2025-08-25,4,10,76,d-no-vix,10
82,random_forest,1,0.7,1.0,1,1,0,1.0,0.0,980,2021-09-16,2025-08-22,2025-08-25,2025-08-25,4,10,76,d-no-vix,10
83,xgboost,1,1.0,1.0,1,1,0,1.0,0.0,980,2021-09-15,2025-08-21,2025-08-22,2025-08-22,4,10,76,d-no-vix,10
83,random_forest,1,0.7,1.0,1,1,0,1.0,0.0,980,2021-09-15,2025-08-21,2025-08-22,2025-08-22,4,10,76,d-no-vix,10
84,xgboost,1,1.0,1.0,1,1,0,1.0,0.0,980,2021-09-14,2025-08-20,2025-08-21,2025-08-21,4,10,76,d-no-vix,10
84,random_forest,1,0.75,1.0,1,1,0,1.0,0.0,980,2021-09-14,2025-08-20,2025-08-21,2025-08-21,4,10,76,d-no-vix,10
85,xgboost,1,0.95,1.0,1,1,0,1.0,0.0,980,2021-09-13,2025-08-19,2025-08-20,2025-08-20,4,10,76,d-no-vix,10
85,random_forest,1,0.65,1.0,1,1,0,1.0,0.0,980,2021-09-13,2025-08-19,2025-08-20,2025-08-20,4,10,76,d-no-vix,10
86,xgboost,1,0.05,0.0,1,1,0,1.0,0.0,980,2021-09-10,2025-08-18,2025-08-19,2025-08-19,4,10,76,d-no-vix,10
86,random_forest,1,0.45,0.0,1,1,0,1.0,0.0,980,2021-09-10,2025-08-18,2025-08-19,2025-08-19,4,10,76,d-no-vix,10
87,xgboost,1,0.0,1.0,1,0,1,0.0,1.0,980,2021-09-09,2025-08-15,2025-08-18,2025-08-18,4,10,76,d-no-vix,10
87,random_forest,1,0.2,1.0,1,0,1,0.0,1.0,980,2021-09-09,2025-08-15,2025-08-18,2025-08-18,4,10,76,d-no-vix,10
88,xgboost,1,0.15,1.0,1,0,1,0.0,1.0,980,2021-09-08,2025-08-14,2025-08-15,2025-08-15,4,10,76,d-no-vix,10
88,random_forest,1,0.35,1.0,1,0,1,0.0,1.0,980,2021-09-08,2025-08-14,2025-08-15,2025-08-15,4,10,76,d-no-vix,10
89,xgboost,1,0.0,1.0,1,0,1,0.0,1.0,980,2021-09-07,2025-08-13,2025-08-14,2025-08-14,4,10,76,d-no-vix,10
89,random_forest,1,0.2,1.0,1,0,1,0.0,1.0,980,2021-09-07,2025-08-13,2025-08-14,2025-08-14,4,10,76,d-no-vix,10
90,xgboost,1,0.0,1.0,1,0,1,0.0,1.0,980,2021-09-03,2025-08-12,2025-08-13,2025-08-13,4,10,76,d-no-vix,10
90,random_forest,1,0.2,1.0,1,0,1,0.0,1.0,980,2021-09-03,2025-08-12,2025-08-13,2025-08-13,4,10,76,d-no-vix,10
91,xgboost,1,0.0,1.0,1,0,1,0.0,1.0,980,2021-09-02,2025-08-11,2025-08-12,2025-08-12,4,10,76,d-no-vix,10
91,random_forest,1,0.35,1.0,1,0,1,0.0,1.0,980,2021-09-02,2025-08-11,2025-08-12,2025-08-12,4,10,76,d-no-vix,10
92,xgboost,1,0.0,1.0,1,0,1,0.0,1.0,980,2021-09-01,2025-08-08,2025-08-11,2025-08-11,4,10,76,d-no-vix,10
92,random_forest,1,0.35,1.0,1,0,1,0.0,1.0,980,2021-09-01,2025-08-08,2025-08-11,2025-08-11,4,10,76,d-no-vix,10
93,xgboost,1,0.25,1.0,1,0,1,0.0,1.0,980,2021-08-31,2025-08-07,2025-08-08,2025-08-08,4,10,76,d-no-vix,10
93,random_forest,1,0.55,0.0,1,0,1,0.0,1.0,980,2021-08-31,2025-08-07,2025-08-08,2025-08-08,4,10,76,d-no-vix,10
94,xgboost,1,0.3,1.0,1,0,1,0.0,1.0,980,2021-08-30,2025-08-06,2025-08-07,2025-08-07,4,10,76,d-no-vix,10
94,random_forest,1,0.6,0.0,1,0,1,0.0,1.0,980,2021-08-30,2025-08-06,2025-08-07,2025-08-07,4,10,76,d-no-vix,10
95,xgboost,1,1.0,0.0,1,0,1,0.0,1.0,980,2021-08-27,2025-08-05,2025-08-06,2025-08-06,4,10,76,d-no-vix,10
95,random_forest,1,0.9,0.0,1,0,1,0.0,1.0,980,2021-08-27,2025-08-05,2025-08-06,2025-08-06,4,10,76,d-no-vix,10
96,xgboost,1,1.0,1.0,1,1,0,1.0,0.0,980,2021-08-26,2025-08-04,2025-08-05,2025-08-05,4,10,76,d-no-vix,10
96,random_forest,1,0.85,1.0,1,1,0,1.0,0.0,980,2021-08-26,2025-08-04,2025-08-05,2025-08-05,4,10,76,d-no-vix,10
97,xgboost,1,1.0,1.0,1,1,0,1.0,0.0,980,2021-08-25,2025-08-01,2025-08-04,2025-08-04,4,10,76,d-no-vix,10
97,random_forest,1,0.85,1.0,1,1,0,1.0,0.0,980,2021-08-25,2025-08-01,2025-08-04,2025-08-04,4,10,76,d-no-vix,10
98,xgboost,1,1.0,1.0,1,1,0,1.0,0.0,980,2021-08-24,2025-07-31,2025-08-01,2025-08-01,4,10,76,d-no-vix,10
98,random_forest,1,0.7,1.0,1,1,0,1.0,0.0,980,2021-08-24,2025-07-31,2025-08-01,2025-08-01,4,10,76,d-no-vix,10
99,xgboost,1,0.85,1.0,1,1,0,1.0,0.0,980,2021-08-23,2025-07-30,2025-07-31,2025-07-31,4,10,76,d-no-vix,10
99,random_forest,1,0.7,1.0,1,1,0,1.0,0.0,980,2021-08-23,2025-07-30,2025-07-31,2025-07-31,4,10,76,d-no-vix,10
100,xgboost,1,1.0,1.0,1,1,0,1.0,0.0,980,2021-08-20,2025-07-29,2025-07-30,2025-07-30,4,10,76,d-no-vix,10
100,random_forest,1,0.85,1.0,1,1,0,1.0,0.0,980,2021-08-20,2025-07-29,2025-07-30,2025-07-30,4,10,76,d-no-vix,10
101,xgboost,1,0.85,1.0,1,1,0,1.0,0.0,980,2021-08-19,2025-07-28,2025-07-29,2025-07-29,4,10,76,d-no-vix,10
101,random_forest,1,0.8,1.0,1,1,0,1.0,0.0,980,2021-08-19,2025-07-28,2025-07-29,2025-07-29,4,10,76,d-no-vix,10
102,xgboost,1,1.0,1.0,1,1,0,1.0,0.0,980,2021-08-18,2025-07-25,2025-07-28,2025-07-28,4,10,76,d-no-vix,10
102,random_forest,1,0.8,1.0,1,1,0,1.0,0.0,980,2021-08-18,2025-07-25,2025-07-28,2025-07-28,4,10,76,d-no-vix,10
103,xgboost,1,0.9,1.0,1,1,0,1.0,0.0,980,2021-08-17,2025-07-24,2025-07-25,2025-07-25,4,10,76,d-no-vix,10
103,random_forest,1,0.7,1.0,1,1,0,1.0,0.0,980,2021-08-17,2025-07-24,2025-07-25,2025-07-25,4,10,76,d-no-vix,10
104,xgboost,1,0.95,1.0,1,1,0,1.0,0.0,980,2021-08-16,2025-07-23,2025-07-24,2025-07-24,4,10,76,d-no-vix,10
104,random_forest,1,0.65,1.0,1,1,0,1.0,0.0,980,2021-08-16,2025-07-23,2025-07-24,2025-07-24,4,10,76,d-no-vix,10
105,xgboost,1,1.0,1.0,1,1,0,1.0,0.0,980,2021-08-13,2025-07-22,2025-07-23,2025-07-23,4,10,76,d-no-vix,10
105,random_forest,1,0.45,0.0,1,1,0,1.0,0.0,980,2021-08-13,2025-07-22,2025-07-23,2025-07-23,4,10,76,d-no-vix,10
106,xgboost,1,0.7,0.0,1,0,1,0.0,1.0,980,2021-08-12,2025-07-21,2025-07-22,2025-07-22,4,10,76,d-no-vix,10
106,random_forest,1,0.65,0.0,1,0,1,0.0,1.0,980,2021-08-12,2025-07-21,2025-07-22,2025-07-22,4,10,76,d-no-vix,10
107,xgboost,1,1.0,0.0,1,0,1,0.0,1.0,980,2021-08-11,2025-07-18,2025-07-21,2025-07-21,4,10,76,d-no-vix,10
107,random_forest,1,0.75,0.0,1,0,1,0.0,1.0,980,2021-08-11,2025-07-18,2025-07-21,2025-07-21,4,10,76,d-no-vix,10
108,xgboost,1,1.0,0.0,1,0,1,0.0,1.0,980,2021-08-10,2025-07-17,2025-07-18,2025-07-18,4,10,76,d-no-vix,10
108,random_forest,1,0.95,0.0,1,0,1,0.0,1.0,980,2021-08-10,2025-07-17,2025-07-18,2025-07-18,4,10,76,d-no-vix,10
109,xgboost,1,1.0,1.0,1,1,0,1.0,0.0,980,2021-08-09,2025-07-16,2025-07-17,2025-07-17,4,10,76,d-no-vix,10
109,random_forest,1,0.95,1.0,1,1,0,1.0,0.0,980,2021-08-09,2025-07-16,2025-07-17,2025-07-17,4,10,76,d-no-vix,10
110,xgboost,1,1.0,1.0,1,1,0,1.0,0.0,980,2021-08-06,2025-07-15,2025-07-16,2025-07-16,4,10,76,d-no-vix,10
110,random_forest,1,0.9,1.0,1,1,0,1.0,0.0,980,2021-08-06,2025-07-15,2025-07-16,2025-07-16,4,10,76,d-no-vix,10
111,xgboost,1,1.0,1.0,1,1,0,1.0,0.0,980,2021-08-05,2025-07-14,2025-07-15,2025-07-15,4,10,76,d-no-vix,10
111,random_forest,1,0.9,1.0,1,1,0,1.0,0.0,980,2021-08-05,2025-07-14,2025-07-15,2025-07-15,4,10,76,d-no-vix,10
112,xgboost,1,1.0,1.0,1,1,0,1.0,0.0,980,2021-08-04,2025-07-11,2025-07-14,2025-07-14,4,10,76,d-no-vix,10
112,random_forest,1,0.9,1.0,1,1,0,1.0,0.0,980,2021-08-04,2025-07-11,2025-07-14,2025-07-14,4,10,76,d-no-vix,10
113,xgboost,1,1.0,1.0,1,1,0,1.0,0.0,980,2021-08-03,2025-07-10,2025-07-11,2025-07-11,4,10,76,d-no-vix,10
113,random_forest,1,0.9,1.0,1,1,0,1.0,0.0,980,2021-08-03,2025-07-10,2025-07-11,2025-07-11,4,10,76,d-no-vix,10
114,xgboost,1,1.0,1.0,1,1,0,1.0,0.0,980,2021-08-02,2025-07-09,2025-07-10,2025-07-10,4,10,76,d-no-vix,10
114,random_forest,1,0.9,1.0,1,1,0,1.0,0.0,980,2021-08-02,2025-07-09,2025-07-10,2025-07-10,4,10,76,d-no-vix,10
115,xgboost,1,1.0,1.0,1,1,0,1.0,0.0,980,2021-07-30,2025-07-08,2025-07-09,2025-07-09,4,10,76,d-no-vix,10
115,random_forest,1,0.9,1.0,1,1,0,1.0,0.0,980,2021-07-30,2025-07-08,2025-07-09,2025-07-09,4,10,76,d-no-vix,10
116,xgboost,1,1.0,1.0,1,1,0,1.0,0.0,980,2021-07-29,2025-07-07,2025-07-08,2025-07-08,4,10,76,d-no-vix,10
116,random_forest,1,0.95,1.0,1,1,0,1.0,0.0,980,2021-07-29,2025-07-07,2025-07-08,2025-07-08,4,10,76,d-no-vix,10
117,xgboost,1,1.0,1.0,1,1,0,1.0,0.0,980,2021-07-28,2025-07-02,2025-07-07,2025-07-07,4,10,76,d-no-vix,10
117,random_forest,1,0.9,1.0,1,1,0,1.0,0.0,980,2021-07-28,2025-07-02,2025-07-07,2025-07-07,4,10,76,d-no-vix,10
118,xgboost,1,1.0,1.0,1,1,0,1.0,0.0,980,2021-07-27,2025-07-01,2025-07-02,2025-07-02,4,10,76,d-no-vix,10
118,random_forest,1,0.9,1.0,1,1,0,1.0,0.0,980,2021-07-27,2025-07-01,2025-07-02,2025-07-02,4,10,76,d-no-vix,10
119,xgboost,1,1.0,1.0,1,1,0,1.0,0.0,980,2021-07-26,2025-06-30,2025-07-01,2025-07-01,4,10,76,d-no-vix,10
119,random_forest,1,0.9,1.0,1,1,0,1.0,0.0,980,2021-07-26,2025-06-30,2025-07-01,2025-07-01,4,10,76,d-no-vix,10
120,xgboost,1,1.0,1.0,1,1,0,1.0,0.0,980,2021-07-23,2025-06-27,2025-06-30,2025-06-30,4,10,76,d-no-vix,10
120,random_forest,1,0.85,1.0,1,1,0,1.0,0.0,980,2021-07-23,2025-06-27,2025-06-30,2025-06-30,4,10,76,d-no-vix,10
121,xgboost,1,1.0,1.0,1,1,0,1.0,0.0,980,2021-07-22,2025-06-26,2025-06-27,2025-06-27,4,10,76,d-no-vix,10
121,random_forest,1,0.9,1.0,1,1,0,1.0,0.0,980,2021-07-22,2025-06-26,2025-06-27,2025-06-27,4,10,76,d-no-vix,10
122,xgboost,1,1.0,1.0,1,1,0,1.0,0.0,980,2021-07-21,2025-06-25,2025-06-26,2025-06-26,4,10,76,d-no-vix,10
122,random_forest,1,0.85,1.0,1,1,0,1.0,0.0,980,2021-07-21,2025-06-25,2025-06-26,2025-06-26,4,10,76,d-no-vix,10
123,xgboost,1,1.0,1.0,1,1,0,1.0,0.0,980,2021-07-20,2025-06-24,2025-06-25,2025-06-25,4,10,76,d-no-vix,10
123,random_forest,1,0.85,1.0,1,1,0,1.0,0.0,980,2021-07-20,2025-06-24,2025-06-25,2025-06-25,4,10,76,d-no-vix,10
124,xgboost,1,1.0,1.0,1,1,0,1.0,0.0,980,2021-07-19,2025-06-23,2025-06-24,2025-06-24,4,10,76,d-no-vix,10
124,random_forest,1,0.85,1.0,1,1,0,1.0,0.0,980,2021-07-19,2025-06-23,2025-06-24,2025-06-24,4,10,76,d-no-vix,10
125,xgboost,1,1.0,1.0,1,1,0,1.0,0.0,980,2021-07-16,2025-06-20,2025-06-23,2025-06-23,4,10,76,d-no-vix,10
125,random_forest,1,0.9,1.0,1,1,0,1.0,0.0,980,2021-07-16,2025-06-20,2025-06-23,2025-06-23,4,10,76,d-no-vix,10
126,xgboost,1,1.0,1.0,1,1,0,1.0,0.0,980,2021-07-15,2025-06-18,2025-06-20,2025-06-20,4,10,76,d-no-vix,10
126,random_forest,1,0.8,1.0,1,1,0,1.0,0.0,980,2021-07-15,2025-06-18,2025-06-20,2025-06-20,4,10,76,d-no-vix,10
127,xgboost,1,1.0,1.0,1,1,0,1.0,0.0,980,2021-07-14,2025-06-17,2025-06-18,2025-06-18,4,10,76,d-no-vix,10
127,random_forest,1,0.85,1.0,1,1,0,1.0,0.0,980,2021-07-14,2025-06-17,2025-06-18,2025-06-18,4,10,76,d-no-vix,10
128,xgboost,1,1.0,1.0,1,1,0,1.0,0.0,980,2021-07-13,2025-06-16,2025-06-17,2025-06-17,4,10,76,d-no-vix,10
128,random_forest,1,0.85,1.0,1,1,0,1.0,0.0,980,2021-07-13,2025-06-16,2025-06-17,2025-06-17,4,10,76,d-no-vix,10
129,xgboost,1,1.0,1.0,1,1,0,1.0,0.0,980,2021-07-12,2025-06-13,2025-06-16,2025-06-16,4,10,76,d-no-vix,10
129,random_forest,1,0.85,1.0,1,1,0,1.0,0.0,980,2021-07-12,2025-06-13,2025-06-16,2025-06-16,4,10,76,d-no-vix,10
130,xgboost,1,1.0,1.0,1,1,0,1.0,0.0,980,2021-07-09,2025-06-12,2025-06-13,2025-06-13,4,10,76,d-no-vix,10
130,random_forest,1,0.9,1.0,1,1,0,1.0,0.0,980,2021-07-09,2025-06-12,2025-06-13,2025-06-13,4,10,76,d-no-vix,10
131,xgboost,1,1.0,1.0,1,1,0,1.0,0.0,980,2021-07-08,2025-06-11,2025-06-12,2025-06-12,4,10,76,d-no-vix,10
131,random_forest,1,0.9,1.0,1,1,0,1.0,0.0,980,2021-07-08,2025-06-11,2025-06-12,2025-06-12,4,10,76,d-no-vix,10
132,xgboost,1,1.0,1.0,1,1,0,1.0,0.0,980,2021-07-07,2025-06-10,2025-06-11,2025-06-11,4,10,76,d-no-vix,10
132,random_forest,1,0.95,1.0,1,1,0,1.0,0.0,980,2021-07-07,2025-06-10,2025-06-11,2025-06-11,4,10,76,d-no-vix,10
133,xgboost,1,1.0,1.0,1,1,0,1.0,0.0,980,2021-07-06,2025-06-09,2025-06-10,2025-06-10,4,10,76,d-no-vix,10
133,random_forest,1,0.9,1.0,1,1,0,1.0,0.0,980,2021-07-06,2025-06-09,2025-06-10,2025-06-10,4,10,76,d-no-vix,10
134,xgboost,1,1.0,1.0,1,1,0,1.0,0.0,980,2021-07-02,2025-06-06,2025-06-09,2025-06-09,4,10,76,d-no-vix,10
134,random_forest,1,0.85,1.0,1,1,0,1.0,0.0,980,2021-07-02,2025-06-06,2025-06-09,2025-06-09,4,10,76,d-no-vix,10
135,xgboost,1,1.0,1.0,1,1,0,1.0,0.0,980,2021-07-01,2025-06-05,2025-06-06,2025-06-06,4,10,76,d-no-vix,10
135,random_forest,1,0.9,1.0,1,1,0,1.0,0.0,980,2021-07-01,2025-06-05,2025-06-06,2025-06-06,4,10,76,d-no-vix,10
136,xgboost,1,1.0,1.0,1,1,0,1.0,0.0,980,2021-06-30,2025-06-04,2025-06-05,2025-06-05,4,10,76,d-no-vix,10
136,random_forest,1,0.9,1.0,1,1,0,1.0,0.0,980,2021-06-30,2025-06-04,2025-06-05,2025-06-05,4,10,76,d-no-vix,10
137,xgboost,1,1.0,1.0,1,1,0,1.0,0.0,980,2021-06-29,2025-06-03,2025-06-04,2025-06-04,4,10,76,d-no-vix,10
137,random_forest,1,0.85,1.0,1,1,0,1.0,0.0,980,2021-06-29,2025-06-03,2025-06-04,2025-06-04,4,10,76,d-no-vix,10
138,xgboost,1,1.0,1.0,1,1,0,1.0,0.0,980,2021-06-28,2025-06-02,2025-06-03,2025-06-03,4,10,76,d-no-vix,10
138,random_forest,1,0.85,1.0,1,1,0,1.0,0.0,980,2021-06-28,2025-06-02,2025-06-03,2025-06-03,4,10,76,d-no-vix,10
139,xgboost,1,1.0,1.0,1,1,0,1.0,0.0,980,2021-06-25,2025-05-30,2025-06-02,2025-06-02,4,10,76,d-no-vix,10
139,random_forest,1,0.85,1.0,1,1,0,1.0,0.0,980,2021-06-25,2025-05-30,2025-06-02,2025-06-02,4,10,76,d-no-vix,10
140,xgboost,1,1.0,1.0,1,1,0,1.0,0.0,980,2021-06-24,2025-05-29,2025-05-30,2025-05-30,4,10,76,d-no-vix,10
140,random_forest,1,0.8,1.0,1,1,0,1.0,0.0,980,2021-06-24,2025-05-29,2025-05-30,2025-05-30,4,10,76,d-no-vix,10
141,xgboost,1,1.0,1.0,1,1,0,1.0,0.0,980,2021-06-23,2025-05-28,2025-05-29,2025-05-29,4,10,76,d-no-vix,10
141,random_forest,1,0.75,1.0,1,1,0,1.0,0.0,980,2021-06-23,2025-05-28,2025-05-29,2025-05-29,4,10,76,d-no-vix,10
142,xgboost,1,0.95,1.0,1,1,0,1.0,0.0,980,2021-06-22,2025-05-27,2025-05-28,2025-05-28,4,10,76,d-no-vix,10
142,random_forest,1,0.7,1.0,1,1,0,1.0,0.0,980,2021-06-22,2025-05-27,2025-05-28,2025-05-28,4,10,76,d-no-vix,10
143,xgboost,1,1.0,1.0,1,1,0,1.0,0.0,980,2021-06-21,2025-05-23,2025-05-27,2025-05-27,4,10,76,d-no-vix,10
143,random_forest,1,0.8,1.0,1,1,0,1.0,0.0,980,2021-06-21,2025-05-23,2025-05-27,2025-05-27,4,10,76,d-no-vix,10
144,xgboost,1,1.0,1.0,1,1,0,1.0,0.0,980,2021-06-18,2025-05-22,2025-05-23,2025-05-23,4,10,76,d-no-vix,10
144,random_forest,1,0.7,1.0,1,1,0,1.0,0.0,980,2021-06-18,2025-05-22,2025-05-23,2025-05-23,4,10,76,d-no-vix,10
145,xgboost,1,1.0,1.0,1,1,0,1.0,0.0,980,2021-06-17,2025-05-21,2025-05-22,2025-05-22,4,10,76,d-no-vix,10
145,random_forest,1,0.8,1.0,1,1,0,1.0,0.0,980,2021-06-17,2025-05-21,2025-05-22,2025-05-22,4,10,76,d-no-vix,10
146,xgboost,1,1.0,1.0,1,1,0,1.0,0.0,980,2021-06-16,2025-05-20,2025-05-21,2025-05-21,4,10,76,d-no-vix,10
146,random_forest,1,0.65,1.0,1,1,0,1.0,0.0,980,2021-06-16,2025-05-20,2025-05-21,2025-05-21,4,10,76,d-no-vix,10
147,xgboost,1,0.95,1.0,1,1,0,1.0,0.0,980,2021-06-15,2025-05-19,2025-05-20,2025-05-20,4,10,76,d-no-vix,10
147,random_forest,1,0.75,1.0,1,1,0,1.0,0.0,980,2021-06-15,2025-05-19,2025-05-20,2025-05-20,4,10,76,d-no-vix,10
148,xgboost,1,0.9,1.0,1,1,0,1.0,0.0,980,2021-06-14,2025-05-16,2025-05-19,2025-05-19,4,10,76,d-no-vix,10
148,random_forest,1,0.65,1.0,1,1,0,1.0,0.0,980,2021-06-14,2025-05-16,2025-05-19,2025-05-19,4,10,76,d-no-vix,10
149,xgboost,1,0.25,0.0,1,1,0,1.0,0.0,980,2021-06-11,2025-05-15,2025-05-16,2025-05-16,4,10,76,d-no-vix,10
149,random_forest,1,0.4,0.0,1,1,0,1.0,0.0,980,2021-06-11,2025-05-15,2025-05-16,2025-05-16,4,10,76,d-no-vix,10
150,xgboost,1,1.0,0.0,1,0,1,0.0,1.0,980,2021-06-10,2025-05-14,2025-05-15,2025-05-15,4,10,76,d-no-vix,10
150,random_forest,1,0.85,0.0,1,0,1,0.0,1.0,980,2021-06-10,2025-05-14,2025-05-15,2025-05-15,4,10,76,d-no-vix,10
151,xgboost,1,0.95,1.0,1,1,0,1.0,0.0,980,2021-06-09,2025-05-13,2025-05-14,2025-05-14,4,10,76,d-no-vix,10
151,random_forest,1,0.7,1.0,1,1,0,1.0,0.0,980,2021-06-09,2025-05-13,2025-05-14,2025-05-14,4,10,76,d-no-vix,10
152,xgboost,1,1.0,1.0,1,1,0,1.0,0.0,980,2021-06-08,2025-05-12,2025-05-13,2025-05-13,4,10,76,d-no-vix,10
152,random_forest,1,0.65,1.0,1,1,0,1.0,0.0,980,2021-06-08,2025-05-12,2025-05-13,2025-05-13,4,10,76,d-no-vix,10
153,xgboost,1,0.95,1.0,1,1,0,1.0,0.0,980,2021-06-07,2025-05-09,2025-05-12,2025-05-12,4,10,76,d-no-vix,10
153,random_forest,1,0.65,1.0,1,1,0,1.0,0.0,980,2021-06-07,2025-05-09,2025-05-12,2025-05-12,4,10,76,d-no-vix,10
154,xgboost,1,1.0,1.0,1,1,0,1.0,0.0,980,2021-06-04,2025-05-08,2025-05-09,2025-05-09,4,10,76,d-no-vix,10
154,random_forest,1,0.8,1.0,1,1,0,1.0,0.0,980,2021-06-04,2025-05-08,2025-05-09,2025-05-09,4,10,76,d-no-vix,10
155,xgboost,1,1.0,1.0,1,1,0,1.0,0.0,980,2021-06-03,2025-05-07,2025-05-08,2025-05-08,4,10,76,d-no-vix,10
155,random_forest,1,0.7,1.0,1,1,0,1.0,0.0,980,2021-06-03,2025-05-07,2025-05-08,2025-05-08,4,10,76,d-no-vix,10
156,xgboost,1,1.0,1.0,1,1,0,1.0,0.0,980,2021-06-02,2025-05-06,2025-05-07,2025-05-07,4,10,76,d-no-vix,10
156,random_forest,1,0.9,1.0,1,1,0,1.0,0.0,980,2021-06-02,2025-05-06,2025-05-07,2025-05-07,4,10,76,d-no-vix,10
157,xgboost,1,1.0,1.0,1,1,0,1.0,0.0,980,2021-06-01,2025-05-05,2025-05-06,2025-05-06,4,10,76,d-no-vix,10
157,random_forest,1,0.8,1.0,1,1,0,1.0,0.0,980,2021-06-01,2025-05-05,2025-05-06,2025-05-06,4,10,76,d-no-vix,10
158,xgboost,1,0.95,1.0,1,1,0,1.0,0.0,980,2021-05-28,2025-05-02,2025-05-05,2025-05-05,4,10,76,d-no-vix,10
158,random_forest,1,0.75,1.0,1,1,0,1.0,0.0,980,2021-05-28,2025-05-02,2025-05-05,2025-05-05,4,10,76,d-no-vix,10
159,xgboost,1,0.95,1.0,1,1,0,1.0,0.0,980,2021-05-27,2025-05-01,2025-05-02,2025-05-02,4,10,76,d-no-vix,10
159,random_forest,1,0.65,1.0,1,1,0,1.0,0.0,980,2021-05-27,2025-05-01,2025-05-02,2025-05-02,4,10,76,d-no-vix,10
160,xgboost,1,0.9,1.0,1,1,0,1.0,0.0,980,2021-05-26,2025-04-30,2025-05-01,2025-05-01,4,10,76,d-no-vix,10
160,random_forest,1,0.7,1.0,1,1,0,1.0,0.0,980,2021-05-26,2025-04-30,2025-05-01,2025-05-01,4,10,76,d-no-vix,10
161,xgboost,1,1.0,1.0,1,1,0,1.0,0.0,980,2021-05-25,2025-04-29,2025-04-30,2025-04-30,4,10,76,d-no-vix,10
161,random_forest,1,0.8,1.0,1,1,0,1.0,0.0,980,2021-05-25,2025-04-29,2025-04-30,2025-04-30,4,10,76,d-no-vix,10
162,xgboost,1,1.0,1.0,1,1,0,1.0,0.0,980,2021-05-24,2025-04-28,2025-04-29,2025-04-29,4,10,76,d-no-vix,10
162,random_forest,1,0.85,1.0,1,1,0,1.0,0.0,980,2021-05-24,2025-04-28,2025-04-29,2025-04-29,4,10,76,d-no-vix,10
163,xgboost,1,0.95,1.0,1,1,0,1.0,0.0,980,2021-05-21,2025-04-25,2025-04-28,2025-04-28,4,10,76,d-no-vix,10
163,random_forest,1,0.7,1.0,1,1,0,1.0,0.0,980,2021-05-21,2025-04-25,2025-04-28,2025-04-28,4,10,76,d-no-vix,10
164,xgboost,1,1.0,1.0,1,1,0,1.0,0.0,980,2021-05-20,2025-04-24,2025-04-25,2025-04-25,4,10,76,d-no-vix,10
164,random_forest,1,0.75,1.0,1,1,0,1.0,0.0,980,2021-05-20,2025-04-24,2025-04-25,2025-04-25,4,10,76,d-no-vix,10
165,xgboost,1,0.95,1.0,1,1,0,1.0,0.0,980,2021-05-19,2025-04-23,2025-04-24,2025-04-24,4,10,76,d-no-vix,10
165,random_forest,1,0.75,1.0,1,1,0,1.0,0.0,980,2021-05-19,2025-04-23,2025-04-24,2025-04-24,4,10,76,d-no-vix,10
166,xgboost,1,1.0,1.0,1,1,0,1.0,0.0,980,2021-05-18,2025-04-22,2025-04-23,2025-04-23,4,10,76,d-no-vix,10
166,random_forest,1,0.8,1.0,1,1,0,1.0,0.0,980,2021-05-18,2025-04-22,2025-04-23,2025-04-23,4,10,76,d-no-vix,10
167,xgboost,1,1.0,1.0,1,1,0,1.0,0.0,980,2021-05-17,2025-04-21,2025-04-22,2025-04-22,4,10,76,d-no-vix,10
167,random_forest,1,0.85,1.0,1,1,0,1.0,0.0,980,2021-05-17,2025-04-21,2025-04-22,2025-04-22,4,10,76,d-no-vix,10
168,xgboost,1,1.0,1.0,1,1,0,1.0,0.0,980,2021-05-14,2025-04-17,2025-04-21,2025-04-21,4,10,76,d-no-vix,10
168,random_forest,1,0.8,1.0,1,1,0,1.0,0.0,980,2021-05-14,2025-04-17,2025-04-21,2025-04-21,4,10,76,d-no-vix,10
169,xgboost,1,1.0,1.0,1,1,0,1.0,0.0,980,2021-05-13,2025-04-16,2025-04-17,2025-04-17,4,10,76,d-no-vix,10
169,random_forest,1,0.8,1.0,1,1,0,1.0,0.0,980,2021-05-13,2025-04-16,2025-04-17,2025-04-17,4,10,76,d-no-vix,10
170,xgboost,1,1.0,1.0,1,1,0,1.0,0.0,980,2021-05-12,2025-04-15,2025-04-16,2025-04-16,4,10,76,d-no-vix,10
170,random_forest,1,0.75,1.0,1,1,0,1.0,0.0,980,2021-05-12,2025-04-15,2025-04-16,2025-04-16,4,10,76,d-no-vix,10
171,xgboost,1,0.95,1.0,1,1,0,1.0,0.0,980,2021-05-11,2025-04-14,2025-04-15,2025-04-15,4,10,76,d-no-vix,10
171,random_forest,1,0.75,1.0,1,1,0,1.0,0.0,980,2021-05-11,2025-04-14,2025-04-15,2025-04-15,4,10,76,d-no-vix,10
172,xgboost,1,0.95,1.0,1,1,0,1.0,0.0,980,2021-05-10,2025-04-11,2025-04-14,2025-04-14,4,10,76,d-no-vix,10
172,random_forest,1,0.6,1.0,1,1,0,1.0,0.0,980,2021-05-10,2025-04-11,2025-04-14,2025-04-14,4,10,76,d-no-vix,10
173,xgboost,1,0.65,1.0,1,1,0,1.0,0.0,980,2021-05-07,2025-04-10,2025-04-11,2025-04-11,4,10,76,d-no-vix,10
173,random_forest,1,0.5,0.0,1,1,0,1.0,0.0,980,2021-05-07,2025-04-10,2025-04-11,2025-04-11,4,10,76,d-no-vix,10
174,xgboost,1,0.2,0.0,1,1,0,1.0,0.0,980,2021-05-06,2025-04-09,2025-04-10,2025-04-10,4,10,76,d-no-vix,10
174,random_forest,1,0.45,0.0,1,1,0,1.0,0.0,980,2021-05-06,2025-04-09,2025-04-10,2025-04-10,4,10,76,d-no-vix,10
175,xgboost,1,0.65,1.0,1,1,0,1.0,0.0,980,2021-05-05,2025-04-08,2025-04-09,2025-04-09,4,10,76,d-no-vix,10
175,random_forest,1,0.4,0.0,1,1,0,1.0,0.0,980,2021-05-05,2025-04-08,2025-04-09,2025-04-09,4,10,76,d-no-vix,10
176,xgboost,1,1.0,1.0,1,1,0,1.0,0.0,980,2021-05-04,2025-04-07,2025-04-08,2025-04-08,4,10,76,d-no-vix,10
176,random_forest,1,0.8,1.0,1,1,0,1.0,0.0,980,2021-05-04,2025-04-07,2025-04-08,2025-04-08,4,10,76,d-no-vix,10
177,xgboost,1,0.15,0.0,1,1,0,1.0,0.0,980,2021-05-03,2025-04-04,2025-04-07,2025-04-07,4,10,76,d-no-vix,10
177,random_forest,1,0.65,1.0,1,1,0,1.0,0.0,980,2021-05-03,2025-04-04,2025-04-07,2025-04-07,4,10,76,d-no-vix,10
178,xgboost,1,0.7,1.0,1,1,0,1.0,0.0,980,2021-04-30,2025-04-03,2025-04-04,2025-04-04,4,10,76,d-no-vix,10
178,random_forest,1,0.55,1.0,1,1,0,1.0,0.0,980,2021-04-30,2025-04-03,2025-04-04,2025-04-04,4,10,76,d-no-vix,10
179,xgboost,1,0.0,1.0,1,0,1,0.0,1.0,980,2021-04-29,2025-04-02,2025-04-03,2025-04-03,4,10,76,d-no-vix,10
179,random_forest,1,0.3,1.0,1,0,1,0.0,1.0,980,2021-04-29,2025-04-02,2025-04-03,2025-04-03,4,10,76,d-no-vix,10
180,xgboost,1,0.0,1.0,1,0,1,0.0,1.0,980,2021-04-28,2025-04-01,2025-04-02,2025-04-02,4,10,76,d-no-vix,10
180,random_forest,1,0.0,1.0,1,0,1,0.0,1.0,980,2021-04-28,2025-04-01,2025-04-02,2025-04-02,4,10,76,d-no-vix,10
181,xgboost,1,0.0,1.0,1,0,1,0.0,1.0,980,2021-04-27,2025-03-31,2025-04-01,2025-04-01,4,10,76,d-no-vix,10
181,random_forest,1,0.05,1.0,1,0,1,0.0,1.0,980,2021-04-27,2025-03-31,2025-04-01,2025-04-01,4,10,76,d-no-vix,10
182,xgboost,1,0.0,1.0,1,0,1,0.0,1.0,980,2021-04-26,2025-03-28,2025-03-31,2025-03-31,4,10,76,d-no-vix,10
182,random_forest,1,0.15,1.0,1,0,1,0.0,1.0,980,2021-04-26,2025-03-28,2025-03-31,2025-03-31,4,10,76,d-no-vix,10
183,xgboost,1,0.05,1.0,1,0,1,0.0,1.0,980,2021-04-23,2025-03-27,2025-03-28,2025-03-28,4,10,76,d-no-vix,10
183,random_forest,1,0.15,1.0,1,0,1,0.0,1.0,980,2021-04-23,2025-03-27,2025-03-28,2025-03-28,4,10,76,d-no-vix,10
184,xgboost,1,0.0,1.0,1,0,1,0.0,1.0,980,2021-04-22,2025-03-26,2025-03-27,2025-03-27,4,10,76,d-no-vix,10
184,random_forest,1,0.05,1.0,1,0,1,0.0,1.0,980,2021-04-22,2025-03-26,2025-03-27,2025-03-27,4,10,76,d-no-vix,10
185,xgboost,1,0.0,1.0,1,0,1,0.0,1.0,980,2021-04-21,2025-03-25,2025-03-26,2025-03-26,4,10,76,d-no-vix,10
185,random_forest,1,0.1,1.0,1,0,1,0.0,1.0,980,2021-04-21,2025-03-25,2025-03-26,2025-03-26,4,10,76,d-no-vix,10
186,xgboost,1,0.05,1.0,1,0,1,0.0,1.0,980,2021-04-20,2025-03-24,2025-03-25,2025-03-25,4,10,76,d-no-vix,10
186,random_forest,1,0.2,1.0,1,0,1,0.0,1.0,980,2021-04-20,2025-03-24,2025-03-25,2025-03-25,4,10,76,d-no-vix,10
187,xgboost,1,0.0,1.0,1,0,1,0.0,1.0,980,2021-04-19,2025-03-21,2025-03-24,2025-03-24,4,10,76,d-no-vix,10
187,random_forest,1,0.15,1.0,1,0,1,0.0,1.0,980,2021-04-19,2025-03-21,2025-03-24,2025-03-24,4,10,76,d-no-vix,10
188,xgboost,1,0.0,1.0,1,0,1,0.0,1.0,980,2021-04-16,2025-03-20,2025-03-21,2025-03-21,4,10,76,d-no-vix,10
188,random_forest,1,0.1,1.0,1,0,1,0.0,1.0,980,2021-04-16,2025-03-20,2025-03-21,2025-03-21,4,10,76,d-no-vix,10
189,xgboost,1,0.0,1.0,1,0,1,0.0,1.0,980,2021-04-15,2025-03-19,2025-03-20,2025-03-20,4,10,76,d-no-vix,10
189,random_forest,1,0.15,1.0,1,0,1,0.0,1.0,980,2021-04-15,2025-03-19,2025-03-20,2025-03-20,4,10,76,d-no-vix,10
190,xgboost,1,0.05,1.0,1,0,1,0.0,1.0,980,2021-04-14,2025-03-18,2025-03-19,2025-03-19,4,10,76,d-no-vix,10
190,random_forest,1,0.1,1.0,1,0,1,0.0,1.0,980,2021-04-14,2025-03-18,2025-03-19,2025-03-19,4,10,76,d-no-vix,10
191,xgboost,1,0.2,1.0,1,0,1,0.0,1.0,980,2021-04-13,2025-03-17,2025-03-18,2025-03-18,4,10,76,d-no-vix,10
191,random_forest,1,0.3,1.0,1,0,1,0.0,1.0,980,2021-04-13,2025-03-17,2025-03-18,2025-03-18,4,10,76,d-no-vix,10
192,xgboost,1,0.05,1.0,1,0,1,0.0,1.0,980,2021-04-12,2025-03-14,2025-03-17,2025-03-17,4,10,76,d-no-vix,10
192,random_forest,1,0.25,1.0,1,0,1,0.0,1.0,980,2021-04-12,2025-03-14,2025-03-17,2025-03-17,4,10,76,d-no-vix,10
193,xgboost,1,0.45,1.0,1,0,1,0.0,1.0,980,2021-04-09,2025-03-13,2025-03-14,2025-03-14,4,10,76,d-no-vix,10
193,random_forest,1,0.55,0.0,1,0,1,0.0,1.0,980,2021-04-09,2025-03-13,2025-03-14,2025-03-14,4,10,76,d-no-vix,10
194,xgboost,1,1.0,1.0,1,1,0,1.0,0.0,980,2021-04-08,2025-03-12,2025-03-13,2025-03-13,4,10,76,d-no-vix,10
194,random_forest,1,0.7,1.0,1,1,0,1.0,0.0,980,2021-04-08,2025-03-12,2025-03-13,2025-03-13,4,10,76,d-no-vix,10
195,xgboost,1,0.5,0.0,1,1,0,1.0,0.0,980,2021-04-07,2025-03-11,2025-03-12,2025-03-12,4,10,76,d-no-vix,10
195,random_forest,1,0.5,1.0,1,1,0,1.0,0.0,980,2021-04-07,2025-03-11,2025-03-12,2025-03-12,4,10,76,d-no-vix,10
196,xgboost,1,0.35,0.0,1,1,0,1.0,0.0,980,2021-04-06,2025-03-10,2025-03-11,2025-03-11,4,10,76,d-no-vix,10
196,random_forest,1,0.45,0.0,1,1,0,1.0,0.0,980,2021-04-06,2025-03-10,2025-03-11,2025-03-11,4,10,76,d-no-vix,10
197,xgboost,1,0.1,0.0,1,1,0,1.0,0.0,980,2021-04-05,2025-03-07,2025-03-10,2025-03-10,4,10,76,d-no-vix,10
197,random_forest,1,0.4,0.0,1,1,0,1.0,0.0,980,2021-04-05,2025-03-07,2025-03-10,2025-03-10,4,10,76,d-no-vix,10
198,xgboost,1,0.0,1.0,1,0,1,0.0,1.0,980,2021-04-01,2025-03-06,2025-03-07,2025-03-07,4,10,76,d-no-vix,10
198,random_forest,1,0.3,1.0,1,0,1,0.0,1.0,980,2021-04-01,2025-03-06,2025-03-07,2025-03-07,4,10,76,d-no-vix,10
199,xgboost,1,0.05,1.0,1,0,1,0.0,1.0,980,2021-03-31,2025-03-05,2025-03-06,2025-03-06,4,10,76,d-no-vix,10
199,random_forest,1,0.45,1.0,1,0,1,0.0,1.0,980,2021-03-31,2025-03-05,2025-03-06,2025-03-06,4,10,76,d-no-vix,10
200,xgboost,1,0.0,1.0,1,0,1,0.0,1.0,980,2021-03-30,2025-03-04,2025-03-05,2025-03-05,4,10,76,d-no-vix,10
200,random_forest,1,0.2,1.0,1,0,1,0.0,1.0,980,2021-03-30,2025-03-04,2025-03-05,2025-03-05,4,10,76,d-no-vix,10
201,xgboost,1,0.3,1.0,1,0,1,0.0,1.0,980,2021-03-29,2025-03-03,2025-03-04,2025-03-04,4,10,76,d-no-vix,10
201,random_forest,1,0.3,1.0,1,0,1,0.0,1.0,980,2021-03-29,2025-03-03,2025-03-04,2025-03-04,4,10,76,d-no-vix,10
202,xgboost,1,0.05,1.0,1,0,1,0.0,1.0,980,2021-03-26,2025-02-28,2025-03-03,2025-03-03,4,10,76,d-no-vix,10
202,random_forest,1,0.35,1.0,1,0,1,0.0,1.0,980,2021-03-26,2025-02-28,2025-03-03,2025-03-03,4,10,76,d-no-vix,10
203,xgboost,1,0.0,1.0,1,0,1,0.0,1.0,980,2021-03-25,2025-02-27,2025-02-28,2025-02-28,4,10,76,d-no-vix,10
203,random_forest,1,0.5,0.0,1,0,1,0.0,1.0,980,2021-03-25,2025-02-27,2025-02-28,2025-02-28,4,10,76,d-no-vix,10
204,xgboost,1,0.3,1.0,1,0,1,0.0,1.0,980,2021-03-24,2025-02-26,2025-02-27,2025-02-27,4,10,76,d-no-vix,10
204,random_forest,1,0.55,0.0,1,0,1,0.0,1.0,980,2021-03-24,2025-02-26,2025-02-27,2025-02-27,4,10,76,d-no-vix,10
205,xgboost,1,0.0,1.0,1,0,1,0.0,1.0,980,2021-03-23,2025-02-25,2025-02-26,2025-02-26,4,10,76,d-no-vix,10
205,random_forest,1,0.3,1.0,1,0,1,0.0,1.0,980,2021-03-23,2025-02-25,2025-02-26,2025-02-26,4,10,76,d-no-vix,10
206,xgboost,1,0.0,1.0,1,0,1,0.0,1.0,980,2021-03-22,2025-02-24,2025-02-25,2025-02-25,4,10,76,d-no-vix,10
206,random_forest,1,0.35,1.0,1,0,1,0.0,1.0,980,2021-03-22,2025-02-24,2025-02-25,2025-02-25,4,10,76,d-no-vix,10
207,xgboost,1,0.65,0.0,1,0,1,0.0,1.0,980,2021-03-19,2025-02-21,2025-02-24,2025-02-24,4,10,76,d-no-vix,10
207,random_forest,1,0.45,1.0,1,0,1,0.0,1.0,980,2021-03-19,2025-02-21,2025-02-24,2025-02-24,4,10,76,d-no-vix,10
208,xgboost,1,0.55,0.0,1,0,1,0.0,1.0,980,2021-03-18,2025-02-20,2025-02-21,2025-02-21,4,10,76,d-no-vix,10
208,random_forest,1,0.45,1.0,1,0,1,0.0,1.0,980,2021-03-18,2025-02-20,2025-02-21,2025-02-21,4,10,76,d-no-vix,10
209,xgboost,1,0.05,1.0,1,0,1,0.0,1.0,980,2021-03-17,2025-02-19,2025-02-20,2025-02-20,4,10,76,d-no-vix,10
209,random_forest,1,0.2,1.0,1,0,1,0.0,1.0,980,2021-03-17,2025-02-19,2025-02-20,2025-02-20,4,10,76,d-no-vix,10
210,xgboost,1,0.0,1.0,1,0,1,0.0,1.0,980,2021-03-16,2025-02-18,2025-02-19,2025-02-19,4,10,76,d-no-vix,10
210,random_forest,1,0.2,1.0,1,0,1,0.0,1.0,980,2021-03-16,2025-02-18,2025-02-19,2025-02-19,4,10,76,d-no-vix,10
211,xgboost,1,0.0,1.0,1,0,1,0.0,1.0,980,2021-03-15,2025-02-14,2025-02-18,2025-02-18,4,10,76,d-no-vix,10
211,random_forest,1,0.3,1.0,1,0,1,0.0,1.0,980,2021-03-15,2025-02-14,2025-02-18,2025-02-18,4,10,76,d-no-vix,10
212,xgboost,1,0.0,1.0,1,0,1,0.0,1.0,980,2021-03-12,2025-02-13,2025-02-14,2025-02-14,4,10,76,d-no-vix,10
212,random_forest,1,0.35,1.0,1,0,1,0.0,1.0,980,2021-03-12,2025-02-13,2025-02-14,2025-02-14,4,10,76,d-no-vix,10
213,xgboost,1,0.05,1.0,1,0,1,0.0,1.0,980,2021-03-11,2025-02-12,2025-02-13,2025-02-13,4,10,76,d-no-vix,10
213,random_forest,1,0.3,1.0,1,0,1,0.0,1.0,980,2021-03-11,2025-02-12,2025-02-13,2025-02-13,4,10,76,d-no-vix,10
214,xgboost,1,0.3,1.0,1,0,1,0.0,1.0,980,2021-03-10,2025-02-11,2025-02-12,2025-02-12,4,10,76,d-no-vix,10
214,random_forest,1,0.4,1.0,1,0,1,0.0,1.0,980,2021-03-10,2025-02-11,2025-02-12,2025-02-12,4,10,76,d-no-vix,10
215,xgboost,1,0.0,1.0,1,0,1,0.0,1.0,980,2021-03-09,2025-02-10,2025-02-11,2025-02-11,4,10,76,d-no-vix,10
215,random_forest,1,0.25,1.0,1,0,1,0.0,1.0,980,2021-03-09,2025-02-10,2025-02-11,2025-02-11,4,10,76,d-no-vix,10
216,xgboost,1,0.15,1.0,1,0,1,0.0,1.0,980,2021-03-08,2025-02-07,2025-02-10,2025-02-10,4,10,76,d-no-vix,10
216,random_forest,1,0.4,1.0,1,0,1,0.0,1.0,980,2021-03-08,2025-02-07,2025-02-10,2025-02-10,4,10,76,d-no-vix,10
217,xgboost,1,1.0,0.0,1,0,1,0.0,1.0,980,2021-03-05,2025-02-06,2025-02-07,2025-02-07,4,10,76,d-no-vix,10
217,random_forest,1,0.7,0.0,1,0,1,0.0,1.0,980,2021-03-05,2025-02-06,2025-02-07,2025-02-07,4,10,76,d-no-vix,10
218,xgboost,1,0.9,0.0,1,0,1,0.0,1.0,980,2021-03-04,2025-02-05,2025-02-06,2025-02-06,4,10,76,d-no-vix,10
218,random_forest,1,0.7,0.0,1,0,1,0.0,1.0,980,2021-03-04,2025-02-05,2025-02-06,2025-02-06,4,10,76,d-no-vix,10
219,xgboost,1,0.95,1.0,1,1,0,1.0,0.0,980,2021-03-03,2025-02-04,2025-02-05,2025-02-05,4,10,76,d-no-vix,10
219,random_forest,1,0.65,1.0,1,1,0,1.0,0.0,980,2021-03-03,2025-02-04,2025-02-05,2025-02-05,4,10,76,d-no-vix,10
220,xgboost,1,0.75,1.0,1,1,0,1.0,0.0,980,2021-03-02,2025-02-03,2025-02-04,2025-02-04,4,10,76,d-no-vix,10
220,random_forest,1,0.7,1.0,1,1,0,1.0,0.0,980,2021-03-02,2025-02-03,2025-02-04,2025-02-04,4,10,76,d-no-vix,10
221,xgboost,1,1.0,1.0,1,1,0,1.0,0.0,980,2021-03-01,2025-01-31,2025-02-03,2025-02-03,4,10,76,d-no-vix,10
221,random_forest,1,0.7,1.0,1,1,0,1.0,0.0,980,2021-03-01,2025-01-31,2025-02-03,2025-02-03,4,10,76,d-no-vix,10
222,xgboost,1,1.0,1.0,1,1,0,1.0,0.0,980,2021-02-26,2025-01-30,2025-01-31,2025-01-31,4,10,76,d-no-vix,10
222,random_forest,1,0.7,1.0,1,1,0,1.0,0.0,980,2021-02-26,2025-01-30,2025-01-31,2025-01-31,4,10,76,d-no-vix,10
223,xgboost,1,0.85,1.0,1,1,0,1.0,0.0,980,2021-02-25,2025-01-29,2025-01-30,2025-01-30,4,10,76,d-no-vix,10
223,random_forest,1,0.7,1.0,1,1,0,1.0,0.0,980,2021-02-25,2025-01-29,2025-01-30,2025-01-30,4,10,76,d-no-vix,10
224,xgboost,1,1.0,1.0,1,1,0,1.0,0.0,980,2021-02-24,2025-01-28,2025-01-29,2025-01-29,4,10,76,d-no-vix,10
224,random_forest,1,0.7,1.0,1,1,0,1.0,0.0,980,2021-02-24,2025-01-28,2025-01-29,2025-01-29,4,10,76,d-no-vix,10
225,xgboost,1,0.4,0.0,1,1,0,1.0,0.0,980,2021-02-23,2025-01-27,2025-01-28,2025-01-28,4,10,76,d-no-vix,10
225,random_forest,1,0.5,0.0,1,1,0,1.0,0.0,980,2021-02-23,2025-01-27,2025-01-28,2025-01-28,4,10,76,d-no-vix,10
226,xgboost,1,0.8,1.0,1,1,0,1.0,0.0,980,2021-02-22,2025-01-24,2025-01-27,2025-01-27,4,10,76,d-no-vix,10
226,random_forest,1,0.45,0.0,1,1,0,1.0,0.0,980,2021-02-22,2025-01-24,2025-01-27,2025-01-27,4,10,76,d-no-vix,10
227,xgboost,1,0.05,1.0,1,0,1,0.0,1.0,980,2021-02-19,2025-01-23,2025-01-24,2025-01-24,4,10,76,d-no-vix,10
227,random_forest,1,0.2,1.0,1,0,1,0.0,1.0,980,2021-02-19,2025-01-23,2025-01-24,2025-01-24,4,10,76,d-no-vix,10
228,xgboost,1,0.05,1.0,1,0,1,0.0,1.0,980,2021-02-18,2025-01-22,2025-01-23,2025-01-23,4,10,76,d-no-vix,10
228,random_forest,1,0.2,1.0,1,0,1,0.0,1.0,980,2021-02-18,2025-01-22,2025-01-23,2025-01-23,4,10,76,d-no-vix,10
1,xgboost,1,0.85,1.0,1,1,0,1.0,0.0,1470,2020-01-30,2025-12-18,2025-12-19,2025-12-19,6,10,76,d-no-vix,10
1,random_forest,1,0.75,1.0,1,1,0,1.0,0.0,1470,2020-01-30,2025-12-18,2025-12-19,2025-12-19,6,10,76,d-no-vix,10
2,xgboost,1,0.95,1.0,1,1,0,1.0,0.0,1470,2020-01-29,2025-12-17,2025-12-18,2025-12-18,6,10,76,d-no-vix,10
2,random_forest,1,0.75,1.0,1,1,0,1.0,0.0,1470,2020-01-29,2025-12-17,2025-12-18,2025-12-18,6,10,76,d-no-vix,10
3,xgboost,1,0.95,1.0,1,1,0,1.0,0.0,1470,2020-01-28,2025-12-16,2025-12-17,2025-12-17,6,10,76,d-no-vix,10
3,random_forest,1,0.75,1.0,1,1,0,1.0,0.0,1470,2020-01-28,2025-12-16,2025-12-17,2025-12-17,6,10,76,d-no-vix,10
4,xgboost,1,1.0,1.0,1,1,0,1.0,0.0,1470,2020-01-27,2025-12-15,2025-12-16,2025-12-16,6,10,76,d-no-vix,10
4,random_forest,1,0.75,1.0,1,1,0,1.0,0.0,1470,2020-01-27,2025-12-15,2025-12-16,2025-12-16,6,10,76,d-no-vix,10
5,xgboost,1,1.0,1.0,1,1,0,1.0,0.0,1470,2020-01-24,2025-12-12,2025-12-15,2025-12-15,6,10,76,d-no-vix,10
5,random_forest,1,0.65,1.0,1,1,0,1.0,0.0,1470,2020-01-24,2025-12-12,2025-12-15,2025-12-15,6,10,76,d-no-vix,10
6,xgboost,1,0.35,0.0,1,1,0,1.0,0.0,1470,2020-01-23,2025-12-11,2025-12-12,2025-12-12,6,10,76,d-no-vix,10
6,random_forest,1,0.35,0.0,1,1,0,1.0,0.0,1470,2020-01-23,2025-12-11,2025-12-12,2025-12-12,6,10,76,d-no-vix,10
7,xgboost,1,0.05,1.0,1,0,1,0.0,1.0,1470,2020-01-22,2025-12-10,2025-12-11,2025-12-11,6,10,76,d-no-vix,10
7,random_forest,1,0.3,1.0,1,0,1,0.0,1.0,1470,2020-01-22,2025-12-10,2025-12-11,2025-12-11,6,10,76,d-no-vix,10
8,xgboost,1,0.1,1.0,1,0,1,0.0,1.0,1470,2020-01-21,2025-12-09,2025-12-10,2025-12-10,6,10,76,d-no-vix,10
8,random_forest,1,0.3,1.0,1,0,1,0.0,1.0,1470,2020-01-21,2025-12-09,2025-12-10,2025-12-10,6,10,76,d-no-vix,10
9,xgboost,1,0.0,1.0,1,0,1,0.0,1.0,1470,2020-01-17,2025-12-08,2025-12-09,2025-12-09,6,10,76,d-no-vix,10
9,random_forest,1,0.25,1.0,1,0,1,0.0,1.0,1470,2020-01-17,2025-12-08,2025-12-09,2025-12-09,6,10,76,d-no-vix,10
10,xgboost,1,0.05,1.0,1,0,1,0.0,1.0,1470,2020-01-16,2025-12-05,2025-12-08,2025-12-08,6,10,76,d-no-vix,10
10,random_forest,1,0.35,1.0,1,0,1,0.0,1.0,1470,2020-01-16,2025-12-05,2025-12-08,2025-12-08,6,10,76,d-no-vix,10
11,xgboost,1,0.2,1.0,1,0,1,0.0,1.0,1470,2020-01-15,2025-12-04,2025-12-05,2025-12-05,6,10,76,d-no-vix,10
11,random_forest,1,0.35,1.0,1,0,1,0.0,1.0,1470,2020-01-15,2025-12-04,2025-12-05,2025-12-05,6,10,76,d-no-vix,10
12,xgboost,1,0.5,1.0,1,0,1,0.0,1.0,1470,2020-01-14,2025-12-03,2025-12-04,2025-12-04,6,10,76,d-no-vix,10
12,random_forest,1,0.45,1.0,1,0,1,0.0,1.0,1470,2020-01-14,2025-12-03,2025-12-04,2025-12-04,6,10,76,d-no-vix,10
13,xgboost,1,0.55,0.0,1,0,1,0.0,1.0,1470,2020-01-13,2025-12-02,2025-12-03,2025-12-03,6,10,76,d-no-vix,10
13,random_forest,1,0.45,1.0,1,0,1,0.0,1.0,1470,2020-01-13,2025-12-02,2025-12-03,2025-12-03,6,10,76,d-no-vix,10
14,xgboost,1,0.7,0.0,1,0,1,0.0,1.0,1470,2020-01-10,2025-12-01,2025-12-02,2025-12-02,6,10,76,d-no-vix,10
14,random_forest,1,0.6,0.0,1,0,1,0.0,1.0,1470,2020-01-10,2025-12-01,2025-12-02,2025-12-02,6,10,76,d-no-vix,10
15,xgboost,1,1.0,0.0,1,0,1,0.0,1.0,1470,2020-01-09,2025-11-26,2025-12-01,2025-12-01,6,10,76,d-no-vix,10
15,random_forest,1,0.8,0.0,1,0,1,0.0,1.0,1470,2020-01-09,2025-11-26,2025-12-01,2025-12-01,6,10,76,d-no-vix,10
16,xgboost,1,1.0,1.0,1,1,0,1.0,0.0,1470,2020-01-08,2025-11-25,2025-11-26,2025-11-26,6,10,76,d-no-vix,10
16,random_forest,1,0.75,1.0,1,1,0,1.0,0.0,1470,2020-01-08,2025-11-25,2025-11-26,2025-11-26,6,10,76,d-no-vix,10
17,xgboost,1,1.0,1.0,1,1,0,1.0,0.0,1470,2020-01-07,2025-11-24,2025-11-25,2025-11-25,6,10,76,d-no-vix,10
17,random_forest,1,0.75,1.0,1,1,0,1.0,0.0,1470,2020-01-07,2025-11-24,2025-11-25,2025-11-25,6,10,76,d-no-vix,10
18,xgboost,1,1.0,1.0,1,1,0,1.0,0.0,1470,2020-01-06,2025-11-21,2025-11-24,2025-11-24,6,10,76,d-no-vix,10
18,random_forest,1,0.8,1.0,1,1,0,1.0,0.0,1470,2020-01-06,2025-11-21,2025-11-24,2025-11-24,6,10,76,d-no-vix,10
19,xgboost,1,1.0,1.0,1,1,0,1.0,0.0,1470,2020-01-03,2025-11-20,2025-11-21,2025-11-21,6,10,76,d-no-vix,10
19,random_forest,1,0.85,1.0,1,1,0,1.0,0.0,1470,2020-01-03,2025-11-20,2025-11-21,2025-11-21,6,10,76,d-no-vix,10
20,xgboost,1,1.0,1.0,1,1,0,1.0,0.0,1470,2020-01-02,2025-11-19,2025-11-20,2025-11-20,6,10,76,d-no-vix,10
20,random_forest,1,0.85,1.0,1,1,0,1.0,0.0,1470,2020-01-02,2025-11-19,2025-11-20,2025-11-20,6,10,76,d-no-vix,10
21,xgboost,1,0.9,1.0,1,1,0,1.0,0.0,1470,2019-12-31,2025-11-18,2025-11-19,2025-11-19,6,10,76,d-no-vix,10
21,random_forest,1,0.85,1.0,1,1,0,1.0,0.0,1470,2019-12-31,2025-11-18,2025-11-19,2025-11-19,6,10,76,d-no-vix,10
22,xgboost,1,1.0,1.0,1,1,0,1.0,0.0,1470,2019-12-30,2025-11-17,2025-11-18,2025-11-18,6,10,76,d-no-vix,10
22,random_forest,1,0.75,1.0,1,1,0,1.0,0.0,1470,2019-12-30,2025-11-17,2025-11-18,2025-11-18,6,10,76,d-no-vix,10
23,xgboost,1,1.0,1.0,1,1,0,1.0,0.0,1470,2019-12-27,2025-11-14,2025-11-17,2025-11-17,6,10,76,d-no-vix,10
23,random_forest,1,0.65,1.0,1,1,0,1.0,0.0,1470,2019-12-27,2025-11-14,2025-11-17,2025-11-17,6,10,76,d-no-vix,10
24,xgboost,1,0.7,1.0,1,1,0,1.0,0.0,1470,2019-12-26,2025-11-13,2025-11-14,2025-11-14,6,10,76,d-no-vix,10
24,random_forest,1,0.5,0.0,1,1,0,1.0,0.0,1470,2019-12-26,2025-11-13,2025-11-14,2025-11-14,6,10,76,d-no-vix,10
25,xgboost,1,0.3,0.0,1,1,0,1.0,0.0,1470,2019-12-23,2025-11-12,2025-11-13,2025-11-13,6,10,76,d-no-vix,10
25,random_forest,1,0.3,0.0,1,1,0,1.0,0.0,1470,2019-12-23,2025-11-12,2025-11-13,2025-11-13,6,10,76,d-no-vix,10
26,xgboost,1,0.05,1.0,1,0,1,0.0,1.0,1470,2019-12-20,2025-11-11,2025-11-12,2025-11-12,6,10,76,d-no-vix,10
26,random_forest,1,0.2,1.0,1,0,1,0.0,1.0,1470,2019-12-20,2025-11-11,2025-11-12,2025-11-12,6,10,76,d-no-vix,10
27,xgboost,1,0.4,1.0,1,0,1,0.0,1.0,1470,2019-12-19,2025-11-10,2025-11-11,2025-11-11,6,10,76,d-no-vix,10
27,random_forest,1,0.3,1.0,1,0,1,0.0,1.0,1470,2019-12-19,2025-11-10,2025-11-11,2025-11-11,6,10,76,d-no-vix,10
28,xgboost,1,0.2,1.0,1,0,1,0.0,1.0,1470,2019-12-18,2025-11-07,2025-11-10,2025-11-10,6,10,76,d-no-vix,10
28,random_forest,1,0.25,1.0,1,0,1,0.0,1.0,1470,2019-12-18,2025-11-07,2025-11-10,2025-11-10,6,10,76,d-no-vix,10
29,xgboost,1,0.5,0.0,1,0,1,0.0,1.0,1470,2019-12-17,2025-11-06,2025-11-07,2025-11-07,6,10,76,d-no-vix,10
29,random_forest,1,0.4,1.0,1,0,1,0.0,1.0,1470,2019-12-17,2025-11-06,2025-11-07,2025-11-07,6,10,76,d-no-vix,10
30,xgboost,1,0.4,1.0,1,0,1,0.0,1.0,1470,2019-12-16,2025-11-05,2025-11-06,2025-11-06,6,10,76,d-no-vix,10
30,random_forest,1,0.35,1.0,1,0,1,0.0,1.0,1470,2019-12-16,2025-11-05,2025-11-06,2025-11-06,6,10,76,d-no-vix,10
31,xgboost,1,0.0,1.0,1,0,1,0.0,1.0,1470,2019-12-13,2025-11-04,2025-11-05,2025-11-05,6,10,76,d-no-vix,10
31,random_forest,1,0.2,1.0,1,0,1,0.0,1.0,1470,2019-12-13,2025-11-04,2025-11-05,2025-11-05,6,10,76,d-no-vix,10
32,xgboost,1,0.65,0.0,1,0,1,0.0,1.0,1470,2019-12-12,2025-11-03,2025-11-04,2025-11-04,6,10,76,d-no-vix,10
32,random_forest,1,0.35,1.0,1,0,1,0.0,1.0,1470,2019-12-12,2025-11-03,2025-11-04,2025-11-04,6,10,76,d-no-vix,10
33,xgboost,1,0.05,1.0,1,0,1,0.0,1.0,1470,2019-12-11,2025-10-31,2025-11-03,2025-11-03,6,10,76,d-no-vix,10
33,random_forest,1,0.3,1.0,1,0,1,0.0,1.0,1470,2019-12-11,2025-10-31,2025-11-03,2025-11-03,6,10,76,d-no-vix,10
34,xgboost,1,0.05,1.0,1,0,1,0.0,1.0,1470,2019-12-10,2025-10-30,2025-10-31,2025-10-31,6,10,76,d-no-vix,10
34,random_forest,1,0.3,1.0,1,0,1,0.0,1.0,1470,2019-12-10,2025-10-30,2025-10-31,2025-10-31,6,10,76,d-no-vix,10
35,xgboost,1,0.15,1.0,1,0,1,0.0,1.0,1470,2019-12-09,2025-10-29,2025-10-30,2025-10-30,6,10,76,d-no-vix,10
35,random_forest,1,0.4,1.0,1,0,1,0.0,1.0,1470,2019-12-09,2025-10-29,2025-10-30,2025-10-30,6,10,76,d-no-vix,10
36,xgboost,1,0.0,1.0,1,0,1,0.0,1.0,1470,2019-12-06,2025-10-28,2025-10-29,2025-10-29,6,10,76,d-no-vix,10
36,random_forest,1,0.25,1.0,1,0,1,0.0,1.0,1470,2019-12-06,2025-10-28,2025-10-29,2025-10-29,6,10,76,d-no-vix,10
37,xgboost,1,0.05,1.0,1,0,1,0.0,1.0,1470,2019-12-05,2025-10-27,2025-10-28,2025-10-28,6,10,76,d-no-vix,10
37,random_forest,1,0.45,1.0,1,0,1,0.0,1.0,1470,2019-12-05,2025-10-27,2025-10-28,2025-10-28,6,10,76,d-no-vix,10
38,xgboost,1,0.7,0.0,1,0,1,0.0,1.0,1470,2019-12-04,2025-10-24,2025-10-27,2025-10-27,6,10,76,d-no-vix,10
38,random_forest,1,0.5,0.0,1,0,1,0.0,1.0,1470,2019-12-04,2025-10-24,2025-10-27,2025-10-27,6,10,76,d-no-vix,10
39,xgboost,1,0.9,0.0,1,0,1,0.0,1.0,1470,2019-12-03,2025-10-23,2025-10-24,2025-10-24,6,10,76,d-no-vix,10
39,random_forest,1,0.7,0.0,1,0,1,0.0,1.0,1470,2019-12-03,2025-10-23,2025-10-24,2025-10-24,6,10,76,d-no-vix,10
40,xgboost,1,1.0,1.0,1,1,0,1.0,0.0,1470,2019-12-02,2025-10-22,2025-10-23,2025-10-23,6,10,76,d-no-vix,10
40,random_forest,1,0.8,1.0,1,1,0,1.0,0.0,1470,2019-12-02,2025-10-22,2025-10-23,2025-10-23,6,10,76,d-no-vix,10
41,xgboost,1,1.0,1.0,1,1,0,1.0,0.0,1470,2019-11-27,2025-10-21,2025-10-22,2025-10-22,6,10,76,d-no-vix,10
41,random_forest,1,0.8,1.0,1,1,0,1.0,0.0,1470,2019-11-27,2025-10-21,2025-10-22,2025-10-22,6,10,76,d-no-vix,10
42,xgboost,1,1.0,1.0,1,1,0,1.0,0.0,1470,2019-11-26,2025-10-20,2025-10-21,2025-10-21,6,10,76,d-no-vix,10
42,random_forest,1,0.75,1.0,1,1,0,1.0,0.0,1470,2019-11-26,2025-10-20,2025-10-21,2025-10-21,6,10,76,d-no-vix,10
43,xgboost,1,0.95,1.0,1,1,0,1.0,0.0,1470,2019-11-25,2025-10-17,2025-10-20,2025-10-20,6,10,76,d-no-vix,10
43,random_forest,1,0.6,1.0,1,1,0,1.0,0.0,1470,2019-11-25,2025-10-17,2025-10-20,2025-10-20,6,10,76,d-no-vix,10
44,xgboost,1,0.9,1.0,1,1,0,1.0,0.0,1470,2019-11-22,2025-10-16,2025-10-17,2025-10-17,6,10,76,d-no-vix,10
44,random_forest,1,0.8,1.0,1,1,0,1.0,0.0,1470,2019-11-22,2025-10-16,2025-10-17,2025-10-17,6,10,76,d-no-vix,10
45,xgboost,1,1.0,1.0,1,1,0,1.0,0.0,1470,2019-11-21,2025-10-15,2025-10-16,2025-10-16,6,10,76,d-no-vix,10
45,random_forest,1,0.8,1.0,1,1,0,1.0,0.0,1470,2019-11-21,2025-10-15,2025-10-16,2025-10-16,6,10,76,d-no-vix,10
46,xgboost,1,1.0,1.0,1,1,0,1.0,0.0,1470,2019-11-20,2025-10-14,2025-10-15,2025-10-15,6,10,76,d-no-vix,10
46,random_forest,1,0.8,1.0,1,1,0,1.0,0.0,1470,2019-11-20,2025-10-14,2025-10-15,2025-10-15,6,10,76,d-no-vix,10
47,xgboost,1,0.85,1.0,1,1,0,1.0,0.0,1470,2019-11-19,2025-10-13,2025-10-14,2025-10-14,6,10,76,d-no-vix,10
47,random_forest,1,0.75,1.0,1,1,0,1.0,0.0,1470,2019-11-19,2025-10-13,2025-10-14,2025-10-14,6,10,76,d-no-vix,10
48,xgboost,1,1.0,1.0,1,1,0,1.0,0.0,1470,2019-11-18,2025-10-10,2025-10-13,2025-10-13,6,10,76,d-no-vix,10
48,random_forest,1,0.6,1.0,1,1,0,1.0,0.0,1470,2019-11-18,2025-10-10,2025-10-13,2025-10-13,6,10,76,d-no-vix,10
49,xgboost,1,0.95,1.0,1,1,0,1.0,0.0,1470,2019-11-15,2025-10-09,2025-10-10,2025-10-10,6,10,76,d-no-vix,10
49,random_forest,1,0.55,1.0,1,1,0,1.0,0.0,1470,2019-11-15,2025-10-09,2025-10-10,2025-10-10,6,10,76,d-no-vix,10
50,xgboost,1,0.15,1.0,1,0,1,0.0,1.0,1470,2019-11-14,2025-10-08,2025-10-09,2025-10-09,6,10,76,d-no-vix,10
50,random_forest,1,0.45,1.0,1,0,1,0.0,1.0,1470,2019-11-14,2025-10-08,2025-10-09,2025-10-09,6,10,76,d-no-vix,10
51,xgboost,1,0.9,0.0,1,0,1,0.0,1.0,1470,2019-11-13,2025-10-07,2025-10-08,2025-10-08,6,10,76,d-no-vix,10
51,random_forest,1,0.7,0.0,1,0,1,0.0,1.0,1470,2019-11-13,2025-10-07,2025-10-08,2025-10-08,6,10,76,d-no-vix,10
52,xgboost,1,0.9,1.0,1,1,0,1.0,0.0,1470,2019-11-12,2025-10-06,2025-10-07,2025-10-07,6,10,76,d-no-vix,10
52,random_forest,1,0.7,1.0,1,1,0,1.0,0.0,1470,2019-11-12,2025-10-06,2025-10-07,2025-10-07,6,10,76,d-no-vix,10
53,xgboost,1,0.65,1.0,1,1,0,1.0,0.0,1470,2019-11-11,2025-10-03,2025-10-06,2025-10-06,6,10,76,d-no-vix,10
53,random_forest,1,0.55,1.0,1,1,0,1.0,0.0,1470,2019-11-11,2025-10-03,2025-10-06,2025-10-06,6,10,76,d-no-vix,10
54,xgboost,1,0.1,0.0,1,1,0,1.0,0.0,1470,2019-11-08,2025-10-02,2025-10-03,2025-10-03,6,10,76,d-no-vix,10
54,random_forest,1,0.35,0.0,1,1,0,1.0,0.0,1470,2019-11-08,2025-10-02,2025-10-03,2025-10-03,6,10,76,d-no-vix,10
55,xgboost,1,0.8,0.0,1,0,1,0.0,1.0,1470,2019-11-07,2025-10-01,2025-10-02,2025-10-02,6,10,76,d-no-vix,10
55,random_forest,1,0.4,1.0,1,0,1,0.0,1.0,1470,2019-11-07,2025-10-01,2025-10-02,2025-10-02,6,10,76,d-no-vix,10
56,xgboost,1,0.25,1.0,1,0,1,0.0,1.0,1470,2019-11-06,2025-09-30,2025-10-01,2025-10-01,6,10,76,d-no-vix,10
56,random_forest,1,0.55,0.0,1,0,1,0.0,1.0,1470,2019-11-06,2025-09-30,2025-10-01,2025-10-01,6,10,76,d-no-vix,10
57,xgboost,1,1.0,0.0,1,0,1,0.0,1.0,1470,2019-11-05,2025-09-29,2025-09-30,2025-09-30,6,10,76,d-no-vix,10
57,random_forest,1,0.7,0.0,1,0,1,0.0,1.0,1470,2019-11-05,2025-09-29,2025-09-30,2025-09-30,6,10,76,d-no-vix,10
58,xgboost,1,0.65,1.0,1,1,0,1.0,0.0,1470,2019-11-04,2025-09-26,2025-09-29,2025-09-29,6,10,76,d-no-vix,10
58,random_forest,1,0.55,1.0,1,1,0,1.0,0.0,1470,2019-11-04,2025-09-26,2025-09-29,2025-09-29,6,10,76,d-no-vix,10
59,xgboost,1,1.0,0.0,1,0,1,0.0,1.0,1470,2019-11-01,2025-09-25,2025-09-26,2025-09-26,6,10,76,d-no-vix,10
59,random_forest,1,0.85,0.0,1,0,1,0.0,1.0,1470,2019-11-01,2025-09-25,2025-09-26,2025-09-26,6,10,76,d-no-vix,10
60,xgboost,1,1.0,1.0,1,1,0,1.0,0.0,1470,2019-10-31,2025-09-24,2025-09-25,2025-09-25,6,10,76,d-no-vix,10
60,random_forest,1,0.75,1.0,1,1,0,1.0,0.0,1470,2019-10-31,2025-09-24,2025-09-25,2025-09-25,6,10,76,d-no-vix,10
61,xgboost,1,1.0,1.0,1,1,0,1.0,0.0,1470,2019-10-30,2025-09-23,2025-09-24,2025-09-24,6,10,76,d-no-vix,10
61,random_forest,1,0.75,1.0,1,1,0,1.0,0.0,1470,2019-10-30,2025-09-23,2025-09-24,2025-09-24,6,10,76,d-no-vix,10
62,xgboost,1,1.0,1.0,1,1,0,1.0,0.0,1470,2019-10-29,2025-09-22,2025-09-23,2025-09-23,6,10,76,d-no-vix,10
62,random_forest,1,0.8,1.0,1,1,0,1.0,0.0,1470,2019-10-29,2025-09-22,2025-09-23,2025-09-23,6,10,76,d-no-vix,10
63,xgboost,1,0.95,1.0,1,1,0,1.0,0.0,1470,2019-10-28,2025-09-19,2025-09-22,2025-09-22,6,10,76,d-no-vix,10
63,random_forest,1,0.8,1.0,1,1,0,1.0,0.0,1470,2019-10-28,2025-09-19,2025-09-22,2025-09-22,6,10,76,d-no-vix,10
64,xgboost,1,1.0,1.0,1,1,0,1.0,0.0,1470,2019-10-25,2025-09-18,2025-09-19,2025-09-19,6,10,76,d-no-vix,10
64,random_forest,1,0.8,1.0,1,1,0,1.0,0.0,1470,2019-10-25,2025-09-18,2025-09-19,2025-09-19,6,10,76,d-no-vix,10
65,xgboost,1,1.0,1.0,1,1,0,1.0,0.0,1470,2019-10-24,2025-09-17,2025-09-18,2025-09-18,6,10,76,d-no-vix,10
65,random_forest,1,0.8,1.0,1,1,0,1.0,0.0,1470,2019-10-24,2025-09-17,2025-09-18,2025-09-18,6,10,76,d-no-vix,10
66,xgboost,1,1.0,1.0,1,1,0,1.0,0.0,1470,2019-10-23,2025-09-16,2025-09-17,2025-09-17,6,10,76,d-no-vix,10
66,random_forest,1,0.7,1.0,1,1,0,1.0,0.0,1470,2019-10-23,2025-09-16,2025-09-17,2025-09-17,6,10,76,d-no-vix,10
67,xgboost,1,0.95,1.0,1,1,0,1.0,0.0,1470,2019-10-22,2025-09-15,2025-09-16,2025-09-16,6,10,76,d-no-vix,10
67,random_forest,1,0.65,1.0,1,1,0,1.0,0.0,1470,2019-10-22,2025-09-15,2025-09-16,2025-09-16,6,10,76,d-no-vix,10
68,xgboost,1,0.9,1.0,1,1,0,1.0,0.0,1470,2019-10-21,2025-09-12,2025-09-15,2025-09-15,6,10,76,d-no-vix,10
68,random_forest,1,0.65,1.0,1,1,0,1.0,0.0,1470,2019-10-21,2025-09-12,2025-09-15,2025-09-15,6,10,76,d-no-vix,10
69,xgboost,1,0.95,1.0,1,1,0,1.0,0.0,1470,2019-10-18,2025-09-11,2025-09-12,2025-09-12,6,10,76,d-no-vix,10
69,random_forest,1,0.65,1.0,1,1,0,1.0,0.0,1470,2019-10-18,2025-09-11,2025-09-12,2025-09-12,6,10,76,d-no-vix,10
70,xgboost,1,1.0,1.0,1,1,0,1.0,0.0,1470,2019-10-17,2025-09-10,2025-09-11,2025-09-11,6,10,76,d-no-vix,10
70,random_forest,1,0.8,1.0,1,1,0,1.0,0.0,1470,2019-10-17,2025-09-10,2025-09-11,2025-09-11,6,10,76,d-no-vix,10
71,xgboost,1,0.95,1.0,1,1,0,1.0,0.0,1470,2019-10-16,2025-09-09,2025-09-10,2025-09-10,6,10,76,d-no-vix,10
71,random_forest,1,0.75,1.0,1,1,0,1.0,0.0,1470,2019-10-16,2025-09-09,2025-09-10,2025-09-10,6,10,76,d-no-vix,10
72,xgboost,1,0.95,1.0,1,1,0,1.0,0.0,1470,2019-10-15,2025-09-08,2025-09-09,2025-09-09,6,10,76,d-no-vix,10
72,random_forest,1,0.8,1.0,1,1,0,1.0,0.0,1470,2019-10-15,2025-09-08,2025-09-09,2025-09-09,6,10,76,d-no-vix,10
73,xgboost,1,1.0,1.0,1,1,0,1.0,0.0,1470,2019-10-14,2025-09-05,2025-09-08,2025-09-08,6,10,76,d-no-vix,10
73,random_forest,1,0.75,1.0,1,1,0,1.0,0.0,1470,2019-10-14,2025-09-05,2025-09-08,2025-09-08,6,10,76,d-no-vix,10
74,xgboost,1,0.95,1.0,1,1,0,1.0,0.0,1470,2019-10-11,2025-09-04,2025-09-05,2025-09-05,6,10,76,d-no-vix,10
74,random_forest,1,0.75,1.0,1,1,0,1.0,0.0,1470,2019-10-11,2025-09-04,2025-09-05,2025-09-05,6,10,76,d-no-vix,10
75,xgboost,1,1.0,1.0,1,1,0,1.0,0.0,1470,2019-10-10,2025-09-03,2025-09-04,2025-09-04,6,10,76,d-no-vix,10
75,random_forest,1,0.8,1.0,1,1,0,1.0,0.0,1470,2019-10-10,2025-09-03,2025-09-04,2025-09-04,6,10,76,d-no-vix,10
76,xgboost,1,1.0,1.0,1,1,0,1.0,0.0,1470,2019-10-09,2025-09-02,2025-09-03,2025-09-03,6,10,76,d-no-vix,10
76,random_forest,1,0.9,1.0,1,1,0,1.0,0.0,1470,2019-10-09,2025-09-02,2025-09-03,2025-09-03,6,10,76,d-no-vix,10
77,xgboost,1,1.0,1.0,1,1,0,1.0,0.0,1470,2019-10-08,2025-08-29,2025-09-02,2025-09-02,6,10,76,d-no-vix,10
77,random_forest,1,0.8,1.0,1,1,0,1.0,0.0,1470,2019-10-08,2025-08-29,2025-09-02,2025-09-02,6,10,76,d-no-vix,10
78,xgboost,1,1.0,1.0,1,1,0,1.0,0.0,1470,2019-10-07,2025-08-28,2025-08-29,2025-08-29,6,10,76,d-no-vix,10
78,random_forest,1,0.85,1.0,1,1,0,1.0,0.0,1470,2019-10-07,2025-08-28,2025-08-29,2025-08-29,6,10,76,d-no-vix,10
79,xgboost,1,0.85,1.0,1,1,0,1.0,0.0,1470,2019-10-04,2025-08-27,2025-08-28,2025-08-28,6,10,76,d-no-vix,10
79,random_forest,1,0.7,1.0,1,1,0,1.0,0.0,1470,2019-10-04,2025-08-27,2025-08-28,2025-08-28,6,10,76,d-no-vix,10
80,xgboost,1,1.0,1.0,1,1,0,1.0,0.0,1470,2019-10-03,2025-08-26,2025-08-27,2025-08-27,6,10,76,d-no-vix,10
80,random_forest,1,0.8,1.0,1,1,0,1.0,0.0,1470,2019-10-03,2025-08-26,2025-08-27,2025-08-27,6,10,76,d-no-vix,10
81,xgboost,1,1.0,1.0,1,1,0,1.0,0.0,1470,2019-10-02,2025-08-25,2025-08-26,2025-08-26,6,10,76,d-no-vix,10
81,random_forest,1,0.75,1.0,1,1,0,1.0,0.0,1470,2019-10-02,2025-08-25,2025-08-26,2025-08-26,6,10,76,d-no-vix,10
82,xgboost,1,1.0,1.0,1,1,0,1.0,0.0,1470,2019-10-01,2025-08-22,2025-08-25,2025-08-25,6,10,76,d-no-vix,10
82,random_forest,1,0.8,1.0,1,1,0,1.0,0.0,1470,2019-10-01,2025-08-22,2025-08-25,2025-08-25,6,10,76,d-no-vix,10
83,xgboost,1,1.0,1.0,1,1,0,1.0,0.0,1470,2019-09-30,2025-08-21,2025-08-22,2025-08-22,6,10,76,d-no-vix,10
83,random_forest,1,0.8,1.0,1,1,0,1.0,0.0,1470,2019-09-30,2025-08-21,2025-08-22,2025-08-22,6,10,76,d-no-vix,10
84,xgboost,1,1.0,1.0,1,1,0,1.0,0.0,1470,2019-09-27,2025-08-20,2025-08-21,2025-08-21,6,10,76,d-no-vix,10
84,random_forest,1,0.75,1.0,1,1,0,1.0,0.0,1470,2019-09-27,2025-08-20,2025-08-21,2025-08-21,6,10,76,d-no-vix,10
85,xgboost,1,0.95,1.0,1,1,0,1.0,0.0,1470,2019-09-26,2025-08-19,2025-08-20,2025-08-20,6,10,76,d-no-vix,10
85,random_forest,1,0.7,1.0,1,1,0,1.0,0.0,1470,2019-09-26,2025-08-19,2025-08-20,2025-08-20,6,10,76,d-no-vix,10
86,xgboost,1,0.25,0.0,1,1,0,1.0,0.0,1470,2019-09-25,2025-08-18,2025-08-19,2025-08-19,6,10,76,d-no-vix,10
86,random_forest,1,0.55,1.0,1,1,0,1.0,0.0,1470,2019-09-25,2025-08-18,2025-08-19,2025-08-19,6,10,76,d-no-vix,10
87,xgboost,1,0.15,1.0,1,0,1,0.0,1.0,1470,2019-09-24,2025-08-15,2025-08-18,2025-08-18,6,10,76,d-no-vix,10
87,random_forest,1,0.4,1.0,1,0,1,0.0,1.0,1470,2019-09-24,2025-08-15,2025-08-18,2025-08-18,6,10,76,d-no-vix,10
88,xgboost,1,0.6,0.0,1,0,1,0.0,1.0,1470,2019-09-23,2025-08-14,2025-08-15,2025-08-15,6,10,76,d-no-vix,10
88,random_forest,1,0.5,1.0,1,0,1,0.0,1.0,1470,2019-09-23,2025-08-14,2025-08-15,2025-08-15,6,10,76,d-no-vix,10
89,xgboost,1,0.4,1.0,1,0,1,0.0,1.0,1470,2019-09-20,2025-08-13,2025-08-14,2025-08-14,6,10,76,d-no-vix,10
89,random_forest,1,0.45,1.0,1,0,1,0.0,1.0,1470,2019-09-20,2025-08-13,2025-08-14,2025-08-14,6,10,76,d-no-vix,10
90,xgboost,1,0.05,1.0,1,0,1,0.0,1.0,1470,2019-09-19,2025-08-12,2025-08-13,2025-08-13,6,10,76,d-no-vix,10
90,random_forest,1,0.4,1.0,1,0,1,0.0,1.0,1470,2019-09-19,2025-08-12,2025-08-13,2025-08-13,6,10,76,d-no-vix,10
91,xgboost,1,0.5,1.0,1,0,1,0.0,1.0,1470,2019-09-18,2025-08-11,2025-08-12,2025-08-12,6,10,76,d-no-vix,10
91,random_forest,1,0.6,0.0,1,0,1,0.0,1.0,1470,2019-09-18,2025-08-11,2025-08-12,2025-08-12,6,10,76,d-no-vix,10
92,xgboost,1,0.15,1.0,1,0,1,0.0,1.0,1470,2019-09-17,2025-08-08,2025-08-11,2025-08-11,6,10,76,d-no-vix,10
92,random_forest,1,0.5,1.0,1,0,1,0.0,1.0,1470,2019-09-17,2025-08-08,2025-08-11,2025-08-11,6,10,76,d-no-vix,10
93,xgboost,1,0.8,0.0,1,0,1,0.0,1.0,1470,2019-09-16,2025-08-07,2025-08-08,2025-08-08,6,10,76,d-no-vix,10
93,random_forest,1,0.7,0.0,1,0,1,0.0,1.0,1470,2019-09-16,2025-08-07,2025-08-08,2025-08-08,6,10,76,d-no-vix,10
94,xgboost,1,0.65,0.0,1,0,1,0.0,1.0,1470,2019-09-13,2025-08-06,2025-08-07,2025-08-07,6,10,76,d-no-vix,10
94,random_forest,1,0.65,0.0,1,0,1,0.0,1.0,1470,2019-09-13,2025-08-06,2025-08-07,2025-08-07,6,10,76,d-no-vix,10
95,xgboost,1,1.0,0.0,1,0,1,0.0,1.0,1470,2019-09-12,2025-08-05,2025-08-06,2025-08-06,6,10,76,d-no-vix,10
95,random_forest,1,0.9,0.0,1,0,1,0.0,1.0,1470,2019-09-12,2025-08-05,2025-08-06,2025-08-06,6,10,76,d-no-vix,10
96,xgboost,1,1.0,1.0,1,1,0,1.0,0.0,1470,2019-09-11,2025-08-04,2025-08-05,2025-08-05,6,10,76,d-no-vix,10
96,random_forest,1,0.85,1.0,1,1,0,1.0,0.0,1470,2019-09-11,2025-08-04,2025-08-05,2025-08-05,6,10,76,d-no-vix,10
97,xgboost,1,1.0,1.0,1,1,0,1.0,0.0,1470,2019-09-10,2025-08-01,2025-08-04,2025-08-04,6,10,76,d-no-vix,10
97,random_forest,1,0.9,1.0,1,1,0,1.0,0.0,1470,2019-09-10,2025-08-01,2025-08-04,2025-08-04,6,10,76,d-no-vix,10
98,xgboost,1,1.0,1.0,1,1,0,1.0,0.0,1470,2019-09-09,2025-07-31,2025-08-01,2025-08-01,6,10,76,d-no-vix,10
98,random_forest,1,0.75,1.0,1,1,0,1.0,0.0,1470,2019-09-09,2025-07-31,2025-08-01,2025-08-01,6,10,76,d-no-vix,10
99,xgboost,1,0.95,1.0,1,1,0,1.0,0.0,1470,2019-09-06,2025-07-30,2025-07-31,2025-07-31,6,10,76,d-no-vix,10
99,random_forest,1,0.75,1.0,1,1,0,1.0,0.0,1470,2019-09-06,2025-07-30,2025-07-31,2025-07-31,6,10,76,d-no-vix,10
100,xgboost,1,1.0,1.0,1,1,0,1.0,0.0,1470,2019-09-05,2025-07-29,2025-07-30,2025-07-30,6,10,76,d-no-vix,10
100,random_forest,1,0.9,1.0,1,1,0,1.0,0.0,1470,2019-09-05,2025-07-29,2025-07-30,2025-07-30,6,10,76,d-no-vix,10
101,xgboost,1,1.0,1.0,1,1,0,1.0,0.0,1470,2019-09-04,2025-07-28,2025-07-29,2025-07-29,6,10,76,d-no-vix,10
101,random_forest,1,0.8,1.0,1,1,0,1.0,0.0,1470,2019-09-04,2025-07-28,2025-07-29,2025-07-29,6,10,76,d-no-vix,10
102,xgboost,1,1.0,1.0,1,1,0,1.0,0.0,1470,2019-09-03,2025-07-25,2025-07-28,2025-07-28,6,10,76,d-no-vix,10
102,random_forest,1,0.85,1.0,1,1,0,1.0,0.0,1470,2019-09-03,2025-07-25,2025-07-28,2025-07-28,6,10,76,d-no-vix,10
103,xgboost,1,1.0,1.0,1,1,0,1.0,0.0,1470,2019-08-30,2025-07-24,2025-07-25,2025-07-25,6,10,76,d-no-vix,10
103,random_forest,1,0.75,1.0,1,1,0,1.0,0.0,1470,2019-08-30,2025-07-24,2025-07-25,2025-07-25,6,10,76,d-no-vix,10
104,xgboost,1,1.0,1.0,1,1,0,1.0,0.0,1470,2019-08-29,2025-07-23,2025-07-24,2025-07-24,6,10,76,d-no-vix,10
104,random_forest,1,0.65,1.0,1,1,0,1.0,0.0,1470,2019-08-29,2025-07-23,2025-07-24,2025-07-24,6,10,76,d-no-vix,10
105,xgboost,1,0.4,0.0,1,1,0,1.0,0.0,1470,2019-08-28,2025-07-22,2025-07-23,2025-07-23,6,10,76,d-no-vix,10
105,random_forest,1,0.55,1.0,1,1,0,1.0,0.0,1470,2019-08-28,2025-07-22,2025-07-23,2025-07-23,6,10,76,d-no-vix,10
106,xgboost,1,0.9,0.0,1,0,1,0.0,1.0,1470,2019-08-27,2025-07-21,2025-07-22,2025-07-22,6,10,76,d-no-vix,10
106,random_forest,1,0.7,0.0,1,0,1,0.0,1.0,1470,2019-08-27,2025-07-21,2025-07-22,2025-07-22,6,10,76,d-no-vix,10
107,xgboost,1,1.0,0.0,1,0,1,0.0,1.0,1470,2019-08-26,2025-07-18,2025-07-21,2025-07-21,6,10,76,d-no-vix,10
107,random_forest,1,0.8,0.0,1,0,1,0.0,1.0,1470,2019-08-26,2025-07-18,2025-07-21,2025-07-21,6,10,76,d-no-vix,10
108,xgboost,1,1.0,0.0,1,0,1,0.0,1.0,1470,2019-08-23,2025-07-17,2025-07-18,2025-07-18,6,10,76,d-no-vix,10
108,random_forest,1,0.95,0.0,1,0,1,0.0,1.0,1470,2019-08-23,2025-07-17,2025-07-18,2025-07-18,6,10,76,d-no-vix,10
109,xgboost,1,1.0,1.0,1,1,0,1.0,0.0,1470,2019-08-22,2025-07-16,2025-07-17,2025-07-17,6,10,76,d-no-vix,10
109,random_forest,1,0.9,1.0,1,1,0,1.0,0.0,1470,2019-08-22,2025-07-16,2025-07-17,2025-07-17,6,10,76,d-no-vix,10
110,xgboost,1,1.0,1.0,1,1,0,1.0,0.0,1470,2019-08-21,2025-07-15,2025-07-16,2025-07-16,6,10,76,d-no-vix,10
110,random_forest,1,0.9,1.0,1,1,0,1.0,0.0,1470,2019-08-21,2025-07-15,2025-07-16,2025-07-16,6,10,76,d-no-vix,10
111,xgboost,1,1.0,1.0,1,1,0,1.0,0.0,1470,2019-08-20,2025-07-14,2025-07-15,2025-07-15,6,10,76,d-no-vix,10
111,random_forest,1,1.0,1.0,1,1,0,1.0,0.0,1470,2019-08-20,2025-07-14,2025-07-15,2025-07-15,6,10,76,d-no-vix,10
112,xgboost,1,1.0,1.0,1,1,0,1.0,0.0,1470,2019-08-19,2025-07-11,2025-07-14,2025-07-14,6,10,76,d-no-vix,10
112,random_forest,1,0.95,1.0,1,1,0,1.0,0.0,1470,2019-08-19,2025-07-11,2025-07-14,2025-07-14,6,10,76,d-no-vix,10
113,xgboost,1,1.0,1.0,1,1,0,1.0,0.0,1470,2019-08-16,2025-07-10,2025-07-11,2025-07-11,6,10,76,d-no-vix,10
113,random_forest,1,0.95,1.0,1,1,0,1.0,0.0,1470,2019-08-16,2025-07-10,2025-07-11,2025-07-11,6,10,76,d-no-vix,10
114,xgboost,1,1.0,1.0,1,1,0,1.0,0.0,1470,2019-08-15,2025-07-09,2025-07-10,2025-07-10,6,10,76,d-no-vix,10
114,random_forest,1,0.95,1.0,1,1,0,1.0,0.0,1470,2019-08-15,2025-07-09,2025-07-10,2025-07-10,6,10,76,d-no-vix,10
115,xgboost,1,1.0,1.0,1,1,0,1.0,0.0,1470,2019-08-14,2025-07-08,2025-07-09,2025-07-09,6,10,76,d-no-vix,10
115,random_forest,1,0.9,1.0,1,1,0,1.0,0.0,1470,2019-08-14,2025-07-08,2025-07-09,2025-07-09,6,10,76,d-no-vix,10
116,xgboost,1,1.0,1.0,1,1,0,1.0,0.0,1470,2019-08-13,2025-07-07,2025-07-08,2025-07-08,6,10,76,d-no-vix,10
116,random_forest,1,0.95,1.0,1,1,0,1.0,0.0,1470,2019-08-13,2025-07-07,2025-07-08,2025-07-08,6,10,76,d-no-vix,10
117,xgboost,1,1.0,1.0,1,1,0,1.0,0.0,1470,2019-08-12,2025-07-02,2025-07-07,2025-07-07,6,10,76,d-no-vix,10
117,random_forest,1,0.95,1.0,1,1,0,1.0,0.0,1470,2019-08-12,2025-07-02,2025-07-07,2025-07-07,6,10,76,d-no-vix,10
118,xgboost,1,1.0,1.0,1,1,0,1.0,0.0,1470,2019-08-09,2025-07-01,2025-07-02,2025-07-02,6,10,76,d-no-vix,10
118,random_forest,1,0.95,1.0,1,1,0,1.0,0.0,1470,2019-08-09,2025-07-01,2025-07-02,2025-07-02,6,10,76,d-no-vix,10
119,xgboost,1,1.0,1.0,1,1,0,1.0,0.0,1470,2019-08-08,2025-06-30,2025-07-01,2025-07-01,6,10,76,d-no-vix,10
119,random_forest,1,0.95,1.0,1,1,0,1.0,0.0,1470,2019-08-08,2025-06-30,2025-07-01,2025-07-01,6,10,76,d-no-vix,10
120,xgboost,1,1.0,1.0,1,1,0,1.0,0.0,1470,2019-08-07,2025-06-27,2025-06-30,2025-06-30,6,10,76,d-no-vix,10
120,random_forest,1,0.9,1.0,1,1,0,1.0,0.0,1470,2019-08-07,2025-06-27,2025-06-30,2025-06-30,6,10,76,d-no-vix,10
121,xgboost,1,1.0,1.0,1,1,0,1.0,0.0,1470,2019-08-06,2025-06-26,2025-06-27,2025-06-27,6,10,76,d-no-vix,10
121,random_forest,1,0.9,1.0,1,1,0,1.0,0.0,1470,2019-08-06,2025-06-26,2025-06-27,2025-06-27,6,10,76,d-no-vix,10
122,xgboost,1,1.0,1.0,1,1,0,1.0,0.0,1470,2019-08-05,2025-06-25,2025-06-26,2025-06-26,6,10,76,d-no-vix,10
122,random_forest,1,0.95,1.0,1,1,0,1.0,0.0,1470,2019-08-05,2025-06-25,2025-06-26,2025-06-26,6,10,76,d-no-vix,10
123,xgboost,1,1.0,1.0,1,1,0,1.0,0.0,1470,2019-08-02,2025-06-24,2025-06-25,2025-06-25,6,10,76,d-no-vix,10
123,random_forest,1,0.95,1.0,1,1,0,1.0,0.0,1470,2019-08-02,2025-06-24,2025-06-25,2025-06-25,6,10,76,d-no-vix,10
124,xgboost,1,1.0,1.0,1,1,0,1.0,0.0,1470,2019-08-01,2025-06-23,2025-06-24,2025-06-24,6,10,76,d-no-vix,10
124,random_forest,1,0.9,1.0,1,1,0,1.0,0.0,1470,2019-08-01,2025-06-23,2025-06-24,2025-06-24,6,10,76,d-no-vix,10
125,xgboost,1,1.0,1.0,1,1,0,1.0,0.0,1470,2019-07-31,2025-06-20,2025-06-23,2025-06-23,6,10,76,d-no-vix,10
125,random_forest,1,0.85,1.0,1,1,0,1.0,0.0,1470,2019-07-31,2025-06-20,2025-06-23,2025-06-23,6,10,76,d-no-vix,10
126,xgboost,1,0.95,1.0,1,1,0,1.0,0.0,1470,2019-07-30,2025-06-18,2025-06-20,2025-06-20,6,10,76,d-no-vix,10
126,random_forest,1,0.8,1.0,1,1,0,1.0,0.0,1470,2019-07-30,2025-06-18,2025-06-20,2025-06-20,6,10,76,d-no-vix,10
127,xgboost,1,1.0,1.0,1,1,0,1.0,0.0,1470,2019-07-29,2025-06-17,2025-06-18,2025-06-18,6,10,76,d-no-vix,10
127,random_forest,1,0.9,1.0,1,1,0,1.0,0.0,1470,2019-07-29,2025-06-17,2025-06-18,2025-06-18,6,10,76,d-no-vix,10
128,xgboost,1,1.0,1.0,1,1,0,1.0,0.0,1470,2019-07-26,2025-06-16,2025-06-17,2025-06-17,6,10,76,d-no-vix,10
128,random_forest,1,0.9,1.0,1,1,0,1.0,0.0,1470,2019-07-26,2025-06-16,2025-06-17,2025-06-17,6,10,76,d-no-vix,10
129,xgboost,1,1.0,1.0,1,1,0,1.0,0.0,1470,2019-07-25,2025-06-13,2025-06-16,2025-06-16,6,10,76,d-no-vix,10
129,random_forest,1,0.95,1.0,1,1,0,1.0,0.0,1470,2019-07-25,2025-06-13,2025-06-16,2025-06-16,6,10,76,d-no-vix,10
130,xgboost,1,1.0,1.0,1,1,0,1.0,0.0,1470,2019-07-24,2025-06-12,2025-06-13,2025-06-13,6,10,76,d-no-vix,10
130,random_forest,1,0.95,1.0,1,1,0,1.0,0.0,1470,2019-07-24,2025-06-12,2025-06-13,2025-06-13,6,10,76,d-no-vix,10
131,xgboost,1,1.0,1.0,1,1,0,1.0,0.0,1470,2019-07-23,2025-06-11,2025-06-12,2025-06-12,6,10,76,d-no-vix,10
131,random_forest,1,0.95,1.0,1,1,0,1.0,0.0,1470,2019-07-23,2025-06-11,2025-06-12,2025-06-12,6,10,76,d-no-vix,10
132,xgboost,1,1.0,1.0,1,1,0,1.0,0.0,1470,2019-07-22,2025-06-10,2025-06-11,2025-06-11,6,10,76,d-no-vix,10
132,random_forest,1,1.0,1.0,1,1,0,1.0,0.0,1470,2019-07-22,2025-06-10,2025-06-11,2025-06-11,6,10,76,d-no-vix,10
133,xgboost,1,1.0,1.0,1,1,0,1.0,0.0,1470,2019-07-19,2025-06-09,2025-06-10,2025-06-10,6,10,76,d-no-vix,10
133,random_forest,1,0.95,1.0,1,1,0,1.0,0.0,1470,2019-07-19,2025-06-09,2025-06-10,2025-06-10,6,10,76,d-no-vix,10
134,xgboost,1,1.0,1.0,1,1,0,1.0,0.0,1470,2019-07-18,2025-06-06,2025-06-09,2025-06-09,6,10,76,d-no-vix,10
134,random_forest,1,0.95,1.0,1,1,0,1.0,0.0,1470,2019-07-18,2025-06-06,2025-06-09,2025-06-09,6,10,76,d-no-vix,10
135,xgboost,1,1.0,1.0,1,1,0,1.0,0.0,1470,2019-07-17,2025-06-05,2025-06-06,2025-06-06,6,10,76,d-no-vix,10
135,random_forest,1,0.95,1.0,1,1,0,1.0,0.0,1470,2019-07-17,2025-06-05,2025-06-06,2025-06-06,6,10,76,d-no-vix,10
136,xgboost,1,1.0,1.0,1,1,0,1.0,0.0,1470,2019-07-16,2025-06-04,2025-06-05,2025-06-05,6,10,76,d-no-vix,10
136,random_forest,1,0.95,1.0,1,1,0,1.0,0.0,1470,2019-07-16,2025-06-04,2025-06-05,2025-06-05,6,10,76,d-no-vix,10
137,xgboost,1,1.0,1.0,1,1,0,1.0,0.0,1470,2019-07-15,2025-06-03,2025-06-04,2025-06-04,6,10,76,d-no-vix,10
137,random_forest,1,0.9,1.0,1,1,0,1.0,0.0,1470,2019-07-15,2025-06-03,2025-06-04,2025-06-04,6,10,76,d-no-vix,10
138,xgboost,1,1.0,1.0,1,1,0,1.0,0.0,1470,2019-07-12,2025-06-02,2025-06-03,2025-06-03,6,10,76,d-no-vix,10
138,random_forest,1,0.95,1.0,1,1,0,1.0,0.0,1470,2019-07-12,2025-06-02,2025-06-03,2025-06-03,6,10,76,d-no-vix,10
139,xgboost,1,1.0,1.0,1,1,0,1.0,0.0,1470,2019-07-11,2025-05-30,2025-06-02,2025-06-02,6,10,76,d-no-vix,10
139,random_forest,1,0.9,1.0,1,1,0,1.0,0.0,1470,2019-07-11,2025-05-30,2025-06-02,2025-06-02,6,10,76,d-no-vix,10
140,xgboost,1,0.95,1.0,1,1,0,1.0,0.0,1470,2019-07-10,2025-05-29,2025-05-30,2025-05-30,6,10,76,d-no-vix,10
140,random_forest,1,0.8,1.0,1,1,0,1.0,0.0,1470,2019-07-10,2025-05-29,2025-05-30,2025-05-30,6,10,76,d-no-vix,10
141,xgboost,1,1.0,1.0,1,1,0,1.0,0.0,1470,2019-07-09,2025-05-28,2025-05-29,2025-05-29,6,10,76,d-no-vix,10
141,random_forest,1,0.9,1.0,1,1,0,1.0,0.0,1470,2019-07-09,2025-05-28,2025-05-29,2025-05-29,6,10,76,d-no-vix,10
142,xgboost,1,1.0,1.0,1,1,0,1.0,0.0,1470,2019-07-08,2025-05-27,2025-05-28,2025-05-28,6,10,76,d-no-vix,10
142,random_forest,1,0.9,1.0,1,1,0,1.0,0.0,1470,2019-07-08,2025-05-27,2025-05-28,2025-05-28,6,10,76,d-no-vix,10
143,xgboost,1,1.0,1.0,1,1,0,1.0,0.0,1470,2019-07-05,2025-05-23,2025-05-27,2025-05-27,6,10,76,d-no-vix,10
143,random_forest,1,0.9,1.0,1,1,0,1.0,0.0,1470,2019-07-05,2025-05-23,2025-05-27,2025-05-27,6,10,76,d-no-vix,10
144,xgboost,1,1.0,1.0,1,1,0,1.0,0.0,1470,2019-07-02,2025-05-22,2025-05-23,2025-05-23,6,10,76,d-no-vix,10
144,random_forest,1,0.8,1.0,1,1,0,1.0,0.0,1470,2019-07-02,2025-05-22,2025-05-23,2025-05-23,6,10,76,d-no-vix,10
145,xgboost,1,1.0,1.0,1,1,0,1.0,0.0,1470,2019-07-01,2025-05-21,2025-05-22,2025-05-22,6,10,76,d-no-vix,10
145,random_forest,1,0.9,1.0,1,1,0,1.0,0.0,1470,2019-07-01,2025-05-21,2025-05-22,2025-05-22,6,10,76,d-no-vix,10
146,xgboost,1,1.0,1.0,1,1,0,1.0,0.0,1470,2019-06-28,2025-05-20,2025-05-21,2025-05-21,6,10,76,d-no-vix,10
146,random_forest,1,0.8,1.0,1,1,0,1.0,0.0,1470,2019-06-28,2025-05-20,2025-05-21,2025-05-21,6,10,76,d-no-vix,10
147,xgboost,1,1.0,1.0,1,1,0,1.0,0.0,1470,2019-06-27,2025-05-19,2025-05-20,2025-05-20,6,10,76,d-no-vix,10
147,random_forest,1,0.75,1.0,1,1,0,1.0,0.0,1470,2019-06-27,2025-05-19,2025-05-20,2025-05-20,6,10,76,d-no-vix,10
148,xgboost,1,0.8,1.0,1,1,0,1.0,0.0,1470,2019-06-26,2025-05-16,2025-05-19,2025-05-19,6,10,76,d-no-vix,10
148,random_forest,1,0.7,1.0,1,1,0,1.0,0.0,1470,2019-06-26,2025-05-16,2025-05-19,2025-05-19,6,10,76,d-no-vix,10
149,xgboost,1,0.7,1.0,1,1,0,1.0,0.0,1470,2019-06-25,2025-05-15,2025-05-16,2025-05-16,6,10,76,d-no-vix,10
149,random_forest,1,0.55,1.0,1,1,0,1.0,0.0,1470,2019-06-25,2025-05-15,2025-05-16,2025-05-16,6,10,76,d-no-vix,10
150,xgboost,1,1.0,0.0,1,0,1,0.0,1.0,1470,2019-06-24,2025-05-14,2025-05-15,2025-05-15,6,10,76,d-no-vix,10
150,random_forest,1,0.9,0.0,1,0,1,0.0,1.0,1470,2019-06-24,2025-05-14,2025-05-15,2025-05-15,6,10,76,d-no-vix,10
151,xgboost,1,1.0,1.0,1,1,0,1.0,0.0,1470,2019-06-21,2025-05-13,2025-05-14,2025-05-14,6,10,76,d-no-vix,10
151,random_forest,1,0.85,1.0,1,1,0,1.0,0.0,1470,2019-06-21,2025-05-13,2025-05-14,2025-05-14,6,10,76,d-no-vix,10
152,xgboost,1,1.0,1.0,1,1,0,1.0,0.0,1470,2019-06-20,2025-05-12,2025-05-13,2025-05-13,6,10,76,d-no-vix,10
152,random_forest,1,0.75,1.0,1,1,0,1.0,0.0,1470,2019-06-20,2025-05-12,2025-05-13,2025-05-13,6,10,76,d-no-vix,10
153,xgboost,1,1.0,1.0,1,1,0,1.0,0.0,1470,2019-06-19,2025-05-09,2025-05-12,2025-05-12,6,10,76,d-no-vix,10
153,random_forest,1,0.8,1.0,1,1,0,1.0,0.0,1470,2019-06-19,2025-05-09,2025-05-12,2025-05-12,6,10,76,d-no-vix,10
154,xgboost,1,1.0,1.0,1,1,0,1.0,0.0,1470,2019-06-18,2025-05-08,2025-05-09,2025-05-09,6,10,76,d-no-vix,10
154,random_forest,1,0.9,1.0,1,1,0,1.0,0.0,1470,2019-06-18,2025-05-08,2025-05-09,2025-05-09,6,10,76,d-no-vix,10
155,xgboost,1,1.0,1.0,1,1,0,1.0,0.0,1470,2019-06-17,2025-05-07,2025-05-08,2025-05-08,6,10,76,d-no-vix,10
155,random_forest,1,0.85,1.0,1,1,0,1.0,0.0,1470,2019-06-17,2025-05-07,2025-05-08,2025-05-08,6,10,76,d-no-vix,10
156,xgboost,1,1.0,1.0,1,1,0,1.0,0.0,1470,2019-06-14,2025-05-06,2025-05-07,2025-05-07,6,10,76,d-no-vix,10
156,random_forest,1,0.9,1.0,1,1,0,1.0,0.0,1470,2019-06-14,2025-05-06,2025-05-07,2025-05-07,6,10,76,d-no-vix,10
157,xgboost,1,1.0,1.0,1,1,0,1.0,0.0,1470,2019-06-13,2025-05-05,2025-05-06,2025-05-06,6,10,76,d-no-vix,10
157,random_forest,1,0.85,1.0,1,1,0,1.0,0.0,1470,2019-06-13,2025-05-05,2025-05-06,2025-05-06,6,10,76,d-no-vix,10
158,xgboost,1,1.0,1.0,1,1,0,1.0,0.0,1470,2019-06-12,2025-05-02,2025-05-05,2025-05-05,6,10,76,d-no-vix,10
158,random_forest,1,0.8,1.0,1,1,0,1.0,0.0,1470,2019-06-12,2025-05-02,2025-05-05,2025-05-05,6,10,76,d-no-vix,10
159,xgboost,1,1.0,1.0,1,1,0,1.0,0.0,1470,2019-06-11,2025-05-01,2025-05-02,2025-05-02,6,10,76,d-no-vix,10
159,random_forest,1,0.75,1.0,1,1,0,1.0,0.0,1470,2019-06-11,2025-05-01,2025-05-02,2025-05-02,6,10,76,d-no-vix,10
160,xgboost,1,1.0,1.0,1,1,0,1.0,0.0,1470,2019-06-10,2025-04-30,2025-05-01,2025-05-01,6,10,76,d-no-vix,10
160,random_forest,1,0.75,1.0,1,1,0,1.0,0.0,1470,2019-06-10,2025-04-30,2025-05-01,2025-05-01,6,10,76,d-no-vix,10
161,xgboost,1,1.0,1.0,1,1,0,1.0,0.0,1470,2019-06-07,2025-04-29,2025-04-30,2025-04-30,6,10,76,d-no-vix,10
161,random_forest,1,0.85,1.0,1,1,0,1.0,0.0,1470,2019-06-07,2025-04-29,2025-04-30,2025-04-30,6,10,76,d-no-vix,10
162,xgboost,1,1.0,1.0,1,1,0,1.0,0.0,1470,2019-06-06,2025-04-28,2025-04-29,2025-04-29,6,10,76,d-no-vix,10
162,random_forest,1,0.9,1.0,1,1,0,1.0,0.0,1470,2019-06-06,2025-04-28,2025-04-29,2025-04-29,6,10,76,d-no-vix,10
163,xgboost,1,1.0,1.0,1,1,0,1.0,0.0,1470,2019-06-05,2025-04-25,2025-04-28,2025-04-28,6,10,76,d-no-vix,10
163,random_forest,1,0.85,1.0,1,1,0,1.0,0.0,1470,2019-06-05,2025-04-25,2025-04-28,2025-04-28,6,10,76,d-no-vix,10
164,xgboost,1,1.0,1.0,1,1,0,1.0,0.0,1470,2019-06-04,2025-04-24,2025-04-25,2025-04-25,6,10,76,d-no-vix,10
164,random_forest,1,0.8,1.0,1,1,0,1.0,0.0,1470,2019-06-04,2025-04-24,2025-04-25,2025-04-25,6,10,76,d-no-vix,10
165,xgboost,1,1.0,1.0,1,1,0,1.0,0.0,1470,2019-06-03,2025-04-23,2025-04-24,2025-04-24,6,10,76,d-no-vix,10
165,random_forest,1,0.85,1.0,1,1,0,1.0,0.0,1470,2019-06-03,2025-04-23,2025-04-24,2025-04-24,6,10,76,d-no-vix,10
166,xgboost,1,1.0,1.0,1,1,0,1.0,0.0,1470,2019-05-31,2025-04-22,2025-04-23,2025-04-23,6,10,76,d-no-vix,10
166,random_forest,1,0.8,1.0,1,1,0,1.0,0.0,1470,2019-05-31,2025-04-22,2025-04-23,2025-04-23,6,10,76,d-no-vix,10
167,xgboost,1,1.0,1.0,1,1,0,1.0,0.0,1470,2019-05-30,2025-04-21,2025-04-22,2025-04-22,6,10,76,d-no-vix,10
167,random_forest,1,0.9,1.0,1,1,0,1.0,0.0,1470,2019-05-30,2025-04-21,2025-04-22,2025-04-22,6,10,76,d-no-vix,10
168,xgboost,1,1.0,1.0,1,1,0,1.0,0.0,1470,2019-05-29,2025-04-17,2025-04-21,2025-04-21,6,10,76,d-no-vix,10
168,random_forest,1,0.8,1.0,1,1,0,1.0,0.0,1470,2019-05-29,2025-04-17,2025-04-21,2025-04-21,6,10,76,d-no-vix,10
169,xgboost,1,1.0,1.0,1,1,0,1.0,0.0,1470,2019-05-28,2025-04-16,2025-04-17,2025-04-17,6,10,76,d-no-vix,10
169,random_forest,1,0.9,1.0,1,1,0,1.0,0.0,1470,2019-05-28,2025-04-16,2025-04-17,2025-04-17,6,10,76,d-no-vix,10
170,xgboost,1,1.0,1.0,1,1,0,1.0,0.0,1470,2019-05-24,2025-04-15,2025-04-16,2025-04-16,6,10,76,d-no-vix,10
170,random_forest,1,0.8,1.0,1,1,0,1.0,0.0,1470,2019-05-24,2025-04-15,2025-04-16,2025-04-16,6,10,76,d-no-vix,10
171,xgboost,1,1.0,1.0,1,1,0,1.0,0.0,1470,2019-05-23,2025-04-14,2025-04-15,2025-04-15,6,10,76,d-no-vix,10
171,random_forest,1,0.9,1.0,1,1,0,1.0,0.0,1470,2019-05-23,2025-04-14,2025-04-15,2025-04-15,6,10,76,d-no-vix,10
172,xgboost,1,1.0,1.0,1,1,0,1.0,0.0,1470,2019-05-22,2025-04-11,2025-04-14,2025-04-14,6,10,76,d-no-vix,10
172,random_forest,1,0.75,1.0,1,1,0,1.0,0.0,1470,2019-05-22,2025-04-11,2025-04-14,2025-04-14,6,10,76,d-no-vix,10
173,xgboost,1,0.95,1.0,1,1,0,1.0,0.0,1470,2019-05-21,2025-04-10,2025-04-11,2025-04-11,6,10,76,d-no-vix,10
173,random_forest,1,0.6,1.0,1,1,0,1.0,0.0,1470,2019-05-21,2025-04-10,2025-04-11,2025-04-11,6,10,76,d-no-vix,10
174,xgboost,1,1.0,1.0,1,1,0,1.0,0.0,1470,2019-05-20,2025-04-09,2025-04-10,2025-04-10,6,10,76,d-no-vix,10
174,random_forest,1,0.6,1.0,1,1,0,1.0,0.0,1470,2019-05-20,2025-04-09,2025-04-10,2025-04-10,6,10,76,d-no-vix,10
175,xgboost,1,0.95,1.0,1,1,0,1.0,0.0,1470,2019-05-17,2025-04-08,2025-04-09,2025-04-09,6,10,76,d-no-vix,10
175,random_forest,1,0.5,0.0,1,1,0,1.0,0.0,1470,2019-05-17,2025-04-08,2025-04-09,2025-04-09,6,10,76,d-no-vix,10
176,xgboost,1,1.0,1.0,1,1,0,1.0,0.0,1470,2019-05-16,2025-04-07,2025-04-08,2025-04-08,6,10,76,d-no-vix,10
176,random_forest,1,0.85,1.0,1,1,0,1.0,0.0,1470,2019-05-16,2025-04-07,2025-04-08,2025-04-08,6,10,76,d-no-vix,10
177,xgboost,1,0.95,1.0,1,1,0,1.0,0.0,1470,2019-05-15,2025-04-04,2025-04-07,2025-04-07,6,10,76,d-no-vix,10
177,random_forest,1,0.65,1.0,1,1,0,1.0,0.0,1470,2019-05-15,2025-04-04,2025-04-07,2025-04-07,6,10,76,d-no-vix,10
178,xgboost,1,0.8,1.0,1,1,0,1.0,0.0,1470,2019-05-14,2025-04-03,2025-04-04,2025-04-04,6,10,76,d-no-vix,10
178,random_forest,1,0.65,1.0,1,1,0,1.0,0.0,1470,2019-05-14,2025-04-03,2025-04-04,2025-04-04,6,10,76,d-no-vix,10
179,xgboost,1,0.2,1.0,1,0,1,0.0,1.0,1470,2019-05-13,2025-04-02,2025-04-03,2025-04-03,6,10,76,d-no-vix,10
179,random_forest,1,0.35,1.0,1,0,1,0.0,1.0,1470,2019-05-13,2025-04-02,2025-04-03,2025-04-03,6,10,76,d-no-vix,10
180,xgboost,1,0.0,1.0,1,0,1,0.0,1.0,1470,2019-05-10,2025-04-01,2025-04-02,2025-04-02,6,10,76,d-no-vix,10
180,random_forest,1,0.05,1.0,1,0,1,0.0,1.0,1470,2019-05-10,2025-04-01,2025-04-02,2025-04-02,6,10,76,d-no-vix,10
181,xgboost,1,0.0,1.0,1,0,1,0.0,1.0,1470,2019-05-09,2025-03-31,2025-04-01,2025-04-01,6,10,76,d-no-vix,10
181,random_forest,1,0.1,1.0,1,0,1,0.0,1.0,1470,2019-05-09,2025-03-31,2025-04-01,2025-04-01,6,10,76,d-no-vix,10
182,xgboost,1,0.05,1.0,1,0,1,0.0,1.0,1470,2019-05-08,2025-03-28,2025-03-31,2025-03-31,6,10,76,d-no-vix,10
182,random_forest,1,0.2,1.0,1,0,1,0.0,1.0,1470,2019-05-08,2025-03-28,2025-03-31,2025-03-31,6,10,76,d-no-vix,10
183,xgboost,1,0.1,1.0,1,0,1,0.0,1.0,1470,2019-05-07,2025-03-27,2025-03-28,2025-03-28,6,10,76,d-no-vix,10
183,random_forest,1,0.15,1.0,1,0,1,0.0,1.0,1470,2019-05-07,2025-03-27,2025-03-28,2025-03-28,6,10,76,d-no-vix,10
184,xgboost,1,0.0,1.0,1,0,1,0.0,1.0,1470,2019-05-06,2025-03-26,2025-03-27,2025-03-27,6,10,76,d-no-vix,10
184,random_forest,1,0.1,1.0,1,0,1,0.0,1.0,1470,2019-05-06,2025-03-26,2025-03-27,2025-03-27,6,10,76,d-no-vix,10
185,xgboost,1,0.15,1.0,1,0,1,0.0,1.0,1470,2019-05-03,2025-03-25,2025-03-26,2025-03-26,6,10,76,d-no-vix,10
185,random_forest,1,0.15,1.0,1,0,1,0.0,1.0,1470,2019-05-03,2025-03-25,2025-03-26,2025-03-26,6,10,76,d-no-vix,10
186,xgboost,1,0.1,1.0,1,0,1,0.0,1.0,1470,2019-05-02,2025-03-24,2025-03-25,2025-03-25,6,10,76,d-no-vix,10
186,random_forest,1,0.25,1.0,1,0,1,0.0,1.0,1470,2019-05-02,2025-03-24,2025-03-25,2025-03-25,6,10,76,d-no-vix,10
187,xgboost,1,0.05,1.0,1,0,1,0.0,1.0,1470,2019-05-01,2025-03-21,2025-03-24,2025-03-24,6,10,76,d-no-vix,10
187,random_forest,1,0.2,1.0,1,0,1,0.0,1.0,1470,2019-05-01,2025-03-21,2025-03-24,2025-03-24,6,10,76,d-no-vix,10
188,xgboost,1,0.15,1.0,1,0,1,0.0,1.0,1470,2019-04-30,2025-03-20,2025-03-21,2025-03-21,6,10,76,d-no-vix,10
188,random_forest,1,0.1,1.0,1,0,1,0.0,1.0,1470,2019-04-30,2025-03-20,2025-03-21,2025-03-21,6,10,76,d-no-vix,10
189,xgboost,1,0.05,1.0,1,0,1,0.0,1.0,1470,2019-04-29,2025-03-19,2025-03-20,2025-03-20,6,10,76,d-no-vix,10
189,random_forest,1,0.2,1.0,1,0,1,0.0,1.0,1470,2019-04-29,2025-03-19,2025-03-20,2025-03-20,6,10,76,d-no-vix,10
190,xgboost,1,0.05,1.0,1,0,1,0.0,1.0,1470,2019-04-26,2025-03-18,2025-03-19,2025-03-19,6,10,76,d-no-vix,10
190,random_forest,1,0.2,1.0,1,0,1,0.0,1.0,1470,2019-04-26,2025-03-18,2025-03-19,2025-03-19,6,10,76,d-no-vix,10
191,xgboost,1,0.35,1.0,1,0,1,0.0,1.0,1470,2019-04-25,2025-03-17,2025-03-18,2025-03-18,6,10,76,d-no-vix,10
191,random_forest,1,0.35,1.0,1,0,1,0.0,1.0,1470,2019-04-25,2025-03-17,2025-03-18,2025-03-18,6,10,76,d-no-vix,10
192,xgboost,1,0.05,1.0,1,0,1,0.0,1.0,1470,2019-04-24,2025-03-14,2025-03-17,2025-03-17,6,10,76,d-no-vix,10
192,random_forest,1,0.3,1.0,1,0,1,0.0,1.0,1470,2019-04-24,2025-03-14,2025-03-17,2025-03-17,6,10,76,d-no-vix,10
193,xgboost,1,0.85,0.0,1,0,1,0.0,1.0,1470,2019-04-23,2025-03-13,2025-03-14,2025-03-14,6,10,76,d-no-vix,10
193,random_forest,1,0.6,0.0,1,0,1,0.0,1.0,1470,2019-04-23,2025-03-13,2025-03-14,2025-03-14,6,10,76,d-no-vix,10
194,xgboost,1,1.0,1.0,1,1,0,1.0,0.0,1470,2019-04-22,2025-03-12,2025-03-13,2025-03-13,6,10,76,d-no-vix,10
194,random_forest,1,0.65,1.0,1,1,0,1.0,0.0,1470,2019-04-22,2025-03-12,2025-03-13,2025-03-13,6,10,76,d-no-vix,10
195,xgboost,1,0.4,0.0,1,1,0,1.0,0.0,1470,2019-04-18,2025-03-11,2025-03-12,2025-03-12,6,10,76,d-no-vix,10
195,random_forest,1,0.5,0.0,1,1,0,1.0,0.0,1470,2019-04-18,2025-03-11,2025-03-12,2025-03-12,6,10,76,d-no-vix,10
196,xgboost,1,0.4,0.0,1,1,0,1.0,0.0,1470,2019-04-17,2025-03-10,2025-03-11,2025-03-11,6,10,76,d-no-vix,10
196,random_forest,1,0.5,1.0,1,1,0,1.0,0.0,1470,2019-04-17,2025-03-10,2025-03-11,2025-03-11,6,10,76,d-no-vix,10
197,xgboost,1,0.1,0.0,1,1,0,1.0,0.0,1470,2019-04-16,2025-03-07,2025-03-10,2025-03-10,6,10,76,d-no-vix,10
197,random_forest,1,0.4,0.0,1,1,0,1.0,0.0,1470,2019-04-16,2025-03-07,2025-03-10,2025-03-10,6,10,76,d-no-vix,10
198,xgboost,1,0.05,1.0,1,0,1,0.0,1.0,1470,2019-04-15,2025-03-06,2025-03-07,2025-03-07,6,10,76,d-no-vix,10
198,random_forest,1,0.3,1.0,1,0,1,0.0,1.0,1470,2019-04-15,2025-03-06,2025-03-07,2025-03-07,6,10,76,d-no-vix,10
199,xgboost,1,0.05,1.0,1,0,1,0.0,1.0,1470,2019-04-12,2025-03-05,2025-03-06,2025-03-06,6,10,76,d-no-vix,10
199,random_forest,1,0.4,1.0,1,0,1,0.0,1.0,1470,2019-04-12,2025-03-05,2025-03-06,2025-03-06,6,10,76,d-no-vix,10
200,xgboost,1,0.0,1.0,1,0,1,0.0,1.0,1470,2019-04-11,2025-03-04,2025-03-05,2025-03-05,6,10,76,d-no-vix,10
200,random_forest,1,0.2,1.0,1,0,1,0.0,1.0,1470,2019-04-11,2025-03-04,2025-03-05,2025-03-05,6,10,76,d-no-vix,10
201,xgboost,1,0.15,1.0,1,0,1,0.0,1.0,1470,2019-04-10,2025-03-03,2025-03-04,2025-03-04,6,10,76,d-no-vix,10
201,random_forest,1,0.3,1.0,1,0,1,0.0,1.0,1470,2019-04-10,2025-03-03,2025-03-04,2025-03-04,6,10,76,d-no-vix,10
202,xgboost,1,0.05,1.0,1,0,1,0.0,1.0,1470,2019-04-09,2025-02-28,2025-03-03,2025-03-03,6,10,76,d-no-vix,10
202,random_forest,1,0.35,1.0,1,0,1,0.0,1.0,1470,2019-04-09,2025-02-28,2025-03-03,2025-03-03,6,10,76,d-no-vix,10
203,xgboost,1,0.15,1.0,1,0,1,0.0,1.0,1470,2019-04-08,2025-02-27,2025-02-28,2025-02-28,6,10,76,d-no-vix,10
203,random_forest,1,0.5,0.0,1,0,1,0.0,1.0,1470,2019-04-08,2025-02-27,2025-02-28,2025-02-28,6,10,76,d-no-vix,10
204,xgboost,1,0.25,1.0,1,0,1,0.0,1.0,1470,2019-04-05,2025-02-26,2025-02-27,2025-02-27,6,10,76,d-no-vix,10
204,random_forest,1,0.45,1.0,1,0,1,0.0,1.0,1470,2019-04-05,2025-02-26,2025-02-27,2025-02-27,6,10,76,d-no-vix,10
205,xgboost,1,0.0,1.0,1,0,1,0.0,1.0,1470,2019-04-04,2025-02-25,2025-02-26,2025-02-26,6,10,76,d-no-vix,10
205,random_forest,1,0.35,1.0,1,0,1,0.0,1.0,1470,2019-04-04,2025-02-25,2025-02-26,2025-02-26,6,10,76,d-no-vix,10
206,xgboost,1,0.05,1.0,1,0,1,0.0,1.0,1470,2019-04-03,2025-02-24,2025-02-25,2025-02-25,6,10,76,d-no-vix,10
206,random_forest,1,0.4,1.0,1,0,1,0.0,1.0,1470,2019-04-03,2025-02-24,2025-02-25,2025-02-25,6,10,76,d-no-vix,10
207,xgboost,1,0.45,1.0,1,0,1,0.0,1.0,1470,2019-04-02,2025-02-21,2025-02-24,2025-02-24,6,10,76,d-no-vix,10
207,random_forest,1,0.45,1.0,1,0,1,0.0,1.0,1470,2019-04-02,2025-02-21,2025-02-24,2025-02-24,6,10,76,d-no-vix,10
208,xgboost,1,0.2,1.0,1,0,1,0.0,1.0,1470,2019-04-01,2025-02-20,2025-02-21,2025-02-21,6,10,76,d-no-vix,10
208,random_forest,1,0.4,1.0,1,0,1,0.0,1.0,1470,2019-04-01,2025-02-20,2025-02-21,2025-02-21,6,10,76,d-no-vix,10
209,xgboost,1,0.1,1.0,1,0,1,0.0,1.0,1470,2019-03-29,2025-02-19,2025-02-20,2025-02-20,6,10,76,d-no-vix,10
209,random_forest,1,0.25,1.0,1,0,1,0.0,1.0,1470,2019-03-29,2025-02-19,2025-02-20,2025-02-20,6,10,76,d-no-vix,10
210,xgboost,1,0.0,1.0,1,0,1,0.0,1.0,1470,2019-03-28,2025-02-18,2025-02-19,2025-02-19,6,10,76,d-no-vix,10
210,random_forest,1,0.15,1.0,1,0,1,0.0,1.0,1470,2019-03-28,2025-02-18,2025-02-19,2025-02-19,6,10,76,d-no-vix,10
211,xgboost,1,0.0,1.0,1,0,1,0.0,1.0,1470,2019-03-27,2025-02-14,2025-02-18,2025-02-18,6,10,76,d-no-vix,10
211,random_forest,1,0.3,1.0,1,0,1,0.0,1.0,1470,2019-03-27,2025-02-14,2025-02-18,2025-02-18,6,10,76,d-no-vix,10
212,xgboost,1,0.05,1.0,1,0,1,0.0,1.0,1470,2019-03-26,2025-02-13,2025-02-14,2025-02-14,6,10,76,d-no-vix,10
212,random_forest,1,0.35,1.0,1,0,1,0.0,1.0,1470,2019-03-26,2025-02-13,2025-02-14,2025-02-14,6,10,76,d-no-vix,10
213,xgboost,1,0.05,1.0,1,0,1,0.0,1.0,1470,2019-03-25,2025-02-12,2025-02-13,2025-02-13,6,10,76,d-no-vix,10
213,random_forest,1,0.35,1.0,1,0,1,0.0,1.0,1470,2019-03-25,2025-02-12,2025-02-13,2025-02-13,6,10,76,d-no-vix,10
214,xgboost,1,0.1,1.0,1,0,1,0.0,1.0,1470,2019-03-22,2025-02-11,2025-02-12,2025-02-12,6,10,76,d-no-vix,10
214,random_forest,1,0.35,1.0,1,0,1,0.0,1.0,1470,2019-03-22,2025-02-11,2025-02-12,2025-02-12,6,10,76,d-no-vix,10
215,xgboost,1,0.0,1.0,1,0,1,0.0,1.0,1470,2019-03-21,2025-02-10,2025-02-11,2025-02-11,6,10,76,d-no-vix,10
215,random_forest,1,0.25,1.0,1,0,1,0.0,1.0,1470,2019-03-21,2025-02-10,2025-02-11,2025-02-11,6,10,76,d-no-vix,10
216,xgboost,1,0.1,1.0,1,0,1,0.0,1.0,1470,2019-03-20,2025-02-07,2025-02-10,2025-02-10,6,10,76,d-no-vix,10
216,random_forest,1,0.4,1.0,1,0,1,0.0,1.0,1470,2019-03-20,2025-02-07,2025-02-10,2025-02-10,6,10,76,d-no-vix,10
217,xgboost,1,0.9,0.0,1,0,1,0.0,1.0,1470,2019-03-19,2025-02-06,2025-02-07,2025-02-07,6,10,76,d-no-vix,10
217,random_forest,1,0.6,0.0,1,0,1,0.0,1.0,1470,2019-03-19,2025-02-06,2025-02-07,2025-02-07,6,10,76,d-no-vix,10
218,xgboost,1,0.9,0.0,1,0,1,0.0,1.0,1470,2019-03-18,2025-02-05,2025-02-06,2025-02-06,6,10,76,d-no-vix,10
218,random_forest,1,0.7,0.0,1,0,1,0.0,1.0,1470,2019-03-18,2025-02-05,2025-02-06,2025-02-06,6,10,76,d-no-vix,10
219,xgboost,1,0.7,1.0,1,1,0,1.0,0.0,1470,2019-03-15,2025-02-04,2025-02-05,2025-02-05,6,10,76,d-no-vix,10
219,random_forest,1,0.65,1.0,1,1,0,1.0,0.0,1470,2019-03-15,2025-02-04,2025-02-05,2025-02-05,6,10,76,d-no-vix,10
220,xgboost,1,0.5,1.0,1,1,0,1.0,0.0,1470,2019-03-14,2025-02-03,2025-02-04,2025-02-04,6,10,76,d-no-vix,10
220,random_forest,1,0.65,1.0,1,1,0,1.0,0.0,1470,2019-03-14,2025-02-03,2025-02-04,2025-02-04,6,10,76,d-no-vix,10
221,xgboost,1,0.95,1.0,1,1,0,1.0,0.0,1470,2019-03-13,2025-01-31,2025-02-03,2025-02-03,6,10,76,d-no-vix,10
221,random_forest,1,0.65,1.0,1,1,0,1.0,0.0,1470,2019-03-13,2025-01-31,2025-02-03,2025-02-03,6,10,76,d-no-vix,10
222,xgboost,1,0.95,1.0,1,1,0,1.0,0.0,1470,2019-03-12,2025-01-30,2025-01-31,2025-01-31,6,10,76,d-no-vix,10
222,random_forest,1,0.65,1.0,1,1,0,1.0,0.0,1470,2019-03-12,2025-01-30,2025-01-31,2025-01-31,6,10,76,d-no-vix,10
223,xgboost,1,0.85,1.0,1,1,0,1.0,0.0,1470,2019-03-11,2025-01-29,2025-01-30,2025-01-30,6,10,76,d-no-vix,10
223,random_forest,1,0.65,1.0,1,1,0,1.0,0.0,1470,2019-03-11,2025-01-29,2025-01-30,2025-01-30,6,10,76,d-no-vix,10
224,xgboost,1,0.9,1.0,1,1,0,1.0,0.0,1470,2019-03-08,2025-01-28,2025-01-29,2025-01-29,6,10,76,d-no-vix,10
224,random_forest,1,0.65,1.0,1,1,0,1.0,0.0,1470,2019-03-08,2025-01-28,2025-01-29,2025-01-29,6,10,76,d-no-vix,10
225,xgboost,1,0.25,0.0,1,1,0,1.0,0.0,1470,2019-03-07,2025-01-27,2025-01-28,2025-01-28,6,10,76,d-no-vix,10
225,random_forest,1,0.4,0.0,1,1,0,1.0,0.0,1470,2019-03-07,2025-01-27,2025-01-28,2025-01-28,6,10,76,d-no-vix,10
226,xgboost,1,0.0,0.0,1,1,0,1.0,0.0,1470,2019-03-06,2025-01-24,2025-01-27,2025-01-27,6,10,76,d-no-vix,10
226,random_forest,1,0.4,0.0,1,1,0,1.0,0.0,1470,2019-03-06,2025-01-24,2025-01-27,2025-01-27,6,10,76,d-no-vix,10
227,xgboost,1,0.0,1.0,1,0,1,0.0,1.0,1470,2019-03-05,2025-01-23,2025-01-24,2025-01-24,6,10,76,d-no-vix,10
227,random_forest,1,0.2,1.0,1,0,1,0.0,1.0,1470,2019-03-05,2025-01-23,2025-01-24,2025-01-24,6,10,76,d-no-vix,10
228,xgboost,1,0.0,1.0,1,0,1,0.0,1.0,1470,2019-03-04,2025-01-22,2025-01-23,2025-01-23,6,10,76,d-no-vix,10
228,random_forest,1,0.25,1.0,1,0,1,0.0,1.0,1470,2019-03-04,2025-01-22,2025-01-23,2025-01-23,6,10,76,d-no-vix,10
