,Indicator,Type,Category,velocity_25,velocity_25_global,velocity_25_type_local,velocity_25_cat_local,Lift_Consistency_5,Lift_Consistency_10,Lift_Consistency_20,Rel_Lift_Consistency_5,Rel_Lift_Consistency_10,Rel_Lift_Consistency_20,Dist_Consistency
0,10_EMA_100,Raw,trend_ratio,0.002547166762780758,slow,slow,fast,0.2938017917282793,0.3154602303590549,0.3529493122887848,0.26269001030920003,0.2438083682042055,0.23636106666342047,0.09983717139661913
1,10_EMA_200,Raw,trend_ratio,0.002733065691295349,slow,slow,fast,0.29205229944877664,0.31189069970623406,0.35678319437850936,0.2515165932653859,0.24500501875249134,0.2781563102933639,0.10472553072344029
2,10_EMA_25,Raw,trend_ratio,0.0015324733353185916,slow,slow,moderate,0.21599262779204825,0.23694509759837404,0.2830800608977973,0.18538563632005764,0.18586325104955584,0.19024388702136508,0.07575371730627128
3,10_EMA_50,Raw,trend_ratio,0.0021835838368453623,slow,slow,moderate,0.22562626793530274,0.2586185174297728,0.30554214255905693,0.20047777279895657,0.21036399207153125,0.22300244759141963,0.08420704633450118
4,10_ESMA_100,Raw,trend_ratio,0.002815536473626839,slow,slow,fast,0.2599384329611171,0.3029012764194574,0.33528034421451264,0.22808631703428997,0.23642105403422098,0.23243392650675457,0.09265463153101511
5,10_ESMA_200,Raw,trend_ratio,0.0028616213370496755,slow,slow,fast,0.3042395715006333,0.3457741928954088,0.40599677001617157,0.2630843047337231,0.28413205221021726,0.326714190871742,0.11201908798504628
6,10_ESMA_25,Raw,trend_ratio,0.002337885427461607,slow,slow,fast,0.2249114175328888,0.23004561179046215,0.27562138284730026,0.2055797686661521,0.19370294095790497,0.20021762185132744,0.06508662300067596
7,10_ESMA_50,Raw,trend_ratio,0.0026719183414371014,slow,slow,fast,0.24481014908975812,0.2658598113589078,0.3172536747217447,0.22126637246818404,0.22771953997482333,0.2296678635089534,0.08361341342254364
8,10_SMA_100,Raw,trend_ratio,0.002807984149786927,slow,slow,fast,0.25876009817407447,0.28118324768228575,0.3347706024915923,0.22265746512952056,0.21124380687950162,0.22297901325212313,0.09167839868647273
9,10_SMA_200,Raw,trend_ratio,0.0028309541246613512,slow,slow,fast,0.30472712334164753,0.3264474600433395,0.3905314477728622,0.26327540650993103,0.26633628962887496,0.3068614819484859,0.11090457293970266
10,10_SMA_25,Raw,trend_ratio,0.002300178119686992,slow,slow,fast,0.2072088830117043,0.22149254165072135,0.28530849916830753,0.19166730537081494,0.18171587641152895,0.2084605941957008,0.06485120669484767
11,10_SMA_50,Raw,trend_ratio,0.0026506409951692145,slow,slow,fast,0.23914331156701418,0.2563968594060838,0.32871705968547815,0.2202570763273012,0.21804124368296252,0.25048554773853343,0.07966160427795493
12,100_EMA_200,Raw,trend_ratio,0.00036270018301336215,slow,,,0.26564556670653383,0.35986127089526704,0.41377794167620857,0.22620149603080067,0.3040515233691345,0.3159469807442932,0.12493481101814859
13,100_ESMA_200,Raw,trend_ratio,0.0006150559770732244,slow,slow,slow,0.3191877751181742,0.36941864513812306,0.4048312122676698,0.2844945933781475,0.3202503667852424,0.315105960958945,0.12415066107001096
14,100_SMA_200,Raw,trend_ratio,0.0005961284585690064,slow,slow,slow,0.2449004828346743,0.31982701347926734,0.4033616651288405,0.22192224575889377,0.26265837494460936,0.32033575027598393,0.11356211959380344
15,25_EMA_100,Raw,trend_ratio,0.0012547292160564243,slow,slow,moderate,0.2734020016324845,0.324769032576317,0.36020829956414757,0.23812889957914946,0.25655440445414723,0.261382128942834,0.10473525151664494
16,25_EMA_200,Raw,trend_ratio,0.0015203319323977022,slow,slow,moderate,0.27408908878497784,0.3368855265693415,0.39294067008663536,0.2311188265324701,0.2759973385778585,0.31522156779436733,0.11109412989114292
17,25_EMA_50,Raw,trend_ratio,0.0007742489762809815,slow,slow,slow,0.2747135419488828,0.28289551117962064,0.3349121041913256,0.24021720332895954,0.215689817172816,0.2379321588974047,0.09492207393429893
18,25_ESMA_100,Raw,trend_ratio,0.0016169109225436958,slow,slow,moderate,0.2579246922427685,0.29188819110748077,0.3480223538416188,0.21638301361595144,0.21561014242173768,0.2512914912218293,0.09662029790213945
19,25_ESMA_200,Raw,trend_ratio,0.0017115275129154543,slow,slow,moderate,0.3185424146011237,0.34857276606131604,0.41023384744516206,0.2763799211651543,0.29754290333579547,0.3279550256736001,0.11637736393060837
20,25_ESMA_50,Raw,trend_ratio,0.0013663942108815082,slow,slow,moderate,0.22903565376887214,0.26614467424574584,0.3151422700714925,0.21006997739666516,0.22332884733010727,0.23735410481289898,0.084209186843844
21,25_SMA_100,Raw,trend_ratio,0.0016158972489271808,slow,slow,moderate,0.22892712332232915,0.28743982137268975,0.3445405865663578,0.19850208470363537,0.22188650695082768,0.2568787857498838,0.09267636469168149
22,25_SMA_200,Raw,trend_ratio,0.0017019884540520364,slow,slow,moderate,0.3111247327155899,0.35317146414238865,0.3925227835995412,0.26971188382894834,0.30028224412607996,0.3147698703821577,0.11342587272009837
23,25_SMA_50,Raw,trend_ratio,0.0013568602053018193,slow,slow,moderate,0.24123805276813615,0.26678437334445226,0.29536257715050873,0.21816916678976944,0.2212345006372108,0.21984319146028378,0.0778577565348961
24,50_EMA_100,Raw,trend_ratio,0.0005290903023168085,slow,slow,slow,0.2681618233180957,0.33149415385931147,0.383237502193692,0.2334039943296287,0.27302371150587607,0.3110136140198786,0.10824431564037856
25,50_EMA_200,Raw,trend_ratio,0.0008626724363496043,slow,slow,slow,0.2928847220156936,0.361582475045619,0.41526353052661275,0.2517380917543494,0.3006334343041761,0.3271200102661208,0.1120337210209376
26,50_ESMA_100,Raw,trend_ratio,0.0009449383163175586,slow,slow,slow,0.24436864131025038,0.29908592247318055,0.3448651197558351,0.2136904065919634,0.22948667036736076,0.2511826601316553,0.09754273849963577
27,50_ESMA_200,Raw,trend_ratio,0.0010853884726576477,slow,slow,slow,0.3186791476614525,0.3784982714480538,0.4172846341732503,0.2859356083797538,0.3267993779093554,0.3444544636817683,0.12091376250336677
28,50_SMA_100,Raw,trend_ratio,0.0009258498829123166,slow,slow,slow,0.26398634467957544,0.3205831937209313,0.3441965088834308,0.22762928131026502,0.2644157554846776,0.25854272332267353,0.09572782805547445
29,50_SMA_200,Raw,trend_ratio,0.0010713786752060421,slow,slow,slow,0.2723606294615999,0.37090762459629306,0.4243630680122112,0.24547693517581218,0.3157441533832507,0.345943224091428,0.11954353707688521
30,ADL,Raw,volume,0.4338802461110372,moderate,fast,slow,0.19858575441533485,0.2152098988317718,0.25497046687701413,0.1800171903220087,0.16990885564108701,0.16954985884147075,0.04843143273827002
31,ADL_EA10,Exponential MA,volume,3.2193974757683272,moderate,moderate,slow,0.17298769325120752,0.19663444818424364,0.23956351199915982,0.14295757800035747,0.14473739046291362,0.1437914500648529,0.035580523820029755
32,ADL_EA25,Exponential MA,volume,5.770681699572449,fast,fast,moderate,0.173549963416638,0.2069898420002855,0.2534748309795189,0.15237051129973833,0.167952299114844,0.16495471619033356,0.04168762516695332
33,ADL_EA5,Exponential MA,volume,2.033188691373546,moderate,moderate,slow,0.15754845373067586,0.18914429427574098,0.22897654758227104,0.13122526929455372,0.13479298148431476,0.13231245361614277,0.03567329856041446
34,ADL_EA50,Exponential MA,volume,15.442034578149526,fast,fast,fast,0.18301139535150407,0.21421144957445357,0.28292389207512936,0.15735985180063794,0.17055442629393458,0.19685898887913572,0.04885367957812689
35,ADL_MA10,Simple MA,volume,3.8754938091370237,fast,moderate,moderate,0.1681687128227972,0.20667683327876257,0.23744643894626238,0.14142305270821992,0.15924975889779586,0.1488275321895679,0.03807441994688712
36,ADL_MA25,Simple MA,volume,5.7398555418534265,fast,moderate,moderate,0.1757689138139168,0.20494924765905365,0.25991223144687997,0.15178240026649012,0.17190512064619706,0.18152816356735219,0.0398496688846153
37,ADL_MA5,Simple MA,volume,2.3284681369401463,moderate,moderate,slow,0.15363596883292727,0.1847665047946008,0.22298828958262462,0.1305104860128845,0.141046948859696,0.1235997752285867,0.03647241623599409
38,ADL_MA50,Simple MA,volume,381.18821308125587,fast,fast,fast,0.20112064445698488,0.22778688072287118,0.27426733113805624,0.18521079366698295,0.19368306045433134,0.20076351829434752,0.05255645051318056
39,ADX,Raw,trend,0.05412066193863539,slow,moderate,moderate,0.19471960461212806,0.22808812120056812,0.26713138948174964,0.18126586084949872,0.20095535266840236,0.21054106402617517,0.04831212534574402
40,ADX_EA10,Exponential MA,trend,0.05099778501757525,slow,slow,moderate,0.17299342153875574,0.20719228279461577,0.2418963323358655,0.1487643855595989,0.17561041489749832,0.15696154121853267,0.033826623893772334
41,ADX_EA25,Exponential MA,trend,0.06652687935244672,slow,slow,moderate,0.18496938476532795,0.2016044928232139,0.2540969302118002,0.15785905610405904,0.165588956613714,0.17719753727701582,0.03592988102800545
42,ADX_EA5,Exponential MA,trend,0.03583383296629329,slow,slow,moderate,0.1641235901175327,0.19491005441806636,0.23230392959120186,0.14414216354627843,0.1594454692895641,0.14570262930873862,0.033062442264912
43,ADX_EA50,Exponential MA,trend,0.07083631499117697,slow,slow,moderate,0.17017087339091633,0.19881799828570365,0.24607295869688522,0.15412815525956514,0.16769441570412386,0.17710469016719493,0.042411512701832965
44,ADX_MA10,Simple MA,trend,0.05992494791061448,slow,slow,moderate,0.16573772061315412,0.19909036362720847,0.2402112504189874,0.15113730917595897,0.16566310730541234,0.1500157770834928,0.03654096172179125
45,ADX_MA25,Simple MA,trend,0.07638395202838429,slow,slow,fast,0.16739589353368295,0.19757854318047255,0.25712603726630445,0.14252888951323656,0.16231835146451995,0.17277381161626534,0.03752548045924224
46,ADX_MA5,Simple MA,trend,0.044401245948514856,slow,slow,moderate,0.16644258571548937,0.18929639067110593,0.22795053935179727,0.14861190219287296,0.1575206298098947,0.1384542929162985,0.030501896618803585
47,ADX_MA50,Simple MA,trend,0.07367211764843369,slow,slow,moderate,0.18289209786968208,0.2062721818578915,0.25817854458137,0.16524855194571214,0.18283373499853084,0.19566537811103224,0.04202570659496438
48,ATR_14,Raw,volatility,4.646308080907957,fast,fast,moderate,0.17852328577907878,0.21814038948635864,0.25737018076390916,0.1617531317479714,0.18050344954137573,0.18363531789504267,0.044933925156841525
49,ATR_14_EA10,Exponential MA,volatility,3.516106257643043,fast,moderate,moderate,0.15745317114645013,0.18749498533740724,0.21905335444958396,0.13763847305905655,0.1494641255854815,0.1438465516020562,0.027917892075319653
50,ATR_14_EA25,Exponential MA,volatility,3.1149855606459402,moderate,moderate,moderate,0.18124933466624427,0.20860410477218705,0.22619009519543232,0.16427511092731878,0.17267219775905868,0.15060214535415684,0.02867204370817756
51,ATR_14_EA5,Exponential MA,volatility,12.861532985428992,fast,fast,fast,0.13742078399131147,0.17524323042735968,0.21721054315663646,0.11659432372164834,0.12333563770351441,0.13662429140424115,0.026993060775427357
52,ATR_14_EA50,Exponential MA,volatility,3.020721274708911,moderate,moderate,moderate,0.18970185759517783,0.21456761012289063,0.23821790536658283,0.17054685590831134,0.1802610070681102,0.15656191767877856,0.02899013580270049
53,ATR_14_MA10,Simple MA,volatility,3.584784622786579,fast,moderate,moderate,0.1551369042714934,0.18631872355893525,0.22425875094812106,0.1313736593903335,0.14421005128826145,0.14642854444100756,0.03079139290141628
54,ATR_14_MA25,Simple MA,volatility,2.981328482542014,moderate,moderate,moderate,0.18288660624694075,0.22154226524854392,0.23584249356903245,0.16756862167789935,0.17863284002045343,0.15371877634881756,0.03429221706088448
55,ATR_14_MA5,Simple MA,volatility,68.00416306336417,fast,fast,fast,0.1557871995279566,0.18437271984564665,0.21438790263357413,0.13374114211835642,0.12787666514604737,0.13092977505249012,0.02993600717092891
56,ATR_14_MA50,Simple MA,volatility,6.192111652508125,fast,fast,fast,0.1944491040280998,0.24680822126233717,0.2688057953737549,0.1811588879026573,0.20763631564866544,0.19771240793426975,0.0420395168392087
57,ATR_21,Raw,volatility,3.922532542365924,fast,fast,moderate,0.18041518576382487,0.22053811766544631,0.2810837777945163,0.17235269719338558,0.18765919881360038,0.22929451411228877,0.0490239660288546
58,ATR_21_EA10,Exponential MA,volatility,2.0112943303063244,moderate,moderate,moderate,0.16450148792224906,0.21069601818101374,0.24229213862643306,0.1420712199740943,0.17559152836740488,0.16351804688853389,0.03187197053735204
59,ATR_21_EA25,Exponential MA,volatility,2.011294330263019,moderate,moderate,moderate,0.1676806409792283,0.2188535891133336,0.2377408628556369,0.15806198939659624,0.1792147280605072,0.16407995152454072,0.027679449478445774
60,ATR_21_EA5,Exponential MA,volatility,2.430014429673596,moderate,moderate,moderate,0.15413739421952816,0.1937799274771335,0.21917240509239871,0.138518150094634,0.1513911779454912,0.13952343533772385,0.0348564410465402
61,ATR_21_EA50,Exponential MA,volatility,2.011294330257497,moderate,moderate,moderate,0.19831162699698507,0.2384524931707429,0.24347804342771776,0.1845799731650106,0.20779220538849988,0.17287511433349312,0.03068688894177468
62,ATR_21_MA10,Simple MA,volatility,2.011294330307447,moderate,moderate,moderate,0.1868541993494879,0.2114834817094458,0.2471558557763854,0.16658944655597827,0.17691147055558046,0.16248100234568955,0.03593195224329822
63,ATR_21_MA25,Simple MA,volatility,2.0112943302599695,moderate,moderate,moderate,0.1875722744381861,0.2276948205549552,0.23309654592604526,0.1769493816224509,0.192724410513562,0.16314789096222349,0.030421292432461024
64,ATR_21_MA5,Simple MA,volatility,2.0112943302252475,moderate,moderate,moderate,0.162106093952689,0.19282644265497514,0.21553957944071092,0.14269952972279226,0.15112679396046635,0.13028036513624727,0.03287064524189012
65,ATR_21_MA50,Simple MA,volatility,2.011294330253274,moderate,moderate,moderate,0.20378430157074073,0.2439016238535916,0.2712901632125437,0.1877557631693423,0.21317802647096956,0.20085702482512918,0.03894201892404519
66,ATR_7,Raw,volatility,9.345968444599476,fast,fast,fast,0.18671689211445863,0.2098915491209212,0.2548335341842749,0.16381851663001815,0.17204612180586118,0.18201270510257023,0.03836823052725813
67,ATR_7_EA10,Exponential MA,volatility,2.8389733494954834,moderate,moderate,moderate,0.1395735310007121,0.16787049913741597,0.20119642780831573,0.1204034271624235,0.11566940134381803,0.10780506426812182,0.025644902089112923
68,ATR_7_EA25,Exponential MA,volatility,4.085530771775191,fast,moderate,moderate,0.16358699021081313,0.20366911525962653,0.21322438792466916,0.14272635759529806,0.15726398921454618,0.13782344159248514,0.03148441409761926
69,ATR_7_EA5,Exponential MA,volatility,2.820176605532168,moderate,moderate,moderate,0.13972925929967936,0.15946026500108734,0.2039716612373884,0.11738622065160192,0.10693791602847431,0.10156157489806789,0.02917172670304709
70,ATR_7_EA50,Exponential MA,volatility,12.65800737474135,fast,fast,fast,0.16703824819367416,0.19308848145091212,0.22690162716594475,0.14921825040018016,0.15140423194666164,0.1336993961674146,0.03046121752033732
71,ATR_7_MA10,Simple MA,volatility,2.821032623184062,moderate,moderate,moderate,0.1573920951920854,0.17337248794539767,0.21959164296157951,0.13245338253912098,0.1259554004166979,0.12420727230468238,0.028615232327148483
72,ATR_7_MA25,Simple MA,volatility,3.467695111647042,fast,moderate,moderate,0.15629258570633822,0.20035455854758777,0.22529745112482885,0.14197816188627654,0.1598877891145303,0.14096711906783055,0.035848003766725464
73,ATR_7_MA5,Simple MA,volatility,2.84148518213775,moderate,moderate,moderate,0.13573686779350436,0.17075521313099878,0.21577112288938205,0.1108496765240608,0.12000193623367271,0.12824524758898573,0.028147534807908166
74,ATR_7_MA50,Simple MA,volatility,2.5091680106999057,moderate,moderate,moderate,0.17826738520955976,0.196726884145017,0.24445456726940862,0.16232370404657268,0.16583544185719618,0.17454840012798326,0.03776459413672874
75,BB_Lower,Raw,volatility,0.009852749329285431,slow,moderate,slow,0.19142176241324443,0.21477587446276541,0.25624078696033387,0.1713594117927558,0.17688039949198242,0.18135177288712162,0.04794654595912597
76,BB_Lower_EA10,Exponential MA,volatility,0.008509911942165077,slow,slow,slow,0.1402376184740461,0.17784808996082804,0.22339198078730066,0.11621084227107382,0.1343923610035707,0.1395410359633611,0.03212552563845378
77,BB_Lower_EA25,Exponential MA,volatility,0.009367367145419674,slow,slow,slow,0.16374372573804505,0.20062566923495348,0.22180343292298355,0.14765429583974365,0.17102862246615075,0.1472722050753961,0.0344387845697439
78,BB_Lower_EA5,Exponential MA,volatility,0.007226420462012843,slow,,,0.13198484344956743,0.18270794771574772,0.216294138767122,0.10429818523969919,0.13254261659627808,0.1238200764211287,0.03555789488123582
79,BB_Lower_EA50,Exponential MA,volatility,0.009647884089238666,slow,slow,slow,0.18071629003661968,0.21208404060376237,0.22753524425995109,0.16582914348849295,0.16868577625919967,0.16620758306161548,0.03402772828443972
80,BB_Lower_MA10,Simple MA,volatility,0.009431028036666702,slow,slow,slow,0.1433563184931645,0.1757495552135619,0.21762411335899948,0.11891850167208157,0.13343616462362326,0.1341666936893252,0.03599370279201523
81,BB_Lower_MA25,Simple MA,volatility,0.00983609931543898,slow,slow,slow,0.18042781880477868,0.21814516973756873,0.23033582460005098,0.16503741262813468,0.18943116491856019,0.1764654456657316,0.03809511213721946
82,BB_Lower_MA5,Simple MA,volatility,0.008836454111972956,slow,,slow,0.14052026434902593,0.17979368037330357,0.21396911148874637,0.11949290530224742,0.12832776066032048,0.12091057556592771,0.03589022252260797
83,BB_Lower_MA50,Simple MA,volatility,0.009827984275782265,slow,slow,slow,0.18505555505330745,0.2136613472490686,0.23003088613177905,0.17780680363962975,0.18248860318934468,0.17349603051563053,0.03505083115337324
84,BB_Mid,Raw,volatility,3.528121456326908,fast,fast,moderate,0.18595683714104463,0.21180665657080794,0.23091336427846793,0.16655255107784167,0.18325492447385902,0.15534970860585706,0.0365887495879428
85,BB_Mid_EA10,Exponential MA,volatility,8.458177849818728,fast,fast,fast,0.1653686665426394,0.17286055307657006,0.20802133393794908,0.14450638352314868,0.12949536856291932,0.1173569918973365,0.023310529903251845
86,BB_Mid_EA25,Exponential MA,volatility,24.38254917619341,fast,fast,fast,0.17248602489157805,0.18589023094530005,0.22671614957902758,0.15545090967597652,0.15026295689765573,0.138356533877202,0.027384238552796713
87,BB_Mid_EA5,Exponential MA,volatility,2.6218632214154343,moderate,moderate,moderate,0.16336996284746458,0.17012530600892845,0.2098926495646614,0.13744588151345685,0.12691575876035008,0.11045233796971869,0.027375469318521868
88,BB_Mid_EA50,Exponential MA,volatility,10.64647575399774,fast,fast,fast,0.18213620098611555,0.20103245155260796,0.23671854594437589,0.16899055495657386,0.1656949009322673,0.16095290408787022,0.03164371867605269
89,BB_Mid_MA10,Simple MA,volatility,16.646486292605626,fast,fast,fast,0.16934852875010387,0.16969831703075702,0.2114973119419199,0.1454382244216501,0.12352597716621583,0.1274859423680136,0.02686444626843958
90,BB_Mid_MA25,Simple MA,volatility,8.28540777338642,fast,fast,fast,0.17491556290638666,0.183871634717335,0.22310844143940167,0.15723622260788483,0.1561291374937882,0.13913021511119555,0.03510706844456177
91,BB_Mid_MA5,Simple MA,volatility,3.2123104025729656,moderate,moderate,moderate,0.15383907365210925,0.16759863816721712,0.19978807283956077,0.13171950718745895,0.13295314473477635,0.1082329816913608,0.024092920225492247
92,BB_Mid_MA50,Simple MA,volatility,17.08589085873991,fast,fast,fast,0.19191262276519439,0.21978598848551054,0.26728995712393006,0.17229458858472382,0.18611265478715727,0.2060931296305262,0.04393993448448821
93,BB_Upper,Raw,volatility,0.010097075426157039,slow,moderate,slow,0.16875403594320837,0.20115036266895808,0.23718020608183624,0.15071900774435903,0.16603178651677994,0.14464021380965264,0.0567762856976281
94,BB_Upper_EA10,Exponential MA,volatility,0.008517339739096874,slow,slow,slow,0.14901684154612438,0.19474386728152626,0.21538849399145008,0.12377753901732423,0.15117771955804038,0.12835689525377456,0.0406609910169269
95,BB_Upper_EA25,Exponential MA,volatility,0.009300312086868021,slow,slow,slow,0.1786882803931976,0.21962394686137623,0.21724908178039584,0.16056608754705473,0.1841371718526938,0.14036144197300435,0.04640112860411993
96,BB_Upper_EA5,Exponential MA,volatility,0.007240230321875785,slow,slow,slow,0.1661611663428178,0.18715024083796686,0.2148572764461493,0.13907930181621145,0.13803766446599763,0.12069702896647991,0.038538883662823605
97,BB_Upper_EA50,Exponential MA,volatility,0.009512083627409112,slow,slow,slow,0.17338611926295064,0.20607921803217005,0.22551881998835363,0.15018940622164526,0.1633227060784094,0.14451624953011358,0.05481006824149919
98,BB_Upper_MA10,Simple MA,volatility,0.009464028640440882,slow,slow,slow,0.16723769100359612,0.20590171002665555,0.21264242072094322,0.139725280340539,0.16521135815473725,0.1375391241514089,0.0412124183466989
99,BB_Upper_MA25,Simple MA,volatility,0.009685038116717672,slow,slow,slow,0.178647662960431,0.22266586956815818,0.23090451444281646,0.15706319877658373,0.1839351082726188,0.15068734764372854,0.04696045296666506
100,BB_Upper_MA5,Simple MA,volatility,0.00890244395518141,slow,slow,slow,0.1568614144397313,0.1871057224905834,0.21312717072106332,0.13702988893024004,0.13938251724624698,0.11613940944896377,0.039277135046612725
101,BB_Upper_MA50,Simple MA,volatility,0.009675045723736902,slow,slow,slow,0.18629501727001885,0.21845531544483177,0.24486572011937152,0.15463810773276482,0.16960401627146504,0.16754205740193132,0.055749206310488186
102,CCI_14,Raw,momentum,1.5092102584820384,moderate,fast,moderate,0.16875812584898392,0.18441821680643883,0.21481765337621705,0.14657226529241646,0.14408086632341288,0.13499594561227385,0.03850378631789727
103,CCI_14_EA10,Exponential MA,momentum,3.354273511985161,moderate,moderate,fast,0.16091772696819148,0.18405056393634467,0.20748616868996267,0.13936703110054346,0.13392737514592595,0.11295022447726905,0.029700242943005828
104,CCI_14_EA25,Exponential MA,momentum,4.554175467032649,fast,fast,fast,0.16021413168053553,0.19212439792013117,0.2093673247972187,0.13813386636298458,0.14708996900826155,0.11603408443768622,0.030445288350366043
105,CCI_14_EA5,Exponential MA,momentum,2.456586134626656,moderate,moderate,moderate,0.14518118976064132,0.18636894995101003,0.20537497589997233,0.11882117622743674,0.13000668204732777,0.09829220768706105,0.025142088327029116
106,CCI_14_EA50,Exponential MA,momentum,5.524057159603144,fast,fast,fast,0.17113905458317305,0.1906303025737823,0.21733439088610593,0.147083155352624,0.14548201317594622,0.12887028540266682,0.03530993029742778
107,CCI_14_MA10,Simple MA,momentum,4.034098436567672,fast,moderate,fast,0.1488367036874436,0.1840328579725963,0.20699205459964906,0.12594521667195904,0.1364068908977135,0.10927658697170296,0.032478681555018596
108,CCI_14_MA25,Simple MA,momentum,6.0856417556492595,fast,moderate,fast,0.17253574346770967,0.19160748120113896,0.22791652550445385,0.15284866148741985,0.13686277649408718,0.14056083702848268,0.0341746337541214
109,CCI_14_MA5,Simple MA,momentum,2.949650148009306,moderate,moderate,fast,0.15853923724669017,0.18416699809758902,0.2030659086394267,0.13361116226288805,0.1271602295945774,0.10189684684156654,0.023799991806953854
110,CCI_14_MA50,Simple MA,momentum,10.540440171922153,fast,fast,fast,0.17948687896027915,0.20387080485329084,0.23357660761183338,0.1676456783370931,0.16505553713208135,0.14710646619458517,0.037633094743468404
111,Close_slope10,Slope_10,trend,1.6107671486981072,moderate,slow,fast,0.188556242675889,0.21902441402767292,0.24554251083030282,0.168010924633479,0.18505908295489235,0.16322150858522222,0.048316353397064866
112,Close_slope25,Slope_25,trend,0.39169349365119244,moderate,,fast,0.21121022065359582,0.2443276030725732,0.28665413918778687,0.1904814944704445,0.2056129857573094,0.21263457230668653,0.06792797473736278
113,Close_slope50,Slope_50,trend,0.14709037011544604,slow,,fast,0.22248068782067876,0.2559160557863793,0.295077176903887,0.19766216017193908,0.21345207418523157,0.2293406884540593,0.08321803729924035
114,CMF_10,Raw,volume,0.741385513942674,moderate,fast,slow,0.18333239507705415,0.19991786728135394,0.23911604791136185,0.16856708433636527,0.15080333512169095,0.15254191051409027,0.03928600926115038
115,CMF_20,Raw,volume,0.3960761486782016,moderate,fast,,0.18405146865260708,0.20381802135798396,0.2542703126903296,0.1667941373309323,0.15953119435441146,0.153070873445266,0.04989635254922862
116,CMF_20_EA10,Exponential MA,volume,1.886923949777394,moderate,moderate,slow,0.1645232395902264,0.18870714904930755,0.2349394452983936,0.14554250193704193,0.13551341725324845,0.14101335940089585,0.03170879628638171
117,CMF_20_EA25,Exponential MA,volume,3.6636016759959467,fast,moderate,slow,0.165980781509389,0.20343301110313594,0.254984878685017,0.14660011041582044,0.15786339853737294,0.16530668688916073,0.03650273364725018
118,CMF_20_EA5,Exponential MA,volume,1.1657089473631426,moderate,slow,slow,0.14380016918732308,0.1749994931264622,0.2221149592373943,0.1209424069743449,0.12349101178039674,0.12369219563778039,0.030698843058772636
119,CMF_20_EA50,Exponential MA,volume,5.951174547013995,fast,fast,moderate,0.17890322537250344,0.22307080361795004,0.2562828119189213,0.15456190773595943,0.1735207210993808,0.17049461705418575,0.0473498345720248
120,CMF_20_MA10,Simple MA,volume,2.197343268175067,moderate,moderate,slow,0.1582659861269592,0.1839032206263901,0.23289887652025737,0.13823158949437572,0.1330090992618385,0.14728431841530976,0.031876738932652006
121,CMF_20_MA25,Simple MA,volume,6.100577504761791,fast,fast,moderate,0.1755923806839964,0.18831647271827162,0.24179666854892595,0.1497494434233689,0.1442541639144032,0.16558525041615035,0.03841221943250031
122,CMF_20_MA5,Simple MA,volume,1.4011392356915593,moderate,moderate,slow,0.15278129734745996,0.16764208813289488,0.21552111755720418,0.13534929960273182,0.12125918924255484,0.11770465751435105,0.033158216679253553
123,CMF_20_MA50,Simple MA,volume,8.955350630726322,fast,fast,moderate,0.19104048468205617,0.2134030737462733,0.256664064945294,0.16966675210892745,0.16632764408194767,0.18522175513179814,0.049683020319804504
124,DownVolume,Raw,volatility,1.1752957555653933,moderate,fast,slow,0.1702462293322132,0.17476621515133064,0.24565714422279816,0.14860104790162215,0.1358410929177339,0.1532293840999303,0.05915256237533564
125,Intraday Change,Raw,volatility,372.84212854844543,fast,fast,fast,0.17449402168451694,0.20313624420416543,0.24642493272116603,0.1475726957535029,0.14520527554267953,0.14973537610697688,0.05571792975782413
126,Intraday Volatility,Raw,volatility,0.06170421044122679,slow,moderate,slow,0.2250288562855588,0.27937858715364733,0.2929547709650033,0.18517109590159245,0.22287415764290458,0.20382004302237253,0.07642523236358759
127,Liquidity Score,Raw,other,0.25502203847264676,moderate,moderate,,0.14254625162474183,0.16399573544940063,0.2103295085383552,0.11984260839191078,0.12341218703629542,0.1363744213893821,0.031190727859909402
128,MACD,Raw,momentum,0.35206179249196856,moderate,fast,slow,0.20558425016003773,0.2281365842602822,0.2974001332344658,0.18346082856004312,0.1732865403933294,0.2093714243712122,0.07815503185766097
129,MACD_EA10,Exponential MA,momentum,1.20545969015486,moderate,moderate,moderate,0.18790102388790436,0.21633700810222356,0.24798569480031654,0.16776859078311562,0.17489254148183841,0.17323402800353438,0.03444852156880821
130,MACD_EA25,Exponential MA,momentum,1.9413827475901673,moderate,moderate,moderate,0.20913720652375392,0.2303544906096292,0.2500132951661778,0.19823830766574868,0.20213154326779803,0.19097150462037954,0.041220113157061915
131,MACD_EA5,Exponential MA,momentum,0.6748673527111426,moderate,slow,slow,0.17481643361581223,0.19679351041846455,0.2243086099286756,0.15111773709900905,0.15270619722887332,0.1435701270536231,0.03252096460453657
132,MACD_EA50,Exponential MA,momentum,2.4856534248918534,moderate,moderate,moderate,0.19850206408509416,0.23785799213472153,0.26758703251676974,0.19282252157227547,0.2127392268551573,0.20194619627030308,0.05145739709308288
133,MACD_MA10,Simple MA,momentum,1.5367793299797425,moderate,moderate,moderate,0.1831497175883635,0.20709837224799577,0.22938789191605335,0.161841311370946,0.17031865969677826,0.14636456985982063,0.03470130745083974
134,MACD_MA25,Simple MA,momentum,2.724504362692848,moderate,moderate,moderate,0.21795738335815312,0.23695985407565473,0.2673951193619467,0.20236838534411256,0.20321446006542096,0.2018579017011518,0.041942355323603644
135,MACD_MA5,Simple MA,momentum,0.759438756666006,moderate,slow,moderate,0.17384243766725424,0.20742962271293305,0.22907056488341,0.15563461000289835,0.16254842219426646,0.14270227812074385,0.03106642791351508
136,MACD_MA50,Simple MA,momentum,3.700189066597724,fast,moderate,fast,0.21158137981595798,0.25382613038943747,0.29148123070505694,0.2031259798115582,0.21954287677366457,0.23950661022813036,0.057129905856020034
137,Max_10_Rows_Since,Raw,duration,0.3416031237288975,moderate,fast,fast,0.13886882831592284,0.1672110946043062,0.20836143010317504,0.1050674052136055,0.12369107574100502,0.08651135930520971,0.04472066761566949
138,Max_120_Rows_Since,Raw,duration,0.05394082054355158,slow,moderate,moderate,0.26205173126652764,0.2928845196139181,0.3117843954477155,0.2333008918585794,0.24521505975796506,0.23389248508730695,0.09108327580384358
139,Max_30_Rows_Since,Raw,duration,0.15094942894230348,slow,moderate,fast,0.20419632609411176,0.2365689010682421,0.2706417027551977,0.18416797470645765,0.19166340017138667,0.16837415057399965,0.06275730362215337
140,Max_60_Rows_Since,Raw,duration,0.09107253740535046,slow,moderate,moderate,0.2203067943642109,0.25124684187502405,0.27552934142849506,0.19470736982487039,0.2125103266846159,0.19181086783408208,0.07306984647852184
141,Min_10_Rows_Since,Raw,duration,0.2388953699132856,slow,moderate,fast,0.15141696181058667,0.16324824045015188,0.18881214300765203,0.12353644593894236,0.11360050074448708,0.07933040099461953,0.03659997411364986
142,Min_120_Rows_Since,Raw,duration,0.022232571705974587,slow,moderate,slow,0.22942794065817676,0.3061912156953699,0.3550075362480019,0.19770346715783704,0.25719846515035916,0.28224556213261814,0.0727055962736104
143,Min_30_Rows_Since,Raw,duration,0.08604727548002528,slow,moderate,moderate,0.16546805049515478,0.19884326101499916,0.24289704368668388,0.14528981399681382,0.1494311678304845,0.14907358728427406,0.04492259954893137
144,Min_60_Rows_Since,Raw,duration,0.04485146662578806,slow,moderate,slow,0.1922853337007672,0.2609872546774308,0.28696733113192857,0.1656144781006021,0.20635469382191549,0.20234692434974996,0.06087138938485802
145,minus_DI,Raw,trend,0.08587315195635772,slow,moderate,fast,0.17975599039436801,0.22560978580625296,0.2563901012134701,0.15314500497629652,0.17395250438201018,0.1709965124017433,0.05700046776674336
146,minus_DI_EA10,Exponential MA,trend,0.07231714135119825,slow,slow,moderate,0.1531197455779251,0.19054381464308356,0.21569063788819962,0.12782077037381886,0.1455191347168883,0.13153813947572848,0.024638043226449746
147,minus_DI_EA25,Exponential MA,trend,0.0802017927705929,slow,slow,fast,0.1653298463192564,0.1983758816851013,0.22620527998172893,0.14395371357634015,0.15882923580456793,0.14665995959220163,0.028720533254355158
148,minus_DI_EA5,Exponential MA,trend,0.06049430756788992,slow,slow,moderate,0.15541126344951517,0.1723686477956941,0.21104880409663274,0.12945503785005377,0.12061791503401803,0.11028433836051198,0.02387650763429204
149,minus_DI_EA50,Exponential MA,trend,0.08289050831487053,slow,slow,fast,0.1714209566574415,0.20923716257665814,0.24195458983560025,0.15459148627157862,0.17143602017976678,0.16027450749563454,0.034200913566802896
150,minus_DI_MA10,Simple MA,trend,0.08067133944021804,slow,slow,fast,0.1548413053333451,0.19289453441837195,0.21698890651311611,0.1308466650857536,0.1535317833731056,0.13834988949646307,0.025745279019766722
151,minus_DI_MA25,Simple MA,trend,0.08281001274535074,slow,slow,fast,0.16098840449441804,0.203121989534192,0.23061857046576792,0.147794686443093,0.16925228631439573,0.15602631156934388,0.027699035853145256
152,minus_DI_MA5,Simple MA,trend,0.0746621541431162,slow,slow,moderate,0.14959743828557961,0.1712754171616131,0.20966579786002598,0.12300870424443583,0.12452544437045694,0.11404898561581761,0.02212305457258136
153,minus_DI_MA50,Simple MA,trend,0.08433005172276765,slow,slow,fast,0.1769628459075601,0.22161787846047554,0.256099264602055,0.15694515673521722,0.17954069656656588,0.17713311747348434,0.036764719941800986
154,num_days_100,Raw,duration,0.049275233007934176,slow,moderate,slow,0.26560901536699166,0.3174152062225173,0.3611678520992132,0.2354762306500492,0.2598064323656538,0.29323722580316613,0.09175607197746581
155,num_days_200,Raw,duration,0.012992615766933504,slow,moderate,,,,,,,,0.14487614423388417
156,num_days_50,Raw,duration,0.10307094444828309,slow,moderate,fast,0.2555106002829606,0.29336857660748833,0.32172179641005527,0.22455685316103047,0.24963458486159126,0.2520610203211929,0.06839923903759379
157,OBV,Raw,volume,1.609607089665383,moderate,fast,slow,0.1859400158790341,0.2246770364501019,0.24039428108083052,0.1681435159902097,0.1857323985590681,0.1578574698179117,0.05398685983201035
158,OBV_EA10,Exponential MA,volume,5.240795401163766,fast,fast,moderate,0.14592265915414696,0.17428310949050682,0.21584262915099858,0.1284701763010692,0.12635797995271403,0.1169783844733108,0.02741195146525375
159,OBV_EA25,Exponential MA,volume,9.58928773899198,fast,fast,moderate,0.14965681836951625,0.16846803505284214,0.22312346215086606,0.12683048016142054,0.12224204457064605,0.13838657471556032,0.0248653894279892
160,OBV_EA5,Exponential MA,volume,2.841924773964079,moderate,moderate,slow,0.14803305137919961,0.15774478840855943,0.21309667574949065,0.1216758756781911,0.10541357706388751,0.1138112790487945,0.02621721033759676
161,OBV_EA50,Exponential MA,volume,14.684859298351103,fast,fast,fast,0.16638700662333114,0.18102023851036794,0.23479578428192344,0.14571912387591718,0.14616414771416583,0.17027865470103046,0.029912772854422613
162,OBV_MA10,Simple MA,volume,7.703051199954875,fast,fast,moderate,0.1582265182132584,0.16599325590036607,0.21819718723956735,0.1387655439791509,0.1206385390946124,0.12386274044586784,0.029398493764025216
163,OBV_MA25,Simple MA,volume,10.372937989414677,fast,fast,fast,0.16347308255186824,0.17417447987408566,0.2304180994867401,0.1463537639530229,0.1364105944798838,0.1531576766327427,0.029651154389665584
164,OBV_MA5,Simple MA,volume,3.422798802232203,moderate,moderate,slow,0.1521565121449018,0.16872697966866487,0.2156061977499,0.13301562749567417,0.11253051977292719,0.11674898846708423,0.027094288881189175
165,OBV_MA50,Simple MA,volume,54.58056831085424,fast,fast,fast,0.1686792433141716,0.2112319987836936,0.255566459247569,0.14835794103489033,0.17905611769847274,0.1807033130761311,0.0392533414868049
166,OBV_ROC10,Rate,momentum,9.344017902391238,fast,fast,fast,0.19620727848107694,0.22516406544853731,0.24287025285030564,0.1781690623283394,0.19275580955081228,0.15962511116303046,0.04325994286649902
167,OBV_ROC10_EA10,Exponential MA,momentum,2.5078687355589064,moderate,moderate,moderate,0.1485546906642628,0.17259990173147138,0.20996513480232828,0.12504750182993518,0.13314172929017412,0.11720849448634445,0.03056651625234559
168,OBV_ROC10_EA25,Exponential MA,momentum,4.758107128997947,fast,fast,fast,0.16361848438509788,0.1796472100088566,0.22782558493316887,0.14398207896569776,0.1342122541181465,0.1376672853998354,0.03138613073037976
169,OBV_ROC10_EA5,Exponential MA,momentum,1.5145125077181696,moderate,moderate,moderate,0.1382537225748273,0.17240648400740183,0.20446232139569837,0.11430990276122434,0.1278148820122764,0.11448998372890776,0.027507640649085004
170,OBV_ROC10_EA50,Exponential MA,momentum,7.155451814391239,fast,fast,fast,0.1576430327402123,0.1901632843051729,0.2222575414173333,0.1390255314070581,0.145128111210964,0.1434309392502086,0.0303861091902628
171,OBV_ROC10_MA10,Simple MA,momentum,3.5724707407924314,fast,moderate,fast,0.15495583935718513,0.1798955717843344,0.2166421000539679,0.12525516336571985,0.13782253449737278,0.1214739779411033,0.032759212895760406
172,OBV_ROC10_MA25,Simple MA,momentum,8.444903853832178,fast,fast,fast,0.1734080543539586,0.19765464676419076,0.23525522643569127,0.14890365032783537,0.16041717719791884,0.14411225530877847,0.02980905050942851
173,OBV_ROC10_MA5,Simple MA,momentum,1.921887747816566,moderate,moderate,moderate,0.1405771155153168,0.16393014824689775,0.20539434384063446,0.11686296360657512,0.11390755441418926,0.10840690873284495,0.02870475852749072
174,OBV_ROC10_MA50,Simple MA,momentum,24.103172658045082,fast,fast,fast,0.17417975417071577,0.19297585785212834,0.244730486716391,0.15704291930318331,0.15099435025746438,0.1814012065273355,0.035792812995114436
175,OBV_ROC5,Rate,momentum,10.125398127330952,fast,fast,fast,0.18459352155549352,0.21396927122702092,0.22891149804927677,0.1588512525435636,0.17371847607007782,0.149052913409107,0.041145178534125894
176,OBV_ROC5_EA10,Exponential MA,momentum,3.2338805297181827,moderate,moderate,fast,0.1358763768469927,0.16385252749724055,0.19864177674133618,0.11234525714018506,0.11315376930338027,0.10579203026585138,0.024555474331055482
177,OBV_ROC5_EA25,Exponential MA,momentum,4.515564686078781,fast,fast,fast,0.15723177330534835,0.17758614302623674,0.21508736299590775,0.13163480712483983,0.13021234117145197,0.12043386073012233,0.033707881062818426
178,OBV_ROC5_EA5,Exponential MA,momentum,2.1553672999355205,moderate,moderate,moderate,0.1289543270902903,0.16405531931778625,0.19670183941923136,0.10733704490133304,0.12469192852227058,0.10184740700354769,0.02190386012744002
179,OBV_ROC5_EA50,Exponential MA,momentum,5.734844609367957,fast,fast,fast,0.1531585825615381,0.18423876483012583,0.21222076805870638,0.13193239997257863,0.13980971259104613,0.127610685854457,0.038929154532434396
180,OBV_ROC5_MA10,Simple MA,momentum,5.9702824408832145,fast,moderate,fast,0.14243363784343724,0.17294881869835393,0.19794706687918903,0.12396172639264003,0.1282484862259694,0.11157289004924047,0.02634281424821356
181,OBV_ROC5_MA25,Simple MA,momentum,5.287430482082008,fast,moderate,fast,0.1557054051929444,0.17933792020876746,0.22514821404402724,0.13284939079010355,0.13430105454348049,0.14580453905855065,0.03281689433231071
182,OBV_ROC5_MA5,Simple MA,momentum,3.458593963864965,moderate,moderate,fast,0.13440515547355186,0.17503432325260182,0.2054225247098426,0.10790629203428309,0.132304927691909,0.10994987325428793,0.02007120956005206
183,OBV_ROC5_MA50,Simple MA,momentum,12.693640459338383,fast,fast,fast,0.1605811480741646,0.20257051756415856,0.22985093562366674,0.13381717133257665,0.15585378053729168,0.13540063848788828,0.0383404170749918
184,OBV_Z10,Z-Score,volume,4.379074101947773,fast,,moderate,0.15155718405606108,0.18407616602917598,0.20159726364037214,0.1285199563008151,0.14138484172362206,0.12538406899431026,0.030658158636894764
185,OBV_Z10_EA10,Exponential MA,volume,8.533360292709514,fast,fast,moderate,0.1401449816958499,0.16124374117155307,0.20062547852666343,0.12437188459690687,0.11077122838581203,0.10636459962039392,0.025975910577350783
186,OBV_Z10_EA25,Exponential MA,volume,12.208135170142913,fast,fast,fast,0.1333970283058881,0.17149059765038432,0.21295918132899244,0.1172937372122847,0.11923295891062723,0.11397413738919975,0.03036077711899236
187,OBV_Z10_EA5,Exponential MA,volume,6.134777795907019,fast,fast,moderate,0.13747341440957275,0.17344503361901636,0.20146779381688193,0.11969649205252475,0.11390976521651999,0.10489973564772968,0.02118233883620965
188,OBV_Z10_EA50,Exponential MA,volume,17.644494932192337,fast,fast,fast,0.1388361830848011,0.17004249342948607,0.21473779175473318,0.12019324656590419,0.11878627873224062,0.11341868792152685,0.03274931953019181
189,OBV_Z10_MA10,Simple MA,volume,11.774117281419837,fast,fast,fast,0.13963379792298777,0.17265822948219908,0.1954547832492172,0.11576345576224134,0.1184462831684042,0.10190666918508262,0.029183712629479767
190,OBV_Z10_MA25,Simple MA,volume,17.559939416671728,fast,fast,fast,0.13863660273381553,0.1639765033403723,0.22186533219883683,0.11697491146318069,0.11779744768362274,0.13013997179997983,0.03175306674123748
191,OBV_Z10_MA5,Simple MA,volume,11.04476178659117,fast,fast,fast,0.13059549860155992,0.16168922079131132,0.20206568286285878,0.10324110278303306,0.11714189104625211,0.1047463281612573,0.023213653877502446
192,OBV_Z10_MA50,Simple MA,volume,179.92645926050125,fast,fast,fast,0.15086627238703884,0.18412973059321822,0.22982833411802087,0.13141367346100039,0.1368853084588582,0.14250033592628422,0.032720653108601006
193,OBV_Z5,Z-Score,volume,6.902500956287641,fast,fast,moderate,0.13062391480857696,0.16326629537696646,0.20414980161439314,0.10596307048263055,0.1037639442902345,0.1020079949553221,0.02578822437412668
194,OBV_Z5_EA10,Exponential MA,volume,6.132870181845872,fast,fast,moderate,0.1378474443123377,0.16226869532802607,0.21033432351278383,0.11157658472323757,0.11213178609779824,0.11699407507978601,0.021450251013038605
195,OBV_Z5_EA25,Exponential MA,volume,16.994816271693537,fast,fast,fast,0.13932635757712197,0.16970706864267554,0.21251837857905623,0.11648735676368888,0.11923057725501524,0.11200313893443907,0.026700527685613155
196,OBV_Z5_EA5,Exponential MA,volume,3.4621894900923995,moderate,moderate,slow,0.1367823565807501,0.15368613564579228,0.19806966074813684,0.11153015774630466,0.10053775583129024,0.10090253746440069,0.021836048827026677
197,OBV_Z5_EA50,Exponential MA,volume,23.890830049291313,fast,fast,fast,0.15006315564663178,0.17971446620467202,0.2145429208617856,0.12555600406088444,0.12400602292020316,0.11602247794988424,0.033127390658276065
198,OBV_Z5_MA10,Simple MA,volume,27.700522667206673,fast,fast,fast,0.13833366990103965,0.15466705614086054,0.2000791444998598,0.12224915366933573,0.10854555096324878,0.09383148800466874,0.024304041568641625
199,OBV_Z5_MA25,Simple MA,volume,28.968107814986396,fast,fast,fast,0.13922524489944138,0.16972955528101916,0.21715796333770443,0.11699600542177925,0.11381954986056757,0.13270539538333959,0.03326032065595647
200,OBV_Z5_MA5,Simple MA,volume,5.957210932718847,fast,moderate,moderate,0.1385349640953787,0.15295400550741378,0.19616359804778194,0.10960775785598015,0.09194553753079027,0.09640268680053149,0.020079710118750357
201,OBV_Z5_MA50,Simple MA,volume,29.54364635390805,fast,fast,fast,0.15244018167206985,0.17630364275502114,0.2252845657928516,0.12866648089369828,0.12157354674561052,0.1243624487486646,0.037690766124549295
202,plus_DI,Raw,trend,0.07906947198122719,slow,moderate,fast,0.19414320227793705,0.22135279223837379,0.2637458889606472,0.1725180406136814,0.17074553396378847,0.1835800288482147,0.05250726591101967
203,plus_DI_EA10,Exponential MA,trend,0.0729585801459148,slow,slow,moderate,0.1468552467909357,0.19111158711476192,0.21342874974625325,0.12495984762357965,0.14715809761544812,0.1219908638258824,0.023729659277020962
204,plus_DI_EA25,Exponential MA,trend,0.08436885084903996,slow,slow,fast,0.1668280026182729,0.201536163474762,0.2235718247899062,0.14652115765148865,0.15812265698059014,0.14157336649923474,0.03221768893374844
205,plus_DI_EA5,Exponential MA,trend,0.05995553716996596,slow,slow,moderate,0.14408965600303233,0.18241095500755922,0.2103541927148199,0.11834876931602964,0.1345550357335195,0.1176366401135869,0.026673359658159278
206,plus_DI_EA50,Exponential MA,trend,0.08907106908575402,slow,slow,fast,0.2092469997362985,0.2177446837777347,0.24645411917973745,0.18960689323452973,0.17675194995074783,0.17917493705775023,0.0363116172727522
207,plus_DI_MA10,Simple MA,trend,0.08099247750110469,slow,slow,fast,0.1518332491958594,0.18745012224321644,0.21815283651937553,0.12887809916966508,0.13992171304163759,0.12468223801391454,0.02747976010357425
208,plus_DI_MA25,Simple MA,trend,0.08960114583752127,slow,slow,fast,0.1759950428660246,0.21658696409769645,0.23867303396253103,0.15550936940941446,0.1786893450060981,0.1738564558654211,0.030799657491512995
209,plus_DI_MA5,Simple MA,trend,0.07443050112333342,slow,slow,moderate,0.15219288742685344,0.17877219202721467,0.2099368551587542,0.12370251847956082,0.12438551895993005,0.1082882221913624,0.023787906389716854
210,plus_DI_MA50,Simple MA,trend,0.09182804602055297,slow,slow,fast,0.21406653549868732,0.22834928264355758,0.25869170002774516,0.19315883906177864,0.18018321775091664,0.18152711916505873,0.04172487075495743
211,Price_Vol_Ratio_10,Raw,volatility,2.6085096470373186,moderate,fast,moderate,0.19941152831261477,0.21130492461038344,0.25499461448150484,0.17896695503742632,0.17948001761539625,0.19382748650236536,0.048923488577952284
212,Price_Vol_Ratio_10_EA10,Exponential MA,volatility,2.5844867919236107,moderate,moderate,moderate,0.1619693790355075,0.17327948633718443,0.22376270281171592,0.13904137387762242,0.12844512773339747,0.14188456891010182,0.03419022395391976
213,Price_Vol_Ratio_10_EA25,Exponential MA,volatility,5.459282030203852,fast,fast,fast,0.16392018194980063,0.19693305457201263,0.24789992262087257,0.1472146816074346,0.1574978727824375,0.16744448329850817,0.03731652314548751
214,Price_Vol_Ratio_10_EA5,Exponential MA,volatility,1.5707732947021475,moderate,moderate,slow,0.1462115758288194,0.15892380027911154,0.2118506054853349,0.1221895571460417,0.10978038179622303,0.12232427999836365,0.030068039469381493
215,Price_Vol_Ratio_10_EA50,Exponential MA,volatility,9.503987315552553,fast,fast,fast,0.18376912126376732,0.20367054592812717,0.24915189503167573,0.16386957441584146,0.16043775517984316,0.16491375327141794,0.03567106574463816
216,Price_Vol_Ratio_10_MA10,Simple MA,volatility,3.4700702368235863,fast,moderate,moderate,0.15537482918027604,0.17601756280780662,0.22236959339098256,0.1295888207565213,0.132273833080386,0.1463191568992951,0.0356559088756965
217,Price_Vol_Ratio_10_MA25,Simple MA,volatility,9.629081601781547,fast,fast,fast,0.16498314129369993,0.20535804490260998,0.24861052317510998,0.1488898967551079,0.16697145741860486,0.17778986061763039,0.03910415011263904
218,Price_Vol_Ratio_10_MA5,Simple MA,volatility,2.159496735775194,moderate,moderate,moderate,0.14336617049095024,0.16175565816445275,0.21604653543710287,0.1226173518759632,0.11379238104008883,0.12247388443605531,0.03426842846753557
219,Price_Vol_Ratio_10_MA50,Simple MA,volatility,16.684271862198536,fast,fast,fast,0.20345123141532484,0.22585505846753204,0.2557646132485473,0.18659205524366645,0.19155032312807288,0.18438865397581072,0.04817279788059811
220,Price_Vol_Ratio_25,Raw,volatility,1.3679772319315906,moderate,fast,slow,0.20105171748501605,0.25245078269200927,0.2749228993740925,0.1831577741369791,0.2190935123861934,0.2047466871824042,0.050588938821474645
221,Price_Vol_Ratio_25_EA10,Exponential MA,volatility,1.623240188235467,moderate,moderate,slow,0.1791400671278942,0.2064963630509291,0.23598003669134432,0.1586153093723798,0.17016000566869932,0.16308068766536,0.03354266363872082
222,Price_Vol_Ratio_25_EA25,Exponential MA,volatility,2.9290515893668614,moderate,moderate,moderate,0.21029306914777599,0.21227749664336548,0.24535907864831902,0.1874992293815939,0.1844465657471339,0.17542080604674656,0.03424446648057953
223,Price_Vol_Ratio_25_EA5,Exponential MA,volatility,0.9287851907173312,moderate,slow,slow,0.16933874001664664,0.18286912936447203,0.23615840725886683,0.14970892286051718,0.14917310754273905,0.1577198042204969,0.028716740899822055
224,Price_Vol_Ratio_25_EA50,Exponential MA,volatility,4.52658075843258,fast,fast,moderate,0.19618182555892316,0.21629181952796622,0.2494821026923172,0.17178293023523408,0.18229059112286244,0.17736703952437102,0.03253590186478707
225,Price_Vol_Ratio_25_MA10,Simple MA,volatility,1.819916720371255,moderate,moderate,moderate,0.17843787995577592,0.20999434136282857,0.24430064089995662,0.15910993289975336,0.17219610268819524,0.16427966409813455,0.03406480421482469
226,Price_Vol_Ratio_25_MA25,Simple MA,volatility,3.640554118404518,fast,moderate,moderate,0.22500179019821903,0.23388200616197594,0.24035913238211565,0.2104527009912028,0.1996214357494051,0.16452592763553528,0.034031301190245784
227,Price_Vol_Ratio_25_MA5,Simple MA,volatility,0.9978535303243337,moderate,slow,slow,0.16841696556901495,0.18393146885276102,0.21950599826720565,0.1441421191607261,0.14413026392158065,0.1384916255068376,0.02739829839032451
228,Price_Vol_Ratio_25_MA50,Simple MA,volatility,9.392050546699858,fast,fast,fast,0.19044594302138587,0.2493743855089179,0.27999986002093225,0.17538525200341207,0.21592486210234282,0.20805063471794646,0.041772822599719234
229,Price_Vol_Ratio_5,Raw,volatility,5.653266936303429,fast,fast,fast,0.17652427532386164,0.21081152374679873,0.2261924569980049,0.15153063320325943,0.16769680909300874,0.16323578040318235,0.03657648962669092
230,Price_Vol_Ratio_5_EA10,Exponential MA,volatility,5.661791344958443,fast,fast,fast,0.14647380080975653,0.1817130486178637,0.21477702506319352,0.11955268240665025,0.14044782078174847,0.12059161665289302,0.030347676199310877
231,Price_Vol_Ratio_5_EA25,Exponential MA,volatility,8.799762818286258,fast,fast,fast,0.16528416602242632,0.19239812443944362,0.21947468908737103,0.14206593608065196,0.1528864954855797,0.1339939695385144,0.03383413622946987
232,Price_Vol_Ratio_5_EA5,Exponential MA,volatility,4.375656192179062,fast,fast,moderate,0.1480631064076787,0.1624595913150801,0.20173270154565998,0.13057900326864547,0.11574096748622553,0.10076279515929897,0.027074174894531407
233,Price_Vol_Ratio_5_EA50,Exponential MA,volatility,15.963084437067826,fast,fast,fast,0.18380812686543377,0.20718838720076962,0.23005571381892975,0.1613186657639832,0.162459571611616,0.13730254251264187,0.03558383344262513
234,Price_Vol_Ratio_5_MA10,Simple MA,volatility,5.890770588846572,fast,moderate,fast,0.16066522853288553,0.1790881527077562,0.21566907721391365,0.13379177268845246,0.13685180889337753,0.12461959366180758,0.0311432438719993
235,Price_Vol_Ratio_5_MA25,Simple MA,volatility,12.115621407040521,fast,fast,fast,0.1675183965464438,0.1966577456737129,0.22670943582167669,0.1491930118523752,0.15795618265458716,0.14824395092095521,0.04213587626996637
236,Price_Vol_Ratio_5_MA5,Simple MA,volatility,8.31163558129018,fast,fast,fast,0.15415968384758225,0.1700824479441116,0.21364967797728043,0.13085430306706222,0.1305196209765621,0.11738291322846035,0.026800360357330768
237,Price_Vol_Ratio_5_MA50,Simple MA,volatility,51.138834704263026,fast,fast,fast,0.19447313260078283,0.2132963325920539,0.23676146088279207,0.17917980472644773,0.18106559894106522,0.16351240813320012,0.04501047187754088
238,QQQ_EMA_10,Raw,trend,0.008393426523596776,slow,slow,slow,0.1661742283272007,0.20728326962607835,0.2237754103340033,0.13961718022174902,0.1589273572612275,0.13442282232578256,0.04486885497816359
239,QQQ_EMA_10_r5,Rounded,trend_round,0.0062160005036773,slow,,,0.1479439503939177,0.21871395658686482,0.23203576673711998,0.10496000572951575,0.12138400649625601,0.10869160718745981,0.05829994010991446
240,QQQ_EMA_100,Raw,trend,0.009322227077204131,slow,moderate,slow,0.24954414300738945,0.29253714950854504,0.3304945930054416,0.21548252962857745,0.2271708671889211,0.2234193240236354,0.08760851617490006
241,QQQ_EMA_100_r5,Rounded,trend_round,0.009119660192649554,slow,moderate,moderate,0.20917220790366262,0.26513851025387636,0.3081122918810744,0.16511359623271796,0.1868180577601878,0.18447986497153482,0.14194735868853522
242,QQQ_EMA_200,Raw,trend,0.009312314929115922,slow,moderate,slow,0.25003364357054986,0.29005300021768715,0.33911583421729286,0.20911704534720607,0.22245662444923647,0.24008879696331553,0.09745625051869287
243,QQQ_EMA_200_r5,Rounded,trend_round,0.009185344469010532,slow,fast,fast,0.2345887340161036,0.289432233114219,0.32791075507095163,0.19506757849119605,0.2158014917110019,0.2273919671590273,0.15337052440058882
244,QQQ_EMA_25,Raw,trend,0.009066680302693506,slow,moderate,slow,0.18976792044230606,0.21970002331134822,0.25713705900809064,0.16575549272630255,0.17205307144537638,0.16943021265542074,0.060903337925216766
245,QQQ_EMA_25_r5,Rounded,trend_round,0.00919497596656456,slow,fast,fast,0.1570374507296497,0.22240911450639253,0.2424139087960443,0.12340360417352726,0.16612596272378174,0.15474200217807704,0.11204266870632244
246,QQQ_EMA_50,Raw,trend,0.009264919977209317,slow,moderate,slow,0.21989606226076147,0.23765579963504602,0.29001367960950425,0.20142761305161394,0.1984423801440307,0.19631714187702912,0.07451323129282889
247,QQQ_EMA_50_r5,Rounded,trend_round,0.008810409002828071,slow,moderate,moderate,0.17016229931769228,0.20446298792858572,0.2596427022907497,0.14091958793844822,0.13633248221212607,0.15148685113531357,0.1340759524369344
248,QQQ_SMA_10,Raw,trend,0.00920933071077968,slow,moderate,slow,0.16174576165870067,0.20285734593184745,0.21776345426462687,0.13901678330821748,0.15412738259132056,0.1354420842190769,0.04227440006409408
249,QQQ_SMA_10_r5,Rounded,trend_round,0.007636843128734566,slow,slow,slow,0.11905962911693228,0.18020751445450067,0.20328356089715693,0.07156374267452298,0.10483567034802828,0.07786756934425784,0.045753165843711766
250,QQQ_SMA_100,Raw,trend,0.009395886445276481,slow,moderate,slow,0.23426526526133185,0.28592867842163044,0.3230518589224779,0.19968381409380898,0.21847800924365968,0.2140443682349667,0.08450214331142682
251,QQQ_SMA_100_r5,Rounded,trend_round,0.008989439132992752,slow,moderate,moderate,0.19105497427161186,0.24965172055985307,0.2881444322206799,0.1520308472452119,0.172680312943501,0.18047987094247284,0.14200873927260502
252,QQQ_SMA_200,Raw,trend,0.00933512938257578,slow,moderate,slow,0.2940829945000155,0.32120441985313347,0.3790623810844765,0.2506406150895174,0.2456537657134101,0.27834837937827567,0.10549678580813163
253,QQQ_SMA_200_r5,Rounded,trend_round,0.008706949793820482,slow,slow,slow,0.2579441734265926,0.31395268499193907,0.3756610867640558,0.20630891114565725,0.22780161713922867,0.265826629808002,0.17089468902895924
254,QQQ_SMA_25,Raw,trend,0.009426779205554495,slow,moderate,moderate,0.208886349165978,0.23253020535930335,0.26223619839224466,0.18750766470254207,0.18209631846416902,0.17909784438622617,0.059245474617166415
255,QQQ_SMA_25_r5,Rounded,trend_round,0.009445173490451137,slow,fast,fast,0.17526610874405835,0.21559035339006977,0.23861787973667375,0.15158549351667686,0.1679520938665424,0.15372217436629285,0.10811860114764146
256,QQQ_SMA_50,Raw,trend,0.009419706661285412,slow,moderate,moderate,0.22064442586420435,0.24027427261741108,0.29125053729548217,0.19923862439121628,0.19277841983222188,0.20235939659049368,0.07589171177827697
257,QQQ_SMA_50_r5,Rounded,trend_round,0.009203440041043905,slow,fast,fast,0.1790573597185632,0.2022093113702196,0.28403150023044565,0.1521828238583017,0.14675502738506405,0.17993621668278423,0.14775652436194975
258,Regime,Raw,other,0.2758347040491986,moderate,fast,moderate,0.18182613025449723,0.200583311308911,0.2624953433174117,0.17123636888719473,0.15968253058466966,0.16850166232400154,0.05827652809807285
259,Regime_Category,Raw,other,0.3523055881188908,moderate,fast,fast,0.11486947803050428,0.1336962967946021,0.21274348249359443,0.07782518489871164,0.0732598897347623,0.08587630702402947,0.15234034546484326
260,Rel_Max_10,Raw,trend,0.006487600817446425,slow,slow,,0.17774842796608975,0.19248359697060305,0.22924720712194724,0.14877318265368183,0.1521631488517537,0.12734582858130816,0.06192358667005869
261,Rel_Max_120,Raw,trend,0.006825981318911396,slow,slow,slow,0.2743615403678579,0.2925585702037762,0.330290527100673,0.23667337577803732,0.22372941364284948,0.21308043138312227,0.08792144340734144
262,Rel_Max_30,Raw,trend,0.006694794437784318,slow,slow,slow,0.1977837934044961,0.23066891004668374,0.255135615563143,0.17815695118350788,0.18288342734992494,0.15685965008593794,0.07082077470467435
263,Rel_Max_60,Raw,trend,0.0067924382387883325,slow,slow,slow,0.2125624169768977,0.2380182623878585,0.2799722370940063,0.1941638927140516,0.18792966870347635,0.16972460858241573,0.08934665445882611
264,Rel_Min_10,Raw,trend,0.008585564831943844,slow,slow,slow,0.14624200755447742,0.18071341427996623,0.22516849553706958,0.12506260455515564,0.13972982477421717,0.14012457681478652,0.04167724838269799
265,Rel_Min_120,Raw,trend,0.009292937029773183,slow,moderate,slow,0.23820991944929448,0.2973643858411891,0.3271532196877872,0.2130176127764244,0.2543001692903977,0.26784478974301984,0.08990310047827739
266,Rel_Min_30,Raw,trend,0.0090656849705549,slow,moderate,slow,0.19051892619813518,0.23148072164934907,0.26091425290971937,0.16210475309900108,0.1870165749103023,0.18387039483452197,0.05500798845244717
267,Rel_Min_60,Raw,trend,0.009243031473692629,slow,moderate,slow,0.21893232102931293,0.26701594708604026,0.3114810774144875,0.19146055888490726,0.21826759536636678,0.23845713262438759,0.07277567650761925
268,RSI_14,Raw,momentum,0.09040208570002299,slow,moderate,slow,0.1781107909855989,0.21366554324300793,0.2536324846790157,0.15638404623071997,0.1723266892585117,0.15376776905566747,0.045948554206304434
269,RSI_14_EA10,Exponential MA,momentum,0.094767934833589,slow,slow,slow,0.15468570711123786,0.1877404569447663,0.21505784357743674,0.1310455359636859,0.14353242786987452,0.12458038611489146,0.024767495517013592
270,RSI_14_EA25,Exponential MA,momentum,0.10577036310983153,slow,slow,slow,0.17696820338117653,0.20391511921036315,0.22440929110722976,0.15924264630535864,0.16675411066709858,0.13964127274888272,0.02771741217728893
271,RSI_14_EA5,Exponential MA,momentum,0.07939409911798896,slow,slow,slow,0.1644588727846098,0.18236857059442926,0.20586371756533692,0.1406502833189542,0.1395804219199166,0.11266657692464105,0.025446934173025477
272,RSI_14_EA50,Exponential MA,momentum,0.11008440614468472,slow,slow,slow,0.1809959139798781,0.21832641219068588,0.22998228692247671,0.1609889183087868,0.1762055882935856,0.15128837314441973,0.03410132156285703
273,RSI_14_MA10,Simple MA,momentum,0.10447437901072648,slow,slow,slow,0.15016904157064695,0.17898255455629766,0.21325250516674674,0.12465417066539763,0.14565553793386382,0.11768239920742195,0.025707117710873195
274,RSI_14_MA25,Simple MA,momentum,0.11058866298180003,slow,slow,slow,0.1812269161273091,0.2038394141021397,0.22802337882180262,0.15983443878971917,0.17018165653933823,0.15488829600554835,0.03080182934233498
275,RSI_14_MA5,Simple MA,momentum,0.09731951590554969,slow,slow,slow,0.14707455649664322,0.18312891781331067,0.2067471648715341,0.12027519767977535,0.14249465301303332,0.12141751366988081,0.022354839073596963
276,RSI_14_MA50,Simple MA,momentum,0.11231907737140331,slow,slow,slow,0.1927820056323616,0.21592779041408527,0.23916144635331038,0.17655722478804203,0.18133183211682352,0.17473083458246594,0.0409122854855851
277,RSI_14_slope10,Slope_10,momentum,1.7811904897732627,moderate,slow,moderate,0.16237494641393801,0.19606507868464151,0.2211079599655772,0.1417011375149293,0.15938855048881295,0.1409282025695689,0.027762456252776554
278,RSI_14_slope25,Slope_25,momentum,0.8931102777381362,moderate,slow,moderate,0.1990103441867998,0.2011450920604375,0.275371893518728,0.1771671502845108,0.17465652677657617,0.2097389867244196,0.0390293405865644
279,RSI_14_slope50,Slope_50,momentum,0.8011590699066876,moderate,moderate,moderate,0.2118829681276714,0.2539093486457503,0.28548138308455767,0.19540401629781534,0.2169817697695853,0.2235039565346738,0.05902015608690915
280,RSI_21,Raw,momentum,0.05981505659339663,slow,moderate,slow,0.18239303148189767,0.2114333065092651,0.2604122057489981,0.1574618657723225,0.1741310879453109,0.17827091823391747,0.05745673501618583
281,RSI_21_EA10,Exponential MA,momentum,0.05779000737693445,slow,slow,slow,0.14989025290086813,0.18528872475484018,0.22023929079557203,0.11787570596704808,0.14883308808446502,0.13645134849544893,0.026158252411587795
282,RSI_21_EA25,Exponential MA,momentum,0.06421356097731025,slow,slow,slow,0.1821109658494194,0.19783622377125246,0.23590949509526218,0.1603244237378944,0.16466535821737993,0.16151348289392117,0.035627174292327896
283,RSI_21_EA5,Exponential MA,momentum,0.04887089032939989,slow,slow,,0.1551713082363882,0.17963610885343317,0.2150915887461633,0.12527034497312303,0.13171808686669595,0.12296966614919921,0.026131751187364372
284,RSI_21_EA50,Exponential MA,momentum,0.06672072195378637,slow,slow,slow,0.18385051644519457,0.1995135787925236,0.25715783877812837,0.16467279470132423,0.16161408021439555,0.1854487415385899,0.04152515374500979
285,RSI_21_MA10,Simple MA,momentum,0.0635759181990492,slow,slow,slow,0.15268135629606727,0.18382708835194383,0.22220343915005059,0.13095870403211463,0.14186324990915936,0.1453934783840674,0.025506712408600498
286,RSI_21_MA25,Simple MA,momentum,0.06780051320874504,slow,slow,slow,0.18757159764838463,0.20390821470120335,0.24754883271070596,0.1658186676446468,0.17325685626581105,0.18626464265103865,0.0328945202862955
287,RSI_21_MA5,Simple MA,momentum,0.05970621989609726,slow,slow,slow,0.15119397874502957,0.17066824543446305,0.21687355614692916,0.12153673154203704,0.12136995636601323,0.11766633600993176,0.024891277307420856
288,RSI_21_MA50,Simple MA,momentum,0.06815827171063743,slow,slow,slow,0.20385834309447226,0.21869374018501814,0.26737761762225903,0.18556753652902558,0.17946075399109077,0.19674556336971621,0.04910785797699763
289,RSI_21_slope10,Slope_10,momentum,2.4812220904078126,moderate,fast,moderate,0.1638606324435233,0.18927314005004,0.23233812609624596,0.14967465767496835,0.14716106809268212,0.15464103419619213,0.030320513972493787
290,RSI_21_slope25,Slope_25,momentum,0.7899043341248981,moderate,slow,moderate,0.20182608831524304,0.2182338078410083,0.2725014024083136,0.18470782933329305,0.19054873891780055,0.20911173010862105,0.04299063769189083
291,RSI_21_slope50,Slope_50,momentum,0.6166876159348577,moderate,slow,slow,0.19411330483135253,0.24671283537085842,0.29127194451225785,0.18092676621172288,0.21877044662794265,0.22657792659768067,0.060213801536016444
292,RSI_7,Raw,momentum,0.169531841477828,slow,moderate,slow,0.18293458114651595,0.1961525974702226,0.22549056873573192,0.1583902191240747,0.15573135379934533,0.13983665348078225,0.03772207802458489
293,RSI_7_EA10,Exponential MA,momentum,0.27351110006061696,moderate,slow,slow,0.15999165873840607,0.18285801121654244,0.21181574751122081,0.13756543848784503,0.14135537523252306,0.1305810064952736,0.026277794241235622
294,RSI_7_EA25,Exponential MA,momentum,0.3149354467953785,moderate,slow,slow,0.18622631874937762,0.19897163334310666,0.21863511263410582,0.16159461720549417,0.1558613427585417,0.12725386530371283,0.028301235919001577
295,RSI_7_EA5,Exponential MA,momentum,0.2155002296003398,slow,slow,slow,0.16149843072174558,0.18494041414385837,0.20906379436612937,0.14148784802247394,0.13384192189203417,0.10912424288242276,0.026422809353574588
296,RSI_7_EA50,Exponential MA,momentum,0.3285122444127719,moderate,slow,slow,0.16547950269578052,0.2035856292534061,0.22017139097801172,0.14904330144430536,0.16198616680037176,0.1393685553164499,0.029301903927605146
297,RSI_7_MA10,Simple MA,momentum,0.3126042083753026,moderate,slow,slow,0.16257597037641724,0.18632337882765435,0.20865736162255055,0.14667805107126677,0.13546073100386025,0.11730463202336845,0.026981646012600013
298,RSI_7_MA25,Simple MA,momentum,0.32964141174774897,moderate,slow,slow,0.17346389308177712,0.19875477920624135,0.2212732650110837,0.15015795549790914,0.16420349308722668,0.1371550215370447,0.02733155678561942
299,RSI_7_MA5,Simple MA,momentum,0.2539598863305585,moderate,slow,slow,0.16105060227326767,0.17828196538600272,0.20839994252802416,0.13681332682908995,0.13438850941496963,0.10876451491039055,0.02549731755868011
300,RSI_7_MA50,Simple MA,momentum,0.33514247212388404,moderate,slow,slow,0.1913710693172266,0.20905075215361657,0.22714564381945454,0.17440436838002518,0.16705851583984827,0.14252160490367338,0.03347339850307846
301,RSI_7_slope10,Slope_10,momentum,1.3057197507899718,moderate,,moderate,0.15096347908008861,0.19573035167615738,0.21445477776282632,0.13093115199300925,0.1508960941410258,0.12771079349676953,0.0292072652856396
302,RSI_7_slope25,Slope_25,momentum,1.2323701385038863,moderate,moderate,moderate,0.18933189115470433,0.18922220023013925,0.2458816483883503,0.17413750684852064,0.15565438941393905,0.1773772418323313,0.0320500994400037
303,RSI_7_slope50,Slope_50,momentum,1.397083765552521,moderate,moderate,moderate,0.19978934598856543,0.24564209864210562,0.26794341324085713,0.19039739173381967,0.21350297229138776,0.21016475666815368,0.05282227709750601
304,Signal_Line,Raw,momentum,0.23255108601427837,slow,moderate,slow,0.21824465079390806,0.22699941655330458,0.3098665808504978,0.18992037755408486,0.1828943610735029,0.22240592447399182,0.08141617338839063
305,Signal_Line_EA10,Exponential MA,momentum,1.0373489315644582,moderate,slow,moderate,0.2165447524208368,0.24018125905166324,0.2775325257988243,0.1993951313767172,0.20183392024948332,0.20419543756435277,0.037958081023357314
306,Signal_Line_EA25,Exponential MA,momentum,1.7824926898968343,moderate,moderate,moderate,0.19483194891482392,0.208755944026741,0.26040434623165326,0.18231040654047714,0.1748655912479008,0.18627101318856645,0.04652313454957033
307,Signal_Line_EA5,Exponential MA,momentum,0.5484528910197521,moderate,slow,slow,0.18578391737132163,0.21551097369788502,0.24163645077635168,0.17236640169754402,0.18475359316984005,0.17729990247660218,0.035956247574329386
308,Signal_Line_EA50,Exponential MA,momentum,2.3316033611772267,moderate,moderate,moderate,0.19684127571494445,0.24521858067729407,0.2972857179739819,0.18438838727897772,0.2138503798459135,0.23312463377603063,0.05812419914492855
309,Signal_Line_MA10,Simple MA,momentum,1.266364284193019,moderate,moderate,moderate,0.19641380876587428,0.21835001585018293,0.26089993977079623,0.18398884708943145,0.19120038908064022,0.1864404943979567,0.036777586614140906
310,Signal_Line_MA25,Simple MA,momentum,2.401086188356014,moderate,moderate,moderate,0.19959469680106148,0.22440978925603236,0.2753237058614492,0.18702625371933418,0.1897513274288947,0.2063580777402356,0.04305790664260952
311,Signal_Line_MA5,Simple MA,momentum,0.5998859472133308,moderate,slow,slow,0.17965058060982303,0.21715433178903745,0.24725615884371896,0.16637760483550343,0.1856824215108399,0.17281904131363948,0.03451268839708152
312,Signal_Line_MA50,Simple MA,momentum,3.1797103524670454,moderate,moderate,fast,0.19856294729339427,0.2446160075178249,0.285390273243302,0.1821527126218737,0.22685742708536394,0.2355491634745474,0.059203623179028636
313,UpVolume,Raw,volatility,1.079439163583119,moderate,fast,slow,0.16400972052017662,0.1973676136783203,0.26294741268274785,0.13387427285142262,0.12474235897826315,0.16187360160699227,0.06188666202655682
314,VIX,Raw,volatility,0.04979317654952528,slow,moderate,slow,0.24885871487341568,0.27239391801085877,0.3194346715957559,0.20545682347628264,0.20573962315942323,0.20894052705267263,0.08973504086127718
315,VIX_1_change,Raw,volatility,30.000606466269677,fast,fast,fast,0.13953958305409125,0.17702828076606605,0.2132058730837041,0.11141033423401206,0.12986810595458834,0.11670666808030197,0.028595733725234915
316,VIX_1_change_EA10,Exponential MA,volatility,7.884174558089462,fast,fast,fast,0.136879868614904,0.16044120204967793,0.19609512747244284,0.10944996978292983,0.1124744246366878,0.09690769923469847,0.022954132781642315
317,VIX_1_change_EA25,Exponential MA,volatility,14.57613063054565,fast,fast,fast,0.13955794832538373,0.16612628309809324,0.19881191425011877,0.11172706863213218,0.1163995864993425,0.10502892443495714,0.024369345455186094
318,VIX_1_change_EA5,Exponential MA,volatility,5.244056378498652,fast,fast,fast,0.13789804969692282,0.15826259880922977,0.20056285846730063,0.11327652377907851,0.11216359924199132,0.09785933988639194,0.022177623885882902
319,VIX_1_change_EA50,Exponential MA,volatility,31.842519691168288,fast,fast,fast,0.13429839264380444,0.16374544623008924,0.20868794375033548,0.10971995120506711,0.11657461425964866,0.11870329912792717,0.02703681041653783
320,VIX_1_change_MA10,Simple MA,volatility,12.947675902461153,fast,fast,fast,0.12441139419618964,0.162122071578161,0.20428323194167708,0.09718194918162387,0.10727155362668724,0.10108272011770507,0.025769083810126783
321,VIX_1_change_MA25,Simple MA,volatility,50.58590544509675,fast,fast,fast,0.13852945506710995,0.164198510255261,0.21407697036522308,0.11084339675967676,0.10510262207136507,0.1162727820756353,0.03220868209942409
322,VIX_1_change_MA5,Simple MA,volatility,10.314773464523979,fast,fast,fast,0.1431284930857452,0.1547827623730179,0.20535176298522562,0.11616136018224364,0.10827580373759173,0.10143336611493219,0.022167992575126815
323,VIX_1_change_MA50,Simple MA,volatility,732.1804238185897,fast,fast,fast,0.15426082118487583,0.16713692036831954,0.21879024831630633,0.13065467134168068,0.12238564812663581,0.12873758590553702,0.02828773639366779
324,VIX_10_change,Raw,volatility,4.504825509557674,fast,fast,moderate,0.16056745623755947,0.20781453252553,0.23122375287646899,0.13353967587239773,0.16526295244124214,0.15123562449243025,0.033063971555775444
325,VIX_5_change,Raw,volatility,7.578245652081011,fast,fast,fast,0.14739793172591276,0.1858784724805184,0.2160364099252227,0.11799452997041536,0.13503086486074908,0.12109592849074713,0.027820347156970873
326,VIX_5_change_EA10,Exponential MA,volatility,4.6230663986384215,fast,fast,moderate,0.13578921156427204,0.16535429839330362,0.19703112923641083,0.11181873787402068,0.11286342577044842,0.10049591040666907,0.022477262416141883
327,VIX_5_change_EA25,Exponential MA,volatility,7.230518264184826,fast,fast,fast,0.14631802741899558,0.17839261519526078,0.1992930931827597,0.11782554345327874,0.12679869942828229,0.09589484088574365,0.024644749135732148
328,VIX_5_change_EA5,Exponential MA,volatility,3.2116857562225762,moderate,moderate,moderate,0.13815309667375453,0.1520270805306776,0.20852568105393676,0.10556127486179753,0.09907830822928893,0.11025276343836804,0.021265901266951288
329,VIX_5_change_EA50,Exponential MA,volatility,11.89369790428456,fast,fast,fast,0.14871821091004678,0.17601118696068244,0.2087552845971251,0.1205190847903399,0.11896206805277013,0.11981231386633241,0.025609596925864772
330,VIX_5_change_MA10,Simple MA,volatility,7.145607170118709,fast,fast,fast,0.13432570696783958,0.17271020452878091,0.20496564117141478,0.10172431913279607,0.12448042312911212,0.1106560565100979,0.026486916926304546
331,VIX_5_change_MA25,Simple MA,volatility,21.993463394859475,fast,fast,fast,0.14380896046210878,0.1687234618680047,0.2068340169291217,0.12011229361362588,0.1257731215388775,0.1198985165566237,0.03380639803996162
332,VIX_5_change_MA5,Simple MA,volatility,4.961564541049272,fast,moderate,fast,0.14331187799172945,0.16025386697224916,0.1976518188703259,0.11380620485929688,0.10403060988842362,0.10124103863296881,0.01990083478415018
333,VIX_5_change_MA50,Simple MA,volatility,207.16573339664643,fast,fast,fast,0.16483916973903798,0.1850966229633174,0.23292900675213712,0.14794177806291714,0.14329767641579583,0.15010371566283295,0.034302129297783195
334,VIX_crossover,Raw,volatility,1.6128885184694752,moderate,fast,slow,0.08231564006132944,0.12001553956276581,0.17859985010056123,0.0,0.0,0.0,0.0
335,VIX_EA10,Exponential MA,volatility,0.04029952853745937,slow,slow,slow,0.15228038937316074,0.1925022540312972,0.22817787602896106,0.12686219742861918,0.1487120028469198,0.13433495630649625,0.02947068440139057
336,VIX_EA25,Exponential MA,volatility,0.04319219768219225,slow,slow,slow,0.17658822877396613,0.22046163475213393,0.24078762296256803,0.15820079490420122,0.1818007414704993,0.16357281274781948,0.0377973068072334
337,VIX_EA5,Exponential MA,volatility,0.03483687800169712,slow,slow,slow,0.1312261110525788,0.17483643541245214,0.2112985628128508,0.10048545721048413,0.11637907015862105,0.10892961196477646,0.026218797307678073
338,VIX_EA50,Exponential MA,volatility,0.04382384397265438,slow,slow,slow,0.16237220146294204,0.20841689301274524,0.24216214102732048,0.14087940509548005,0.17185698736419783,0.17037853799189084,0.04580711337835637
339,VIX_MA10,Simple MA,volatility,0.04443678673545403,slow,slow,slow,0.1525472239738137,0.18546391906952697,0.23150030341050665,0.12484928926163846,0.13522936826592058,0.13828570854848712,0.02963557451906073
340,VIX_MA25,Simple MA,volatility,0.04443699919517232,slow,slow,slow,0.17292988285513078,0.21389091971443377,0.23851719533192195,0.15033553015726575,0.16721405548827073,0.1578239476965098,0.04097484922324735
341,VIX_MA5,Simple MA,volatility,0.04292231457444042,slow,slow,slow,0.13747540773820868,0.17629579073090834,0.21867880968150014,0.10786397038571771,0.11710852952347052,0.12045839841942232,0.024504113950575272
342,VIX_MA50,Simple MA,volatility,0.044345584697815715,slow,slow,slow,0.16594185930832808,0.21583411513899362,0.2414510897974738,0.1428553678455718,0.17644967636922249,0.1736834573352153,0.04670055428500663
343,VIX_rolling_std,Raw,volatility,0.251353690681435,moderate,moderate,slow,0.18158067300817549,0.1987982875129571,0.2148279789213879,0.15722107411432834,0.1478886261558853,0.1361644736148054,0.04915479256930798
344,VIX_rolling_std_EA10,Exponential MA,volatility,0.2996076849171401,moderate,slow,slow,0.15293498319087795,0.18647074152183454,0.21363030675141387,0.13140305367409433,0.13422726318412045,0.11897536451336614,0.025068071821780828
345,VIX_rolling_std_EA25,Exponential MA,volatility,0.3162499275183745,moderate,slow,slow,0.16731462198490826,0.18619646274853954,0.21801297766056812,0.14192386320600497,0.1461244552206965,0.13485565005951503,0.02973971548669259
346,VIX_rolling_std_EA5,Exponential MA,volatility,0.2601893529529799,moderate,slow,slow,0.12985217538996896,0.16486173044728122,0.20631083570063102,0.10348530995393511,0.11006242864577506,0.11111885686678456,0.02153564781919857
347,VIX_rolling_std_EA50,Exponential MA,volatility,0.31881889059846985,moderate,slow,slow,0.16578056578765354,0.19682762276048038,0.21206625060666176,0.1459347317045342,0.15451836073799688,0.1380683799676148,0.0299024979260641
348,VIX_rolling_std_MA10,Simple MA,volatility,0.3220789864801644,moderate,slow,slow,0.1376457793716237,0.17791193430796456,0.2159944218993315,0.1079418067939541,0.13120844769751552,0.12127029401689743,0.0249148259212658
349,VIX_rolling_std_MA25,Simple MA,volatility,0.32204714147362695,moderate,slow,slow,0.1642990611017869,0.1925042413417762,0.21646884419538204,0.1462520181161031,0.15291740284737768,0.13213259780112732,0.028809691858042816
350,VIX_rolling_std_MA5,Simple MA,volatility,0.327703626297227,moderate,slow,slow,0.14131083632624958,0.17888460654957306,0.1998234604980715,0.11105054145473357,0.12733515497442688,0.10855990412291498,0.020140637347461673
351,VIX_rolling_std_MA50,Simple MA,volatility,0.32025495625627975,moderate,slow,slow,0.15899956658506753,0.1913155500844035,0.21697416416785822,0.14218875691808425,0.1468021832458509,0.14487104587079064,0.03201726993710508
352,VIX_slope10,Slope_10,volatility,3.4938524493451735,fast,fast,moderate,0.1591615441483638,0.19849818280568285,0.23510674979925034,0.13857115775561116,0.14552473969131793,0.14851495699773143,0.03550595910654755
353,VIX_slope25,Slope_25,volatility,1.1451177798534797,moderate,moderate,slow,0.199381372882326,0.23001313549937955,0.2423876700487212,0.1803483779133641,0.18561379972342457,0.17301670999956348,0.051171285470595046
354,VIX_slope50,Slope_50,volatility,0.5649359813043567,moderate,slow,slow,0.21320223861937604,0.2622009296882586,0.2850124271334391,0.19195979935348467,0.22400444355980836,0.2225763624732785,0.06373330046019682
355,vol_10,Raw,volatility,19.820443346831834,fast,fast,fast,0.21417945958236484,0.22515832625258062,0.26220881704847965,0.19781202686922691,0.1859324831464446,0.21201589731351703,0.04543268941363837
356,vol_10_EA10,Exponential MA,volatility,1.9426997188720303,moderate,moderate,moderate,0.16699213549211547,0.18143161678870806,0.22987810149555443,0.1411626000975268,0.13523420567738867,0.1471934377342098,0.028735302463362682
357,vol_10_EA25,Exponential MA,volatility,2.7594878853964877,moderate,moderate,moderate,0.1567737639649795,0.19359371810594345,0.23753291827841172,0.13673202690829075,0.15364033685117684,0.16384481080697819,0.02808998917494808
358,vol_10_EA5,Exponential MA,volatility,1.4091942784793792,moderate,moderate,slow,0.1470879331215263,0.1685060542310336,0.214352807735593,0.12311482846135033,0.12813986109233141,0.1266652565057419,0.029664313877527364
359,vol_10_EA50,Exponential MA,volatility,3.8726164107087717,fast,moderate,moderate,0.17810280804227918,0.20357345168195268,0.24116632099799348,0.15679766842653206,0.1646392089122092,0.17254943826634017,0.03389243454557011
360,vol_10_MA10,Simple MA,volatility,2.2665180747686247,moderate,moderate,moderate,0.1666256080856964,0.1852295349130794,0.23136025655214532,0.13935545359046303,0.13392720012885972,0.14471622734734155,0.032249259931143914
361,vol_10_MA25,Simple MA,volatility,3.4432990503583776,moderate,moderate,moderate,0.18158598190242833,0.20511206842739726,0.24345884559882489,0.16745319421258403,0.17013287557490048,0.17508577238812115,0.032386451142361355
362,vol_10_MA5,Simple MA,volatility,1.7750605498737346,moderate,moderate,moderate,0.14725051445778797,0.17331548061083044,0.21964462971798213,0.12246014658878715,0.12221924733468599,0.12925274594601588,0.02916559218743099
363,vol_10_MA50,Simple MA,volatility,10.703280206819095,fast,fast,fast,0.19676061332283734,0.21069952304486964,0.2605219291849132,0.17962002281591805,0.1802509374008008,0.19606095808506235,0.04289225536613815
364,vol_25,Raw,volatility,38.21915401475251,fast,fast,fast,0.19388502330074378,0.2407222445937032,0.26720095335367133,0.1746694229868768,0.21106370808450517,0.19769403227757454,0.04638155017904106
365,vol_25_EA10,Exponential MA,volatility,1.231727484806901,moderate,moderate,slow,0.17130285009832624,0.19549634734662227,0.23745102219300204,0.1532436990033887,0.15591076777041868,0.15927843054435328,0.03122334210525836
366,vol_25_EA25,Exponential MA,volatility,2.2981822114151726,moderate,moderate,moderate,0.19219979443069024,0.20921943077368133,0.23029787408429284,0.17980243423947484,0.18172777607983548,0.16258581315162207,0.03194027583941809
367,vol_25_EA5,Exponential MA,volatility,0.7450925423610738,moderate,slow,slow,0.16138959776944584,0.1930792208558516,0.23660000829041117,0.14126195969878858,0.1541791260534889,0.15753883110257588,0.02851375916877158
368,vol_25_EA50,Exponential MA,volatility,3.447609243707024,moderate,moderate,moderate,0.19668128283596326,0.2218551719955431,0.23984581875796307,0.18465039422335885,0.1909368300778017,0.1675750587954688,0.03341003255151497
369,vol_25_MA10,Simple MA,volatility,1.4117428488205719,moderate,moderate,slow,0.17690393732769583,0.20261706830366819,0.24470833843859413,0.15508475667833793,0.1670245686845165,0.17148604346499094,0.0357019189509683
370,vol_25_MA25,Simple MA,volatility,3.3779398063412547,moderate,moderate,moderate,0.21031256715647104,0.21586912711678843,0.22999335295967993,0.19477167071858556,0.18918274264151128,0.15340593466551034,0.0346933927473904
371,vol_25_MA5,Simple MA,volatility,0.8858058976057062,moderate,slow,slow,0.16650844688107702,0.19925732559266018,0.22849496435373595,0.14723063829863733,0.16097499907810067,0.14263509739942806,0.02818677366068633
372,vol_25_MA50,Simple MA,volatility,7.2754040892617695,fast,fast,fast,0.2196097366152775,0.25602723204926675,0.29895802762938817,0.20024540944465652,0.21636559940478997,0.22233962794234274,0.04449222116515072
373,vol_5,Raw,volatility,26.95412976952722,fast,fast,fast,0.1761165877331262,0.21074950469533357,0.23965031743542609,0.14707400623068023,0.16046193844805695,0.153782701729237,0.03186806550097636
374,vol_5_EA10,Exponential MA,volatility,4.246219862071917,fast,fast,moderate,0.14915510863622838,0.17212262452316873,0.21279516576228774,0.1254347011223493,0.12496049111429329,0.11562130531540407,0.03250640547455618
375,vol_5_EA25,Exponential MA,volatility,14.066892389147432,fast,fast,fast,0.16714359387266292,0.1890285733581879,0.21503312187645895,0.14486710270927147,0.1418224901746362,0.12377633851136347,0.029983387186512462
376,vol_5_EA5,Exponential MA,volatility,2.2928286322573572,moderate,moderate,moderate,0.1525424247981369,0.17398673476711538,0.2070786416660305,0.12339314111131659,0.12453892040353759,0.10526922493676566,0.03101218673394994
377,vol_5_EA50,Exponential MA,volatility,125.50370371200476,fast,fast,fast,0.16323478664506152,0.20476843346289375,0.21955272117523472,0.13866769676402524,0.15552237637916702,0.133193297431439,0.028980774761230652
378,vol_5_MA10,Simple MA,volatility,7.2404286432274345,fast,fast,fast,0.14522928723019118,0.16462675724164377,0.21450345807538776,0.1244554789139907,0.12081159697495131,0.12359862939798555,0.03528128072523354
379,vol_5_MA25,Simple MA,volatility,25.048872076478407,fast,fast,fast,0.164717201012421,0.19254173350088213,0.22719919656695048,0.13783860689240895,0.14657239212944245,0.1436616693997945,0.032253231134618275
380,vol_5_MA5,Simple MA,volatility,3.2486975214060028,moderate,moderate,moderate,0.14079401433833855,0.17152030997182427,0.20607593102043953,0.11833320283278634,0.11798929309864592,0.11545111145387427,0.028044180314297402
381,vol_5_MA50,Simple MA,volatility,27.023372810386192,fast,fast,fast,0.16828332317869826,0.19602331504915682,0.25072184946003145,0.14808457803492034,0.15447610486374233,0.16548837981476944,0.0363635159370719
382,Vol_Ratio_10,Raw,volatility,8.97715173097972,fast,fast,fast,0.18040357729496986,0.20951402280889436,0.2284223797847387,0.1682559451707589,0.17858337815820102,0.1527126329824536,0.0362341267497789
383,Vol_Ratio_10_EA10,Exponential MA,volatility,7.401659581703529,fast,fast,fast,0.149052759972301,0.1863095245963401,0.22081783438058555,0.12810020554558987,0.13871014312728236,0.1338616451412227,0.027127515749966295
384,Vol_Ratio_10_EA25,Exponential MA,volatility,85.78030846998877,fast,fast,fast,0.14817523776774666,0.18631857165350588,0.22634353885267894,0.1251469517254266,0.14247613245618332,0.14565720312981031,0.024228158899713827
385,Vol_Ratio_10_EA5,Exponential MA,volatility,3.904524839611784,fast,moderate,moderate,0.16784811153505713,0.1798719627349715,0.21395857769422813,0.14570698900412846,0.13557802244963735,0.11878347247529193,0.027580535769428552
386,Vol_Ratio_10_EA50,Exponential MA,volatility,24.022358463007883,fast,fast,fast,0.15195023310377875,0.19779897261610205,0.22956140674071554,0.1322412006711989,0.15838159726406698,0.14478306088212023,0.028147758795182647
387,Vol_Ratio_10_MA10,Simple MA,volatility,11.885244395101946,fast,fast,fast,0.16397181418136053,0.1864617765401661,0.21242396927322318,0.13850871235554718,0.141092436260488,0.12383575979017095,0.03146082208020967
388,Vol_Ratio_10_MA25,Simple MA,volatility,11.585597197970769,fast,fast,fast,0.1543751042620615,0.19038450625384412,0.235963117434569,0.1306923640858758,0.14674697775287446,0.1605974260275514,0.03520551815384074
389,Vol_Ratio_10_MA5,Simple MA,volatility,4.898823346208027,fast,moderate,fast,0.16932856555064443,0.18918015244669795,0.20188510305403506,0.14655826698603713,0.13621982003794264,0.11269917022802613,0.028848395751091622
390,Vol_Ratio_10_MA50,Simple MA,volatility,17.12692901596444,fast,fast,fast,0.17517223114557917,0.20043933995867794,0.24329304796903706,0.15436625895740994,0.16067426349281322,0.16112426706453112,0.03928752780926126
391,Vol_Ratio_100,Raw,volatility,5.7810771314001785,fast,fast,fast,0.17047668950894704,0.20424950189153812,0.24230929138156,0.14891640195301775,0.16311810588677914,0.15820318743677175,0.03920429975346683
392,Vol_Ratio_100_EA10,Exponential MA,volatility,2.8513324030904665,moderate,moderate,moderate,0.16113086610996835,0.18542374816607984,0.21660803707380916,0.13743832959826235,0.13948230215069143,0.12763357138683507,0.03482059493851641
393,Vol_Ratio_100_EA25,Exponential MA,volatility,6.533850326608315,fast,fast,fast,0.16242174164057807,0.19819666689289994,0.23220469997078874,0.1433474540057661,0.1482965768202139,0.1532936735991093,0.037279901534994386
394,Vol_Ratio_100_EA5,Exponential MA,volatility,1.7478207398489938,moderate,moderate,slow,0.15688033093917053,0.16714542137690874,0.203567218664477,0.13028762831635946,0.11224346914356992,0.11771471997842152,0.026400481526899347
395,Vol_Ratio_100_EA50,Exponential MA,volatility,11.07345547054916,fast,fast,fast,0.1576390092521729,0.19747249352121343,0.23797321002182745,0.13884950390081596,0.16710238654253512,0.166735307112483,0.038975493624166885
396,Vol_Ratio_100_MA10,Simple MA,volatility,2.974481382047476,moderate,moderate,moderate,0.16169915552499853,0.18212387011743142,0.21260910510907388,0.13723483581350795,0.13078286792616856,0.12684720473106953,0.030665441995367273
397,Vol_Ratio_100_MA25,Simple MA,volatility,11.041208334389392,fast,fast,fast,0.1669595103190817,0.2012427787762649,0.2290389403992467,0.1422477917127196,0.1636671665428509,0.14887841256292988,0.04023549724831272
398,Vol_Ratio_100_MA5,Simple MA,volatility,1.9725169312977402,moderate,moderate,moderate,0.15994936158993817,0.16788191247421022,0.2143718349520749,0.13395001609741183,0.12303214489287126,0.12401859864948937,0.026875935035856488
399,Vol_Ratio_100_MA50,Simple MA,volatility,26.628709257401862,fast,fast,fast,0.16432438457359794,0.20877239038349138,0.265645343849704,0.14548025743602,0.18587607013147375,0.21133766158371806,0.04471593643999744
400,Vol_Ratio_25,Raw,volatility,3.514769687778442,fast,fast,moderate,0.1674037152141379,0.2096717352817592,0.2610297449909048,0.14879695094246903,0.17676050980045052,0.19620627169831814,0.03267706104117755
401,Vol_Ratio_25_EA10,Exponential MA,volatility,31.075942385621754,fast,fast,fast,0.16068133667176562,0.1739189880485016,0.21324633373455346,0.13823165813651084,0.13989862774096457,0.1303536317527773,0.021773069122026114
402,Vol_Ratio_25_EA25,Exponential MA,volatility,14.169987663820885,fast,fast,fast,0.16381491018774186,0.2001909891385059,0.22077061252332386,0.1432954870504706,0.16828461023873761,0.14294960081489294,0.025641159010486764
403,Vol_Ratio_25_EA5,Exponential MA,volatility,10.85634223271259,fast,fast,fast,0.14172895250474324,0.16217319807582922,0.21020932663905864,0.12152375016089129,0.12016279922099964,0.127551314071397,0.020881017008195012
404,Vol_Ratio_25_EA50,Exponential MA,volatility,13.91965179890882,fast,fast,fast,0.17006664964761337,0.21291263200693372,0.22767095356817282,0.15213477520557517,0.17717599171538534,0.14778460683582167,0.030655072797933065
405,Vol_Ratio_25_MA10,Simple MA,volatility,13.296165853968015,fast,fast,fast,0.15129739698352415,0.1734145992847517,0.21561513813408675,0.13714691664889175,0.14085718840367487,0.1456390638363034,0.023917430272551395
406,Vol_Ratio_25_MA25,Simple MA,volatility,12.454006462464525,fast,fast,fast,0.1739947151321511,0.19713371433210314,0.21684994746141525,0.15509209743641306,0.16570572342341333,0.13957999638396681,0.028152662142026927
407,Vol_Ratio_25_MA5,Simple MA,volatility,33.69958512428864,fast,fast,fast,0.14732687502823616,0.1732793550988452,0.21386338980461692,0.12450090806873039,0.1324552192490249,0.13581914091903158,0.021902482879510125
408,Vol_Ratio_25_MA50,Simple MA,volatility,23.61879681436581,fast,fast,fast,0.17591301951723526,0.21915108286431995,0.23454039786589975,0.16039267152681172,0.1869320659964342,0.16192563591803888,0.037029176066123444
409,Vol_Ratio_50,Raw,volatility,2.283779695153819,moderate,fast,moderate,0.18459792704109124,0.21499237930687065,0.24611223712357974,0.16601312243374033,0.17955809454230487,0.17426417930374505,0.04040486787068854
410,Vol_Ratio_50_EA10,Exponential MA,volatility,2.4040071413256854,moderate,moderate,moderate,0.16072792185555768,0.19360853893893307,0.22447261868420096,0.14310263888603741,0.15734844563564357,0.14080712931387018,0.03167349241525547
411,Vol_Ratio_50_EA25,Exponential MA,volatility,4.896120423018704,fast,fast,fast,0.17146519668842322,0.1962847880032097,0.22704097499428133,0.15123007189715157,0.1650108139840901,0.14964657094112355,0.030137886995527274
412,Vol_Ratio_50_EA5,Exponential MA,volatility,1.6518266128439991,moderate,moderate,slow,0.16117814813926384,0.1769531380350401,0.22598432098967652,0.132225082353218,0.12771601198760138,0.13749801375835535,0.031157612546334052
413,Vol_Ratio_50_EA50,Exponential MA,volatility,14.672967166507545,fast,fast,fast,0.17034090278096362,0.19375924580916737,0.2289492309693636,0.15096181107276518,0.1673844289658914,0.16094940180808806,0.031829702069566194
414,Vol_Ratio_50_MA10,Simple MA,volatility,2.676650907840526,moderate,moderate,moderate,0.17451469354508348,0.18987352509597732,0.2275022428431487,0.15721291438902724,0.15057943789077777,0.14836689077004536,0.03358875975001428
415,Vol_Ratio_50_MA25,Simple MA,volatility,5.540559865979608,fast,moderate,fast,0.18474200257618423,0.20485216571778814,0.2258797119713582,0.16628787860690122,0.16890190836932553,0.16154273604649727,0.0330806575917383
416,Vol_Ratio_50_MA5,Simple MA,volatility,1.9125764931637712,moderate,moderate,moderate,0.16125321247233013,0.17332405415571317,0.2153070719549414,0.13527155944048097,0.13017348598126108,0.128961715748031,0.03177059841120585
417,Vol_Ratio_50_MA50,Simple MA,volatility,18.69989525058131,fast,fast,fast,0.18400916833274905,0.20835006268587727,0.2481689909488042,0.17137214905213063,0.18179037497898298,0.19499304483440189,0.03832642795972102
418,Vol_Spike_10,Raw,volatility,0.25231713871328587,moderate,moderate,slow,0.12977880802051434,0.16946781395328664,0.2080559659607739,0.10325143059537112,0.12060381047830572,0.10687104295353816,0.02334533147682671
419,Vol_Spike_10_EA10,Exponential MA,volatility,0.22399699860475905,slow,slow,slow,0.12672996818771212,0.1640253269159806,0.21069135589212515,0.10137452809333083,0.110333348203462,0.10755021270109211,0.02582928817504549
420,Vol_Spike_10_EA25,Exponential MA,volatility,0.240283107808072,slow,slow,slow,0.13860025113534735,0.1601578349622373,0.21269674906102667,0.113189127629201,0.10294287153382405,0.11210187159046894,0.024112759024306655
421,Vol_Spike_10_EA5,Exponential MA,volatility,0.19560142119505142,slow,slow,slow,0.1413443646079349,0.1548521479630868,0.20471249160048033,0.11541863940496601,0.10428268609667511,0.09789491614396653,0.02367272823598708
422,Vol_Spike_10_EA50,Exponential MA,volatility,0.2451859526213854,slow,slow,slow,0.14213313138021716,0.17033472097466618,0.21087129978505664,0.11520533529987197,0.12041841991121213,0.10989570332751866,0.024923035739746566
423,Vol_Spike_10_MA10,Simple MA,volatility,0.24371000411676572,slow,slow,slow,0.14078788870538114,0.16863881321696722,0.2118968014560198,0.12044871937469567,0.12585386314737554,0.10978483163373699,0.02312982719331943
424,Vol_Spike_10_MA25,Simple MA,volatility,0.2455394545446115,slow,slow,slow,0.14212842851787003,0.16158602601116467,0.21090545620243206,0.11489241447618552,0.10321313754600413,0.10758624611996086,0.025297530258588736
425,Vol_Spike_10_MA5,Simple MA,volatility,0.23106530359486432,slow,slow,slow,0.1333168555899327,0.1516957040125704,0.1999675716686937,0.10681333176784422,0.09520145360206494,0.08901177798765215,0.021298564688426568
426,Vol_Spike_10_MA50,Simple MA,volatility,0.24749833459187673,slow,slow,slow,0.13391222838680703,0.1694002436717841,0.2168456750786023,0.1107044846433521,0.11782693577151569,0.11793279013772555,0.025069734189496748
427,Vol_Spike_10_slope10,Slope_10,volatility,2.483811940231903,moderate,fast,moderate,0.1548213492324813,0.1773191408953141,0.214363200795846,0.13319144063153088,0.12339216337532728,0.11245397437401677,0.02576060310403582
428,Vol_Spike_10_slope25,Slope_25,volatility,3.152083911685385,moderate,fast,moderate,0.15531792593269075,0.18350656418677339,0.227048454808448,0.13072883625792406,0.14247312500201004,0.15251348167453155,0.032639155923370224
429,Vol_Spike_10_slope50,Slope_50,volatility,4.206667191749311,fast,fast,moderate,0.18916411241350903,0.20483795303375757,0.24092287414378832,0.1780829971552211,0.16842712070121205,0.17228106130241921,0.037592039724234874
430,Vol_Spike_20,Raw,volatility,0.2559047993910037,moderate,fast,slow,0.14586181198440548,0.16977646577972239,0.22298430538710626,0.12122709461181287,0.12491803631669424,0.12688204281455293,0.025252392812842844
431,Vol_Spike_20_EA10,Exponential MA,volatility,0.22485450172887833,slow,slow,slow,0.13864022935042644,0.16089909706547334,0.21188526729445653,0.11314928949668894,0.10896751965629933,0.11784733049098602,0.024118680418362164
432,Vol_Spike_20_EA25,Exponential MA,volatility,0.24058728657890371,slow,slow,slow,0.1395866075724962,0.17153523395123138,0.21452092476534687,0.11339851531216853,0.1233995739013784,0.11230812842263413,0.026633674913862516
433,Vol_Spike_20_EA5,Exponential MA,volatility,0.1966215824337218,slow,slow,slow,0.1428016417709818,0.16886074121502356,0.2064230156956605,0.11134150378406146,0.11498076734902934,0.09814484047000936,0.025026499926289008
434,Vol_Spike_20_EA50,Exponential MA,volatility,0.24541883870863268,slow,slow,slow,0.14313646937254446,0.1675104319465145,0.21146039593668606,0.11872898282836049,0.11692006868676547,0.11764171400308247,0.028994789671424437
435,Vol_Spike_20_MA10,Simple MA,volatility,0.2430609031676106,slow,slow,slow,0.14467473092051292,0.16867465674894822,0.20790860427383748,0.11735593844776947,0.12345868610531606,0.10980152867755773,0.027116524969465552
436,Vol_Spike_20_MA25,Simple MA,volatility,0.24581225989342542,slow,slow,slow,0.14642443244861322,0.17066685455629999,0.21263697986855332,0.1234836332821153,0.11930543320706802,0.10305021457374008,0.027642868038968767
437,Vol_Spike_20_MA5,Simple MA,volatility,0.2315432231790624,slow,slow,slow,0.14720067383721527,0.16025392998982935,0.19994573918886827,0.11595112334973158,0.10865273346912808,0.0926183746927358,0.02301366800407539
438,Vol_Spike_20_MA50,Simple MA,volatility,0.2477469246042172,slow,slow,slow,0.13734617130916116,0.16908303259854293,0.21368315662382792,0.11208550798089448,0.1184726464574597,0.11923286282993109,0.02753720065655721
439,Vol_Spike_20_slope10,Slope_10,volatility,2.273334188172522,moderate,moderate,moderate,0.1490126997416547,0.17043003095691994,0.2184588181319175,0.128476885705828,0.11450138861917131,0.12324630669329958,0.029272543415542567
440,Vol_Spike_20_slope25,Slope_25,volatility,1.806559950061615,moderate,fast,moderate,0.16621759876519795,0.18341266659329794,0.22168086478890905,0.1453876507248611,0.14238152616046307,0.14432459794146146,0.03737383887065509
441,Vol_Spike_20_slope50,Slope_50,volatility,2.6922632903906574,moderate,fast,moderate,0.1963355178570895,0.19030716179881502,0.24559309112754837,0.17684563352703486,0.146275860707136,0.17501480485551638,0.042778539081226544
442,Vol_Spike_40,Raw,volatility,0.2574481533839399,moderate,fast,slow,0.1302181135335403,0.1684304281888632,0.21489623439595493,0.10621034762390019,0.11967120085119623,0.1235191995245151,0.03024016747598169
443,Vol_Spike_40_EA10,Exponential MA,volatility,0.22610250666727508,slow,slow,slow,0.13680956149428047,0.16851549394608745,0.207153665741051,0.11531360646792604,0.11933778037822061,0.11364108441999858,0.027382395636757356
444,Vol_Spike_40_EA25,Exponential MA,volatility,0.2420986276671333,slow,slow,slow,0.1546279555649359,0.1752465891659295,0.20617683709092366,0.13129419408752344,0.131982547931015,0.10942301079441269,0.02667863551573317
445,Vol_Spike_40_EA5,Exponential MA,volatility,0.1980630346574937,slow,slow,slow,0.13190703423487762,0.16764927003812688,0.20017219271264772,0.10152468872520823,0.11670796234860942,0.08831376631796405,0.024227290350491607
446,Vol_Spike_40_EA50,Exponential MA,volatility,0.24720737558910294,slow,slow,slow,0.1491227790247241,0.17711220279489195,0.2133005775746009,0.12720839662432235,0.1267435393601894,0.11741729544148469,0.028473526053639342
447,Vol_Spike_40_MA10,Simple MA,volatility,0.24382909686728146,slow,slow,slow,0.139917950033206,0.1702201088929702,0.21211279725309942,0.1107569509873037,0.12568218550961371,0.1148070717592128,0.02572356218780894
448,Vol_Spike_40_MA25,Simple MA,volatility,0.24713000792016684,slow,slow,slow,0.15157252634834573,0.16862984003997974,0.21550903161320167,0.12513826835069375,0.121549390226188,0.12120028029907176,0.027336049386918797
449,Vol_Spike_40_MA5,Simple MA,volatility,0.23308570169282916,slow,slow,slow,0.1435539750461591,0.16166897420816964,0.20244633725476757,0.12149966103437015,0.10835892098231242,0.0964813832614378,0.023247222334516905
450,Vol_Spike_40_MA50,Simple MA,volatility,0.2496726794124922,moderate,slow,slow,0.1442036213793784,0.17601884203744156,0.21772092748185753,0.12281268978653197,0.13112554741577492,0.12239411038153689,0.029593724348511763
451,Vol_Spike_40_slope10,Slope_10,volatility,2.314304210766261,moderate,moderate,moderate,0.1508562116569511,0.1745955499439276,0.21652912391830326,0.13095284698496942,0.12752989666373563,0.12831151213157252,0.02539363550570504
452,Vol_Spike_40_slope25,Slope_25,volatility,1.4167030222663466,moderate,fast,slow,0.17127225942130425,0.19572923513952778,0.22924587118013948,0.15174552300274227,0.16246939225516843,0.15320140518995612,0.039021224858800684
453,Vol_Spike_40_slope50,Slope_50,volatility,1.6137972390226316,moderate,fast,slow,0.19132959961220428,0.2167907110964866,0.27472091975936785,0.17061265676502288,0.17666686278420485,0.2215711821411185,0.04498065802355309
454,VROC_10,Rate,momentum,3.2534284756311425,moderate,,fast,0.1341479364061328,0.16225915537565186,0.2171365882072998,0.12180023243360652,0.11306535005099821,0.12373897099025648,0.021390673494365582
455,VROC_3,Rate,momentum,4.5787399502026265,fast,moderate,fast,0.13916794537325022,0.15517061246180192,0.20549733669749404,0.11839294537846906,0.0969778489825889,0.10644186396484936,0.019611895770030738
456,VROC_5,Rate,momentum,3.920243069425356,fast,slow,fast,0.15765480246043,0.16478370519847746,0.20426279543541617,0.13289143433876718,0.11460887906003399,0.108718579087066,0.023953853745272813
457,VROC_5_EA10,Exponential MA,momentum,16.160628910242213,fast,fast,fast,0.14590992197082708,0.16931530039939985,0.20345409609026435,0.11761390740051805,0.11779026198777423,0.10154178971951018,0.018827285908957922
458,VROC_5_EA25,Exponential MA,momentum,28.573359790502273,fast,fast,fast,0.14550897967805454,0.1637035774268066,0.20839283610182566,0.12104524808466945,0.11696589267097589,0.11943881796641947,0.022839553190187344
459,VROC_5_EA5,Exponential MA,momentum,7.680654971805114,fast,fast,fast,0.14023118845633226,0.16007224701860967,0.20000536723239015,0.11309452252576185,0.11139460927747627,0.0942176847772157,0.020351530665781818
460,VROC_5_EA50,Exponential MA,momentum,30.699633519780626,fast,fast,fast,0.14274414401690216,0.16885592980481015,0.2091182613941202,0.12165406096534731,0.11957483903950261,0.12575849310429404,0.03132208424447668
461,VROC_5_MA10,Simple MA,momentum,105.86454897547544,fast,fast,fast,0.14437812635253094,0.16581139395311137,0.20725451429841227,0.12461744089022218,0.11827454286996379,0.12073991845951351,0.023688241499709915
462,VROC_5_MA25,Simple MA,momentum,28.983166520703655,fast,fast,fast,0.1465090276238963,0.16582018062081205,0.20733968049737408,0.11639308730458747,0.12062670242590462,0.12312954820977895,0.025895707532710917
463,VROC_5_MA5,Simple MA,momentum,17.32998218181402,fast,fast,fast,0.13535413515033803,0.16525657816744527,0.20436606289238923,0.10623594681204097,0.11012013686919454,0.10193133794914838,0.021350638686711537
464,VROC_5_MA50,Simple MA,momentum,27.306145017684287,fast,fast,fast,0.14043386310568662,0.1755214348029975,0.21043600815194627,0.11735861636381245,0.13027550672548863,0.14187360420826353,0.035246983817920505
465,Williams_%R_14,Raw,momentum,0.36306604918911584,moderate,fast,slow,0.16619879688246042,0.18991520753436478,0.21940449329240252,0.14307683515875746,0.1509052577713326,0.13153456778245953,0.036684536284900725
466,Williams_%R_14_EA10,Exponential MA,momentum,1.1763473737375454,moderate,slow,moderate,0.13490939523729167,0.17826735557138845,0.21001480388905852,0.11316072882929773,0.1319075035195203,0.10993281891486056,0.028357440671910514
467,Williams_%R_14_EA25,Exponential MA,momentum,1.2275995846860959,moderate,moderate,moderate,0.14888721710423752,0.19111986198003494,0.21642548438314294,0.1230272540836738,0.14741154421692954,0.1142096055868698,0.029307767951419497
468,Williams_%R_14_EA5,Exponential MA,momentum,1.063564881339809,moderate,slow,moderate,0.1357811426564516,0.16405160271702607,0.19788487790235174,0.11082785160649106,0.11786619818050337,0.10507092106776993,0.025558751131292124
469,Williams_%R_14_EA50,Exponential MA,momentum,1.24175170343747,moderate,moderate,moderate,0.16686924149164467,0.1952232069950222,0.22489437778282356,0.14565446415525385,0.15521186152519276,0.13653973636988348,0.03261501817311537
470,Williams_%R_14_MA10,Simple MA,momentum,1.221247138245067,moderate,slow,moderate,0.15718959549075337,0.176707468919159,0.21056091643187022,0.13474430398566514,0.12828055419560502,0.11349420260983617,0.02954252730419954
471,Williams_%R_14_MA25,Simple MA,momentum,1.238541525853623,moderate,slow,moderate,0.16382140361381262,0.1923916475761637,0.22598871842856358,0.1353019264869968,0.14574047166189244,0.142590971926159,0.030188196554436313
472,Williams_%R_14_MA5,Simple MA,momentum,1.1258729529845304,moderate,slow,moderate,0.14413907104561868,0.173106128107348,0.2083295368481095,0.12476824448960963,0.1358301735437627,0.11445842282148187,0.027400722370936038
473,Williams_%R_14_MA50,Simple MA,momentum,1.2561932931295763,moderate,slow,moderate,0.1529675101139978,0.19861552950782674,0.22380441414490887,0.13166144811462577,0.15787467801105975,0.13124705440213882,0.03384076125062098
474,Zscore_10,Raw,volatility,2.2521100844115933,moderate,fast,moderate,0.16394673196977808,0.18976560569340994,0.22039121523290783,0.13338935891519335,0.1469581237687226,0.1245152645603279,0.031063878264782147
475,Zscore_10_EA10,Exponential MA,volatility,2.9384161970645075,moderate,moderate,moderate,0.15217390046555992,0.17728343176816785,0.21161279427820492,0.13105396734551714,0.1319222346750152,0.11687499505131799,0.02635916118771052
476,Zscore_10_EA25,Exponential MA,volatility,3.951052465299096,fast,moderate,moderate,0.1544709605240175,0.19109269649316796,0.2129169048733742,0.13371448991482532,0.1435181184023807,0.12116655818956766,0.030201290697302215
477,Zscore_10_EA5,Exponential MA,volatility,2.364663845967797,moderate,moderate,moderate,0.141598725316684,0.1731231156644462,0.2043751075066489,0.1197649230244043,0.12274997479682681,0.1030298199383855,0.024622768044629612
478,Zscore_10_EA50,Exponential MA,volatility,5.441211928108971,fast,fast,fast,0.1509579793216998,0.1926531712970605,0.2096680116609891,0.1283679836949375,0.14979789344438776,0.12494960615774506,0.0342161804756532
479,Zscore_10_MA10,Simple MA,volatility,3.5886769374162446,fast,moderate,moderate,0.1423606600142685,0.18234236302547796,0.20284817282167367,0.11724727298316341,0.13944996700157544,0.1082407232310687,0.03258456208948604
480,Zscore_10_MA25,Simple MA,volatility,6.679816938549335,fast,fast,fast,0.1572737466873525,0.18955010312575712,0.21503927105096912,0.13190649979159552,0.14241241676248262,0.12211495483860525,0.03111147005926383
481,Zscore_10_MA5,Simple MA,volatility,2.784141168600375,moderate,moderate,moderate,0.1518753946247276,0.17696659837723608,0.20164850659149364,0.1283092218446449,0.12463931807083273,0.10737335782676158,0.02400553362016941
482,Zscore_10_MA50,Simple MA,volatility,12.624018739869024,fast,fast,fast,0.166691202157739,0.1973834651810928,0.2277213188757005,0.1527195245305819,0.16464791584746546,0.15270070261789612,0.033719204430658505
483,Zscore_25,Raw,volatility,0.9865178331732593,moderate,fast,slow,0.17929902992911267,0.21130302340402887,0.24948636014971123,0.15758685583676463,0.1661088639296438,0.1542945357332198,0.04895020381693113
484,Zscore_25_EA10,Exponential MA,volatility,3.3955793052273004,moderate,moderate,moderate,0.15575754869725233,0.177361974945969,0.2081793969754697,0.13677890272192697,0.13146336401295555,0.11022434178190355,0.027870429270327124
485,Zscore_25_EA25,Exponential MA,volatility,12.83013982835983,fast,fast,fast,0.16465698774061394,0.19098994689236942,0.22070483199202406,0.1329650352700074,0.14174422983784934,0.13186679244705624,0.029663078662820624
486,Zscore_25_EA5,Exponential MA,volatility,1.8638483644057817,moderate,moderate,moderate,0.1561727100509933,0.1760096844780546,0.20169577034388675,0.13254602185222134,0.13102133024086904,0.08793177455997415,0.028155835288470335
487,Zscore_25_EA50,Exponential MA,volatility,57.24746040523501,fast,fast,fast,0.17813612705594575,0.19883175144579238,0.2269168911819112,0.1615425963785152,0.16093565375824714,0.13918518394934917,0.03579951404622181
488,Zscore_25_MA10,Simple MA,volatility,5.707206942519719,fast,moderate,fast,0.16994591866597458,0.18033986259111,0.21235277650002146,0.14587128599865917,0.13386757890965909,0.12092490506367753,0.030563963343643988
489,Zscore_25_MA25,Simple MA,volatility,218.38537869342446,fast,fast,fast,0.17897785269546615,0.2045320946375067,0.23797280394637818,0.1607376296578196,0.16798527967196708,0.15386426694117128,0.03557555022776329
490,Zscore_25_MA5,Simple MA,volatility,2.3052070112475485,moderate,moderate,moderate,0.16205641706883528,0.1780417009483615,0.2110581182311565,0.13236491243815404,0.12343565450159726,0.1027871161548475,0.028017123052360902
491,Zscore_25_MA50,Simple MA,volatility,11.482810159699302,fast,fast,fast,0.19174556029777548,0.22490043610299612,0.25241451316309627,0.17783048662631906,0.18970100002138052,0.181673321345694,0.041467888714547096
492,Zscore_5,Raw,volatility,3.9935226555562044,fast,fast,moderate,0.12977415647865054,0.16958865441413143,0.20321425472515284,0.09596290770992102,0.1158472728383298,0.11051019038794078,0.025690023114447638
493,Zscore_5_EA10,Exponential MA,volatility,3.5293746837492934,fast,moderate,moderate,0.13875952458666282,0.16855253956499283,0.2067231019538699,0.11781559314793795,0.11388653550357573,0.10091979834828761,0.02183828379101749
494,Zscore_5_EA25,Exponential MA,volatility,5.11236267164867,fast,fast,fast,0.15547237037111503,0.1834298026015638,0.2082925947124071,0.1321912867949247,0.13015661465382716,0.09919421340065657,0.027737806042780568
495,Zscore_5_EA5,Exponential MA,volatility,2.4957141304303736,moderate,moderate,moderate,0.15035615094799892,0.1672357750841604,0.19979108554161118,0.12959341586638803,0.11720431774515931,0.0909317882297231,0.02079232927060838
496,Zscore_5_EA50,Exponential MA,volatility,6.214064526605616,fast,fast,fast,0.16312688170582626,0.18647762604527232,0.22164678936418486,0.1436795358164194,0.1439544225222454,0.12981373394735987,0.03522719234330979
497,Zscore_5_MA10,Simple MA,volatility,6.267119997873426,fast,fast,fast,0.14091604563739665,0.1780382032088567,0.20797051518186227,0.11568056204806772,0.1240619733024721,0.10924774100898502,0.02676334005438214
498,Zscore_5_MA25,Simple MA,volatility,8.334489828446738,fast,fast,fast,0.15627041968719924,0.20084558938553354,0.2144838222105589,0.13421222997412274,0.15639613761099458,0.1224351984831858,0.02878275523915404
499,Zscore_5_MA5,Simple MA,volatility,4.131981949231169,fast,moderate,moderate,0.14843019312030617,0.17894750757458755,0.2028081104738181,0.12159352283588538,0.1258833185012285,0.08861895119604123,0.02140107975021831
500,Zscore_5_MA50,Simple MA,volatility,7.818961825093886,fast,fast,fast,0.15547620834265402,0.19174767686324865,0.2302325272980853,0.13043160805318343,0.15189612271911393,0.142335700546735,0.03610250901820986
501,Zscore_50,Raw,volatility,0.5374386197343285,moderate,fast,slow,0.1990235754165775,0.252041538550029,0.2910481099379583,0.17392664529863605,0.2011274867185837,0.19946632517327217,0.05797926950634355
502,Zscore_50_EA10,Exponential MA,volatility,2.1704799504159222,moderate,moderate,moderate,0.17663441549426598,0.18545688125850293,0.22422820789173917,0.15927360385026695,0.14223919688043254,0.14041132069026846,0.03195048177228775
503,Zscore_50_EA25,Exponential MA,volatility,2.674415649473994,moderate,moderate,moderate,0.19758977829385224,0.21482794172700215,0.2389851905287267,0.17730268432863816,0.1816954165101949,0.15564933827516259,0.036521679641551265
504,Zscore_50_EA5,Exponential MA,volatility,1.5771553970669565,moderate,moderate,slow,0.16199577685036756,0.18900875653826346,0.21280549245072378,0.13119278314696112,0.14024873819462608,0.11877443581247377,0.03330536654346197
505,Zscore_50_EA50,Exponential MA,volatility,3.1331277424422264,moderate,moderate,moderate,0.190662202754167,0.225686136565042,0.25017819750741027,0.174949785407862,0.19798837793332535,0.1758527146082409,0.04242262965813125
506,Zscore_50_MA10,Simple MA,volatility,2.6190057635623245,moderate,moderate,moderate,0.17521601927478836,0.1973360358511024,0.21963121246191822,0.15888968255595992,0.15964020440388138,0.13183585601186926,0.033140301209238464
507,Zscore_50_MA25,Simple MA,volatility,3.2038734277439658,moderate,moderate,moderate,0.1948360397786994,0.21916077009990134,0.26570443410273953,0.17619165800317083,0.1889750902645608,0.18410248463809814,0.03885443417443173
508,Zscore_50_MA5,Simple MA,volatility,1.9073921451984872,moderate,moderate,moderate,0.15303757305438379,0.18827023432556977,0.2228431194033394,0.13285858864315161,0.14293750716355721,0.12484031142384334,0.03261207312889336
509,Zscore_50_MA50,Simple MA,volatility,3.8382797478779542,fast,moderate,moderate,0.18846219411422951,0.23875507002887136,0.2696522504589234,0.166407931456611,0.20009520199593941,0.20297351636730257,0.0494349602816729
