,Date,Close,Close_slope5,Close_slope25
5030,2025-07-03,556.219970703125,1.54199,1.28198
5029,2025-07-02,550.7999877929688,0.806,1.20693
5028,2025-07-01,546.989990234375,1.70801,1.13563
5027,2025-06-30,551.6400146484375,3.065,1.1897
5026,2025-06-27,548.0900268554688,3.93199,1.12389
5025,2025-06-26,546.219970703125,4.94719,1.07304
5024,2025-06-25,541.1599731445312,3.90679,0.94682
5023,2025-06-24,539.780029296875,2.58405,0.83474
5022,2025-06-23,531.6500244140625,-0.63287,0.7259
5021,2025-06-20,526.239013671875,-0.55538,0.70469
5020,2025-06-18,528.3965454101562,-0.72119,0.73285
5019,2025-06-17,528.4865112304688,-0.6023,0.76167
5018,2025-06-16,533.6906127929688,-0.5284,0.85067
5017,2025-06-13,526.368896484375,-0.8021,1.05461
5016,2025-06-12,533.061279296875,0.91796,1.29322
5015,2025-06-11,531.8126831054688,1.95081,1.48121
5014,2025-06-10,533.6107177734375,1.67712,1.66042
5013,2025-06-09,530.1046752929688,0.79412,1.74078
5012,2025-06-06,529.3255004882812,1.08977,1.79237
5011,2025-06-05,524.2012329101562,1.69009,1.8855
5010,2025-06-04,528.1768188476562,2.58409,2.05007
5009,2025-06-03,526.7084350585938,2.00375,2.13644
5008,2025-06-02,522.623046875,0.41754,2.22535
5007,2025-05-30,518.5276489257812,1.84294,2.31155
5006,2025-05-29,519.3467407226562,2.15058,2.44783
5005,2025-05-28,518.3278198242188,1.89387,2.65407
5004,2025-05-27,520.63525390625,-0.18979,2.91322
5003,2025-05-23,508.668701171875,-3.17744,3.19694
5002,2025-05-22,513.4234008789062,-2.39632,3.43129
5001,2025-05-21,512.4644165039062,-1.36448,3.56731
5000,2025-05-20,519.6863403320312,0.59333,3.53193
4999,2025-05-19,521.4244384765625,1.56524,3.38674
4998,2025-05-16,520.9249877929688,3.09452,3.20433
4997,2025-05-15,518.66748046875,7.33076,3.05074
4996,2025-05-14,518.09814453125,8.83009,2.67911
4995,2025-05-13,515.0116577148438,8.40457,2.73272
4994,2025-05-12,507.2803039550781,5.74855,2.66799
4993,2025-05-09,487.4225769042969,1.09478,2.61937
4992,2025-05-08,487.74224853515625,-0.37058,2.44579
4991,2025-05-07,482.7578125,-0.41754,2.00532
4990,2025-05-06,480.86993408203125,1.61118,1.63718
4989,2025-05-05,485.3848571777344,3.41216,1.31463
4988,2025-05-02,488.2816162109375,3.89463,0.93715
4987,2025-05-01,481.1396484375,2.12761,0.40073
4986,2025-04-30,474.9366149902344,1.91885,-0.09526
4985,2025-04-29,474.9965515136719,4.69473,-0.61087
4984,2025-04-28,471.8800354003906,7.37771,-1.08743
4983,2025-04-25,472.0298767089844,10.16559,-1.42406
4982,2025-04-24,466.8257141113281,6.78737,-1.74171
4981,2025-04-23,454.050048828125,2.11163,-2.01773
4980,2025-04-22,443.98138427734375,-3.80472,-2.09768
4979,2025-04-21,432.6241149902344,-6.25598,-2.1379
4978,2025-04-17,443.601806640625,-3.38619,-2.00705
4977,2025-04-16,443.68170166015625,-0.04096,-1.84653
4976,2025-04-15,457.4761962890625,-0.47148,-1.74772
4975,2025-04-14,456.966796875,7.11601,-1.71326
4974,2025-04-11,453.8902282714844,9.14373,-1.6742
4973,2025-04-10,445.6794738769531,8.92298,-1.76867
4972,2025-04-09,465.47723388671875,2.4043,-1.71982
4971,2025-04-08,415.59326171875,-14.69849,-1.96436
4970,2025-04-07,423.2146911621094,-15.13301,-1.62348
4969,2025-04-04,422.19586181640625,-11.44115,-1.31213
4968,2025-04-03,450.1544494628906,-2.92971,-1.03716
4967,2025-04-02,475.6158447265625,-0.71719,-0.90394
4966,2025-04-01,472.16973876953125,-3.60195,-1.11934
4965,2025-03-31,468.39398193359375,-6.44476,-1.25995
4964,2025-03-28,468.4139404296875,-5.5218,-1.39247
4963,2025-03-27,481.0797119140625,-0.32843,-1.54382
4962,2025-03-26,483.83660888671875,2.49752,-1.88117
4961,2025-03-25,492.90643310546875,3.86423,-2.22506
4960,2025-03-24,490.10955810546875,3.35655,-2.61652
4959,2025-03-21,479.58538818359375,0.08578,-2.93412
4958,2025-03-20,478.009521484375,-0.2673,-3.08989
4957,2025-03-19,479.6352844238281,1.99279,-3.11769
4956,2025-03-18,473.3018493652344,0.96447,-3.12126
4955,2025-03-17,481.5103454589844,2.50145,-3.03697
4954,2025-03-14,478.4084777832031,1.05724,-2.93451
4953,2025-03-13,467.1180114746094,-4.25985,-2.83172
4952,2025-03-12,475.6756591796875,-4.26384,-2.5524
4951,2025-03-11,470.3695068359375,-7.6091,-2.29185
4950,2025-03-10,471.4965515136719,-5.57143,-1.8832
4949,2025-03-07,490.5068359375,-1.78233,-1.48863
4948,2025-03-06,486.92620849609375,-3.48887,-1.25313
4947,2025-03-05,500.7001647949219,-0.91161,-0.9374
4946,2025-03-04,494.25701904296875,-4.11325,-0.7434
4945,2025-03-03,495.7530822753906,-3.88286,-0.39981
4944,2025-02-28,506.8441162109375,-3.63549,-0.19883
4943,2025-02-27,498.9646911621094,-5.67814,-0.11147
4942,2025-02-26,513.2174682617188,-5.79481,0.08386
4941,2025-02-25,511.9806823730469,-6.95779,0.2224
4940,2025-02-24,518.5135498046875,-5.23032,0.40934
4939,2025-02-21,524.7073364257812,-2.62116,0.61715
4938,2025-02-20,535.8281860351562,0.40192,0.72447
4937,2025-02-19,538.1123046875,2.58425,0.82038
4936,2025-02-18,537.962646484375,3.2525,0.86435
4935,2025-02-14,536.7459106445312,2.56431,0.86877
4934,2025-02-13,534.5017700195312,2.49448,0.78627
4933,2025-02-12,526.9215087890625,0.24634,0.70948
4932,2025-02-11,526.6123657226562,0.19249,0.60643
4931,2025-02-10,527.8690795898438,0.56153,0.55846
4930,2025-02-07,521.5556030273438,1.47116,0.56757
4929,2025-02-06,528.2182006835938,2.32991,0.61602
4928,2025-02-05,525.475341796875,0.97545,0.54855
4927,2025-02-04,523.1015625,0.23339,0.43379
4926,2025-02-03,516.7581176757812,-0.59246,0.27466
4925,2025-01-31,520.92724609375,1.73546,0.17958
4924,2025-01-30,521.6852416992188,-0.6523,0.11719
4923,2025-01-29,519.4710693359375,-3.1358,0.0941
4922,2025-01-28,520.448486328125,-3.77313,0.13042
4921,2025-01-27,512.8683471679688,-2.29998,0.13008
4920,2025-01-24,528.2481079101562,2.35584,0.02312
4919,2025-01-23,531.250244140625,4.87624,-0.24351
4918,2025-01-22,530.1231689453125,4.12321,-0.46405
4917,2025-01-21,523.4307250976562,4.4364,-0.63855
4916,2025-01-17,520.378662109375,4.02547,-0.78206
4915,2025-01-16,511.7413024902344,2.28602,-0.80611
4914,2025-01-15,515.351806640625,0.0748,-0.76166
4913,2025-01-14,503.76214599609375,-2.98319,-0.78451
4912,2025-01-13,504.2408752441406,-4.583,-0.64168
4911,2025-01-10,505.8666687011719,-3.19663,-0.50479
4910,2025-01-08,513.925537109375,0.66625,-0.31247
4909,2025-01-07,513.8357543945312,2.21519,-0.17944
4908,2025-01-06,523.1713256835938,2.51442,0.00488
4907,2025-01-03,517.2269287109375,-1.33051,0.13186
4906,2025-01-02,508.8987121582031,-4.99394,0.26604
4905,2024-12-31,509.8961181640625,-5.13159,0.50076
4904,2024-12-30,514.2646484375,-2.18629,0.72944
4903,2024-12-27,521.196533203125,1.61578,0.91708
4902,2024-12-26,528.2182006835938,4.45342,1.04326
4901,2024-12-24,528.5772705078125,3.80713,1.08106
4900,2024-12-23,521.5057373046875,-2.1891,1.12622
4899,2024-12-20,516.473876953125,-6.03944,1.25021
4898,2024-12-19,512.0028076171875,-5.41907,1.29232
4897,2024-12-18,514.2930908203125,-1.47278,1.33879
4896,2024-12-17,533.5416259765625,2.33312,1.35481
4895,2024-12-16,535.9016723632812,3.55994,1.16707
4894,2024-12-13,528.2938842773438,2.21066,0.93616
4893,2024-12-12,524.2808837890625,0.75483,0.76843
4892,2024-12-11,527.6864013671875,1.02964,0.70098
4891,2024-12-10,518.4057006835938,-0.473,0.70635
4890,2024-12-09,520.1781616210938,1.41799,0.83264
4889,2024-12-06,524.2608642578125,2.72048,0.90164
4888,2024-12-05,519.610595703125,3.19747,0.93596
4887,2024-12-04,521.0545043945312,4.28686,0.86895
4886,2024-12-03,514.69140625,2.50041,0.73328
4885,2024-12-02,513.1180419921875,1.77547,0.6873
4884,2024-11-29,507.5914611816406,0.6582,0.64134
4883,2024-11-27,503.1701965332031,0.41424,0.66292
4882,2024-11-26,507.1632995605469,1.38314,0.75178
4881,2024-11-25,504.45477294921875,0.88426,0.71787
4880,2024-11-22,503.6581726074219,1.30051,0.70578
4879,2024-11-21,502.8515625,1.98858,0.70184
4878,2024-11-20,501.0491943359375,-0.41325,0.72688
4877,2024-11-19,501.33795166015625,-2.61394,0.76256
4876,2024-11-18,497.9124450683594,-4.12852,0.78652
4875,2024-11-15,494.4770202636719,-3.85965,0.77394
4874,2024-11-14,506.5459289550781,-1.24374,0.83184
4873,2024-11-13,510.0909118652344,-0.37939,0.77367
4872,2024-11-12,510.74810791015625,1.48969,0.66257
4871,2024-11-11,511.6741943359375,5.16016,0.56566
4870,2024-11-08,511.9729919433594,7.7263,0.50758
4869,2024-11-07,511.37542724609375,7.14873,0.37422
4868,2024-11-06,503.44903564453125,4.80367,0.27897
4867,2024-11-05,490.1353759765625,-0.6154,0.23519
4866,2024-11-04,483.9615173339844,-3.7093,0.3127
4865,2024-11-01,485.3755187988281,-3.21141,0.38107
4864,2024-10-31,481.8106384277344,-2.18675,0.449
4863,2024-10-30,494.2878112792969,1.29054,0.52706
4862,2024-10-29,498.0518798828125,2.65676,0.51821
4861,2024-10-28,493.31195068359375,0.58155,0.46776
4860,2024-10-25,493.2322998046875,-0.38238,0.4748
4859,2024-10-24,490.2449035644531,-1.13122,0.4849
4858,2024-10-23,486.3016052246094,-0.4272,0.50606
4857,2024-10-22,493.86956787109375,1.42098,0.66867
4856,2024-10-21,493.3318786621094,1.26465,0.72332
4855,2024-10-18,492.3858642578125,-0.56362,0.76792
4854,2024-10-17,489.179443359375,-1.07643,0.78521
4853,2024-10-16,488.84088134765625,-0.58452,0.83886
4852,2024-10-15,488.7811279296875,0.03088,0.92379
4851,2024-10-14,495.4031066894531,1.654,1.08317
4850,2024-10-11,491.2804870605469,2.57011,1.18973
4849,2024-10-10,490.5137939453125,2.1499,1.35702
4848,2024-10-09,491.0713806152344,2.49941,1.38392
4847,2024-10-08,487.2376403808594,1.51459,1.38453
4846,2024-10-07,480.0679931640625,0.70005,1.38704
4845,2024-10-04,485.2659912109375,-0.1175,1.30697
4844,2024-10-03,479.5601501464844,-1.63707,1.22143
4843,2024-10-02,479.9186096191406,-2.04336,1.17335
4842,2024-10-01,479.241455078125,-1.04559,1.06368
4841,2024-09-30,486.0128173828125,0.63033,0.96933
4840,2024-09-27,484.6983947753906,1.14714,0.75943
4839,2024-09-26,487.4069519042969,1.81174,0.60325
4838,2024-09-25,483.7723388671875,0.9842,0.34014
4837,2024-09-24,483.3241882324219,2.94169,0.12809
4836,2024-09-23,481.0040588378906,3.12811,-0.09354
4835,2024-09-20,479.7323913574219,2.81113,-0.23834
4834,2024-09-19,480.6472473144531,1.41601,-0.37147
4833,2024-09-18,468.7941589355469,-0.53796,-0.41259
4832,2024-09-17,470.8326416015625,0.97053,-0.34957
4831,2024-09-16,470.58404541015625,3.56786,-0.21092
4830,2024-09-13,472.6722412109375,5.60039,-0.07778
4829,2024-09-12,470.5641784667969,6.28652,0.03848
4828,2024-09-11,465.98992919921875,2.49889,0.27705
4827,2024-09-10,456.0859069824219,-1.04211,0.48826
4826,2024-09-09,451.909423828125,-2.64707,0.81444
4825,2024-09-06,446.17181396484375,-5.56161,1.04176
4824,2024-09-05,458.4525146484375,-3.47041,1.22194
4823,2024-09-04,458.0249328613281,-3.01597,1.18298
4822,2024-09-03,459.21820068359375,-2.48398,1.28024
4821,2024-08-30,473.5970458984375,-0.42162,1.30475
4820,2024-08-29,468.0185241699219,-2.25428,1.19561
4819,2024-08-28,468.7046203613281,-1.01826,1.17521
4818,2024-08-27,474.08428955078125,-1.09283,1.09158
4817,2024-08-26,472.6722412109375,-1.22707,0.7898
4816,2024-08-23,477.3061218261719,-0.79053,0.4895
4815,2024-08-22,472.1850280761719,0.08651,0.21318
4814,2024-08-21,479.79205322265625,2.12698,-0.05458
4813,2024-08-20,477.56463623046875,4.16747,-0.41578
4812,2024-08-19,478.5689697265625,4.94012,-0.88901
4811,2024-08-16,472.364013671875,5.88081,-1.35824
4810,2024-08-15,471.7574462890625,5.90368,-1.74183
4809,2024-08-14,460.1330261230469,4.12571,-2.07769
4808,2024-08-13,459.9838562011719,5.85993,-2.38515
4807,2024-08-12,448.84674072265625,3.91192,-2.61271
4806,2024-08-09,447.8821716308594,3.84032,-2.69804
4805,2024-08-08,445.5553283691406,-0.1949,-2.72773
4804,2024-08-07,432.3299255371094,-5.86689,-2.65217
4803,2024-08-06,437.0632629394531,-8.68795,-2.37421
4802,2024-08-05,432.9266052246094,-6.6266,-2.05721
4801,2024-08-02,446.2314758300781,-2.80119,-1.64063
4800,2024-08-01,457.08026123046875,0.05469,-1.34658
4799,2024-07-31,468.42620849609375,2.00468,-1.1245
4798,2024-07-30,454.9622497558594,-0.60359,-0.99095
4797,2024-07-29,461.29644775390625,-3.366,-0.66666
4796,2024-07-26,460.3717041015625,-6.07073,-0.44324
4795,2024-07-25,455.69805908203125,-5.25832,-0.21053
4794,2024-07-24,460.7794189453125,-2.66893,0.04822
4793,2024-07-23,477.922607421875,0.0527,0.27754
4792,2024-07-22,479.61309814453125,-3.4376,0.40522
4791,2024-07-19,472.57281494140625,-5.83407,0.53695
4790,2024-07-18,476.7989501953125,-4.47872,0.75778
4789,2024-07-17,479.0661926269531,-1.86944,0.99111
4788,2024-07-16,493.5544128417969,-0.89694,1.22167
4787,2024-07-15,493.3654479980469,-1.13161,1.31096
4786,2024-07-12,492.04290771484375,-1.08189,1.37228
4785,2024-07-11,489.1691589355469,-0.28241,1.41973
4784,2024-07-10,500.1372375488281,2.5307,1.55537
4783,2024-07-09,494.9763488769531,2.77234,1.56341
4782,2024-07-08,494.54876708984375,3.97953,1.60656
4781,2024-07-05,493.37542724609375,4.29775,1.60976
4780,2024-07-03,488.2841796875,2.65801,1.54429
4779,2024-07-02,484.2469482421875,1.34541,1.46911
4778,2024-07-01,479.2153625488281,0.37986,1.42562
4777,2024-06-28,476.42108154296875,1.24596,1.44899
4776,2024-06-27,478.9070739746094,1.07335,1.45935
4775,2024-06-26,477.6740417480469,-0.07059,1.42557
4774,2024-06-25,476.6895751953125,-1.67712,1.39199
4773,2024-06-24,471.3000183105469,-2.55384,1.37709
4772,2024-06-21,476.72735595703125,-0.15985,1.39239
4771,2024-06-20,478.0080871582031,1.54084,1.32763
4770,2024-06-18,481.7211608886719,3.02409,1.2931
4769,2024-06-17,481.5722961425781,3.88388,1.22042
4768,2024-06-14,475.7445068359375,3.7151,1.1264
4767,2024-06-13,473.292236328125,3.65751,1.06735
4766,2024-06-12,470.74072265625,2.64286,1.01247
4765,2024-06-11,464.65478515625,1.0365,0.95273
4764,2024-06-10,461.48773193359375,2.02037,0.92865
4763,2024-06-07,459.6311950683594,2.84539,0.95875
4762,2024-06-06,460.0382080078125,3.54631,1.06363
4761,2024-06-05,460.1970520019531,2.74214,1.1862
4760,2024-06-04,451.10296630859375,-0.25416,1.24709
4759,2024-06-03,449.8718566894531,-1.86947,1.2944
4758,2024-05-31,447.4692687988281,-2.24474,1.35355
4757,2024-05-30,448.30322265625,-0.56888,1.47985
4756,2024-05-29,453.1580810546875,0.74263,1.55888
4755,2024-05-28,456.3747863769531,0.99281,1.58343
4754,2024-05-24,454.6571960449219,0.39117,1.60914
4753,2024-05-23,450.3980712890625,0.45669,1.65903
4752,2024-05-22,452.43328857421875,1.14173,1.63817
4751,2024-05-21,452.5226745605469,0.86672,1.55158
4750,2024-05-20,451.6390686035156,1.66991,1.39308
4749,2024-05-17,448.51171875,2.32418,1.22492
4748,2024-05-16,448.7301330566406,2.94467,1.00374
4747,2024-05-15,449.6435241699219,2.74313,0.70502
4746,2024-05-14,442.7236022949219,1.37006,0.45626
4745,2024-05-13,439.89410400390625,0.74659,0.23022
4744,2024-05-10,438.8814697265625,0.4289,0.04579
4743,2024-05-09,437.84893798828125,1.08117,-0.0835
4742,2024-05-08,436.8958740234375,3.0936,-0.26954
4741,2024-05-07,437.1539611816406,5.05836,-0.43616
4740,2024-05-06,437.08447265625,4.49544,-0.63974
4739,2024-05-03,432.3487854003906,0.77141,-0.83048
4738,2024-05-02,423.8304748535156,-1.92903,-0.97851
4737,2024-05-01,418.4891357421875,-1.21818,-1.02038
4736,2024-04-30,421.5370788574219,0.44279,-1.00949
4735,2024-04-29,429.638427734375,1.97072,-1.02617
4734,2024-04-26,427.9009704589844,2.35692,-1.10256
4733,2024-04-25,421.3981018066406,2.70938,-1.13231
4732,2024-04-24,423.44329833984375,1.65005,-1.03962
4731,2024-04-23,422.0136413574219,-0.60858,-0.94661
4730,2024-04-22,415.80859375,-3.54928,-0.79304
4729,2024-04-19,411.6685791015625,-4.02187,-0.61889
4728,2024-04-18,420.3655700683594,-3.46889,-0.39841
4727,2024-04-17,422.7780456542969,-4.58977,-0.27701
4726,2024-04-16,428.0002746582031,-2.86425,-0.10733
4725,2024-04-15,427.9605712890625,-2.22786,0.00359
4724,2024-04-12,435.1187438964844,-0.12509,0.06166
4723,2024-04-11,442.16766357421875,1.78309,0.11965
4722,2024-04-10,435.2179870605469,-0.05659,0.13218
4721,2024-04-09,439.05023193359375,0.06056,0.1337
4720,2024-04-05,437.3028869628906,-1.46241,0.08622
4719,2024-04-04,432.20977783203125,-2.00449,0.11883
4718,2024-04-03,438.921142578125,-0.82998,0.23496
4717,2024-04-02,437.93829345703125,-0.4269,0.26215
4716,2024-04-01,441.7507019042969,0.10623,0.3049
4715,2024-03-28,440.81744384765625,-0.46365,0.3035
4714,2024-03-27,441.6314697265625,-0.51032,0.29295
4713,2024-03-26,440.1324157714844,-0.19955,0.38331
4712,2024-03-25,441.56207275390625,1.48823,0.45791
4711,2024-03-22,443.17041015625,2.49196,0.47581
4710,2024-03-21,442.6640930175781,3.11107,0.43031
4709,2024-03-20,440.5791320800781,1.55302,0.39216
4708,2024-03-19,435.41656494140625,-0.32538,0.40752
4707,2024-03-18,434.3343811035156,-1.7384,0.40029
4706,2024-03-15,430.23114013671875,-1.13625,0.38533
4705,2024-03-14,435.40673828125,0.30736,0.44963
4704,2024-03-13,436.5072937011719,-0.57111,0.46863
4703,2024-03-12,439.8883056640625,0.16657,0.51144
4702,2024-03-11,433.6716003417969,0.28853,0.50291
4701,2024-03-08,435.28778076171875,-0.05948,0.53983
4700,2024-03-07,441.6631164550781,-0.55027,0.61944
4699,2024-03-06,435.0596923828125,-0.98952,0.66717
4698,2024-03-05,432.3429870605469,0.6524,0.68297
4697,2024-03-04,440.2452392578125,2.29828,0.68957
4696,2024-03-01,441.82171630859375,1.9354,0.65084
4695,2024-02-29,435.2679443359375,0.31332,0.55769
4694,2024-02-28,431.56964111328125,-0.47394,0.52014
4693,2024-02-27,433.8798522949219,2.22691,0.53104
4692,2024-02-26,432.8387451171875,2.93781,0.52586
4691,2024-02-23,433.0668029785156,2.2973,0.52402
4690,2024-02-22,434.3458557128906,0.21416,0.58314
4689,2024-02-21,421.9917297363281,-2.22196,0.66422
4688,2024-02-20,423.6872253417969,-0.50665,0.82416
4687,2024-02-16,426.90960693359375,-0.35495,0.95452
4686,2024-02-15,430.81610107421875,-0.71388,1.04102
4685,2024-02-14,429.5370788574219,-0.75751,1.08006
4684,2024-02-13,424.90673828125,-0.42932,1.13721
4683,2024-02-12,431.6390380859375,2.03853,1.22704
4682,2024-02-09,433.3345031738281,2.22096,1.3066
4681,2024-02-08,429.1107482910156,1.10056,1.34407
4680,2024-02-07,428.3175048828125,1.86401,1.37392
4679,2024-02-06,423.95489501953125,2.75736,1.34643
4678,2024-02-05,424.8076477050781,1.81842,1.27672
4677,2024-02-02,425.36285400390625,-0.16855,1.16841
4676,2024-02-01,418.29345703125,-1.49121,1.03964
4675,2024-01-31,413.4252014160156,-1.71232,0.97586
4674,2024-01-30,421.68438720703125,0.07337,0.97507
4673,2024-01-29,424.5101318359375,0.72577,0.89056
4672,2024-01-26,420.2070617675781,0.69702,0.80716
4671,2024-01-25,422.7254638671875,1.43173,0.69189
4670,2024-01-24,422.2098693847656,2.77422,0.55912
4669,2024-01-23,419.8798828125,4.09291,0.43996
4668,2024-01-22,418.1447448730469,3.80637,0.3455
4667,2024-01-19,417.5993957519531,2.64829,0.24909
4666,2024-01-18,409.4790344238281,0.48881,0.18993
4665,2024-01-17,403.7481994628906,-0.23895,0.22279
4664,2024-01-16,406.03851318359375,0.85269,0.32946
4663,2024-01-12,406.07818603515625,1.2711,0.41689
4662,2024-01-11,405.8699951171875,2.85056,0.53773
4661,2024-01-10,405.0272216796875,3.31558,0.62076
4660,2024-01-09,402.3005676269531,2.33101,0.70351
4659,2024-01-08,401.50738525390625,0.31133,0.76282
4658,2024-01-05,393.3771057128906,-3.15792,0.82739
4657,2024-01-04,392.91107177734375,-4.08795,0.95128
4656,2024-01-03,394.94366455078125,-3.4752,1.07031
4655,2024-01-02,399.1674499511719,-1.7974,1.17294
4654,2023-12-29,406.03851318359375,0.33167,1.22249
4653,2023-12-28,407.8033752441406,1.07313,1.18758
4652,2023-12-27,408.0016784667969,2.01991,1.13395
4651,2023-12-26,407.1728515625,0.86613,1.03946
4650,2023-12-22,404.6954040527344,0.11992,0.97957
4649,2023-12-21,404.09088134765625,0.24537,0.92577
4648,2023-12-20,399.443115234375,0.55654,0.86333
4647,2023-12-19,405.4683532714844,1.67909,0.83255
4646,2023-12-18,403.40704345703125,1.98256,0.80153
4645,2023-12-15,400.882080078125,2.4092,0.75542
4644,2023-12-14,398.95355224609375,3.03229,0.78808
4643,2023-12-13,399.2996520996094,3.27557,0.78698
4642,2023-12-12,394.28546142578125,3.19745,0.76145
4641,2023-12-11,391.17010498046875,2.33207,0.79431
4640,2023-12-08,387.85687255859375,1.46768,0.8496
4639,2023-12-07,386.1360778808594,-0.02867,0.95585
4638,2023-12-06,380.81524658203125,-1.00977,1.11661
4637,2023-12-05,383.03057861328125,-0.7467,1.36071
4636,2023-12-04,382.07122802734375,-0.75264,1.5719
4635,2023-12-01,385.6514587402344,0.01779,1.79922
4634,2023-11-30,384.55364990234375,-0.07122,1.9746
4633,2023-11-29,385.5228576660156,0.01779,2.06476
4632,2023-11-28,385.8987121582031,0.25221,2.03571
4631,2023-11-27,384.88995361328125,-0.20767,2.01114
4630,2023-11-24,385.2261962890625,0.61912,1.98017
4629,2023-11-22,385.7701416015625,1.05329,1.87052
4628,2023-11-21,384.19757080078125,1.03745,1.70191
4627,2023-11-20,386.442626953125,1.11165,1.48462
4626,2023-11-17,381.79437255859375,1.80791,1.21842
4625,2023-11-16,381.7052917480469,2.32712,1.02018
4624,2023-11-15,381.37896728515625,3.76215,0.76458
4623,2023-11-14,381.09210205078125,3.15688,0.48829
4622,2023-11-13,373.0614013671875,1.43107,0.22791
4621,2023-11-10,374.2284851074219,1.55571,0.05364
4620,2023-11-09,366.0000305175781,0.83572,-0.12342
4619,2023-11-08,368.8384094238281,2.37262,-0.17374
4618,2023-11-07,368.60107421875,3.68403,-0.27079
4617,2023-11-06,365.1494140625,4.69083,-0.3314
4616,2023-11-03,363.6659240722656,4.90446,-0.4289
4615,2023-11-02,359.44287109375,4.35359,-0.49032
4614,2023-11-01,353.0341796875,3.18064,-0.51431
4613,2023-10-31,347.0111389160156,0.65274,-0.45124
4612,2023-10-30,345.3594665527344,-2.46162,-0.32181
4611,2023-10-27,341.51226806640625,-3.57919,-0.22263
4610,2023-10-26,339.88043212890625,-2.69107,-0.06154
4609,2023-10-25,346.4869689941406,-1.4568,0.12591
4608,2023-10-24,355.18023681640625,-1.26396,0.19712
4607,2023-10-23,351.7583312988281,-3.34579,0.14354
4606,2023-10-20,350.7001037597656,-3.74337,0.12514
4605,2023-10-19,356.01104736328125,-1.64767,0.13225
4604,2023-10-18,359.3736572265625,-1.00878,0.03928
4603,2023-10-17,364.1505126953125,-0.64878,-0.04667
4602,2023-10-16,365.34722900390625,-0.42527,-0.15961
4601,2023-10-13,361.26263427734375,-0.12066,-0.31955
4600,2023-10-12,365.8614807128906,1.49536,-0.39327
4599,2023-10-11,367.1372985839844,2.86315,-0.50311
4598,2023-10-10,364.5362243652344,2.5269,-0.64892
4597,2023-10-09,362.528564453125,2.79196,-0.79681
4596,2023-10-06,360.6890563964844,1.05329,-0.91345
4595,2023-10-05,354.7451477050781,-0.06626,-1.00737
4594,2023-10-04,355.7934265136719,0.01285,-1.02185
4593,2023-10-03,351.0166015625,0.29769,-1.01435
4592,2023-10-02,357.286865234375,1.71393,-0.87506
4591,2023-09-29,354.3297119140625,0.11076,-0.76488
4590,2023-09-28,354.0726318359375,-0.43218,-0.5979
4589,2023-09-27,351.1352844238281,-0.92372,-0.49844
4588,2023-09-26,350.3144226074219,-1.87019,-0.30932
4587,2023-09-25,355.6549987792969,-2.68513,-0.11079
4586,2023-09-22,353.97369384765625,-3.70975,0.0939
4585,2023-09-21,353.9242248535156,-3.06077,0.30978
4584,2023-09-20,360.53076171875,-2.4501,0.49018
4583,2023-09-19,365.8021240234375,-1.35127,0.5723
4582,2023-09-18,366.58349609375,-0.6505,0.5669
4581,2023-09-15,366.20172119140625,-0.77426,0.59112
4580,2023-09-14,372.5814514160156,0.65377,0.59397
4579,2023-09-13,369.5594787597656,0.44539,0.53754
4578,2023-09-12,368.1571044921875,0.09974,0.46692
4577,2023-09-11,372.2851867675781,-0.43059,0.37958
4576,2023-09-08,367.94976806640625,-1.58307,0.28149
4575,2023-09-07,367.43621826171875,-1.45271,0.20706
4574,2023-09-06,370.0828857421875,-0.41082,0.13321
4573,2023-09-05,373.37158203125,0.72392,-0.04191
4572,2023-09-01,372.8974609375,2.45708,-0.25192
4571,2023-08-31,373.29248046875,3.75672,-0.45109
4570,2023-08-30,372.176513671875,4.15076,-0.58721
4569,2023-08-29,370.1124572753906,1.66505,-0.72142
4568,2023-08-28,362.20208740234375,0.16494,-0.84596
4567,2023-08-25,359.49609375,-0.18961,-0.86512
4566,2023-08-24,356.73089599609375,1.12484,-0.84454
4565,2023-08-23,364.5228271484375,2.59829,-0.7978
4564,2023-08-22,358.864013671875,0.69129,-0.89821
4563,2023-08-21,359.3775939941406,-0.93325,-0.93029
4562,2023-08-18,353.6793212890625,-3.18788,-0.92199
4561,2023-08-17,354.12371826171875,-2.28426,-0.81022
4560,2023-08-16,358.03448486328125,-1.1772,-0.68772
4559,2023-08-15,361.86627197265625,-0.1205,-0.53099
4558,2023-08-14,365.7474365234375,-0.49083,-0.36238
4557,2023-08-11,361.68853759765625,-2.10451,-0.21475
4556,2023-08-10,364.00933837890625,-1.40038,-0.02847
4555,2023-08-09,363.3377990722656,-1.16533,0.12348
4554,2023-08-08,367.376953125,-0.3338,0.25558
4553,2023-08-07,370.52728271484375,-1.73318,0.34899
4552,2023-08-04,367.4164733886719,-3.18788,0.41754
4551,2023-08-03,369.1446838378906,-2.83138,0.56395
4550,2023-08-02,369.7372741699219,-0.5086,0.68017
4549,2023-08-01,378.0328063964844,1.73812,0.78991
4548,2023-07-31,378.91180419921875,1.55642,0.86474
4547,2023-07-28,378.7143249511719,1.21867,0.8674
4546,2023-07-27,371.93951416015625,0.32294,0.82289
4545,2023-07-26,372.828369140625,0.4612,0.87189
4544,2023-07-25,374.07269287109375,-1.40927,0.85525
4543,2023-07-24,371.55438232421875,-2.86791,0.8133
4542,2023-07-21,370.9618225097656,-2.26549,0.76669
4541,2023-07-20,372.07781982421875,-0.15603,0.76078
4540,2023-07-19,380.8573303222656,1.94256,0.75998
4539,2023-07-18,380.9461975097656,2.89359,0.68596
4538,2023-07-17,377.8551025390625,3.46934,0.64609
4537,2023-07-14,374.3591003417969,3.59477,0.62533
4536,2023-07-13,374.4380798339844,3.18788,0.65619
4535,2023-07-12,368.1867370605469,1.24929,0.60812
4534,2023-07-11,363.5945739746094,-0.52538,0.60318
4533,2023-07-10,361.8070068359375,-1.17521,0.63246
4532,2023-07-07,361.68853759765625,-0.90758,0.693
4531,2023-07-06,362.893310546875,0.80586,0.78006
4530,2023-07-05,365.6783447265625,1.77369,0.82273
4529,2023-07-03,365.68817138671875,1.75788,0.83828
4528,2023-06-30,364.8290100097656,2.31685,0.91578
4527,2023-06-29,359.2886962890625,0.92832,1.05175
4526,2023-06-28,360.0096130371094,-0.19456,1.19853
4525,2023-06-27,359.3084716796875,-0.45724,1.27565
4524,2023-06-26,353.23486328125,-1.75789,1.34928
4523,2023-06-23,358.03448486328125,-1.03715,1.45563
4522,2023-06-22,361.619384765625,-1.2534,1.55411
4521,2023-06-21,357.4024353027344,-0.9728,1.62858
4520,2023-06-20,362.34033203125,1.01745,1.71861
4519,2023-06-16,362.8597717285156,2.15786,1.74827
4518,2023-06-15,365.15771484375,3.64211,1.72994
4517,2023-06-14,360.8577575683594,3.37878,1.66663
4516,2023-06-13,358.25408935546875,3.57207,1.64394
4515,2023-06-12,355.52227783203125,1.67461,1.59506
4514,2023-06-09,349.6148986816406,-0.24555,1.55076
4513,2023-06-08,348.2834777832031,-0.89548,1.59818
4512,2023-06-07,344.01312255859375,-0.61046,1.61964
4511,2023-06-06,349.95013427734375,1.63614,1.63757
4510,2023-06-05,350.00933837890625,1.62725,1.54822
4509,2023-06-02,349.76275634765625,1.43296,1.43014
4508,2023-06-01,347.15911865234375,2.38369,1.31011
4507,2023-05-31,343.1945495605469,4.23484,1.26729
4506,2023-05-30,345.1571960449219,4.93013,1.25079
4505,2023-05-26,343.59893798828125,2.74958,1.13157
4504,2023-05-25,335.0384826660156,0.04239,0.9961
4503,2023-05-24,327.0797119140625,-1.41917,0.92514
4502,2023-05-23,328.76617431640625,0.47832,0.89385
4501,2023-05-22,332.9872131347656,2.59869,0.83452
4500,2023-05-19,331.8727722167969,2.91426,0.72216
4499,2023-05-18,332.62225341796875,2.84129,0.60914
4498,2023-05-17,326.5570373535156,1.18051,0.46955
4497,2023-05-16,322.651611328125,0.45663,0.43269
4496,2023-05-15,322.2867736816406,1.00498,0.39576
4495,2023-05-12,320.5509338378906,0.71402,0.33532
4494,2023-05-11,321.704833984375,0.79588,0.28383
4493,2023-05-10,320.659423828125,1.64598,0.2349
4492,2023-05-09,317.2076416015625,1.59963,0.15995
4491,2023-05-08,319.22943115234375,1.40241,0.10508
4490,2023-05-05,318.4404296875,-0.1785,0.02176
4489,2023-05-04,311.8131103515625,-1.74362,-0.00797
4488,2023-05-03,312.9176330566406,-0.91719,0.05005
4487,2023-05-02,314.9787902832031,1.66277,0.14538
4486,2023-05-01,317.7500915527344,3.46065,0.19746
4485,2023-04-28,318.1149597167969,2.3255,0.19438
4484,2023-04-27,315.93548583984375,0.33531,0.18946
4483,2023-04-26,307.5722351074219,-1.52274,0.22966
4482,2023-04-25,305.71820068359375,-1.75251,0.30428
4481,2023-04-24,311.5960998535156,-0.78108,0.43606
4480,2023-04-21,312.24700927734375,-0.69429,0.51586
4479,2023-04-20,311.9215087890625,-0.46452,0.56759
4478,2023-04-19,314.3180236816406,-0.06214,0.68639
4477,2023-04-18,314.46600341796875,1.11541,0.7819
4476,2023-04-17,314.44622802734375,1.13909,0.92011
4475,2023-04-14,314.17999267578125,0.46748,1.05626
4474,2023-04-13,314.771728515625,-0.25543,1.1344
4473,2023-04-12,308.7261962890625,-0.78701,1.13971
4472,2023-04-11,311.4776916503906,-0.44677,1.20239
4471,2023-04-10,313.4896240234375,-0.55031,1.19109
4470,2023-04-06,313.6671447753906,-0.98522,1.15041
4469,2023-04-05,311.5665283203125,-0.13609,1.14898
4468,2023-04-04,314.673095703125,1.69334,1.17158
4467,2023-04-03,315.7381896972656,3.37978,1.12257
4466,2023-03-31,316.5074157714844,3.24465,1.03975
4465,2023-03-30,311.3298034667969,1.33533,0.94801
4464,2023-03-29,308.41058349609375,0.21399,0.84047
4463,2023-03-28,302.8877258300781,0.09958,0.77082
4462,2023-03-27,304.50518798828125,0.15877,0.74405
4461,2023-03-24,306.6058654785156,0.91226,0.62601
4460,2023-03-23,305.4815673828125,0.97382,0.4614
4459,2023-03-22,301.901611328125,0.49516,0.2492
4458,2023-03-21,306.0634460449219,2.30564,0.09331
4457,2023-03-20,301.7536315917969,2.42012,-0.08364
4456,2023-03-17,300.68646240234375,3.81864,-0.17864
4455,2023-03-16,302.1142883300781,4.40748,-0.28608
4454,2023-03-15,294.35491943359375,2.1033,-0.43503
4453,2023-03-14,292.8188171386719,-0.28262,-0.55832
4452,2023-03-13,286.2409973144531,-2.02551,-0.60079
4451,2023-03-10,284.13385009765625,-2.62123,-0.5963
4450,2023-03-09,288.180908203125,-1.59913,-0.60937
4449,2023-03-08,293.261962890625,0.50023,-0.54719
4448,2023-03-07,291.80450439453125,1.64344,-0.4723
4447,2023-03-06,295.42822265625,2.10724,-0.34572
4446,2023-03-03,295.09344482421875,1.13535,-0.31442
4445,2023-03-02,289.1163330078125,0.07681,-0.25608
4444,2023-03-01,286.7432556152344,-0.9384,-0.09178
4443,2023-02-28,289.0671081542969,-0.41948,0.08598
4442,2023-02-27,289.4412841796875,-0.25405,0.23299
4441,2023-02-24,287.3832702636719,-1.55878,0.42986
4440,2023-02-23,292.2771911621094,-1.9566,0.70723
4439,2023-02-22,289.7465515136719,-3.83736,0.89819
4438,2023-02-21,289.5298767089844,-3.28692,1.06685
4437,2023-02-17,296.5508117675781,-0.99749,1.23322
4436,2023-02-16,298.6580505371094,1.16193,1.33695
4435,2023-02-15,304.3692626953125,2.15548,1.41649
4434,2023-02-14,302.0552673339844,0.7464,1.46232
4433,2023-02-13,299.83966064453125,-1.51939,1.52463
4432,2023-02-10,295.1131896972656,-1.57353,1.59748
4431,2023-02-09,297.0628967285156,-0.80942,1.75618
4430,2023-02-08,299.7116394042969,-1.08317,1.8287
4429,2023-02-07,305.13739013671875,0.96402,1.85896
4428,2023-02-06,298.943603515625,2.28449,1.78839
4427,2023-02-03,301.4940185546875,4.81715,1.74527
4426,2023-02-02,306.9491882324219,4.09338,1.70614
4425,2023-02-01,296.3144836425781,1.3313,1.54593
4424,2023-01-31,290.11090087890625,1.0546,1.42123
4423,2023-01-30,285.8274230957031,1.21412,1.33861
4422,2023-01-27,291.7257995605469,1.92706,1.21691
4421,2023-01-26,288.85052490234375,1.97827,1.05902
4420,2023-01-25,283.32635498046875,3.0378,0.90775
4419,2023-01-24,283.95654296875,3.42575,0.75889
4418,2023-01-23,284.5375061035156,1.93393,0.56909
4417,2023-01-20,278.3536071777344,-0.29247,0.27704
4416,2023-01-19,270.9388427734375,-1.07234,0.02506
4415,2023-01-18,273.62713623046875,0.31019,-0.12093
4414,2023-01-17,277.2311096191406,2.05212,-0.25433
4413,2023-01-13,276.6698303222656,2.66657,-0.43754
4412,2023-01-12,274.7792053222656,2.70891,-0.58379
4411,2023-01-11,273.3021545410156,3.54195,-0.7224
4410,2023-01-10,268.6543273925781,2.27858,-0.89881
4409,2023-01-09,266.3994140625,1.49476,-1.06614
4408,2023-01-06,264.68603515625,0.21071,-1.20712
4407,2023-01-05,257.5765380859375,-1.01031,-1.31068
4406,2023-01-04,261.6728820800781,0.91773,-1.20909
4405,2023-01-03,260.43218994140625,0.78579,-1.15399
4404,2022-12-30,262.20465087890625,0.06895,-1.11232
4403,2022-12-29,262.3622131347656,-0.7779,-1.08913
4402,2022-12-28,256.1192321777344,-2.94227,-1.02493
4401,2022-12-27,259.5459289550781,-1.77345,-0.84723
4400,2022-12-23,263.26806640625,-0.74443,-0.71437
4399,2022-12-22,262.6772766113281,-0.98174,-0.60307
4398,2022-12-21,269.2649230957031,-0.94653,-0.47887
4397,2022-12-20,265.41473388671875,-3.84525,-0.44273
4396,2022-12-19,265.6214904785156,-4.79074,-0.32072
4395,2022-12-16,269.4076843261719,-3.38123,-0.2121
4394,2022-12-15,272.0010986328125,-0.92045,-0.08083
4393,2022-12-14,281.451171875,1.17195,0.20711
4392,2022-12-13,283.5534362792969,1.76529,0.33391
4391,2022-12-12,280.53765869140625,0.91457,0.44453
4390,2022-12-09,277.06011962890625,-0.88707,0.59579
4389,2022-12-08,278.8381042480469,-2.40774,0.80403
4388,2022-12-07,275.5767517089844,-3.65924,0.93113
4387,2022-12-06,276.7065124511719,-2.89202,0.99162
4386,2022-12-05,282.561279296875,1.30946,1.01095
4385,2022-12-02,287.3845520019531,3.22504,0.93927
4384,2022-12-01,288.533935546875,2.38219,0.89022
4383,2022-11-30,288.1802978515625,0.26818,0.76893
4382,2022-11-29,275.6160888671875,-1.65723,0.58229
4381,2022-11-28,277.71826171875,0.25638,0.56661
4380,2022-11-25,281.85400390625,1.09336,0.55578
4379,2022-11-23,283.720458984375,0.89885,0.55531
4378,2022-11-22,280.9011535644531,-0.18665,0.51019
4377,2022-11-21,276.91278076171875,-1.53442,0.47045
4376,2022-11-18,279.7910461425781,-0.57173,0.47896
4375,2022-11-17,279.7812805175781,-0.61886,0.52729
4374,2022-11-16,280.400146484375,0.669,0.48426
4373,2022-11-15,284.28033447265625,5.38618,0.47881
4372,2022-11-14,280.400146484375,5.54435,0.41653
4371,2022-11-11,282.8755798339844,5.29974,0.33973
4370,2022-11-10,277.7575378417969,3.13073,0.19941
4369,2022-11-09,258.67071533203125,1.03344,-0.00065
4368,2022-11-08,264.7808532714844,1.45584,-0.03223
4367,2022-11-07,262.8652038574219,-1.57568,-0.11217
4366,2022-11-04,260.0066223144531,-4.04333,-0.08546
4365,2022-11-03,255.890625,-5.27815,0.03118
4364,2022-11-02,260.98895263671875,-2.01283,0.14913
4363,2022-11-01,270.25244140625,-0.055,0.15152
4362,2022-10-31,273.0423583984375,-0.90668,0.12156
4361,2022-10-28,276.2546691894531,-0.56975,0.06422
4360,2022-10-27,268.0519714355469,-0.5521,-0.03828
4359,2022-10-26,273.02264404296875,2.59633,-0.10442
4358,2022-10-25,279.1917724609375,3.61306,-0.24648
4357,2022-10-24,273.5335388183594,1.85368,-0.49285
4356,2022-10-21,270.5570068359375,0.95974,-0.70026
4355,2022-10-20,264.3583984375,1.75642,-0.84799
4354,2022-10-19,265.71405029296875,1.38313,-0.93973
4353,2022-10-18,266.6866149902344,1.78492,-1.07344
4352,2022-10-17,264.5942077636719,1.1081,-1.17688
4351,2022-10-14,256.13623046875,-0.51768,-1.39724
4350,2022-10-13,264.0735778808594,-0.42339,-1.46913
4349,2022-10-12,258.0223388671875,-3.9834,-1.52632
4348,2022-10-11,258.11065673828125,-5.08954,-1.48541
4347,2022-10-10,261.7060852050781,-4.35375,-1.36478
4346,2022-10-07,264.3486328125,-1.10317,-1.27679
4345,2022-10-06,274.82037353515625,3.28593,-1.23218
4344,2022-10-05,277.0011901855469,3.44703,-1.26862
4343,2022-10-04,277.1485595703125,0.59332,-1.32837
4342,2022-10-03,268.70037841796875,-1.43225,-1.4063
4341,2022-09-30,262.5411376953125,-1.65325,-1.41075
4340,2022-09-29,267.06976318359375,-0.16795,-1.44733
4339,2022-09-28,274.99725341796875,-0.1267,-1.43893
4338,2022-09-27,269.6335754394531,-2.34387,-1.4694
4337,2022-09-26,269.5254821777344,-3.61209,-1.4232
4336,2022-09-23,270.6453857421875,-3.90384,-1.42314
4335,2022-09-22,275.1248474121094,-2.45114,-1.45619
4334,2022-09-21,278.5532531738281,-1.38575,-1.4867
4333,2022-09-20,283.6319885253906,-1.2835,-1.54966
4332,2022-09-19,285.9110107421875,-1.07511,-1.6341
4331,2022-09-16,283.7016906738281,-4.45578,-1.68411
4330,2022-09-15,285.4471435546875,-4.57834,-1.62564
4329,2022-09-14,290.28143310546875,-2.19356,-1.57514
4328,2022-09-13,287.9967041015625,-0.03137,-1.46662
4327,2022-09-12,304.705810546875,4.26553,-1.35222
4326,2022-09-09,301.1266784667969,3.07019,-1.39396
4325,2022-09-08,294.68426513671875,0.59225,-1.41558
4324,2022-09-07,293.164306640625,-0.68151,-1.34606
4323,2022-09-06,287.3593444824219,-1.96506,-1.16698
4322,2022-09-02,289.4382019042969,-1.97095,-0.92678
4321,2022-09-01,293.5860595703125,-2.0808,-0.69232
4320,2022-08-31,293.45849609375,-4.80877,-0.4329
4319,2022-08-30,295.17449951171875,-4.32926,-0.13719
4318,2022-08-29,298.49871826171875,-2.64266,0.25964
4317,2022-08-26,301.4699401855469,-0.7217,0.56481
4316,2022-08-25,314.3546142578125,-0.38343,0.82158
4315,2022-08-24,308.8928527832031,-3.65758,0.89661
4314,2022-08-23,308.00054931640625,-4.28514,1.05566
4313,2022-08-22,308.2554931640625,-4.06646,1.25742
4312,2022-08-19,316.5904235839844,-2.29456,1.52527
4311,2022-08-18,322.88580322265625,-0.66582,1.66859
4310,2022-08-17,322.111083984375,1.05019,1.77264
4309,2022-08-16,325.8274841308594,2.1259,1.86154
4308,2022-08-15,326.5923767089844,3.57129,1.87561
4307,2022-08-12,323.9742431640625,2.58481,1.82197
4306,2022-08-11,317.7867431640625,0.9688,1.70418
4305,2022-08-10,319.6007995605469,-0.15789,1.62519
4304,2022-08-09,310.92266845703125,-1.50128,1.56205
4303,2022-08-08,314.4822082519531,1.13945,1.57434
4302,2022-08-05,315.50201416015625,2.25829,1.57203
4301,2022-08-04,318.1005554199219,2.50049,1.54717
4300,2022-08-03,316.619873046875,2.45439,1.43318
4299,2022-08-02,308.2260437011719,2.01018,1.30573
4298,2022-08-01,309.1477966308594,4.94703,1.15188
4297,2022-07-29,309.3341369628906,4.49302,0.95276
4296,2022-07-28,303.7938537597656,2.17493,0.82454
4295,2022-07-27,300.85211181640625,-0.85899,0.76647
4294,2022-07-26,288.6536560058594,-2.39555,0.71212
4293,2022-07-25,294.43914794921875,0.28437,0.82296
4292,2022-07-22,296.12567138671875,3.35945,0.89051
4291,2022-07-21,301.4110412597656,4.37829,0.81595
4290,2022-07-20,297.1454772949219,3.83897,0.73589
4289,2022-07-19,292.50738525390625,2.74858,0.67886
4288,2022-07-18,283.7802429199219,1.22967,0.52566
4287,2022-07-15,286.20220947265625,0.59716,0.35677
4286,2022-07-14,281.10321044921875,-2.03471,0.09634
4285,2022-07-13,280.1029968261719,-2.72307,-0.12181
4284,2022-07-12,280.6815185546875,-1.08452,-0.28896
4283,2022-07-11,283.42724609375,1.05021,-0.43685
4282,2022-07-08,289.6146240234375,3.37907,-0.67149
4281,2022-07-07,289.2518005371094,3.53695,-0.87364
4280,2022-07-06,283.19183349609375,1.63561,-1.08516
4279,2022-07-05,281.3875732421875,0.50695,-1.23391
4278,2022-07-01,276.6513671875,-2.34361,-1.26149
4277,2022-06-30,274.8372802734375,-3.65856,-1.1599
4276,2022-06-29,278.2889404296875,-1.29143,-0.99739
4275,2022-06-28,278.0340270996094,1.30809,-0.92094
4274,2022-06-27,286.7710266113281,3.59678,-0.79169
4273,2022-06-24,288.8890380859375,4.37967,-0.75449
4272,2022-06-23,279.3185729980469,3.3799,-0.75514
4271,2022-06-22,275.21978759765625,0.68994,-0.79891
4270,2022-06-21,275.62176513671875,0.32403,-0.71622
4269,2022-06-17,268.839111328125,-0.58329,-0.6562
4268,2022-06-16,265.60943603515625,-2.6924,-0.41558
4267,2022-06-15,276.7762756347656,-4.51477,-0.1365
4266,2022-06-14,270.0330505371094,-8.55875,-0.03428
4265,2022-06-13,269.5437316894531,-8.58515,0.18151
4264,2022-06-10,282.6877136230469,-4.62238,0.30887
4263,2022-06-09,293.0227966308594,-1.28991,0.29639
4262,2022-06-08,301.0872802734375,-0.9601,0.04878
4261,2022-06-07,303.26971435546875,0.05677,-0.15936
4260,2022-06-06,300.6761779785156,-0.18791,-0.37782
4259,2022-06-03,299.67791748046875,0.02935,-0.51663
4258,2022-06-02,307.68365478515625,2.64249,-0.77425
4257,2022-06-01,299.48211669921875,3.76115,-0.99388
4256,2022-05-31,301.713623046875,5.86438,-1.13313
4255,2022-05-27,302.51617431640625,4.2407,-1.3987
4254,2022-05-26,292.95416259765625,1.86733,-1.61849
4253,2022-05-25,285.05609130859375,0.1879,-1.80944
4252,2022-05-24,281.12176513671875,-0.38169,-1.95898
4251,2022-05-23,287.2288818359375,-2.72469,-2.07719
4250,2022-05-20,282.5311279296875,-3.53407,-2.14365
4249,2022-05-19,283.4118957519531,-3.1338,-2.12675
4248,2022-05-18,284.938720703125,0.41204,-2.15276
4247,2022-05-17,299.6485595703125,3.51842,-2.08895
4246,2022-05-16,292.0831298828125,0.53436,-2.14889
4245,2022-05-13,295.5086669921875,-0.00293,-2.18165
4244,2022-05-12,284.948486328125,-4.06257,-2.25521
4243,2022-05-11,285.623779296875,-4.97278,-2.17631
4242,2022-05-10,294.353759765625,-7.19639,-2.12824
4241,2022-05-09,290.8206787109375,-6.23334,-2.1894
4240,2022-05-06,302.66290283203125,-2.37628,-2.09632
4239,2022-05-05,306.3331298828125,1.03939,-2.07919
4238,2022-05-04,322.5794677734375,0.85636,-2.09976
4237,2022-05-03,312.0290832519531,-0.52948,-2.2791
4236,2022-05-02,311.69635009765625,-0.08124,-2.26489
4235,2022-04-29,306.5777587890625,-2.13259,-2.16243
4234,2022-04-28,321.0233154296875,-0.74381,-1.98072
4233,2022-04-27,310.01300048828125,-4.21232,-1.83789
4232,2022-04-26,310.38494873046875,-5.15872,-1.61337
4231,2022-04-25,322.5599060058594,-4.81227,-1.30015
4230,2022-04-22,318.46893310546875,-3.78659,-1.0927
4229,2022-04-21,327.0325927734375,-0.59112,-0.76456
4228,2022-04-20,333.9422302246094,-0.23976,-0.47086
4227,2022-04-19,338.8846130371094,0.5833,-0.13212
4226,2022-04-18,331.47589111328125,-0.53046,0.2371
4225,2022-04-14,331.2213439941406,-1.56397,0.60276
4224,2022-04-13,338.9726867675781,-2.46633,0.89791
4223,2022-04-12,332.2196960449219,-3.99604,1.07629
4222,2022-04-11,333.6290283203125,-4.35815,1.41836
4221,2022-04-08,341.7130126953125,-4.62924,1.72029
4220,2022-04-07,346.55767822265625,-3.0868,1.81677
4219,2022-04-06,345.7355651855469,-1.88988,1.81081
4218,2022-04-05,353.4084777832031,-0.5109,1.75908
4217,2022-04-04,361.4338073730469,-0.8828,1.67746
4216,2022-04-01,354.142578125,-1.44555,1.45259
4215,2022-03-31,354.8179016113281,0.83776,1.29267
4214,2022-03-30,359.27093505859375,2.61508,1.16121
4213,2022-03-29,363.28363037109375,4.30434,1.06818
4212,2022-03-28,357.137451171875,2.29213,0.82822
4211,2022-03-25,351.6958312988281,2.07779,0.59354
4210,2022-03-24,351.9894104003906,1.85345,0.35978
4209,2022-03-23,344.3359375,2.10757,0.01675
4208,2022-03-22,349.35675048828125,3.93296,-0.2536
4207,2022-03-21,342.62322998046875,5.46374,-0.4933
4206,2022-03-18,343.5785217285156,8.10635,-0.66923
4205,2022-03-17,336.6872253417969,6.08295,-0.95991
4204,2022-03-16,332.6599426269531,2.13584,-1.25135
4203,2022-03-15,320.7638244628906,-2.61772,-1.41708
4202,2022-03-14,311.0084533691406,-2.04784,-1.41372
4201,2022-03-11,317.09820556640625,0.68425,-1.31851
4200,2022-03-10,323.8135681152344,-0.18865,-1.21399
4199,2022-03-09,327.4498596191406,-2.78488,-1.28951
4198,2022-03-08,316.0718078613281,-6.36741,-1.34661
4197,2022-03-07,317.5478210449219,-4.22083,-1.24469
4196,2022-03-04,329.70782470703125,-1.78197,-1.02617
4195,2022-03-03,334.5562744140625,-0.64513,-0.81244
4194,2022-03-02,339.4046325683594,0.89734,-0.67566
4193,2022-03-01,333.8035583496094,2.97645,-0.59049
4192,2022-02-28,338.9940185546875,3.30294,-0.52479
4191,2022-02-25,337.9872131347656,1.06841,-0.48759
4190,2022-02-24,332.8260803222656,-2.15145,-0.52715
4189,2022-02-23,322.0052795410156,-5.92458,-0.54606
4188,2022-02-22,330.47027587890625,-4.94904,-0.47393
4187,2022-02-18,333.82305908203125,-2.21305,-0.54089
4186,2022-02-17,337.6744384765625,0.52101,-0.58865
4185,2022-02-16,348.0260925292969,0.41936,-0.73517
4184,2022-02-15,348.1139831542969,-3.14166,-0.93989
4183,2022-02-14,339.6685485839844,-4.19637,-1.07158
4182,2022-02-11,339.2481384277344,-1.64512,-1.09853
4181,2022-02-10,350.3622131347656,1.216,-1.13447
4180,2022-02-09,358.4754333496094,2.68519,-1.2562
4179,2022-02-08,351.0367736816406,-1.67735,-1.54951
4178,2022-02-07,347.136474609375,-3.05564,-1.79309
4177,2022-02-04,349.9516906738281,-2.15538,-1.9311
4176,2022-02-03,345.5920104980469,0.87385,-2.0877
4175,2022-02-02,360.19573974609375,6.6958,-2.1797
4174,2022-02-01,357.2926330566406,6.24128,-2.38218
4173,2022-01-31,354.8782958984375,4.21396,-2.5476
4172,2022-01-28,343.8814697265625,-0.68523,-2.60115
4171,2022-01-27,333.42230224609375,-2.92367,-2.49246
4170,2022-01-26,336.8142395019531,-3.99598,-2.20472
4169,2022-01-25,337.34210205078125,-5.00085,-1.83784
4168,2022-01-24,345.34771728515625,-4.81808,-1.48273
4167,2022-01-21,343.77392578125,-6.39965,-1.19551
4166,2022-01-20,353.5782165527344,-4.43878,-0.95972
4165,2022-01-19,358.2311096191406,-4.77504,-0.70849
4164,2022-01-18,362.2095031738281,-3.70273,-0.52083
4163,2022-01-14,371.45654296875,-0.81718,-0.40577
4162,2022-01-13,369.1593933105469,0.27762,-0.32434
4161,2022-01-12,378.63134765625,1.23361,-0.26299
4160,2022-01-11,377.1357727050781,-0.08308,-0.2642
4159,2022-01-10,371.55426025390625,-3.63138,-0.13815
4158,2022-01-07,371.3098449707031,-5.48275,0.07129
4157,2022-01-06,375.3762512207031,-4.40359,0.22398
4156,2022-01-05,375.6401672363281,-3.2746,0.36834
4155,2022-01-04,387.5459899902344,-0.86313,0.45164
4154,2022-01-03,392.6387023925781,-0.348,0.36977
4153,2021-12-31,388.89495849609375,-1.22383,0.31552
4152,2021-12-30,391.33868408203125,0.4819,0.22232
4151,2021-12-29,392.51165771484375,1.94423,0.11653
4150,2021-12-28,392.57037353515625,3.35574,-0.01994
4149,2021-12-27,394.39825439453125,5.20905,-0.20133
4148,2021-12-23,387.98590087890625,3.74006,-0.37941
4147,2021-12-22,385.0827331542969,1.95478,-0.45793
4146,2021-12-21,380.4494323730469,-1.98661,-0.50537
4145,2021-12-20,372.1212158203125,-2.55653,-0.47893
4144,2021-12-17,375.766357421875,-1.56783,-0.36633
4143,2021-12-16,377.650390625,-1.71333,-0.243
4142,2021-12-15,387.6178894042969,-0.30949,-0.1245
4141,2021-12-14,378.97808837890625,-2.37131,-0.15603
4140,2021-12-13,382.941650390625,-1.24375,-0.12716
4139,2021-12-10,388.5551452636719,1.90563,-0.13538
4138,2021-12-09,384.3768005371094,3.37878,-0.19155
4137,2021-12-08,390.1170654296875,3.32899,-0.16037
4136,2021-12-07,388.3794250488281,1.72895,-0.14978
4135,2021-12-06,377.02569580078125,-1.8773,-0.11514
4134,2021-12-03,374.0285949707031,-3.61503,0.03711
4133,2021-12-02,380.6475524902344,-1.47901,0.2363
4132,2021-12-01,377.92376708984375,-2.01693,0.40815
4131,2021-11-30,384.4646301269531,-0.62382,0.60773
4130,2021-11-29,390.1952209472656,-0.53692,0.74661
4129,2021-11-26,381.9068603515625,-2.54996,0.85077
4128,2021-11-24,389.28729248046875,-1.21934,0.99002
4127,2021-11-23,388.0376892089844,-0.26847,1.06565
4126,2021-11-22,389.81439208984375,0.98795,1.1315
4125,2021-11-19,394.3930969238281,2.25417,1.18847
4124,2021-11-18,392.2062683105469,1.67133,1.21307
4123,2021-11-17,388.1841125488281,1.64009,1.25404
4122,2021-11-16,387.9791259765625,1.93687,1.3686
4121,2021-11-15,385.23583984375,0.36803,1.48272
4120,2021-11-12,385.32373046875,-1.11781,1.58276
4119,2021-11-11,381.31134033203125,-2.39864,1.62977
4118,2021-11-10,380.2570495605469,-2.02082,1.67539
4117,2021-11-09,385.9290466308594,0.40222,1.74056
4116,2021-11-08,388.60394287109375,2.28832,1.74724
4115,2021-11-05,389.131103515625,3.07615,1.74157
4114,2021-11-04,388.7601013183594,2.92582,1.62838
4113,2021-11-03,383.8398742675781,2.03646,1.51005
4112,2021-11-02,379.8079528808594,2.08038,1.39879
4111,2021-11-01,378.2264099121094,2.219,1.29708
4110,2021-10-29,376.937744140625,2.09502,1.09484
4109,2021-10-28,375.0926818847656,2.17799,0.86579
4108,2021-10-27,370.9729309082031,1.02309,0.64876
4107,2021-10-26,370.11383056640625,0.87275,0.49521
4106,2021-10-25,368.95208740234375,0.3944,0.37324
4105,2021-10-22,365.213134765625,0.45885,0.2572
4104,2021-10-21,368.3078308105469,1.85389,0.09984
4103,2021-10-20,366.07220458984375,2.26783,-0.12931
4102,2021-10-19,366.550537109375,3.60821,-0.3333
4101,2021-10-18,363.79754638671875,3.90108,-0.51497
4100,2021-10-15,360.17572021484375,2.98633,-0.67921
4099,2021-10-14,357.9204406738281,1.22516,-0.80712
4098,2021-10-13,351.4480285644531,-0.97235,-0.93297
4097,2021-10-12,348.6559753417969,-0.9411,-0.99656
4096,2021-10-11,349.8763122558594,0.34267,-1.02892
4095,2021-10-08,352.58050537109375,2.21314,-1.05018
4094,2021-10-07,354.3475036621094,1.233,-1.07086
4093,2021-10-06,351.1258850097656,0.06054,-1.09671
4092,2021-10-05,348.8902893066406,-0.89228,-1.07175
4091,2021-10-04,344.243408203125,-1.32768,-1.01232
4090,2021-10-01,351.6237487792969,-2.17215,-0.85157
4089,2021-09-30,349.4564514160156,-4.08169,-0.71476
4088,2021-09-29,350.74517822265625,-3.98894,-0.56882
4087,2021-09-28,351.32110595703125,-2.15068,-0.41956
4086,2021-09-27,361.5521545410156,1.18711,-0.25478
4085,2021-09-24,364.4613952636719,2.15653,-0.13308
4084,2021-09-23,364.1197509765625,0.29269,-0.00881
4083,2021-09-22,360.79071044921875,-2.334,0.12729
4082,2021-09-21,357.4519348144531,-3.43187,0.25661
4081,2021-09-20,357.01263427734375,-2.19698,0.38688
4080,2021-09-17,364.5453186035156,-0.19016,0.52479
4079,2021-09-16,368.9140319824219,0.50317,0.60102
4078,2021-09-15,368.66058349609375,-0.40663,0.64073
4077,2021-09-14,365.93988037109375,-1.38277,0.66822
4076,2021-09-13,366.98321533203125,-1.53587,0.6975
4075,2021-09-10,367.2368469238281,-1.22868,0.71756
4074,2021-09-09,370.0452575683594,-0.25843,0.7143
4073,2021-09-08,371.32269287109375,0.20576,0.69873
4072,2021-09-07,372.61962890625,0.5178,0.66607
4071,2021-09-03,372.09307861328125,0.29937,0.62984
4070,2021-09-02,370.95220947265625,0.88156,0.58602
4069,2021-09-01,371.12762451171875,1.97276,0.52366
4068,2021-08-31,370.5133361816406,1.76894,0.45496
4067,2021-08-30,370.815673828125,1.26967,0.39394
4066,2021-08-27,366.70037841796875,0.35787,0.2817
4065,2021-08-26,363.1703186035156,1.0678,0.2044
4064,2021-08-25,365.4913330078125,2.76168,0.19478
4063,2021-08-24,365.0718688964844,3.27558,0.1771
4062,2021-08-23,363.96026611328125,2.00105,0.17863
4061,2021-08-20,358.5968322753906,-0.41638,0.21667
4060,2021-08-19,354.9204406738281,-1.60806,0.26804
4059,2021-08-18,353.2138977050781,-1.33892,0.3223
4058,2021-08-17,356.646484375,0.04777,0.36809
4057,2021-08-16,359.81573486328125,0.67189,0.38604
4056,2021-08-13,359.6598205566406,0.08486,0.36983
4055,2021-08-12,358.4018249511719,-0.34715,0.36294
4054,2021-08-11,357.1145935058594,-0.79281,0.38294
4053,2021-08-10,357.7289123535156,-0.1892,0.38961
4052,2021-08-09,359.57196044921875,0.4437,0.39304
4051,2021-08-06,358.90887451171875,0.95176,0.387
4050,2021-08-05,360.4886474609375,1.26187,0.41666
4049,2021-08-04,358.216552734375,0.38616,0.42167
4048,2021-08-03,357.69964599609375,0.00779,0.43293
4047,2021-08-02,355.5445861816406,-0.08971,0.45162
4046,2021-07-30,355.5152893066406,-0.5646,0.52028
4045,2021-07-29,357.3779296875,-0.59483,0.57402
4044,2021-07-28,356.7440185546875,-0.00097,0.61746
4043,2021-07-27,355.3787841796875,1.00246,0.65472
4042,2021-07-26,359.3378601074219,2.53932,0.72083
4041,2021-07-23,359.0551452636719,3.14197,0.75144
4040,2021-07-22,354.91070556640625,1.91034,0.74082
4039,2021-07-21,352.580078125,0.31887,0.79312
4038,2021-07-20,349.8788146972656,-1.40524,0.83998
4037,2021-07-19,345.8612365722656,-2.04494,0.87886
4036,2021-07-16,348.7184143066406,-1.12536,0.9763
4035,2021-07-15,351.56591796875,-0.03218,1.04279
4034,2021-07-14,354.05267333984375,0.97616,1.09914
4033,2021-07-13,353.4187927246094,0.64264,1.11328
4032,2021-07-12,353.4187927246094,0.44078,1.11517
4031,2021-07-09,352.04376220703125,0.32375,1.1064
4030,2021-07-08,349.859375,1.0444,1.14131
4029,2021-07-07,351.98529052734375,1.81967,1.14332
4028,2021-07-06,351.244140625,1.42472,1.11064
4027,2021-07-02,349.7326354980469,0.92056,1.05401
4026,2021-07-01,345.7637023925781,1.06682,1.00194
4025,2021-06-30,345.62713623046875,1.42471,0.95871
4024,2021-06-29,346.1733093261719,1.78651,0.91166
4023,2021-06-28,344.9250183105469,1.36523,0.84689
4022,2021-06-25,340.7806396484375,1.22092,0.8269
4021,2021-06-24,341.1999206542969,1.82297,0.81168
4020,2021-06-23,339.10333251953125,1.06656,0.83261
4019,2021-06-22,338.9375305175781,1.29992,0.85708
4018,2021-06-21,335.8072509765625,0.6447,0.84408
4017,2021-06-18,333.7331237792969,-0.06624,0.82694
4016,2021-06-17,336.3727111816406,0.45779,0.88016
4015,2021-06-16,332.1551818847656,0.22793,0.91156
4014,2021-06-15,333.37274169921875,1.46105,0.88812
4013,2021-06-14,335.5643005371094,1.93832,0.83669
4012,2021-06-11,332.3791809082031,1.25357,0.6751
4011,2021-06-10,331.5123291015625,0.94871,0.56182
4010,2021-06-09,328.0934753417969,1.44547,0.47221
4009,2021-06-08,328.0155334472656,1.2838,0.39834
4008,2021-06-07,327.8597106933594,0.94386,0.26582
4007,2021-06-04,326.88568115234375,0.05065,0.11826
4006,2021-06-03,321.4310607910156,-0.60586,-0.03858
4005,2021-06-02,324.8108825683594,-0.13444,-0.12644
4004,2021-06-01,324.1778259277344,-0.04871,-0.25169
4003,2021-05-28,325.259033203125,0.26785,-0.37891
4002,2021-05-27,324.2362976074219,1.30129,-0.49048
4001,2021-05-26,325.453857421875,1.613,-0.54976
4000,2021-05-25,324.3239440917969,2.38055,-0.65625
3999,2021-05-24,323.8759460449219,2.43511,-0.72168
3998,2021-05-21,318.518798828125,1.15033,-0.80226
3997,2021-05-20,320.29144287109375,0.29803,-0.85265
3996,2021-05-19,314.21343994140625,0.22693,-0.90592
3995,2021-05-18,313.8530578613281,1.53217,-0.84298
3994,2021-05-17,315.986328125,0.75004,-0.80278
3993,2021-05-14,317.9148254394531,-0.45877,-0.73481
3992,2021-05-13,311.0478820800781,-3.7588,-0.68089
3991,2021-05-12,308.6614074707031,-3.714,-0.53202
3990,2021-05-11,316.86285400390625,-1.28473,-0.31639
3989,2021-05-10,317.30120849609375,-0.34968,-0.16454
3988,2021-05-07,325.52197265625,-0.25424,-0.01501
3987,2021-05-06,322.9018249511719,-1.95977,0.11454
3986,2021-05-05,320.4862060546875,-2.94452,0.31198
3985,2021-05-04,321.5674743652344,-2.11852,0.56756
3984,2021-05-03,327.4603576660156,-0.8698,0.787
3983,2021-04-30,329.213623046875,-0.70226,0.93604
3982,2021-04-29,331.3857116699219,-0.10031,1.09441
3981,2021-04-28,330.1973876953125,0.81138,1.20623
3980,2021-04-27,331.3174743652344,0.79383,1.26059
3979,2021-04-26,332.759033203125,1.02954,1.27493
3978,2021-04-23,330.6064147949219,-0.01267,1.31145
3977,2021-04-22,326.4960021972656,-1.28671,1.35773
3976,2021-04-21,330.4798278808594,-0.99742,1.33576
3975,2021-04-20,327.67462158203125,-0.28538,1.27554
3974,2021-04-19,330.0804748535156,0.20067,1.24477
3973,2021-04-16,333.1292419433594,1.13865,1.20672
3972,2021-04-15,332.7395935058594,0.86104,1.09718
3971,2021-04-14,327.77197265625,0.6185,1.03756
3970,2021-04-13,331.7557678222656,1.90424,0.99631
3969,2021-04-12,327.92791748046875,1.67437,1.00263
3968,2021-04-09,328.3564453125,1.59547,0.93799
3967,2021-04-08,326.3791198730469,2.10294,0.88893
3966,2021-04-07,323.00897216796875,3.04191,0.78918
3965,2021-04-06,322.2298278808594,4.37538,0.62045
3964,2021-04-05,322.4537353515625,3.94775,0.4027
3963,2021-04-01,316.1420593261719,1.98313,0.26185
3962,2021-03-31,310.8432922363281,1.35583,0.18291
3961,2021-03-30,306.1581726074219,0.92338,0.04639
3960,2021-03-29,307.7069396972656,0.14709,-0.01604
3959,2021-03-26,307.7945861816406,-1.08214,-0.09751
3958,2021-03-25,303.24591064453125,-0.93215,-0.25232
3957,2021-03-24,303.77178955078125,0.47942,-0.36372
3956,2021-03-23,308.9828796386719,-0.15433,-0.47797
3955,2021-03-22,310.3368225097656,-1.15717,-0.64257
3954,2021-03-19,304.6241455078125,-1.93782,-0.81548
3953,2021-03-18,303.5540466308594,-0.36675,-0.90141
3952,2021-03-17,313.1459045410156,1.24908,-0.94417
3951,2021-03-16,311.8617858886719,1.9641,-1.07418
3950,2021-03-15,310.1593933105469,1.81915,-1.18328
3949,2021-03-12,306.8810729980469,3.62955,-1.2457
3948,2021-03-11,309.390869140625,2.88534,-1.2559
3947,2021-03-10,302.4255676269531,1.61973,-1.24547
3946,2021-03-09,303.2914123535156,0.10312,-1.17083
3945,2021-03-08,291.7830505371094,-3.63831,-1.04504
3944,2021-03-05,300.2854309082031,-4.29201,-0.72562
3943,2021-03-04,295.8299255371094,-3.35715,-0.54098
3942,2021-03-03,300.7523498535156,-0.29961,-0.28535
3941,2021-03-02,309.7411193847656,-0.06808,-0.14974
3940,2021-03-01,314.7898864746094,-0.56129,-0.08516
3939,2021-02-26,305.596923828125,-2.45633,-0.03965
3938,2021-02-25,304.322509765625,-3.37467,0.09072
3937,2021-02-24,315.315185546875,-2.5507,0.26624
3936,2021-02-23,312.7372131347656,-3.39801,0.40611
3935,2021-02-22,313.6712341308594,-2.83184,0.60684
3934,2021-02-19,322.017822265625,-1.35514,0.76867
3933,2021-02-18,323.4283752441406,-0.65569,0.8258
3932,2021-02-17,324.84869384765625,0.32297,0.87665
3931,2021-02-16,326.4150085449219,0.7549,0.89494
3930,2021-02-12,327.3002014160156,0.66248,0.84156
3929,2021-02-11,325.4810791015625,0.54575,0.80334
3928,2021-02-10,323.7008056640625,0.6975,0.83406
3927,2021-02-09,324.440185546875,1.71216,0.82355
3926,2021-02-08,324.5082702636719,1.63239,0.81292
3925,2021-02-05,322.3486022949219,1.98841,0.74372
3924,2021-02-04,321.25909423828125,3.43594,0.68818
3923,2021-02-03,317.50396728515625,2.26077,0.62986
3922,2021-02-02,318.7686462402344,1.71214,0.59868
3921,2021-02-01,313.65179443359375,-1.67418,0.57262
3920,2021-01-29,306.0054931640625,-3.34353,0.59637
3919,2021-01-28,312.5816955566406,-1.64209,0.67195
3918,2021-01-27,310.7430114746094,-1.03992,0.68571
3917,2021-01-26,319.6539306640625,1.10802,0.70338
3916,2021-01-25,319.18701171875,2.43687,0.61608
3915,2021-01-22,316.5701599121094,3.60618,0.53797
3914,2021-01-21,317.4844970703125,3.49527,0.48645
3913,2021-01-20,314.965087890625,1.70436,0.44094
3912,2021-01-19,307.8052062988281,0.07782,0.42313
3911,2021-01-15,303.37890625,-0.45626,0.4541
3910,2021-01-14,305.8012390136719,-0.75294,0.52938
3909,2021-01-13,307.44525146484375,-0.29087,0.50957
3908,2021-01-12,305.3829345703125,1.18683,0.47769
3907,2021-01-11,305.8693542480469,1.61584,0.47495
3906,2021-01-08,310.3539123535156,2.19464,0.47175
3905,2021-01-07,306.4140930175781,0.06907,0.41957
3904,2021-01-06,299.1764221191406,-1.23935,0.3985
3903,2021-01-05,303.37890625,-0.57006,0.47521
3902,2021-01-04,300.8982849121094,-0.57978,0.50902
3901,2020-12-31,305.2077941894531,0.84147,0.58209
3900,2020-12-30,304.4587097167969,1.2588,0.61814
3899,2020-12-29,304.448974609375,1.0584,0.68343
3898,2020-12-28,304.17657470703125,0.71209,0.73162
3897,2020-12-24,301.1415100097656,-0.05815,0.74731
3896,2020-12-23,299.8184509277344,-0.4099,0.79812
3895,2020-12-22,301.3360290527344,0.1129,0.82784
3894,2020-12-21,300.51885986328125,0.53015,0.82174
3893,2020-12-18,301.0820617675781,1.52938,0.83137
3892,2020-12-17,301.99493408203125,2.25671,0.84419
3891,2020-12-16,300.03350830078125,1.78285,0.81951
3890,2020-12-15,298.3923645019531,1.30897,0.85541
3889,2020-12-14,295.2364501953125,-0.77295,0.84228
3888,2020-12-11,293.1098937988281,-1.60901,0.79279
3887,2020-12-10,293.760498046875,-1.15942,0.75949
3886,2020-12-09,292.58551025390625,-0.30783,0.78116
3885,2020-12-08,299.3634033203125,1.15068,0.91281
3884,2020-12-07,298.353515625,0.89822,0.99863
3883,2020-12-04,296.6736145019531,1.22547,1.07131
3882,2020-12-03,295.46954345703125,1.43424,1.06967
3881,2020-12-02,295.0519714355469,1.90229,1.10088
3880,2020-12-01,294.6732482910156,2.07027,1.01311
3879,2020-11-30,290.9444274902344,2.2334,0.93293
3878,2020-11-27,290.35211181640625,2.24798,0.8346
3877,2020-11-25,287.70111083984375,1.15457,0.73609
3876,2020-11-24,285.94354248046875,0.65351,0.65292
3875,2020-11-23,281.9817199707031,-0.33889,0.57633
3874,2020-11-20,281.971923828125,-0.53701,0.53731
3873,2020-11-19,283.9140930175781,-0.01845,0.45124
3872,2020-11-18,281.7098083496094,0.46221,0.33011
3871,2020-11-17,283.8072204589844,0.95356,0.21175
3870,2020-11-16,284.7104187011719,2.01299,0.05182
3869,2020-11-13,282.50604248046875,0.93804,-0.11555
3868,2020-11-12,280.0493469238281,-1.09241,-0.18083
3867,2020-11-11,281.36993408203125,-1.98579,-0.1869
3866,2020-11-10,275.2135314941406,-1.24101,-0.19803
3865,2020-11-09,280.2337646484375,3.45496,-0.11229
3864,2020-11-06,286.0794677734375,6.70021,-0.12774
3863,2020-11-05,285.8659362792969,6.50117,-0.1555
3862,2020-11-04,278.60247802734375,2.55483,-0.26746
3861,2020-11-03,266.6974792480469,-0.03787,-0.27633
3860,2020-11-02,262.16265869140625,-2.68203,-0.15598
3859,2020-10-30,261.5799865722656,-2.76264,-0.00052
3858,2020-10-29,268.3870849609375,-2.47908,0.21672
3857,2020-10-28,263.77459716796875,-2.63736,0.42282
3856,2020-10-27,274.47552490234375,-0.6574,0.67786
3855,2020-10-26,272.3489685058594,-0.71178,0.74572
3854,2020-10-23,276.49530029296875,0.16022,0.87179
3853,2020-10-22,275.9515075683594,-0.80305,0.95245
3852,2020-10-21,275.96124267578125,-1.5459,0.99428
3851,2020-10-20,276.1748962402344,-2.09743,0.98721
3850,2020-10-19,275.5824890136719,-2.42662,0.93096
3849,2020-10-16,280.1561584472656,-1.59833,0.91159
3848,2020-10-15,281.70013427734375,0.61274,0.88225
3847,2020-10-14,283.6032409667969,2.92381,0.80703
3846,2020-10-13,285.9920654296875,4.10946,0.64987
3845,2020-10-12,286.0018615722656,4.32406,0.5293
3844,2020-10-09,277.4371337890625,1.68474,0.26811
3843,2020-10-08,273.26165771484375,1.35555,0.05006
3842,2020-10-07,271.8148498535156,-0.36996,-0.26255
3841,2020-10-06,267.19268798828125,-0.72343,-0.5193
3840,2020-10-05,272.04791259765625,0.47483,-0.66971
3839,2020-10-02,266.36737060546875,0.0505,-0.83287
3838,2020-10-01,274.0773010253906,2.13823,-0.91673
3837,2020-09-30,269.795166015625,2.8442,-1.07333
3836,2020-09-29,267.9598693847656,3.43654,-1.12519
3835,2020-09-28,269.173583984375,1.63523,-1.13271
3834,2020-09-25,263.6969299316406,0.09809,-1.13086
3833,2020-09-24,257.70562744140625,-0.61271,-1.05336
3832,2020-09-23,256.51116943359375,-0.65158,-0.87537
3831,2020-09-22,264.5903015136719,-0.68651,-0.69419
3830,2020-09-21,259.76416015625,-2.99468,-0.55974
3829,2020-09-18,259.1426696777344,-2.45868,-0.34658
3828,2020-09-17,262.4928894042969,-0.07866,-0.1266
3827,2020-09-16,266.6584777832031,1.27689,0.06962
3826,2020-09-15,270.97967529296875,0.50298,0.28513
3825,2020-09-14,267.19268798828125,0.29035,0.40449
3824,2020-09-11,262.61907958984375,-2.31786,0.5448
3823,2020-09-10,264.454345703125,-3.48021,0.69966
3822,2020-09-09,269.8339538574219,-6.52736,0.87148
3821,2020-09-08,262.13348388671875,-7.68293,0.99455
3820,2020-09-04,275.36883544921875,-3.40935,1.19799
3819,2020-09-03,279.08795166015625,-0.22917,1.30082
3818,2020-09-02,293.9935302734375,2.99179,1.39494
3817,2020-09-01,291.23577880859375,1.91782,1.33257
3816,2020-08-31,286.3416748046875,1.80713,1.2922
3815,2020-08-28,284.0597229003906,2.23244,1.2389
3814,2020-08-27,282.6225891113281,2.59174,1.22332
3813,2020-08-26,283.5062255859375,2.72378,1.17254
3812,2020-08-25,277.5827941894531,2.25475,1.02622
3811,2020-08-24,275.41741943359375,1.65952,0.92728
3810,2020-08-21,273.70831298828125,1.46239,0.80874
3809,2020-08-20,271.8245544433594,1.58474,0.76069
3808,2020-08-19,268.1054992675781,1.26721,0.71738
3807,2020-08-18,269.9212341308594,1.46239,0.67977
3806,2020-08-17,267.3480224609375,1.99648,0.6174
3805,2020-08-14,264.2795715332031,1.06719,0.58402
3804,2020-08-13,264.5903015136719,0.34666,0.52012
3803,2020-08-12,263.9881286621094,-1.14974,0.46304
3802,2020-08-11,257.5113220214844,-1.55853,0.42391
3801,2020-08-10,262.48309326171875,0.02718,0.47099
3800,2020-08-07,263.6094970703125,0.81956,0.44598
3799,2020-08-06,266.687744140625,1.88091,0.45638
3798,2020-08-05,263.20166015625,2.37225,0.43683
3797,2020-08-04,262.5511169433594,2.86167,0.46001
3796,2020-08-03,261.5799865722656,3.02576,0.51484
3795,2020-07-31,258.0940246582031,1.52067,0.5823
3794,2020-07-30,253.56895446777344,1.04777,0.61076
3793,2020-07-29,252.24830627441406,0.4632,0.6905
3792,2020-07-28,249.3740234375,-1.37209,0.72446
3791,2020-07-27,252.58815002441406,-1.66341,0.79782
3790,2020-07-24,248.16017150878906,-2.7607,0.85772
3789,2020-07-23,250.5392303466797,-0.45349,0.94937
3788,2020-07-22,257.2589111328125,1.5731,1.01439
3787,2020-07-21,256.3558349609375,1.34588,1.00804
3786,2020-07-20,259.05535888671875,1.10118,1.0306
3785,2020-07-17,251.90846252441406,0.04952,1.03267
3784,2020-07-16,251.6171112060547,-0.71277,1.09947
3783,2020-07-15,253.34555053710938,-0.59817,1.04074
3782,2020-07-14,252.83091735839844,-0.27966,0.9809
3781,2020-07-13,251.05393981933594,0.76131,0.92841
3780,2020-07-10,256.3267517089844,1.62456,0.89595
3779,2020-07-09,254.5885009765625,2.09551,0.83808
3778,2020-07-08,252.4619598388672,2.27419,0.76081
3777,2020-07-07,249.17979431152344,2.51695,0.69494
3776,2020-07-06,250.90830993652344,3.46567,0.65745
3775,2020-07-02,244.88778686523438,3.06752,0.59178
3774,2020-07-01,243.23699951171875,1.58281,0.59747
3773,2020-06-30,240.43067932128906,0.44572,0.60011
3772,2020-06-29,235.8085174560547,-1.50414,0.62661
3771,2020-06-26,233.264404296875,-1.53911,0.67962
3770,2020-06-25,238.90609741210938,0.13574,0.755
3769,2020-06-24,236.65330505371094,0.45951,0.74264
3768,2020-06-23,241.63475036621094,1.37597,0.7821
3767,2020-06-22,239.5956268310547,0.89745,0.75377
3766,2020-06-19,236.7562255859375,1.20297,0.76677
3765,2020-06-18,236.79501342773438,2.1006,0.80323
3764,2020-06-17,236.1552276611328,2.53681,0.84486
3763,2020-06-16,235.40887451171875,-0.19483,0.84943
3762,2020-06-15,231.43446350097656,-1.88444,0.80292
3761,2020-06-12,228.65240478515625,-1.99882,0.80223
3760,2020-06-11,226.84939575195312,-0.64657,0.8462
3759,2020-06-10,238.67555236816406,2.51937,0.92295
3758,2020-06-09,235.84507751464844,1.91352,0.88223
3757,2020-06-08,234.148681640625,1.43853,0.87035
3756,2020-06-05,232.3456573486328,1.03333,0.87669
3755,2020-06-04,227.82843017578125,0.5787,0.82437
3754,2020-06-03,229.43759155273438,1.51898,0.80091
3753,2020-06-02,228.4100799560547,1.42981,0.81653
3752,2020-06-01,226.88818359375,1.27084,0.78731
3751,2020-05-29,226.20960998535156,0.80941,0.77373
3750,2020-05-28,222.94290161132812,0.27821,0.78156
3749,2020-05-27,223.23365783691406,-0.19678,0.80101
3748,2020-05-26,222.02197265625,0.25493,0.85777
3747,2020-05-22,222.6230010986328,0.62717,0.83747
3746,2020-05-21,221.85716247558594,1.46954,0.77618
3745,2020-05-20,224.29998779296875,2.20142,0.73009
3744,2020-05-19,219.90884399414062,2.00077,0.68211
3743,2020-05-18,220.46128845214844,1.41042,0.63992
3742,2020-05-15,216.42881774902344,-0.72605,0.66003
3741,2020-05-14,215.03289794921875,-1.31737,0.72169
3740,2020-05-13,212.6191864013672,-0.74642,0.78319
3739,2020-05-12,215.31402587890625,1.09441,0.89029
3738,2020-05-11,219.9185028076172,2.35361,0.95262
3737,2020-05-08,217.97007751464844,2.27219,1.06709
3736,2020-05-07,215.0232391357422,2.12678,1.14499
3735,2020-05-06,212.2896270751953,0.49437,1.2565
3734,2020-05-05,210.9906768798828,-0.61749,1.29349
3733,2020-05-04,208.6254119873047,0.11438,1.30747
3732,2020-05-01,206.221435546875,0.17158,1.38631
3731,2020-04-30,212.202392578125,1.31639,1.40782
3730,2020-04-29,212.2896270751953,1.41719,1.43989
3729,2020-04-28,205.01943969726562,0.5913,1.43161
3728,2020-04-27,208.9550323486328,2.34682,1.5878
3727,2020-04-24,207.28775024414062,0.75902,1.67512
3726,2020-04-23,204.0695037841797,-1.09633,1.68326
3725,2020-04-22,204.50570678710938,-1.45015,1.70578
3724,2020-04-21,198.61196899414062,-0.92961,1.6489
3723,2020-04-20,206.221435546875,0.73864,1.74382
3722,2020-04-17,208.69326782226562,2.51159,1.53012
3721,2020-04-16,206.71578979492188,3.02245,1.4103
3720,2020-04-15,203.0128173828125,2.784,1.12182
3719,2020-04-14,205.36843872070312,3.23574,0.77725
3718,2020-04-13,196.80899047851562,1.7022,0.49894
3717,2020-04-09,194.70542907714844,3.78729,0.16325
3716,2020-04-08,194.42431640625,4.08585,-0.17988
3715,2020-04-07,190.38209533691406,3.74657,-0.57173
3714,2020-04-06,190.4596405029297,1.28149,-0.83231
3713,2020-04-03,177.75132751464844,-2.10642,-1.14621
3712,2020-04-02,180.3104705810547,-0.80554,-1.22368
3711,2020-04-01,176.7238311767578,-1.36487,-1.30891
3710,2020-03-31,184.56593322753906,1.58393,-1.44076
3709,2020-03-30,186.1556854248047,1.91546,-1.61597
3708,2020-03-27,179.62225341796875,3.67582,-1.84256
3707,2020-03-26,186.02000427246094,5.32818,-2.06157
3706,2020-03-25,176.71414184570312,2.26428,-2.35166
3705,2020-03-24,178.03244018554688,0.78021,-2.53673
3704,2020-03-23,165.23692321777344,-2.76004,-2.6745
3703,2020-03-20,165.1177215576172,-0.1625,-2.6458
3702,2020-03-19,171.85011291503906,-2.13385,-2.56244
3701,2020-03-18,170.82479858398438,-1.12593,-2.502
3700,2020-03-17,176.18356323242188,-3.30623,-2.36902
3699,2020-03-16,163.7634735107422,-7.01292,-2.24803
3698,2020-03-13,186.0500030517578,-2.82935,-1.94103
3697,2020-03-12,171.521240234375,-5.7796,-1.82117
3696,2020-03-11,188.83584594726562,-3.54514,-1.51026
3695,2020-03-10,197.43515014648438,-4.47279,-1.32794
3694,2020-03-09,187.2397918701172,-4.06459,-1.16216
3693,2020-03-06,201.21728515625,-1.42095,-0.85127
3692,2020-03-05,204.6704864501953,1.29424,-0.69271
3691,2020-03-04,211.083740234375,2.78969,-0.55078
3690,2020-03-03,202.6295166015625,-0.31147,-0.46216
3689,2020-03-02,209.342529296875,-0.82994,-0.25668
3688,2020-02-28,199.0698699951172,-3.9572,-0.153
3687,2020-02-27,198.91510009765625,-5.23985,0.04121
3686,2020-02-26,209.40057373046875,-4.98159,0.25738
3685,2020-02-25,208.32688903808594,-5.47588,0.38753
3684,2020-02-24,214.14999389648438,-3.22982,0.53258
3683,2020-02-21,222.73963928222656,-0.84059,0.63518
3682,2020-02-20,227.1021270751953,0.38304,0.67139
3681,2020-02-19,229.23020935058594,0.5978,0.65726
3680,2020-02-18,227.05381774902344,0.56201,0.60314
3679,2020-02-14,226.9667205810547,0.70612,0.58136
3678,2020-02-13,226.3186492919922,1.14528,0.54332
3677,2020-02-12,226.6088104248047,1.06112,0.51655
3676,2020-02-11,224.42274475097656,0.90539,0.48883
3675,2020-02-10,224.38404846191406,0.96537,0.46875
3674,2020-02-07,221.70465087890625,1.5825,0.44915
3673,2020-02-06,222.6622772216797,2.71617,0.42542
3672,2020-02-05,220.7566680908203,1.89977,0.41411
3671,2020-02-04,220.0312042236328,1.0737,0.41234
3670,2020-02-03,215.10768127441406,-0.08512,0.39342
3669,2020-01-31,211.9059295654297,0.2989,0.41182
3668,2020-01-30,215.32046508789062,0.33952,0.47253
3667,2020-01-29,214.55630493164062,-0.65873,0.49477
3666,2020-01-28,214.2080841064453,-1.09595,0.52159
3665,2020-01-27,210.96762084960938,-1.11529,0.55162
3664,2020-01-24,215.41720581054688,-0.00483,0.61751
3663,2020-01-23,217.2454071044922,0.49429,0.63362
3662,2020-01-22,216.54891967773438,0.81253,0.62228
3661,2020-01-21,215.9782257080078,0.92957,0.62471
3660,2020-01-17,216.07496643066406,0.68292,0.62615
3659,2020-01-16,215.01095581054688,0.66938,0.62745
3658,2020-01-15,212.96990966796875,0.38788,0.63499
3657,2020-01-14,212.8828887939453,0.75642,0.64742
3656,2020-01-13,213.7244110107422,1.17236,0.64012
3655,2020-01-10,211.2868194580078,0.88991,0.6322
3654,2020-01-09,211.82855224609375,1.08435,0.6384
3653,2020-01-08,210.0487060546875,0.32211,0.63604
3652,2020-01-07,208.481689453125,0.50687,0.62391
3651,2020-01-06,208.5106964111328,0.79996,0.59789
3650,2020-01-03,207.1758270263672,0.49237,0.55511
3649,2020-01-02,209.09107971191406,0.36178,0.53101
3648,2019-12-31,205.65713500976562,-0.01935,0.48377
3647,2019-12-30,205.2702178955078,0.24085,0.48296
3646,2019-12-27,206.62440490722656,0.64769,0.47883
3645,2019-12-26,206.7985382080078,0.71968,0.449
3644,2019-12-24,204.98974609375,0.68221,0.39771
3643,2019-12-23,204.88330078125,0.76429,0.35909
3642,2019-12-20,204.34356689453125,0.61291,0.31606
3641,2019-12-19,203.52320861816406,0.7355,0.28466
3640,2019-12-18,202.2587432861328,0.7992,0.25241
3639,2019-12-17,202.10427856445312,1.11771,0.22636
3638,2019-12-16,201.9884796142578,1.24994,0.20108
3637,2019-12-13,199.98081970214844,0.85421,0.16829
3636,2019-12-12,199.32449340820312,0.37932,0.15674
3635,2019-12-11,197.8477325439453,0.30886,0.1527
3634,2019-12-10,196.80531311035156,0.40345,0.15441
3633,2019-12-09,196.96937561035156,0.76154,0.16398
3632,2019-12-06,197.86705017089844,0.52314,0.18005
3631,2019-12-05,195.77256774902344,-0.49322,0.19923
3630,2019-12-04,195.386474609375,-1.05303,0.23427
3629,2019-12-03,194.40194702148438,-0.91115,0.2773
3628,2019-12-02,195.93666076660156,-0.18821,0.31181
3627,2019-11-29,197.9635772705078,0.80691,0.34531
3626,2019-11-27,198.87081909179688,1.10612,0.36688
3625,2019-11-26,197.4906005859375,0.71811,0.38787
3624,2019-11-25,197.1141815185547,0.1332,0.4157
3623,2019-11-22,194.80735778808594,-0.40056,0.4241
3622,2019-11-21,194.68185424804688,-0.32238,0.46267
3621,2019-11-20,195.1162109375,0.18339,0.47839
3620,2019-11-19,196.2937774658203,0.50191,0.48827
3619,2019-11-18,196.00421142578125,0.42276,0.47533
3618,2019-11-15,195.84974670410156,0.36581,0.47962
3617,2019-11-14,194.42127990722656,0.0994,0.47638
3616,2019-11-13,194.57568359375,0.25384,0.50032
3615,2019-11-12,194.5274200439453,0.39477,0.52616
3614,2019-11-11,193.96762084960938,0.28667,0.55796
3613,2019-11-08,194.22828674316406,0.23938,0.55825
3612,2019-11-07,193.45603942871094,0.26833,0.54142
3611,2019-11-06,192.80934143066406,0.64668,0.5475
3610,2019-11-05,193.2437286376953,0.91308,0.56739
3609,2019-11-04,193.1375274658203,0.9652,0.54257
3608,2019-11-01,191.95030212402344,0.35134,0.49549
3607,2019-10-31,190.22267150878906,0.22201,0.46776
3606,2019-10-30,190.1357421875,0.59843,0.42758
3605,2019-10-29,189.21881103515625,1.0733,0.37631
3604,2019-10-28,190.695556640625,1.43429,0.34788
3603,2019-10-25,188.8327178955078,0.65056,0.27615
3602,2019-10-24,187.33665466308594,0.35038,0.21855
3601,2019-10-23,185.53175354003906,-0.2413,0.15389
3600,2019-10-22,185.17457580566406,-0.24517,0.10891
3599,2019-10-21,186.66098022460938,-0.1554,0.06672
3598,2019-10-18,185.0201416015625,0.11871,0.01812
3597,2019-10-17,186.81546020507812,0.65924,-0.02327
3596,2019-10-16,186.32318115234375,1.07428,-0.08841
3595,2019-10-15,186.78646850585938,1.44685,-0.14204
3594,2019-10-14,184.44107055664062,1.46905,-0.18513
3593,2019-10-11,184.46031188964844,0.86868,-0.21207
3592,2019-10-10,182.1148681640625,-0.12258,-0.24298
3591,2019-10-09,180.71533203125,-0.10329,-0.25205
3590,2019-10-08,178.96832275390625,0.47392,-0.21444
3589,2019-10-07,181.690185546875,0.64669,-0.13499
3588,2019-10-04,182.2403564453125,-0.11582,-0.09905
3587,2019-10-03,179.5957489013672,-0.64475,-0.07346
3586,2019-10-02,177.64596557617188,-1.00575,0.0028
3585,2019-10-01,180.7539520263672,-0.59747,0.10341
3584,2019-09-30,182.2403564453125,-0.13224,0.16949
3583,2019-09-27,180.52232360839844,-0.53375,0.24306
3582,2019-09-26,182.79054260253906,-0.24053,0.27562
3581,2019-09-25,183.46621704101562,-0.69396,0.28054
3580,2019-09-24,181.42959594726562,-0.99194,0.29262
3579,2019-09-23,183.87156677246094,-0.49625,0.3095
3578,2019-09-20,183.79049682617188,-0.14641,0.32824
3577,2019-09-19,185.75555419921875,0.13871,0.36985
3576,2019-09-18,185.44729614257812,-0.131,0.38382
3575,2019-09-17,185.52439880371094,-0.11655,0.34335
3574,2019-09-16,184.6381378173828,0.21095,0.33497
3573,2019-09-13,185.46658325195312,0.50956,0.31031
3572,2019-09-12,186.1312255859375,0.43539,0.25778
3571,2019-09-11,185.36061096191406,0.03371,0.23109
3570,2019-09-10,183.63636779785156,0.3882,0.21426
3569,2019-09-09,184.16619873046875,1.38132,0.23037
3568,2019-09-06,184.55148315429688,1.38421,0.17497
3567,2019-09-05,184.73448181152344,0.82647,0.08798
3566,2019-09-04,181.41123962402344,0.40553,-0.01035
3565,2019-09-03,178.8297119140625,0.4643,-0.09979
3564,2019-08-30,180.58282470703125,0.84671,-0.16684
3563,2019-08-29,181.01634216308594,1.15303,-0.25073
3562,2019-08-28,178.29025268554688,-0.33715,-0.31547
3561,2019-08-27,177.65451049804688,-1.11739,-0.36541
3560,2019-08-26,178.0301971435547,-1.04609,-0.38945
3559,2019-08-23,175.38121032714844,-1.12412,-0.3991
3558,2019-08-22,181.11265563964844,0.50861,-0.36304
3557,2019-08-21,181.70021057128906,1.31486,-0.3902
3556,2019-08-20,180.10116577148438,1.37746,-0.41803
3555,2019-08-19,181.50755310058594,0.26971,-0.43566
3554,2019-08-16,178.66592407226562,-0.34485,-0.47167
3553,2019-08-15,175.84353637695312,-0.91222,-0.46952
3552,2019-08-14,176.04586791992188,-0.87657,-0.4233
3551,2019-08-13,181.4690399169922,0.42095,-0.37304
3550,2019-08-12,177.57742309570312,0.42576,-0.35286
3549,2019-08-09,179.6388397216797,1.59131,-0.28363
3548,2019-08-08,181.34384155273438,0.51439,-0.24296
3547,2019-08-07,177.48109436035156,-1.53064,-0.21942
3546,2019-08-06,176.52749633789062,-2.41779,-0.14219
3545,2019-08-05,174.09043884277344,-2.87534,-0.04449
3544,2019-08-02,180.4672393798828,-1.75025,0.10444
3543,2019-08-01,183.16439819335938,-1.3293,0.19619
3542,2019-07-31,184.07948303222656,-0.56928,0.26665
3541,2019-07-30,186.6610107421875,-0.13679,0.33237
3540,2019-07-29,187.4701690673828,0.17339,0.33899
3539,2019-07-26,188.1155548095703,0.48452,0.3334
3538,2019-07-25,186.19862365722656,0.69355,0.31409
3537,2019-07-24,187.98072814941406,0.79373,0.3243
3536,2019-07-23,186.67063903808594,0.31692,0.31801
3535,2019-07-22,185.4569549560547,-0.23407,0.34172
3534,2019-07-19,183.99278259277344,-0.67525,0.37959
3533,2019-07-18,185.35098266601562,-0.40168,0.41755
3532,2019-07-17,185.1390380859375,-0.07899,0.44559
3531,2019-07-16,186.05419921875,0.28032,0.45857
3530,2019-07-15,187.01744079589844,0.76579,0.4578
3529,2019-07-12,186.42018127441406,0.90546,0.45841
3528,2019-07-11,185.35098266601562,0.53846,0.48541
3527,2019-07-10,185.48582458496094,0.1782,0.52344
3526,2019-07-09,183.65565490722656,-0.04142,0.55936
3525,2019-07-08,182.7405242919922,0.18687,0.64271
3524,2019-07-05,184.0313262939453,1.04033,0.68573
3523,2019-07-03,184.406982421875,1.26669,0.67887
3522,2019-07-02,183.02951049804688,1.07885,0.66394
3521,2019-07-01,182.30706787109375,0.92569,0.63813
3520,2019-06-28,179.87965393066406,-0.12233,0.60403
3519,2019-06-27,179.6484832763672,-0.54694,0.58489
3518,2019-06-26,178.96453857421875,-0.81981,0.5369
3517,2019-06-25,178.1361541748047,-0.36679,0.48422
3516,2019-06-24,181.24746704101562,0.5567,0.45326
3515,2019-06-21,181.24172973632812,1.16298,0.35979
3514,2019-06-20,181.5108184814453,1.51763,0.24552
3513,2019-06-19,179.8384246826172,1.07166,0.14219
3512,2019-06-18,179.16561889648438,0.81312,0.07395
3511,2019-06-17,176.5994415283203,0.0942,0.02497
3510,2019-06-14,175.54214477539062,-0.09611,-0.0611
3509,2019-06-13,176.29183959960938,0.37965,-0.13362
3508,2019-06-12,175.25381469726562,1.13607,-0.22094
3507,2019-06-11,176.2726287841797,1.91459,-0.3003
3506,2019-06-10,176.03231811523438,2.04818,-0.4198
3505,2019-06-07,174.00433349609375,2.35863,-0.54244
3504,2019-06-06,170.70762634277344,1.28889,-0.6123
3503,2019-06-05,169.36204528808594,-0.01537,-0.65125
3502,2019-06-04,168.11257934570312,-0.85446,-0.67377
3501,2019-06-03,163.50868225097656,-1.61665,-0.68708
3500,2019-05-31,167.1898651123047,-0.87848,-0.63916
3499,2019-05-30,169.9002685546875,-0.48921,-0.61136
3498,2019-05-29,169.18907165527344,-1.03224,-0.59161
3497,2019-05-28,170.5923309326172,-1.10914,-0.56051
3496,2019-05-24,171.23623657226562,-0.68817,-0.51167
3495,2019-05-23,171.32273864746094,-0.81793,-0.45687
3494,2019-05-22,173.98509216308594,-0.86791,-0.39397
3493,2019-05-21,174.7636260986328,-0.72086,-0.34535
3492,2019-05-20,172.9566650390625,-0.11822,-0.29479
3491,2019-05-17,175.9265899658203,1.27927,-0.22291
3490,2019-05-16,177.7431640625,0.42002,-0.16929
3489,2019-05-15,175.9746551513672,-0.75162,-0.13626
3488,2019-05-14,173.5237274169922,-1.6003,-0.07637
3487,2019-05-13,171.6399383544922,-1.54648,0.0033
3486,2019-05-10,177.8104248046875,-1.0909,0.10936
3485,2019-05-09,177.58941650390625,-1.61952,0.16665
3484,2019-05-08,178.55050659179688,-0.91789,0.22457
3483,2019-05-07,179.0022735595703,-0.3412,0.28146
3482,2019-05-06,182.55850219726562,0.28643,0.33771
3481,2019-05-03,183.6830291748047,-0.12014,0.3764
3480,2019-05-02,180.79957580566406,-0.68913,0.40823
3479,2019-05-01,181.5877227783203,-0.40462,0.46307
3478,2019-04-30,182.1739959716797,0.01923,0.49227
3477,2019-04-29,183.5965118408203,0.22683,0.51567
3476,2019-04-26,183.2408447265625,0.5411,0.51346
3475,2019-04-25,183.07740783691406,0.76601,0.47002
3474,2019-04-24,182.33738708496094,0.77274,0.44717
3473,2019-04-23,182.91409301757812,0.80639,0.43009
3472,2019-04-22,180.61700439453125,0.48154,0.40468
3471,2019-04-18,180.10755920410156,0.42387,0.39724
3470,2019-04-17,179.87693786621094,0.47194,0.40211
3469,2019-04-16,179.25216674804688,0.27777,0.39849
3468,2019-04-15,178.63702392578125,0.29987,0.40507
3467,2019-04-12,178.60816955566406,0.18742,0.41808
3466,2019-04-11,177.8392333984375,0.1038,0.45444
3465,2019-04-10,178.26222229003906,0.32102,0.48511
3464,2019-04-09,177.3106231689453,0.27104,0.48241
3463,2019-04-08,177.93539428710938,0.54593,0.47142
3462,2019-04-05,177.483642578125,0.59785,0.44776
3461,2019-04-04,176.57061767578125,0.94578,0.42073
3460,2019-04-03,176.63783264160156,1.34655,0.40563
3459,2019-04-02,175.62863159179688,1.28695,0.3783
3458,2019-04-01,174.96539306640625,0.7439,0.35232
3457,2019-03-29,172.67794799804688,0.20569,0.32766
3456,2019-03-28,171.3804168701172,-0.07881,0.32492
3455,2019-03-27,170.9863739013672,-0.8506,0.34117
3454,2019-03-26,172.09169006347656,-0.55457,0.3506
3453,2019-03-25,171.29388427734375,-0.27489,0.34431
3452,2019-03-22,171.62071228027344,0.35946,0.34376
3451,2019-03-21,175.474853515625,0.99938,0.34145
3450,2019-03-20,172.7740478515625,0.74641,0.2968
3449,2019-03-19,172.09169006347656,0.65205,0.27145
3448,2019-03-18,171.51498413085938,0.72046,0.26818
3447,2019-03-15,171.1074981689453,0.79247,0.26117
3446,2019-03-14,169.53411865234375,1.28176,0.25361
3445,2019-03-13,169.82188415527344,1.50433,0.23404
3444,2019-03-12,168.5554962158203,0.7253,0.20251
3443,2019-03-11,167.6344757080078,-0.19475,0.19251
3442,2019-03-08,164.2190399169922,-0.92293,0.20559
3441,2019-03-07,164.46847534179688,-0.65047,0.24117
3440,2019-03-06,166.51197814941406,0.08634,0.29399
3439,2019-03-05,167.4617462158203,0.3022,0.35854
3438,2019-03-04,167.33705139160156,0.2149,0.3911
3437,2019-03-01,167.3082733154297,0.11801,0.3984
3436,2019-02-28,166.15699768066406,0.06428,0.41641
3435,2019-02-27,166.54075622558594,0.45571,0.44698
3434,2019-02-26,166.6463165283203,0.46051,0.46742
3433,2019-02-25,166.47357177734375,0.29932,0.4489
3432,2019-02-22,165.86920166015625,0.11896,0.44021
3431,2019-02-21,164.6507568359375,0.10648,0.44161
3430,2019-02-20,165.25518798828125,0.33963,0.44714
3429,2019-02-19,165.28399658203125,0.35594,0.46736
3428,2019-02-15,164.95777893066406,0.71091,0.46513
3427,2019-02-14,164.2670440673828,0.7608,0.45238
3426,2019-02-13,164.0655059814453,0.75695,0.44275
3425,2019-02-12,163.95040893554688,0.08731,0.43897
3424,2019-02-11,161.56153869628906,-0.69268,0.44053
3423,2019-02-08,161.71502685546875,-0.45475,0.473
3422,2019-02-07,161.39842224121094,0.24464,0.55172
3421,2019-02-06,163.59539794921875,0.79629,0.57497
3420,2019-02-05,164.08473205566406,1.15799,0.57189
3419,2019-02-04,162.64564514160156,1.69717,0.56333
3418,2019-02-01,160.65008544921875,1.46498,0.55513
3417,2019-01-31,161.33126831054688,0.82411,0.55995
3416,2019-01-30,158.9519805908203,0.13239,0.62625
3415,2019-01-29,155.0088653564453,-0.11992,0.66582
3414,2019-01-28,156.4863739013672,0.51233,0.68947
3413,2019-01-25,158.44349670410156,0.1017,0.67139
3412,2019-01-24,156.57269287109375,-0.37993,0.59273
3411,2019-01-23,155.56529235839844,-0.20052,0.53622
3410,2019-01-22,155.36383056640625,0.1938,0.45297
3409,2019-01-18,158.5394287109375,1.26736,0.3351
3408,2019-01-17,156.98526000976562,0.85962,0.1879
3407,2019-01-16,155.7572021484375,0.36744,0.06847
3406,2019-01-15,155.7859649658203,0.10648,-0.03428
3405,2019-01-14,152.80226135253906,-0.06044,-0.1222
3404,2019-01-11,154.1646270751953,0.66774,-0.23002
3403,2019-01-10,154.73065185546875,1.23089,-0.33586
3402,2019-01-09,154.28936767578125,2.4263,-0.50236
3401,2019-01-08,153.0421142578125,1.68374,-0.63053
3400,2019-01-07,151.67019653320312,0.86441,-0.72949
3399,2019-01-04,149.88577270507812,0.19955,-0.81358
3398,2019-01-03,143.7360382080078,-0.43653,-0.8259
3397,2019-01-02,148.59051513671875,0.58043,-0.76688
3396,2018-12-31,147.99575805664062,2.11355,-0.71461
3395,2018-12-28,146.75814819335938,2.03315,-0.66378
3394,2018-12-27,146.83486938476562,0.73873,-0.58572
3393,2018-12-26,146.26881408691406,-1.11422,-0.5298
3392,2018-12-24,137.67269897460938,-3.44193,-0.50994
3391,2018-12-21,141.1735076904297,-2.47295,-0.39859
3390,2018-12-20,145.68887329101562,-1.95924,-0.27894
3389,2018-12-19,147.83181762695312,-2.27684,-0.20268
3388,2018-12-18,151.55320739746094,-2.00228,-0.13618
3387,2018-12-17,150.6060791015625,-1.56223,-0.14403
3386,2018-12-14,154.09793090820312,-0.2382,-0.15874
3385,2018-12-13,157.94366455078125,0.90117,-0.20573
3384,2018-12-12,157.8958282470703,-0.13871,-0.23335
3383,2018-12-11,156.51828002929688,-0.76913,-0.2454
3382,2018-12-10,156.00164794921875,-2.18691,-0.24451
3381,2018-12-07,154.38491821289062,-2.04916,-0.25788
3380,2018-12-06,159.6560516357422,-0.59027,-0.22868
3379,2018-12-04,158.53672790527344,-0.1703,-0.21154
3378,2018-12-03,164.86029052734375,1.76503,-0.16016
3377,2018-11-30,162.02859497070312,1.69041,-0.20415
3376,2018-11-29,160.8614501953125,2.26632,-0.26284
3375,2018-11-28,161.3876495361328,1.99846,-0.25811
3374,2018-11-27,156.35562133789062,1.05998,-0.33074
3373,2018-11-26,155.82948303222656,0.16359,-0.35533
3372,2018-11-23,152.30892944335938,-1.74781,-0.3591
3371,2018-11-21,153.41868591308594,-2.27492,-0.32162
3370,2018-11-20,152.2611083984375,-1.7325,-0.32125
3369,2018-11-19,155.03543090820312,-0.62373,-0.29624
3368,2018-11-16,160.2396240234375,0.37884,-0.24144
3367,2018-11-15,160.8040313720703,-0.76437,-0.24984
3366,2018-11-14,158.03932189941406,-2.25484,-0.21719
3365,2018-11-13,159.25424194335938,-2.52079,-0.17459
3364,2018-11-12,159.12030029296875,-1.13652,-0.2091
3363,2018-11-09,164.0853729248047,0.89352,-0.22746
3362,2018-11-08,166.89794921875,1.60527,-0.29582
3361,2018-11-07,167.96937561035156,0.75577,-0.40565
3360,2018-11-06,162.86090087890625,-0.21619,-0.55189
3359,2018-11-05,161.63632202148438,0.53954,-0.63766
3358,2018-11-02,162.03811645507812,1.76406,-0.70347
3357,2018-11-01,164.60191345214844,1.6636,-0.75727
3356,2018-10-31,162.45904541015625,-0.30805,-0.825
3355,2018-10-30,158.72813415527344,-0.63809,-0.84738
3354,2018-10-29,156.1547088623047,-1.79468,-0.82068
3353,2018-10-26,159.43606567382812,-1.59856,-0.75262
3352,2018-10-25,163.6453399658203,-1.19487,-0.69767
3351,2018-10-24,158.17324829101562,-1.47612,-0.68142
3350,2018-10-23,165.75953674316406,-0.69931,-0.58282
3349,2018-10-22,166.3717803955078,-1.04179,-0.5488
3348,2018-10-19,165.52040100097656,-0.2315,-0.50087
3347,2018-10-18,165.67343139648438,0.26786,-0.46256
3346,2018-10-17,169.60525512695312,1.74877,-0.42271
3345,2018-10-16,169.53831481933594,1.3001,-0.39688
3344,2018-10-15,164.7454833984375,-1.1719,-0.37149
3343,2018-10-12,166.76400756835938,-1.86453,-0.28173
3342,2018-10-11,162.2485809326172,-2.71882,-0.20002
3341,2018-10-10,164.2862548828125,-2.08743,-0.07457
3340,2018-10-09,171.8438720703125,-1.52778,0.02479
3339,2018-10-08,171.28900146484375,-1.83677,0.03581
3338,2018-10-05,172.34132385253906,-1.47419,0.04965
3337,2018-10-04,174.4746551513672,-0.67348,0.06043
3336,2018-10-03,177.8899383544922,0.01913,0.05133
3335,2018-10-02,177.6985321044922,0.31569,0.02981
3334,2018-10-01,178.100341796875,0.5338,0.01135
3333,2018-09-28,177.73684692382812,0.5252,0.00399
3332,2018-09-27,177.77511596679688,0.50511,0.01212
3331,2018-09-26,176.28271484375,0.05009,0.01367
3330,2018-09-25,176.1584014892578,0.29065,0.03255
3329,2018-09-24,175.91920471191406,0.36019,0.05539
3328,2018-09-21,175.43130493164062,0.63217,0.0757
3327,2018-09-20,176.39581298828125,0.2693,0.09804
3326,2018-09-19,174.46682739257812,-0.45933,0.11307
3325,2018-09-18,174.6005096435547,-0.25496,0.1238
3324,2018-09-17,173.1680908203125,-0.2053,0.14223
3323,2018-09-14,175.69869995117188,0.5682,0.17137
3322,2018-09-13,176.21437072753906,0.7353,0.16235
3321,2018-09-12,174.35218811035156,0.33899,0.14567
3320,2018-09-11,174.86785888671875,-0.07163,0.14771
3319,2018-09-10,173.5309600830078,-1.01223,0.14984
3318,2018-09-07,172.948486328125,-1.44386,0.17323
3317,2018-09-06,173.61692810058594,-1.18411,0.20609
3316,2018-09-05,175.18304443359375,-0.68182,0.25235
3315,2018-09-04,177.47482299804688,0.22822,0.2854
3314,2018-08-31,178.2388153076172,0.61306,0.30221
3313,2018-08-30,178.0095977783203,0.97976,0.28136
3312,2018-08-29,178.32473754882812,1.33786,0.23475
3311,2018-08-28,176.29078674316406,1.01606,0.15591
3310,2018-08-27,176.0329132080078,0.89572,0.11673
3309,2018-08-24,174.25672912597656,0.57296,0.08349
3308,2018-08-23,172.6524658203125,0.30941,0.06953
3307,2018-08-22,172.9007110595703,0.28457,0.06869
3306,2018-08-21,172.2322998046875,0.20436,0.05614
3305,2018-08-20,171.60198974609375,-0.27407,0.04644
3304,2018-08-17,171.75479125976562,-0.24351,0.05259
3303,2018-08-16,171.71661376953125,-0.23778,0.05304
3302,2018-08-15,171.1531982421875,-0.42303,0.055
3301,2018-08-14,173.2731475830078,-0.26069,0.08914
3300,2018-08-13,172.194091796875,-0.4259,0.09208
3299,2018-08-10,172.38507080078125,-0.10792,0.10392
3298,2018-08-09,173.71240234375,0.43353,0.12548
3297,2018-08-08,173.81744384765625,0.63981,0.15387
3296,2018-08-07,173.60739135742188,1.04758,0.19329
3295,2018-08-06,172.97715759277344,1.17841,0.20895
3294,2018-08-03,171.96490478515625,1.24333,0.23443
3293,2018-08-02,171.4396209716797,0.55672,0.26712
3292,2018-08-01,169.13827514648438,-0.67132,0.3114
3291,2018-07-31,168.4984130859375,-1.68834,0.35087
3290,2018-07-30,167.21885681152344,-1.4878,0.39919
3289,2018-07-27,169.61570739746094,-0.3944,0.42177
3288,2018-07-26,171.93621826171875,0.51375,0.41709
3287,2018-07-25,174.5814208984375,0.84895,0.37423
3286,2018-07-24,172.1750030517578,0.12128,0.31387
3285,2018-07-23,171.46832275390625,-0.22537,0.26817
3284,2018-07-20,170.92401123046875,-0.1547,0.22584
3283,2018-07-19,170.96217346191406,-0.03915,0.18133
3282,2018-07-18,171.82168579101562,0.1528,0.15079
3281,2018-07-17,172.1463165283203,0.70856,0.10894
3280,2018-07-16,171.10543823242188,0.65986,0.06864
3279,2018-07-13,171.5160675048828,0.66654,0.03868
3278,2018-07-12,171.37281799316406,0.66177,0.00094
3277,2018-07-11,168.4698028564453,0.83174,-0.05202
3276,2018-07-10,169.32928466796875,1.653,-0.0699
3275,2018-07-09,169.2051239013672,1.29776,-0.09306
3274,2018-07-06,167.69631958007812,0.76777,-0.10375
3273,2018-07-05,165.1275634765625,0.24925,-0.07941
3272,2018-07-03,163.10305786132812,0.35811,-0.03468
3271,2018-07-02,165.01295471191406,0.32277,0.03866
3270,2018-06-29,163.9147491455078,-0.03056,0.08469
3269,2018-06-28,163.47547912597656,-0.9454,0.14067
3268,2018-06-27,162.0812530517578,-1.45247,0.1988
3267,2018-06-26,164.31585693359375,-1.40375,0.28192
3266,2018-06-25,163.64735412597656,-1.06857,0.33936
3265,2018-06-22,167.41941833496094,-0.25305,0.40879
3264,2018-06-21,167.79180908203125,-0.09875,0.42971
3263,2018-06-20,169.2623748779297,-0.0519,0.4358
3262,2018-06-19,168.0687255859375,0.03727,0.43173
3261,2018-06-18,168.5462188720703,0.31022,0.41591
3260,2018-06-15,168.64364624023438,0.56317,0.39301
3259,2018-06-14,169.2344207763672,0.68895,0.36229
3258,2018-06-13,167.53826904296875,0.39736,0.33557
3257,2018-06-12,167.54779052734375,0.04002,0.33461
3256,2018-06-11,166.67111206054688,-0.12198,0.32492
3255,2018-06-08,166.22325134277344,-0.01239,0.32901
3254,2018-06-07,166.21371459960938,0.47073,0.35722
3253,2018-06-06,167.57640075683594,1.30357,0.37609
3252,2018-06-05,166.60443115234375,1.29118,0.36364
3251,2018-06-04,166.08984375,1.25972,0.36751
3250,2018-06-01,164.60333251953125,0.68036,0.35622
3249,2018-05-31,162.05909729003906,0.14293,0.35173
3248,2018-05-30,162.16392517089844,0.05527,0.39418
3247,2018-05-29,161.01092529296875,0.162,0.42888
3246,2018-05-25,161.72560119628906,0.38212,0.43635
3245,2018-05-24,161.56361389160156,0.51266,0.42787
3244,2018-05-23,161.61122131347656,0.31064,0.39262
3243,2018-05-22,160.2581329345703,-0.14579,0.34004
3242,2018-05-21,160.46774291992188,-0.04383,0.30166
3241,2018-05-18,159.5720672607422,-0.39259,0.29044
3240,2018-05-17,160.40106201171875,-0.28873,0.29475
3239,2018-05-16,161.02041625976562,-0.27349,0.27892
3238,2018-05-15,159.9627227783203,0.01048,0.26938
3237,2018-05-14,161.7541961669922,0.8519,0.25587
3236,2018-05-11,161.47784423828125,0.95194,0.25016
3235,2018-05-10,161.6302947998047,1.06153,0.24809
3234,2018-05-09,159.9722900390625,1.27307,0.19973
3233,2018-05-08,158.2474822998047,1.23303,0.16937
3232,2018-05-07,158.40953063964844,0.95004,0.17212
3231,2018-05-04,157.10401916503906,0.6556,0.18217
3230,2018-05-03,154.17868041992188,0.02859,0.15678
3229,2018-05-02,154.19773864746094,0.03335,0.1825
3228,2018-05-01,155.1124725341797,0.68704,0.1886
3227,2018-04-30,153.35914611816406,0.80043,0.13675
3226,2018-04-27,154.45501708984375,0.3745,0.15542
3225,2018-04-26,154.3596954345703,-0.36782,0.12363
3224,2018-04-25,151.177001953125,-1.55895,0.05706
3223,2018-04-24,150.99598693847656,-1.8086,0.01952
3222,2018-04-23,154.26438903808594,-1.19684,-0.00478
3221,2018-04-20,154.65512084960938,-0.17056,-0.08747
3220,2018-04-19,157.1421661376953,1.04057,-0.17206
3219,2018-04-18,158.60009765625,1.25688,-0.27628
3218,2018-04-17,158.27609252929688,1.14633,-0.39058
3217,2018-04-16,154.94097900390625,0.36877,-0.51879
3216,2018-04-13,153.76885986328125,0.78899,-0.59993
3215,2018-04-12,154.5693359375,1.30641,-0.63284
3214,2018-04-11,152.73023986816406,0.36591,-0.65956
3213,2018-04-10,153.616455078125,0.00191,-0.65974
3212,2018-04-09,150.3003692626953,-0.20677,-0.6567
3211,2018-04-06,149.252197265625,0.53649,-0.59968
3210,2018-04-05,153.08279418945312,0.50218,-0.51306
3209,2018-04-04,152.21571350097656,0.20107,-0.48316
3208,2018-04-03,149.85247802734375,-0.51267,-0.44947
3207,2018-04-02,148.18492126464844,-1.5942,-0.4046
3206,2018-03-29,152.58729553222656,-0.37258,-0.31405
3205,2018-03-28,149.8429718017578,-1.0034,-0.22885
3204,2018-03-27,151.5867919921875,-1.34167,-0.11315
3203,2018-03-26,156.65618896484375,-1.42077,-0.01366
3202,2018-03-23,151.04360961914062,-2.09924,0.04238
3201,2018-03-22,155.13156127929688,-1.53092,0.14827
3200,2018-03-21,159.05747985839844,-1.12035,0.24487
3199,2018-03-20,159.7531280517578,-1.11069,0.32819
3198,2018-03-19,159.22900390625,-0.88835,0.40627
3197,2018-03-16,162.70040893554688,-0.59935,0.50728
3196,2018-03-15,163.18557739257812,-0.53846,0.58861
3195,2018-03-14,163.32827758789062,0.20835,0.59286
3194,2018-03-13,163.35684204101562,0.93042,0.56896
3193,2018-03-12,165.61154174804688,1.45651,0.57471
3192,2018-03-09,164.73626708984375,1.13972,0.49098
3191,2018-03-08,161.59683227539062,0.841,0.37965
3190,2018-03-07,160.71209716796875,1.0893,0.28326
3189,2018-03-06,160.341064453125,0.57177,0.20153
3188,2018-03-05,159.66555786132812,-0.2036,0.11105
3187,2018-03-02,157.91510009765625,-1.20155,0.02118
3186,2018-03-01,156.4785614013672,-1.00558,-0.02626
3185,2018-02-28,159.0757293701172,0.46996,-0.05814
3184,2018-02-27,160.1032257080078,1.193,-0.12278
3183,2018-02-26,162.11053466796875,1.29099,-0.18379
3182,2018-02-23,159.98907470703125,0.56416,-0.24938
3181,2018-02-22,156.7830047607422,-0.18456,-0.29215
3180,2018-02-21,156.80198669433594,0.36817,-0.30432
3179,2018-02-20,157.2491455078125,1.28242,-0.30041
3178,2018-02-16,156.93519592285156,1.73051,-0.30569
3177,2018-02-15,157.6392059326172,2.18906,-0.29788
3176,2018-02-14,154.76611328125,2.09773,-0.28857
3175,2018-02-13,151.9215850830078,0.41669,-0.25645
3174,2018-02-12,151.1414337158203,-1.04554,-0.19589
3173,2018-02-09,148.50624084472656,-1.22724,-0.1199
3172,2018-02-08,145.9851531982422,-1.92458,-0.00118
3171,2018-02-07,152.41629028320312,-1.69341,0.14828
3170,2018-02-06,154.41412353515625,-2.28515,0.25177
3169,2018-02-05,150.42796325683594,-2.46877,0.358
3168,2018-02-02,156.60223388671875,-1.11498,0.49078
3167,2018-02-01,159.78927612304688,-0.63169,0.56247
3166,2018-01-31,161.15921020507812,-0.01236,0.59656
3165,2018-01-30,160.49330139160156,0.22166,0.60111
3164,2018-01-29,161.82510375976562,0.35197,0.60193
3163,2018-01-26,162.61476135253906,0.4243,0.58146
3162,2018-01-25,160.16029357910156,0.41005,0.5424
3161,2018-01-24,160.2174072265625,0.7944,0.50994
3160,2018-01-23,161.263916015625,0.92663,0.48139
3159,2018-01-22,159.94143676757812,0.83242,0.44977
3158,2018-01-19,158.24801635742188,0.52323,0.4202
3157,2018-01-18,157.75335693359375,0.60506,0.40108
3156,2018-01-17,157.7248077392578,0.75633,0.37703
3155,2018-01-16,156.0409393310547,0.49757,0.35629
3154,2018-01-12,156.48806762695312,0.43858,0.34999
3153,2018-01-11,155.34642028808594,0.22547,0.33622
3152,2018-01-10,154.29043579101562,0.41669,0.33164
3151,2018-01-09,154.65191650390625,0.69448,0.3306
3150,2018-01-08,154.6424102783203,0.95229,0.30317
3149,2018-01-05,154.04307556152344,1.34521,0.26392
3148,2018-01-04,152.5114288330078,1.08741,0.23631
3147,2018-01-03,152.24502563476562,0.83149,0.19396
3146,2018-01-02,150.77996826171875,0.30063,0.15482
3145,2017-12-29,148.18275451660156,-0.28636,0.12667
3144,2017-12-28,149.10552978515625,-0.23501,0.12762
3143,2017-12-27,148.92478942871094,-0.28637,0.12071
3142,2017-12-26,148.90582275390625,-0.23974,0.12911
3141,2017-12-22,149.71441650390625,-0.25591,0.13442
3140,2017-12-21,149.8857421875,-0.06201,0.12437
3139,2017-12-20,149.86666870117188,0.41191,0.12738
3138,2017-12-19,150.02838134765625,0.68083,0.12041
3137,2017-12-18,150.9226531982422,0.78071,0.1036
3136,2017-12-15,149.6678009033203,0.35031,0.07647
3135,2017-12-14,147.9874267578125,0.2326,0.05793
3134,2017-12-13,148.09185791015625,0.46804,0.04621
3133,2017-12-12,147.80706787109375,0.59431,0.03787
3132,2017-12-11,148.00643920898438,0.70063,0.03163
3131,2017-12-08,146.86715698242188,0.49271,0.02656
3130,2017-12-07,146.2216033935547,-0.01425,0.04376
3129,2017-12-06,145.7279510498047,-0.47278,0.06276
3128,2017-12-05,145.07289123535156,-0.43101,0.08486
3127,2017-12-04,144.97796630859375,-0.67689,0.11752
3126,2017-12-01,146.66783142089844,-0.45949,0.15321
3125,2017-11-30,147.2943878173828,-0.43196,0.20843
3124,2017-11-29,146.06971740722656,-0.31614,0.24777
3123,2017-11-28,148.6614532470703,0.25442,0.28881
3122,2017-11-27,148.28175354003906,0.52025,0.30184
3121,2017-11-24,148.3481903076172,0.61519,0.3037
3120,2017-11-22,147.80706787109375,0.36551,0.30294
3119,2017-11-21,147.62669372558594,0.48513,0.29697
3118,2017-11-20,146.04122924804688,0.22784,0.28623
3117,2017-11-17,146.15513610839844,0.13196,0.2883
3116,2017-11-16,146.71531677246094,0.04178,0.29006
3115,2017-11-15,144.864013671875,-0.24399,0.28712
3114,2017-11-14,145.54759216308594,-0.20886,0.29538
3113,2017-11-13,146.07920837402344,-0.07976,0.29733
3112,2017-11-10,145.89881896972656,-0.03893,0.29077
3111,2017-11-09,145.90834045410156,0.14715,0.27986
3110,2017-11-08,146.67730712890625,0.56867,0.26621
3109,2017-11-07,146.0887451171875,0.52596,0.25285
3108,2017-11-06,146.00326538085938,0.42247,0.24042
3107,2017-11-03,145.50961303710938,0.28861,0.22573
3106,2017-11-02,144.12350463867188,0.15759,0.21112
3105,2017-11-01,144.3988494873047,1.06234,0.21377
3104,2017-10-31,144.44627380371094,1.33481,0.20782
3103,2017-10-30,143.90516662597656,1.04335,0.20713
3102,2017-10-27,143.58238220214844,0.56676,0.20853
3101,2017-10-26,139.51907348632812,-0.36171,0.19343
3100,2017-10-25,139.9652557373047,-0.23545,0.21268
3099,2017-10-24,140.49697875976562,-0.21929,0.21784
3098,2017-10-23,140.2596435546875,-0.26107,0.21223
3097,2017-10-20,141.18045043945312,-0.09588,0.20958
3096,2017-10-19,140.80075073242188,-0.00474,0.19444
3095,2017-10-18,141.3228759765625,0.27342,0.18531
3094,2017-10-17,141.4937744140625,0.2924,0.1612
3093,2017-10-16,141.3133544921875,0.26582,0.13511
3092,2017-10-13,140.8292236328125,0.17754,0.11159
3091,2017-10-12,140.28805541992188,0.0731,0.10502
3090,2017-10-11,140.54440307617188,0.10443,0.0896
3089,2017-10-10,140.12667846679688,0.30095,0.07268
3088,2017-10-09,140.02223205566406,0.45854,0.06142
3087,2017-10-06,140.18365478515625,0.54399,0.0374
3086,2017-10-05,139.9937744140625,0.42437,0.0087
3085,2017-10-04,138.63616943359375,0.34937,-0.00586
3084,2017-10-03,138.50326538085938,0.3826,0.00557
3083,2017-10-02,138.2089385986328,0.55158,0.02077
3082,2017-09-29,138.08554077148438,0.62088,0.03998
3081,2017-09-28,137.09820556640625,0.17467,0.05495
3080,2017-09-27,137.14564514160156,-0.10918,0.07356
3079,2017-09-26,135.9209747314453,-0.57152,0.08576
3078,2017-09-25,135.56973266601562,-0.6674,0.12786
3077,2017-09-22,137.01278686523438,-0.36076,0.17012
3076,2017-09-21,137.14564514160156,-0.26222,0.19571
3075,2017-09-20,137.9906005859375,0.0261,0.19176
3074,2017-09-19,138.41783142089844,-0.02777,0.18118
3073,2017-09-18,138.18048095703125,-0.10068,0.16602
3072,2017-09-15,138.36178588867188,-0.02652,0.16763
3071,2017-09-14,137.8881378173828,0.30786,0.17405
3070,2017-09-13,138.7028350830078,0.37038,0.15451
3069,2017-09-12,138.51336669921875,0.2444,0.12412
3068,2017-09-11,138.18177795410156,0.13642,0.09189
3067,2017-09-08,136.60934448242188,-0.26523,0.06974
3066,2017-09-07,137.80294799804688,-0.2207,0.06396
3065,2017-09-06,137.4807891845703,-0.05211,0.04075
3064,2017-09-05,137.06398010253906,0.45375,0.02306
3063,2017-09-01,138.3049774169922,0.98613,0.01129
3062,2017-08-31,138.49436950683594,1.01359,-0.0193
3061,2017-08-30,137.026123046875,0.54565,-0.0544
3060,2017-08-29,135.43467712402344,0.06631,-0.0844
3059,2017-08-28,134.9041748046875,-0.21787,-0.09423
3058,2017-08-25,134.4873809814453,0.0862,-0.10094
3057,2017-08-24,134.77154541015625,0.35238,-0.09599
3056,2017-08-23,135.16943359375,0.44428,-0.09285
3055,2017-08-22,135.65249633789062,-0.23115,-0.09064
3054,2017-08-21,133.6158905029297,-0.8535,-0.08498
3053,2017-08-18,133.78639221191406,-0.7673,-0.05069
3052,2017-08-17,133.881103515625,-0.11271,-0.01666
3051,2017-08-16,136.6756591796875,0.79858,0.02678
3050,2017-08-15,136.43873596191406,0.25765,0.04475
3049,2017-08-14,136.34405517578125,-0.26335,0.0769
3048,2017-08-11,134.6104736328125,-0.77679,0.10979
3047,2017-08-10,133.59690856933594,-0.53806,0.16404
3046,2017-08-09,136.52407836914062,0.20084,0.23812
3045,2017-08-08,136.7040252685547,0.17904,0.26863
3044,2017-08-07,136.94085693359375,0.16105,0.30426
3043,2017-08-04,136.0788116455078,0.06348,0.31892
3042,2017-08-03,135.83250427246094,-0.01705,0.33759
3041,2017-08-02,136.36300659179688,-0.02843,0.33307
3040,2017-08-01,135.99351501464844,-0.31736,0.33818
3039,2017-07-31,135.68092346191406,-0.31924,0.32038
3038,2017-07-28,136.25881958007812,-0.21787,0.29776
3037,2017-07-27,136.37252807617188,-0.01893,0.27264
3036,2017-07-26,137.23452758789062,0.1601,0.24374
3035,2017-07-25,136.78929138183594,0.13642,0.21594
3034,2017-07-24,137.13978576660156,0.32112,0.17896
3033,2017-07-21,136.51455688476562,0.46131,0.1558
3032,2017-07-20,136.57138061523438,0.55795,0.12881
3031,2017-07-19,136.39141845703125,0.65932,0.09194
3030,2017-07-18,135.59573364257812,0.57407,0.04805
3029,2017-07-17,134.69581604003906,0.72942,0.01905
3028,2017-07-14,134.62945556640625,0.84119,-0.01061
3027,2017-07-13,133.57794189453125,0.80899,-0.0728
3026,2017-07-12,133.2843017578125,0.95771,-0.1224
3025,2017-07-11,131.72129821777344,0.51248,-0.1627
3024,2017-07-10,131.35182189941406,0.48975,-0.19105
3023,2017-07-07,130.49923706054688,0.03221,-0.21306
3022,2017-07-06,129.10678100585938,-0.2567,-0.20921
3021,2017-07-05,130.28140258789062,-0.60438,-0.18394
3020,2017-07-03,129.0120086669922,-0.57407,-0.16749
3019,2017-06-30,130.38555908203125,-0.5987,-0.13481
3018,2017-06-29,130.33822631835938,-0.74457,-0.11029
3017,2017-06-28,132.6401824951172,-0.4329,-0.07278
3016,2017-06-27,130.75503540039062,-0.52479,-0.05138
3015,2017-06-26,133.17063903808594,0.27851,-0.01083
3014,2017-06-23,133.79583740234375,0.27472,0.01611
3013,2017-06-22,133.2843017578125,0.50965,0.03959
3012,2017-06-21,133.3221435546875,0.49126,0.07539
3011,2017-06-20,132.0149383544922,0.15985,0.07621
3010,2017-06-19,133.05690002441406,-0.02442,0.09406
3009,2017-06-16,130.8686981201172,-0.24915,0.10483
3008,2017-06-15,131.43894958496094,-0.11148,0.13855
3007,2017-06-14,132.02464294433594,-0.68586,0.16544
3006,2017-06-13,132.6010284423828,-0.98816,0.18664
3005,2017-06-12,131.53343200683594,-1.01085,0.20522
3004,2017-06-09,132.24195861816406,-0.58478,0.23526
3003,2017-06-08,135.6334991455078,0.01983,0.26135
3002,2017-06-07,135.49179077148438,0.24185,0.25183
3001,2017-06-06,134.9627685546875,0.44684,0.2351
3000,2017-06-05,135.50123596191406,0.59988,0.22131
2999,2017-06-02,135.52960205078125,0.47046,0.20858
2998,2017-06-01,133.99913024902344,0.17097,0.19225
2997,2017-05-31,133.47959899902344,0.32026,0.19269
2996,2017-05-30,133.52684020996094,0.55173,0.19165
2995,2017-05-26,133.4134521484375,0.59234,0.19412
2994,2017-05-25,133.17733764648438,0.6651,0.20646
2993,2017-05-24,132.0530548095703,0.59895,0.2146
2992,2017-05-23,131.44839477539062,0.74444,0.2375
2991,2017-05-22,131.3162384033203,0.05009,0.26224
2990,2017-05-19,130.2202606201172,-0.44969,0.28085
2989,2017-05-18,129.67236328125,-0.53375,0.31437
2988,2017-05-17,128.54811096191406,-0.32309,0.34343
2987,2017-05-16,131.90188598632812,0.30137,0.37451
2986,2017-05-15,131.35394287109375,0.15493,0.36372
2985,2017-05-12,130.93821716308594,0.14075,0.35332
2984,2017-05-11,130.64540100097656,0.19461,0.34133
2983,2017-05-10,130.7493133544922,0.33066,0.32811
2982,2017-05-09,130.67376708984375,0.32688,0.30455
2981,2017-05-08,130.2202606201172,0.12941,0.27929
2980,2017-05-05,129.93685913085938,0.02739,0.2535
2979,2017-05-04,129.46444702148438,0.17854,0.22579
2978,2017-05-03,129.4172821044922,0.37034,0.20104
2977,2017-05-02,129.83297729492188,0.60745,0.1786
2976,2017-05-01,129.61566162109375,0.49032,0.15509
2975,2017-04-28,128.47254943847656,0.40436,0.1308
2974,2017-04-27,128.24581909179688,0.67643,0.11552
2973,2017-04-26,127.48064422607422,0.68681,0.09553
2972,2017-04-25,127.66002655029297,0.83605,0.0872
2971,2017-04-24,126.74365997314453,0.64524,0.0559
2970,2017-04-21,125.2321548461914,0.32782,0.0324
2969,2017-04-20,125.2605209350586,0.41474,0.02182
2968,2017-04-19,124.2213363647461,0.19084,0.00957
2967,2017-04-18,124.02288818359375,0.02078,0.01421
2966,2017-04-17,124.21188354492188,-0.20123,0.0177
2965,2017-04-13,123.1915512084961,-0.40057,0.02126
2964,2017-04-12,123.68281555175781,-0.26075,0.03954
2963,2017-04-11,124.18350219726562,-0.10015,0.05391
2962,2017-04-10,124.7220458984375,-0.09257,0.06494
2961,2017-04-07,124.6748046875,-0.10675,0.06779
2960,2017-04-06,124.74091339111328,-0.09541,0.06746
2959,2017-04-05,124.6748046875,-0.08219,0.06767
2958,2017-04-04,125.18489837646484,0.03306,0.06168
2957,2017-04-03,124.98654174804688,0.13699,0.06236
2956,2017-03-31,125.0621109008789,0.36939,0.05954
2955,2017-03-30,125.14715576171875,0.48087,0.0558
2954,2017-03-29,124.93930053710938,0.45253,0.05164
2953,2017-03-28,124.3630142211914,0.22485,0.04331
2952,2017-03-27,123.60724639892578,0.18895,0.03972
2951,2017-03-24,123.40885162353516,-0.17099,0.04818
2950,2017-03-23,123.15375518798828,-0.3571,0.06256
2949,2017-03-22,123.46550750732422,-0.37525,0.07795
2948,2017-03-21,122.6341781616211,-0.37388,0.09586
2947,2017-03-20,124.52359771728516,0.13691,0.12406
2946,2017-03-17,124.41023254394531,0.1346,0.1382
2945,2017-03-16,124.4537124633789,0.16309,0.15371
2944,2017-03-15,124.53853607177734,0.22814,0.16917
2943,2017-03-14,123.77491760253906,0.17629,0.1816
2942,2017-03-13,124.0766372680664,0.26869,0.20147
2941,2017-03-10,123.86920166015625,0.15556,0.21566
2940,2017-03-09,123.3506851196289,-0.03299,0.23076
2939,2017-03-08,123.25643920898438,-0.05562,0.24568
2938,2017-03-07,123.03955841064453,-0.18006,0.26511
2937,2017-03-06,123.24697875976562,0.09428,0.28006
2936,2017-03-03,123.52037811279297,0.18479,0.28027
2935,2017-03-02,123.29411315917969,0.19421,0.27627
2934,2017-03-01,123.91631317138672,0.247,0.2717
2933,2017-02-28,122.57760620117188,-0.05186,0.26791
2932,2017-02-27,122.95468139648438,-0.02829,0.27946
2931,2017-02-24,122.80388641357422,0.04337,0.28328
2930,2017-02-23,122.56816864013672,0.20835,0.28575
2929,2017-02-22,123.03014373779297,0.34128,0.28478
2926,2017-02-16,121.8516845703125,0.46478,0.24709
2925,2017-02-15,121.88938903808594,0.54774,0.23318
2924,2017-02-14,121.17292022705078,0.49024,0.21718
2923,2017-02-13,120.76753234863281,0.42424,0.20585
2922,2017-02-10,120.0887222290039,0.35542,0.19755
2921,2017-02-09,119.69276428222656,0.30451,0.20079
2920,2017-02-08,119.25910186767578,0.28,0.20919
2919,2017-02-07,119.0611343383789,0.21024,0.22267
2918,2017-02-06,118.62744140625,0.26114,0.24231
2917,2017-02-03,118.48603057861328,0.23286,0.24992
2916,2017-02-02,118.14663696289062,-0.033,0.25302
2915,2017-02-01,118.25035858154297,-0.14047,0.24713
2914,2017-01-31,117.43955993652344,-0.23192,0.24234
2913,2017-01-30,117.67526245117188,0.15555,0.24256
2912,2017-01-27,118.59918975830078,0.59206,0.23423
2911,2017-01-26,118.37289428710938,0.63165,0.21272
2910,2017-01-25,118.25035858154297,0.54963,0.19367
2909,2017-01-24,117.07190704345703,0.24983,0.17614
2908,2017-01-23,116.2894058227539,0.12539,0.1623
2907,2017-01-20,116.19512176513672,0.03489,0.15493
2906,2017-01-19,115.94059753417969,0.03394,0.1438
2905,2017-01-18,115.99714660644531,0.02545,0.14595
2904,2017-01-17,115.7614517211914,0.05751,0.13968
2903,2017-01-13,116.1102523803711,0.16969,0.14101
2902,2017-01-12,115.7143325805664,0.2093,0.13736
2901,2017-01-11,115.89344024658203,0.45158,0.14678
2900,2017-01-10,115.58232879638672,0.59205,0.15234
2899,2017-01-09,115.32779693603516,0.6901,0.16398
2898,2017-01-06,114.95067596435547,0.77589,0.17491
2897,2017-01-05,113.95137786865234,0.37994,0.16677
2896,2017-01-04,113.310302734375,0.04243,0.15267
2895,2017-01-03,112.6974868774414,-0.37334,0.14689
2894,2016-12-30,111.69817352294922,-0.42895,0.14343
2893,2016-12-29,112.8577651977539,-0.10747,0.15247
2892,2016-12-28,113.01802825927734,-0.04336,0.14545
2891,2016-12-27,113.90423583984375,0.0264,0.13911
2890,2016-12-23,113.3197021484375,-0.0198,0.13328
2889,2016-12-22,113.24429321289062,0.13292,0.12667
2888,2016-12-21,113.5648193359375,0.16781,0.12618
2887,2016-12-20,113.64968872070312,0.13518,0.12589
2886,2016-12-19,113.21601104736328,-0.02689,0.13523
2885,2016-12-16,112.75407409667969,0.18117,0.13421
2884,2016-12-15,113.17359161376953,0.2867,0.13489
2883,2016-12-14,112.99500274658203,0.39855,0.11184
2882,2016-12-13,113.22997283935547,0.43145,0.09328
2881,2016-12-12,111.82001495361328,0.49819,0.07672
2880,2016-12-09,112.32760620117188,0.70405,0.09472
2879,2016-12-08,111.45341491699219,0.70499,0.10033
2878,2016-12-07,111.25602722167969,0.65422,0.10094
2877,2016-12-06,109.8648452758789,-0.01035,0.093
2876,2016-12-05,109.60163879394531,-0.60911,0.08971
2875,2016-12-02,108.75568389892578,-0.8582,0.08818
2874,2016-12-01,108.53948974609375,-0.72284,0.08905
2873,2016-11-30,110.44764709472656,-0.15979,0.08894
2872,2016-11-29,111.80122375488281,0.01786,0.06482
2871,2016-11-28,111.41584014892578,-0.01128,0.0251
2870,2016-11-25,111.66960144042969,0.26696,0.002
2869,2016-11-23,111.31242370605469,0.27259,-0.02009
2868,2016-11-22,111.76364135742188,0.44743,-0.04061
2867,2016-11-21,111.42520141601562,0.47468,-0.06614
2866,2016-11-18,110.27843475341797,0.65046,-0.08001
2865,2016-11-17,110.69206237792969,0.58279,-0.08644
2864,2016-11-16,109.89305877685547,0.25756,-0.09592
2863,2016-11-15,109.24447631835938,-0.37411,-0.1016
2862,2016-11-14,107.74990844726562,-0.64012,-0.1013
2861,2016-11-11,108.84968566894531,-0.23123,-0.09986
2860,2016-11-10,108.80265808105469,0.51699,-0.09959
2859,2016-11-09,110.58866119384766,1.00202,-0.09918
2858,2016-11-08,110.08103942871094,0.57903,-0.115
2857,2016-11-07,109.36666107177734,-0.0987,-0.12126
2856,2016-11-04,106.82872772216797,-0.82153,-0.12104
2855,2016-11-03,107.2047119140625,-0.74352,-0.09532
2854,2016-11-02,108.26688385009766,-0.59313,-0.06206
2853,2016-11-01,109.14106750488281,-0.50665,-0.04414
2852,2016-10-31,109.96822357177734,-0.53392,-0.03069
2851,2016-10-28,110.07164764404297,-0.59125,-0.01371
2850,2016-10-27,110.7672348022461,-0.17014,-0.0061
2849,2016-10-26,111.27482604980469,0.22372,-0.01116
2848,2016-10-25,112.03621673583984,0.42675,-0.01223
2847,2016-10-24,112.3934097290039,0.34968,-0.0111
2846,2016-10-21,111.05865478515625,0.23594,-0.01322
2845,2016-10-20,110.64501953125,0.20398,-0.00843
2844,2016-10-19,110.77664947509766,0.22748,-0.00062
2843,2016-10-18,110.7860336303711,0.0658,0.0212
2842,2016-10-17,109.80845642089844,-0.15792,0.04602
2841,2016-10-14,110.10923767089844,-0.43991,0.06954
2840,2016-10-13,109.97765350341797,-0.44555,0.10724
2839,2016-10-12,110.37244415283203,-0.33558,0.11845
2838,2016-10-11,110.46643829345703,-0.1927,0.11969
2837,2016-10-10,112.06440734863281,0.12971,0.12074
2836,2016-10-07,111.35942077636719,0.0188,0.11216
2835,2016-10-06,111.60382843017578,0.02445,0.11219
2834,2016-10-05,111.66022491455078,0.1457,0.11091
2833,2016-10-04,111.26543426513672,0.0047,0.10616
2832,2016-10-03,111.43460845947266,0.01128,0.10024
2831,2016-09-30,111.59439849853516,0.19739,0.09277
2830,2016-09-29,110.7672348022461,0.03572,0.08369
2829,2016-09-28,111.57561492919922,-0.05734,0.0795
2828,2016-09-27,111.38761901855469,-0.09871,0.05968
2827,2016-09-26,110.29723358154297,0.08083,0.04252
2826,2016-09-23,111.22784423828125,0.48785,0.036
2825,2016-09-22,111.94222259521484,0.46717,0.01965
2824,2016-09-21,111.05865478515625,0.1239,-0.00455
2823,2016-09-20,109.97765350341797,0.2193,-0.01964
2822,2016-09-19,109.7708740234375,0.49779,-0.03054
2821,2016-09-16,110.250244140625,0.45547,-0.03476
2820,2016-09-15,110.30287170410156,0.58414,-0.04299
2819,2016-09-14,108.61514282226562,-0.16596,-0.04775
2818,2016-09-13,108.09945678710938,-0.57758,-0.03896
2817,2016-09-12,109.07460021972656,-0.62633,-0.0219
2816,2016-09-09,107.15245056152344,-0.5907,-0.01474
2815,2016-09-08,109.91846466064453,0.1669,0.02157
2814,2016-09-07,110.5654296875,0.38161,0.03409
2813,2016-09-06,110.49977111816406,0.30566,0.04206
2812,2016-09-02,109.81531524658203,0.05063,0.04093
2811,2016-09-01,109.45903015136719,-0.05438,0.05048
2810,2016-08-31,109.177734375,-0.0525,0.06439
2809,2016-08-30,109.29024505615234,-0.01407,0.08331
2808,2016-08-29,109.64653778076172,-0.11814,0.1066
2807,2016-08-26,109.49653625488281,-0.19596,0.12545
2806,2016-08-25,109.33711242675781,-0.17346,0.14353
2805,2016-08-24,109.51528930664062,-0.06375,0.16501
2804,2016-08-23,110.22786712646484,0.06189,0.17998
2803,2016-08-22,110.0309829711914,0.05626,0.19674
2802,2016-08-19,109.94657135009766,-0.06001,0.20801
2801,2016-08-18,109.9747085571289,-0.02438,0.22305
2800,2016-08-17,109.94657135009766,0.01219,0.23232
2799,2016-08-16,109.74967956542969,0.13502,0.24462
2798,2016-08-15,110.35913848876953,0.20065,0.25219
2797,2016-08-12,109.89033508300781,0.12189,0.25451
2796,2016-08-11,109.81531524658203,0.06094,0.26208
2795,2016-08-10,109.34651184082031,0.19128,0.27997
2794,2016-08-09,109.6277847290039,0.38818,0.29918
2793,2016-08-08,109.3746337890625,0.45194,0.3172
2792,2016-08-05,109.49653625488281,0.24285,0.32518
2791,2016-08-04,108.45574951171875,0.03563,0.33044
2790,2016-08-03,108.14631652832031,0.04219,0.35009
2789,2016-08-02,107.79003143310547,0.15189,0.38209
2788,2016-08-01,108.61514282226562,0.44537,0.4292
2787,2016-07-29,108.0431900024414,0.40599,0.44095
2786,2016-07-28,107.80880737304688,0.33568,0.41131
2785,2016-07-27,107.4337387084961,0.27566,0.3926
2784,2016-07-26,106.69300079345703,0.11064,0.36981
2783,2016-07-25,106.57112121582031,0.3066,0.35226
2782,2016-07-22,106.56172180175781,0.3066,0.33695
2781,2016-07-21,106.12106323242188,0.34317,0.30563
2780,2016-07-20,106.36483764648438,0.30473,0.27722
2779,2016-07-19,105.13654327392578,0.22316,0.23956
2778,2016-07-18,105.52096557617188,0.25128,0.21007
2777,2016-07-15,104.82713317871094,0.20909,0.16572
2776,2016-07-14,104.99588775634766,0.34224,0.11471
2775,2016-07-13,104.28329467773438,0.59915,0.05908
2774,2016-07-12,104.53646850585938,0.81481,0.01085
2773,2016-07-11,104.01138305664062,0.84574,-0.04329
2772,2016-07-08,103.42066192626953,0.52882,-0.08968
2771,2016-07-07,101.845458984375,0.22316,-0.13549
2770,2016-07-06,101.54540252685547,0.36193,-0.16357
2769,2016-07-05,100.72030639648438,0.72104,-0.18753
2768,2016-07-01,101.3391342163086,1.3877,-0.20017
2767,2016-06-30,100.83281707763672,0.99295,-0.21233
2766,2016-06-29,99.67951965332031,-0.44537,-0.21581
2765,2016-06-28,97.94490814208984,-1.13547,-0.20001
2764,2016-06-27,95.8446044921875,-1.26674,-0.14713
2763,2016-06-24,97.78550720214844,-0.41912,-0.07331
2762,2016-06-23,101.98609161376953,0.43506,-0.00602
2761,2016-06-22,100.55152130126953,-0.0015,0.01504
2760,2016-06-21,100.79530334472656,-0.0432,0.05143
2759,2016-06-20,100.47652435302734,-0.19783,0.07235
2758,2016-06-17,99.84829711914062,-0.23404,0.10715
2757,2016-06-16,101.03252410888672,-0.19732,0.14347
2756,2016-06-15,100.73329162597656,-0.54706,0.16325
2755,2016-06-14,101.02318572998047,-0.63963,0.17644
2754,2016-06-13,101.02318572998047,-0.53583,0.19897
2753,2016-06-10,101.8741683959961,-0.28334,0.22254
2752,2016-06-09,103.04309844970703,0.0159,0.24068
2751,2016-06-08,103.2114028930664,-0.02805,0.24404
2750,2016-06-07,103.03373718261719,-0.04302,0.23616
2749,2016-06-06,103.29556274414062,-0.00468,0.21817
2748,2016-06-03,102.9215087890625,0.00935,0.2037
2747,2016-06-02,103.40779113769531,0.21134,0.18473
2746,2016-06-01,103.19270324707031,0.28054,0.14696
2745,2016-05-31,103.18334197998047,0.43484,0.10167
2744,2016-05-27,102.9869613647461,0.81356,0.05053
2743,2016-05-26,102.45394134521484,0.85004,0.00038
2742,2016-05-25,102.15470123291016,0.92111,-0.05968
2741,2016-05-24,101.42527770996094,0.58166,-0.11589
2740,2016-05-23,99.4334716796875,0.21603,-0.16301
2739,2016-05-20,99.56437683105469,-0.08135,-0.19458
2738,2016-05-19,98.4795913696289,-0.1253,-0.21884
2737,2016-05-18,98.9939193725586,-0.00748,-0.23168
2736,2016-05-17,98.63856506347656,-0.07763,-0.24553
2735,2016-05-16,99.89164733886719,-0.17582,-0.24012
2734,2016-05-13,98.6572494506836,-0.20574,-0.23648
2733,2016-05-12,99.0219955444336,0.10287,-0.22266
2732,2016-05-11,99.46153259277344,0.41428,-0.21067
2731,2016-05-10,100.36859893798828,0.50685,-0.21451
2730,2016-05-09,99.01263427734375,0.07761,-0.20886
2729,2016-05-06,98.7320785522461,-0.27961,-0.19769
2728,2016-05-05,98.20841217041016,-0.28709,-0.18442
2727,2016-05-04,98.23648071289062,-0.2291,-0.15246
2726,2016-05-03,98.87236022949219,-0.30486,-0.11915
2725,2016-05-02,99.79813385009766,-0.4975,-0.08453
2724,2016-04-29,98.86302947998047,-0.81263,-0.04209
2723,2016-04-28,99.38666534423828,-0.6359,0.00869
2722,2016-04-27,100.60237121582031,-0.62374,0.0556
2721,2016-04-26,101.41594696044922,-0.56576,0.08335
2720,2016-04-25,101.91156005859375,-0.44887,0.1062
2719,2016-04-22,101.91156005859375,-0.41146,0.12725
2718,2016-04-21,103.47325897216797,-0.0533,0.14859
2717,2016-04-20,103.46390533447266,-0.06078,0.15252
2716,2016-04-19,103.37974548339844,-0.03834,0.16228
2715,2016-04-18,104.01561737060547,0.29644,0.16942
2714,2016-04-15,103.46390533447266,0.51339,0.16874
2713,2016-04-14,103.7257308959961,0.57511,0.18569
2712,2016-04-13,103.71637725830078,0.38995,0.19412
2711,2016-04-12,102.40719604492188,-0.26184,0.2038
2710,2016-04-11,101.55619812011719,-0.20854,0.214
2709,2016-04-08,101.9302749633789,-0.1571,0.22366
2708,2016-04-07,102.00508117675781,-0.17113,0.22759
2707,2016-04-06,103.4919662475586,0.13653,0.22641
2706,2016-04-05,101.81805419921875,-0.02057,0.20813
2705,2016-04-04,102.80928039550781,0.30112,0.23118
2704,2016-04-01,103.20207214355469,0.64244,0.2315
2703,2016-03-31,102.11730194091797,0.57324,0.22187
2702,2016-03-30,102.26690673828125,0.54518,0.22667
2701,2016-03-29,101.77127075195312,0.12157,0.23332
2700,2016-03-28,100.1628646850586,-0.20759,0.22449
2699,2016-03-24,100.30313110351562,-0.07294,0.24172
2698,2016-03-23,100.27506256103516,0.07537,0.25598
2697,2016-03-22,101.10733032226562,0.21548,0.25597
2696,2016-03-21,100.79872131347656,0.28605,0.26355
2695,2016-03-18,100.40599060058594,0.27291,0.28735
2694,2016-03-17,100.2489013671875,0.27692,0.32049
2693,2016-03-16,100.3048324584961,0.55756,0.346
2692,2016-03-15,99.4190673828125,0.52492,0.36638
2691,2016-03-14,99.45635986328125,0.62562,0.38496
2690,2016-03-11,99.28852844238281,0.32167,0.38307
2689,2016-03-10,97.58228302001953,-0.20698,0.34635
2688,2016-03-09,97.73149871826172,-0.29276,0.32313
2687,2016-03-08,97.1067886352539,-0.37016,0.29206
2686,2016-03-07,97.91793823242188,-0.15851,0.24586
2685,2016-03-04,98.52398681640625,0.5762,0.19415
2684,2016-03-03,98.48670196533203,0.72073,0.15407
2683,2016-03-02,98.67318725585938,0.64335,0.12396
2682,2016-03-01,98.63587951660156,0.50535,0.06623
2681,2016-02-29,95.5683822631836,0.25361,0.01488
2680,2016-02-26,96.43545532226562,0.21258,-0.0216
2679,2016-02-25,96.55667114257812,0.29183,-0.04072
2678,2016-02-24,95.61497497558594,0.22284,-0.06203
2677,2016-02-23,94.71058654785156,0.01025,-0.07861
2676,2016-02-22,96.29561614990234,0.48763,-0.08533
2675,2016-02-19,94.75719451904297,0.77574,-0.13622
2674,2016-02-18,94.47749328613281,1.30906,-0.15249
2673,2016-02-17,95.5683822631836,1.42653,-0.19709
2672,2016-02-16,93.45185852050781,0.85312,-0.23917
2671,2016-02-12,91.39132690429688,0.28251,-0.25602
2670,2016-02-11,90.02074432373047,-0.28624,-0.25695
2669,2016-02-10,90.15127563476562,-1.09275,-0.26844
2668,2016-02-09,89.8062973022461,-1.46476,-0.28187
2667,2016-02-08,90.08601379394531,-1.36126,-0.28444
2666,2016-02-05,91.48456573486328,-1.21954,-0.30066
2665,2016-02-04,94.77587890625,-0.71885,-0.33208
2664,2016-02-03,94.78516387939453,-0.24801,-0.3944
2663,2016-02-02,95.24201965332031,0.51746,-0.43251
2662,2016-02-01,97.34917449951172,0.56594,-0.46792
2661,2016-01-29,97.08814239501953,0.24707,-0.51707
2660,2016-01-28,95.1021499633789,-0.48391,-0.5506
2659,2016-01-27,93.77821350097656,-0.10815,-0.55249
2658,2016-01-26,96.17443084716797,0.57621,-0.52415
2657,2016-01-25,95.3166275024414,0.49976,-0.53163
2656,2016-01-22,96.75247955322266,0.5268,-0.53844
2655,2016-01-21,94.02994537353516,-0.60884,-0.5371
2654,2016-01-20,93.93669891357422,-0.4951,-0.49683
2653,2016-01-19,94.2257308959961,-0.93425,-0.44092
2652,2016-01-15,94.02059173583984,-0.78786,-0.40334
2651,2016-01-14,97.0322036743164,-0.21538,-0.35074
2650,2016-01-13,95.00895690917969,-0.41118,-0.33478
2649,2016-01-12,98.40277862548828,-0.55756,-0.29118
2648,2016-01-11,97.27458953857422,-1.32491,-0.2771
2647,2016-01-08,96.97626495361328,-1.43772,-0.22255
2646,2016-01-07,97.77809143066406,-1.41908,-0.17604
2645,2016-01-06,100.93883514404297,-1.17199,-0.13639
2644,2016-01-05,101.91785430908203,-1.282,-0.11145
2643,2016-01-04,102.09500122070312,-0.79251,-0.0949
2642,2015-12-31,104.29540252685547,-0.06713,-0.07542
2641,2015-12-30,105.61000061035156,0.28251,-0.07399
2640,2015-12-29,106.57036590576172,0.46245,-0.08525
2639,2015-12-28,104.92007446289062,0.3515,-0.10856
2638,2015-12-24,104.97600555419922,0.66012,-0.10889
2637,2015-12-23,104.9946517944336,0.29966,-0.10848
2636,2015-12-22,104.2208023071289,-0.43205,-0.08941
2635,2015-12-21,103.5401611328125,-0.52577,-0.06304
2634,2015-12-18,102.40267181396484,-0.27134,-0.01681
2633,2015-12-17,104.4053955078125,0.50288,0.02081
2632,2015-12-16,105.94845581054688,0.24912,0.03031
2631,2015-12-15,104.3961181640625,-0.27235,0.02376
2630,2015-12-14,103.76399993896484,-0.75293,0.02974
2629,2015-12-11,102.98323059082031,-0.82636,0.03248
2628,2015-12-10,105.40928649902344,-0.48429,0.04598
2627,2015-12-09,104.93522644042969,0.02324,0.03535
2626,2015-12-08,106.55266571044922,0.2296,0.03071
2625,2015-12-07,106.54335021972656,-0.03625,0.01484
2624,2015-12-04,107.02669525146484,-0.03811,0.01004
2623,2015-12-03,104.58203125,-0.29466,-0.0049
2622,2015-12-02,106.38533020019531,0.13478,0.00214
2621,2015-12-01,107.04528045654297,0.19427,0.00029
2620,2015-11-30,105.98562622070312,0.0,-0.00717
2619,2015-11-27,106.25518798828125,-0.0316,-0.00508
2618,2015-11-25,106.1064682006836,0.04183,0.01976
2617,2015-11-24,106.01348876953125,0.11898,0.0616
2616,2015-11-23,106.1064682006836,0.57353,0.09396
2615,2015-11-20,106.41320037841797,0.77523,0.11639
2614,2015-11-19,105.69746398925781,0.92489,0.13721
2613,2015-11-18,105.62310028076172,0.44896,0.16449
2612,2015-11-17,103.6338882446289,-0.36438,0.20313
2611,2015-11-16,103.5688247680664,-0.65254,0.2547
2610,2015-11-13,102.10015869140625,-0.80869,0.29714
2609,2015-11-12,104.14515686035156,-0.55121,0.35319
2608,2015-11-11,105.1676254272461,-0.43223,0.39055
2607,2015-11-10,105.29779052734375,-0.42944,0.417
2606,2015-11-09,105.56731414794922,-0.28909,0.44218
2605,2015-11-06,106.70137023925781,0.00558,0.45446
2604,2015-11-05,106.62699890136719,0.29466,0.46241
2603,2015-11-04,106.91515350341797,0.37553,0.47875
2602,2015-11-03,106.90587615966797,0.25562,0.48723
2601,2015-11-02,106.53402709960938,0.22029,0.50597
2600,2015-10-30,105.34423828125,0.15988,0.51286
2599,2015-10-29,105.81832122802734,0.30582,0.49605
2598,2015-10-28,105.98562622070312,0.82915,0.45951
2597,2015-10-27,105.11186981201172,1.32552,0.41085
2596,2015-10-26,104.89807891845703,1.35712,0.36458
2595,2015-10-23,104.83297729492188,0.89328,0.30047
2594,2015-10-22,101.97933959960938,0.18219,0.23471
2593,2015-10-21,99.94365692138672,-0.02231,0.17914
2592,2015-10-20,100.55713653564453,0.51775,0.14224
2591,2015-10-19,101.07767486572266,0.69436,0.10384
2590,2015-10-16,100.50138092041016,0.3932,0.06946
2589,2015-10-15,100.08306121826172,0.13199,0.03543
2588,2015-10-14,98.46568298339844,-0.06228,0.00854
2587,2015-10-13,98.62371063232422,0.15616,0.00539
2586,2015-10-12,99.26507568359375,0.41643,-0.0111
2585,2015-10-09,99.02340698242188,0.28909,-0.01029
2584,2015-10-08,98.5772476196289,0.39134,-0.02108
2583,2015-10-07,98.18684387207031,0.72597,-0.03419
2582,2015-10-06,97.6012191772461,0.90723,-0.02073
2581,2015-10-05,98.06598663330078,1.33017,-0.03276
2580,2015-10-02,96.68097686767578,1.00297,-0.06133
2579,2015-10-01,95.01710510253906,0.03439,-0.07632
2578,2015-09-30,94.58951568603516,-0.69994,-0.05135
2577,2015-09-29,92.46086883544922,-1.22978,0.02059
2576,2015-09-28,92.94422912597656,-0.8812,0.10785
2575,2015-09-25,95.66781616210938,-0.54099,0.15565
2574,2015-09-24,96.48576354980469,-0.42758,0.13771
2573,2015-09-23,96.8390121459961,-0.61627,0.08827
2572,2015-09-22,96.76464080810547,-0.61815,0.03339
2571,2015-09-21,98.23331451416016,-0.24011,-0.02105
2570,2015-09-18,97.9265365600586,0.12542,-0.07725
2569,2015-09-17,99.33940887451172,0.45993,-0.12566
2568,2015-09-16,99.30233001708984,0.47477,-0.18637
2567,2015-09-15,98.74598693847656,0.51186,-0.24104
2566,2015-09-14,97.5961685180664,0.19751,-0.3002
2565,2015-09-11,97.89285278320312,0.62776,-0.33346
2564,2015-09-10,97.35506439208984,0.45436,-0.36728
2563,2015-09-09,96.3072280883789,0.14558,-0.40765
2562,2015-09-08,97.40144348144531,0.57862,-0.42499
2561,2015-09-04,94.73087310791016,-0.18174,-0.44971
2560,2015-09-03,95.87142944335938,-0.45158,-0.44604
2559,2015-09-02,96.34434509277344,-0.74646,-0.4479
2558,2015-09-01,93.70158386230469,-0.49053,-0.44375
2557,2015-08-31,96.7245101928711,1.3937,-0.40413
2556,2015-08-28,97.9392318725586,2.02796,-0.37941
2555,2015-08-27,97.95780181884766,1.02465,-0.37053
2554,2015-08-26,95.53759002685547,-1.15076,-0.36734
2553,2015-08-25,90.9568099975586,-3.03222,-0.33887
2552,2015-08-24,91.2999267578125,-3.01644,-0.26879
2551,2015-08-21,94.9533920288086,-2.02518,-0.19145
2550,2015-08-20,99.29309844970703,-0.75665,-0.13625
2549,2015-08-19,102.12129974365234,-0.00649,-0.10233
2548,2015-08-18,102.79818725585938,0.16413,-0.07987
2547,2015-08-17,103.32674407958984,0.23832,-0.06298
2546,2015-08-14,102.47364044189453,-0.17804,-0.04564
2545,2015-08-13,102.31602478027344,-0.0918,-0.00494
2544,2015-08-12,102.48289489746094,-0.00279,0.04916
2543,2015-08-11,102.13053894042969,-0.28745,0.09801
2542,2015-08-10,103.45657348632812,-0.14651,0.13112
2541,2015-08-07,102.28820037841797,-0.3264,0.15175
2540,2015-08-06,102.41800689697266,-0.21791,0.17915
2539,2015-08-05,104.08708953857422,-0.0204,0.20383
2538,2015-08-04,103.28966522216797,-0.07418,0.21729
2537,2015-08-03,103.484375,0.12426,0.23828
2536,2015-07-31,103.80892944335938,0.41635,0.23189
2535,2015-07-30,103.929443359375,0.30879,0.21434
2534,2015-07-29,103.43801879882812,-0.11776,0.19232
2533,2015-07-28,103.04855346679688,-0.46364,0.169
2532,2015-07-27,102.1676254272461,-0.83271,0.14981
2531,2015-07-24,103.02070617675781,-0.69269,0.14605
2530,2015-07-23,104.04074096679688,-0.3839,0.12888
2529,2015-07-22,104.43021392822266,0.15579,0.11461
2528,2015-07-21,105.62641143798828,0.84383,0.09662
2527,2015-07-20,105.69131469726562,0.98755,0.06881
2526,2015-07-17,105.32966613769531,0.90688,0.03149
2525,2015-07-16,103.79964447021484,0.87349,-0.01381
2524,2015-07-15,102.35308837890625,1.04875,-0.04542
2523,2015-07-14,102.24183654785156,1.09883,-0.05187
2522,2015-07-13,101.57418060302734,0.43582,-0.0606
2521,2015-07-10,99.82162475585938,-0.18916,-0.07379
2520,2015-07-09,98.3194351196289,-0.50537,-0.07202
2519,2015-07-08,98.37504577636719,-0.33754,-0.06123
2518,2015-07-07,100.11835479736328,0.14651,-0.04523
2517,2015-07-06,99.86798858642578,0.26891,-0.047
2516,2015-07-02,100.09980010986328,-0.13075,-0.04154
2515,2015-07-01,100.07201385498047,-0.58974,-0.04253
2514,2015-06-30,99.28380584716797,-0.89112,-0.0436
2513,2015-06-29,98.93144226074219,-0.84846,-0.01976
2512,2015-06-26,101.3238296508789,-0.33845,-0.00191
2511,2015-06-25,102.00072479248047,-0.02411,-0.00641
2510,2015-06-24,102.20475006103516,0.0434,-0.01205
2509,2015-06-23,102.73328399658203,0.38433,-0.01931
2508,2015-06-22,102.64981842041016,0.49514,-0.03326
2507,2015-06-19,101.89873504638672,0.53247,-0.04297
2506,2015-06-18,102.405029296875,0.4413,-0.04616
2505,2015-06-17,100.93404388427734,-0.09714,-0.04131
2504,2015-06-16,100.65648651123047,-0.26089,-0.02179
2503,2015-06-15,100.11065673828125,-0.03146,-0.00462
2502,2015-06-12,100.61022186279297,0.25534,0.01405
2501,2015-06-11,101.44286346435547,0.18503,0.0395
2500,2015-06-10,101.29484558105469,-0.13229,0.0611
2499,2015-06-09,99.9256362915039,-0.56896,0.07577
2498,2015-06-08,100.0921401977539,-0.44962,0.08748
2497,2015-06-05,101.11907196044922,-0.25442,0.09992
2496,2015-06-04,101.35957336425781,-0.09252,0.11484
2495,2015-06-03,102.13673400878906,-0.05552,0.11147
2494,2015-06-02,101.83141326904297,-0.19151,0.09429
2493,2015-06-01,102.15524291992188,0.14156,0.07803
2492,2015-05-29,101.81294250488281,0.062,0.05628
2491,2015-05-28,102.42355346679688,0.06939,0.05067
2490,2015-05-27,102.65480041503906,0.0481,0.04175
2489,2015-05-26,101.02653503417969,-0.09437,0.03409
2488,2015-05-22,102.20146942138672,0.13508,0.04458
2487,2015-05-21,102.3032455444336,0.1804,0.05576
2486,2015-05-20,101.77592468261719,0.11286,0.04841
2485,2015-05-19,101.71113586425781,0.40336,0.04298
2484,2015-05-18,101.8221435546875,0.56804,0.04239
2483,2015-05-15,101.37811279296875,0.40891,0.03606
2482,2015-05-14,101.37811279296875,0.1397,0.03003
2481,2015-05-13,99.91636657714844,0.03609,0.02646
2480,2015-05-12,99.71283721923828,0.2831,0.04161
2479,2015-05-11,100.16618347167969,0.33491,0.065
2478,2015-05-08,100.5547103881836,-0.10917,0.08091
2477,2015-05-07,99.31500244140625,-0.54769,0.09866
2476,2015-05-06,98.72290802001953,-0.31826,0.12685
2475,2015-05-05,99.40753173828125,-0.20353,0.15464
2474,2015-05-04,101.0542984008789,-0.17763,0.16513
2473,2015-05-01,100.88777923583984,-0.44685,0.16898
2472,2015-04-30,99.57406616210938,-0.62263,0.17544
2471,2015-04-29,101.1653060913086,0.0074,0.18916
2470,2015-04-28,101.80370330810547,0.36822,0.16432
2469,2015-04-27,102.0072250366211,0.58192,0.12876
2468,2015-04-24,102.26625061035156,0.6365,0.08815
2467,2015-04-23,100.89701843261719,0.66148,0.04967
2466,2015-04-22,100.51770782470703,0.36728,0.02432
2465,2015-04-21,99.97189331054688,0.03238,0.01073
2464,2015-04-20,99.54631042480469,-0.08974,0.0026
2463,2015-04-17,98.07532501220703,-0.22388,0.00917
2462,2015-04-16,99.62959289550781,0.02221,0.02475
2461,2015-04-15,99.76834106445312,0.04441,0.03035
2460,2015-04-14,99.14851379394531,0.1138,0.02735
2459,2015-04-13,99.4352798461914,0.41354,0.01184
2458,2015-04-10,99.68509674072266,0.4672,-0.0037
2457,2015-04-09,99.27801513671875,0.46627,-0.03243
2456,2015-04-08,98.65815734863281,0.35711,-0.05502
2455,2015-04-07,97.88103485107422,0.12305,-0.07435
2454,2015-04-06,98.04757690429688,-0.18318,-0.08885
2453,2015-04-02,97.25194549560547,-0.22944,-0.0943
2452,2015-04-01,97.1871566772461,-0.00185,-0.09433
2451,2015-03-31,97.69600677490234,0.17671,-0.08653
2450,2015-03-30,98.741455078125,-0.21648,-0.08397
2449,2015-03-27,97.62197875976562,-0.7799,-0.08921
2448,2015-03-26,97.2334213256836,-0.89925,-0.08123
2447,2015-03-25,97.56648254394531,-0.4944,-0.06135
2446,2015-03-24,99.85160827636719,0.09282,-0.03862
2445,2015-03-23,100.21240997314453,0.39301,-0.03643
2444,2015-03-20,100.40670776367188,0.4956,-0.03782
2443,2015-03-19,99.76093292236328,0.61843,-0.03458
2442,2015-03-18,99.6132583618164,0.53258,-0.01646
2441,2015-03-17,98.64408111572266,0.40797,0.00403
2440,2015-03-16,98.48713684082031,0.20214,0.04535
2439,2015-03-13,97.23185729980469,-0.43197,0.08253
2438,2015-03-12,97.65644836425781,-0.53812,0.12437
2437,2015-03-11,97.0195541381836,-0.80765,0.16842
2436,2015-03-10,97.58261108398438,-0.58889,0.21599
2435,2015-03-09,99.42864227294922,-0.3083,0.26475
2434,2015-03-06,99.14251708984375,-0.3849,0.2999
2433,2015-03-05,100.27783203125,-0.04154,0.32648
2432,2015-03-04,100.10246276855469,-0.03599,0.34604
2431,2015-03-03,100.49015808105469,0.14584,0.35745
2430,2015-03-02,100.96086120605469,0.15045,0.337
2429,2015-02-27,100.05631256103516,0.00369,0.30747
2428,2015-02-26,100.49933624267578,0.06922,0.2853
2427,2015-02-25,99.99169921875,0.13568,0.2717
2426,2015-02-24,100.24092864990234,0.34245,0.26283
2425,2015-02-23,100.16708374023438,0.39413,0.25351
2424,2015-02-20,100.06555938720703,0.33967,0.24938
2423,2015-02-19,99.40096282958984,0.33506,0.2288
2422,2015-02-18,98.91175079345703,0.53259,0.20481
2421,2015-02-17,98.77332305908203,0.67843,0.18108
2420,2015-02-13,98.68102264404297,0.90641,0.14563
2419,2015-02-12,97.84101104736328,0.71257,0.10219
2418,2015-02-11,96.71495056152344,0.30552,0.08111
2417,2015-02-10,96.36420440673828,0.19384,0.079
2416,2015-02-09,94.88735961914062,-0.00554,0.06546
2415,2015-02-06,95.19195556640625,0.28613,0.05171
2414,2015-02-05,95.7734603881836,0.5732,0.03238
2413,2015-02-04,94.95195770263672,0.3526,-0.0018
2412,2015-02-03,95.03504180908203,0.38491,-0.03333
2411,2015-02-02,94.1304931640625,0.11631,-0.06434
2410,2015-01-30,93.31819915771484,-0.51967,-0.07852
2409,2015-01-29,94.04737854003906,-0.73474,-0.08216
2408,2015-01-28,93.15205383300781,-0.83442,-0.09404
2407,2015-01-27,93.63203430175781,-0.11907,-0.09284
2406,2015-01-26,96.12421417236328,0.66089,-0.09013
2405,2015-01-23,96.23500061035156,0.85749,-0.08983
2404,2015-01-22,96.02265930175781,0.93041,-0.07712
2403,2015-01-21,94.27816772460938,0.39968,-0.07942
2402,2015-01-20,93.79818725585938,0.00554,-0.07525
2401,2015-01-16,93.05976867675781,-0.30737,-0.07578
2400,2015-01-15,91.97980499267578,-0.60274,-0.06349
2399,2015-01-14,93.18898010253906,-0.53351,-0.05291
2398,2015-01-13,93.70587158203125,-0.13199,-0.04812
2397,2015-01-12,93.73357391357422,0.38952,-0.05254
2396,2015-01-09,94.72119903564453,0.51782,-0.05469
2395,2015-01-08,95.34886932373047,0.06,-0.06471
2394,2015-01-07,93.55818939208984,-0.61381,-0.07768
2393,2015-01-06,92.36746978759766,-0.95257,-0.06809
2392,2015-01-05,93.622802734375,-0.79011,-0.0546
2391,2015-01-02,95.01655578613281,-0.55105,-0.04556
2390,2014-12-31,95.3027114868164,-0.2603,-0.04207
2389,2014-12-30,96.29036712646484,0.08676,-0.03901
2388,2014-12-29,96.93645477294922,0.15783,-0.03821
2387,2014-12-26,96.9549331665039,0.10707,-0.04276
2386,2014-12-24,96.27190399169922,0.07052,-0.04483
2385,2014-12-23,96.18882751464844,0.58084,-0.04562
2384,2014-12-22,96.53033447265625,1.18518,-0.03977
2383,2014-12-19,96.29036712646484,0.96259,-0.04115
2382,2014-12-18,95.86854553222656,0.30808,-0.03866
2381,2014-12-17,93.61551666259766,-0.61521,-0.02949
2380,2014-12-16,91.94184112548828,-0.81385,0.00247
2379,2014-12-15,93.4407730102539,-0.67499,0.05422
2378,2014-12-12,94.41553497314453,-0.46716,0.09544
2377,2014-12-11,95.4547119140625,-0.41198,0.12614
2376,2014-12-10,95.00409698486328,-0.4175,0.14847
2375,2014-12-09,96.52144622802734,-0.15266,0.17368
2374,2014-12-08,96.21797180175781,-0.11404,0.17944
2373,2014-12-05,96.90767669677734,0.11771,0.18848
2372,2014-12-04,96.89848327636719,-0.06161,0.20006
2371,2014-12-03,96.94447326660156,-0.09012,0.20971
2370,2014-12-02,96.76976013183594,0.00644,0.21183
2369,2014-12-01,96.38350677490234,0.1315,0.22464
2368,2014-11-28,97.48703002929688,0.47084,0.23729
2367,2014-11-26,97.03643798828125,0.42945,0.2413
2366,2014-11-25,96.41110229492188,0.39267,0.25634
2365,2014-11-24,96.26397705078125,0.24461,0.26692
2364,2014-11-21,95.51908111572266,0.17564,0.29438
2363,2014-11-20,95.33517456054688,0.11035,0.33381
2362,2014-11-19,94.91214752197266,0.09932,0.37766
2361,2014-11-18,95.34437561035156,0.22531,0.41241
2360,2014-11-17,94.63626861572266,0.18576,0.43008
2359,2014-11-14,94.92134857177734,0.28876,0.44734
2358,2014-11-13,94.6270751953125,0.28508,0.44215
2357,2014-11-12,94.2224349975586,0.20415,0.41315
2356,2014-11-11,94.05691528320312,0.19219,0.37042
2355,2014-11-10,93.76262664794922,0.1315,0.34247
2354,2014-11-07,93.43156433105469,0.01195,0.30163
2353,2014-11-06,93.5143814086914,0.02299,0.25948
2352,2014-11-05,93.22007751464844,0.24461,0.22223
2351,2014-11-04,93.21087646484375,0.43957,0.18476
2350,2014-11-03,93.52355194091797,0.42578,0.13102
2349,2014-10-31,93.24768829345703,0.48371,0.07352
2348,2014-10-30,91.97863006591797,0.36048,0.01552
2347,2014-10-29,91.78546905517578,0.50946,-0.02281
2346,2014-10-28,92.12576293945312,0.78075,-0.07865
2345,2014-10-27,90.75556182861328,0.54165,-0.12888
2344,2014-10-24,90.69116973876953,0.86535,-0.16868
2343,2014-10-23,89.95548248291016,1.06858,-0.21548
2342,2014-10-22,88.6220703125,1.19824,-0.25449
2341,2014-10-21,89.08187103271484,1.06674,-0.27224
2340,2014-10-20,86.80123901367188,0.3191,-0.29125
2339,2014-10-17,85.52301788330078,-0.10116,-0.27857
2338,2014-10-16,84.4102783203125,-0.54165,-0.25847
2337,2014-10-15,84.94365692138672,-0.96098,-0.22715
2336,2014-10-14,85.49542236328125,-1.36653,-0.1962
2335,2014-10-13,85.48622131347656,-1.03271,-0.15856
2334,2014-10-10,86.84725189208984,-0.62073,-0.12357
2333,2014-10-09,89.0726547241211,-0.19588,-0.09571
2332,2014-10-08,90.53483581542969,0.08093,-0.08219
2331,2014-10-07,88.80599212646484,-0.04874,-0.08243
2330,2014-10-06,90.08423614501953,-0.06436,-0.06982
2329,2014-10-03,90.27733612060547,-0.23358,-0.06522
2328,2014-10-02,89.39452362060547,-0.42118,-0.0583
2327,2014-10-01,89.39452362060547,-0.09657,-0.04278
2326,2014-09-30,90.84746551513672,-0.10944,-0.02562
2325,2014-09-29,90.71875,-0.12139,-0.02068
2324,2014-09-26,90.83832550048828,-0.14529,-0.01124
2323,2014-09-25,89.88191986083984,-0.33933,-0.0016
2322,2014-09-24,91.81307220458984,-0.1475,0.01922
2321,2014-09-23,90.83832550048828,-0.18571,0.02124
2320,2014-09-22,91.08657836914062,0.04579,0.03669
2319,2014-09-19,91.94184112548828,0.3941,0.05539
2318,2014-09-18,91.99882507324219,0.23944,0.0682
2317,2014-09-17,91.31076049804688,-0.09358,0.08235
2316,2014-09-16,91.17316436767578,-0.26146,0.10922
2315,2014-09-15,90.38419342041016,-0.18806,0.13422
2314,2014-09-12,91.26493072509766,-0.04219,0.16909
2313,2014-09-11,91.7327880859375,0.01743,0.19835
2312,2014-09-10,91.8061752319336,0.06605,0.21669
2311,2014-09-09,91.05388641357422,0.02109,0.22983
2310,2014-09-08,91.81535339355469,0.03945,0.24046
2309,2014-09-05,91.64103698730469,-0.04221,0.24619
2308,2014-09-04,91.18233489990234,-0.03119,0.24689
2307,2014-09-03,91.26493072509766,0.05322,0.23214
2306,2014-09-02,91.8061752319336,0.12844,0.21808
2305,2014-08-29,91.54014587402344,0.06147,0.19514
2304,2014-08-28,91.20068359375,0.07706,0.17279
2303,2014-08-27,91.30159759521484,0.15505,0.14846
2302,2014-08-26,91.28324127197266,0.19266,0.12058
2301,2014-08-25,91.19153594970703,0.16055,0.09651
2300,2014-08-22,90.87039947509766,0.18347,0.07649
2299,2014-08-21,90.73278045654297,0.32568,0.05627
2298,2014-08-20,90.54930877685547,0.44403,0.04805
2297,2014-08-19,90.54930877685547,0.52843,0.0279
2296,2014-08-18,90.04476165771484,0.5899,0.00898
2295,2014-08-15,89.35665130615234,0.49449,-0.00994
2294,2014-08-14,88.92549896240234,0.46146,-0.01879
2293,2014-08-13,88.466796875,0.45321,-0.01965
2292,2014-08-12,87.54017639160156,0.27889,-0.02008
2291,2014-08-11,87.5768814086914,0.19449,-0.00634
2290,2014-08-08,87.06314849853516,-0.111,-0.00354
2289,2014-08-07,86.43927001953125,-0.15596,0.00192
2288,2014-08-06,86.71450805664062,-0.09907,0.01926
2287,2014-08-05,86.77873992919922,-0.411,0.03582
2286,2014-08-04,87.44842529296875,-0.44679,0.06076
2285,2014-08-01,86.85211944580078,-0.53027,0.07988
2284,2014-07-31,87.17317962646484,-0.29633,0.10732
2283,2014-07-30,88.97134399414062,-0.03853,0.13104
2282,2014-07-29,88.62274169921875,-0.14771,0.14056
2281,2014-07-28,88.77867126464844,-0.0156,0.14977
2280,2014-07-25,88.75115966796875,0.18256,0.15491
2279,2014-07-24,89.09980010986328,0.29632,0.15842
2278,2014-07-23,89.20072937011719,0.52385,0.15506
2277,2014-07-22,88.63189697265625,0.25871,0.15198
2276,2014-07-21,88.07231140136719,0.11101,0.15147
2275,2014-07-18,88.18238830566406,-0.03028,0.15407
2274,2014-07-17,86.8062515258789,-0.11468,0.15509
2273,2014-07-16,87.97135925292969,0.2477,0.15973
2272,2014-07-15,87.62275695800781,0.20917,0.15115
2271,2014-07-14,87.9255142211914,0.31835,0.14512
2270,2014-07-11,87.40258026123047,0.01101,0.13336
2269,2014-07-10,86.84294891357422,-0.23211,0.129
2268,2014-07-09,87.11817169189453,-0.1578,0.13445
2267,2014-07-08,86.47599029541016,-0.09633,0.13764
2266,2014-07-07,87.53101348876953,0.34495,0.14407
2265,2014-07-03,87.79707336425781,0.46697,0.13688
2264,2014-07-02,87.24661254882812,0.43211,0.12404
2263,2014-07-01,87.09983825683594,0.35504,0.11832
2262,2014-06-30,86.15486907958984,0.26422,0.10845
2261,2014-06-27,86.00811767578125,0.23486,0.11453
2260,2014-06-26,85.63192749023438,0.15045,0.12456
2259,2014-06-25,85.58609008789062,0.10899,0.13828
2258,2014-06-24,85.0447998046875,0.00801,0.15622
2257,2014-06-23,85.12737274169922,0.11236,0.17296
2256,2014-06-20,85.1090316772461,0.15541,0.19077
2255,2014-06-19,85.00901794433594,0.16012,0.20983
2254,2014-06-18,85.06391143798828,0.18024,0.21992
2253,2014-06-17,84.588134765625,-0.04849,0.222
2252,2014-06-16,84.54240417480469,-0.14548,0.22606
2251,2014-06-13,84.46918487548828,-0.15737,0.23968
2250,2014-06-12,84.22218322753906,-0.1281,0.25279
2249,2014-06-11,84.99071502685547,0.11803,0.26359
2248,2014-06-10,85.00901794433594,0.29645,0.26072
2247,2014-06-09,84.86264038085938,0.40625,0.24377
2246,2014-06-06,84.92669677734375,0.39435,0.22867
2245,2014-06-05,84.44174194335938,0.20678,0.20788
2244,2014-06-04,83.73722839355469,0.02836,0.19049
2243,2014-06-03,83.4261474609375,0.07686,0.17865
2242,2014-06-02,83.46273803710938,0.09425,0.17267
2241,2014-05-30,83.54508972167969,0.28913,0.16538
2240,2014-05-29,83.53594207763672,0.45565,0.1419
2239,2014-05-28,83.00525665283203,0.50597,0.12291
2238,2014-05-27,83.26142883300781,0.64412,0.09952
2237,2014-05-23,82.23667907714844,0.398,0.07715
2236,2014-05-22,81.6419677734375,0.32573,0.06751
2235,2014-05-21,81.28512573242188,0.33762,0.06139
2234,2014-05-20,80.51658630371094,0.13907,0.06624
2233,2014-05-19,80.8093490600586,-0.0055,0.07848
2232,2014-05-16,80.25121307373047,-0.20038,0.09108
2231,2014-05-15,79.72972869873047,0.02562,0.09794
2230,2014-05-14,80.36103820800781,0.38337,0.08521
2229,2014-05-13,80.78192138671875,0.4767,0.07914
2228,2014-05-12,80.72701263427734,0.28181,0.07449
2227,2014-05-09,79.41861724853516,-0.24063,0.06153
2226,2014-05-08,79.1258544921875,-0.312,0.04042
2225,2014-05-07,79.1989974975586,-0.26169,0.0176
2224,2014-05-06,79.4277572631836,-0.07869,-0.00194
2223,2014-05-05,80.47081756591797,0.15372,-0.00888
2222,2014-05-02,80.04993438720703,0.23149,-0.02042
2221,2014-05-01,80.19634246826172,0.35135,-0.02694
2220,2014-04-30,79.95843505859375,0.05215,-0.0395
2219,2014-04-29,79.74798583984375,-0.02928,-0.0595
2218,2014-04-28,79.1166763305664,-0.24613,-0.07416
2217,2014-04-25,78.8604965209961,-0.11345,-0.08835
2216,2014-04-24,80.14142608642578,0.24704,-0.10735
2215,2014-04-23,79.38199615478516,0.22782,-0.13432
2214,2014-04-22,80.08655548095703,0.51421,-0.15623
2213,2014-04-21,79.4551773071289,0.48401,-0.17359
2212,2014-04-17,78.86964416503906,0.51147,-0.17685
2211,2014-04-16,78.85135650634766,0.28364,-0.17825
2210,2014-04-15,77.81743621826172,-0.53708,-0.18823
2209,2014-04-14,77.56121826171875,-0.62675,-0.18207
2208,2014-04-11,76.9573745727539,-0.37696,-0.17314
2207,2014-04-10,77.86317443847656,-0.0247,-0.15353
2206,2014-04-09,80.35188293457031,-0.16927,-0.1424
2205,2014-04-08,78.99771881103516,-0.85823,-0.15283
2204,2014-04-07,78.2749252319336,-0.95064,-0.14549
2203,2014-04-04,79.0251693725586,-0.2818,-0.11831
2202,2014-04-03,81.18449401855469,0.46937,-0.10152
2201,2014-04-02,81.8341064453125,0.66608,-0.10452
2200,2014-04-01,81.6236343383789,0.40898,-0.10804
2199,2014-03-31,80.21459197998047,-0.183,-0.10998
2198,2014-03-28,79.64738464355469,-0.36323,-0.09831
2197,2014-03-27,79.49182891845703,-0.46571,-0.07541
2196,2014-03-26,79.94013214111328,-0.54147,-0.05034
2195,2014-03-25,80.98321533203125,-0.41293,-0.02441
2194,2014-03-24,80.71785736083984,-0.46128,-0.01292
2193,2014-03-21,81.43153381347656,-0.06691,0.00573
2192,2014-03-20,82.42332458496094,0.34963,0.01947
2191,2014-03-19,82.19513702392578,0.30856,0.02887
2190,2014-03-18,82.64244079589844,0.01004,0.04079
2189,2014-03-17,81.65653228759766,-0.31312,0.0555
2188,2014-03-14,80.94449615478516,-0.44001,0.0821
2187,2014-03-13,81.5013198852539,-0.23279,0.12689
2186,2014-03-12,82.66983032226562,-0.10498,0.17289
2185,2014-03-11,82.35944366455078,-0.18714,0.20189
2184,2014-03-10,82.71546936035156,-0.08489,0.23498
2183,2014-03-07,82.64244079589844,0.17254,0.24349
2182,2014-03-06,83.05323028564453,0.24374,0.2475
2181,2014-03-05,83.12625885009766,0.1561,0.2575
2180,2014-03-04,82.89801025390625,0.10369,0.25455
2179,2014-03-03,81.85735321044922,-0.0046,0.24956
2178,2014-02-28,82.46897888183594,0.10141,0.24423
2177,2014-02-27,82.56028747558594,0.14463,0.21587
2176,2014-02-26,82.02806854248047,0.06727,0.18251
2175,2014-02-25,82.10079193115234,0.15636,0.15499
2174,2014-02-24,82.19168090820312,0.05636,0.13118
2173,2014-02-21,81.75534057617188,0.00363,0.10057
2172,2014-02-20,81.86442565917969,0.05999,0.07299
2171,2014-02-19,81.48262786865234,0.17636,0.04927
2170,2014-02-18,82.04621887207031,0.34,0.04146
2169,2014-02-14,81.64627838134766,0.44092,0.01464
2168,2014-02-13,81.48262786865234,0.53001,-0.00788
2167,2014-02-12,80.88260650634766,0.71819,-0.03315
2166,2014-02-11,80.72806549072266,0.93182,-0.05245
2165,2014-02-10,79.81896209716797,0.76273,-0.06479
2164,2014-02-07,79.36439514160156,0.62546,-0.07245
2163,2014-02-06,77.97349548339844,-0.05454,-0.08167
2162,2014-02-05,76.99168395996094,-0.45273,-0.08279
2161,2014-02-04,77.19166564941406,-0.20455,-0.06778
2160,2014-02-03,76.62799835205078,-0.16182,-0.05397
2159,2014-01-31,78.42803955078125,0.12637,-0.03454
2158,2014-01-30,78.63712310791016,-0.13182,-0.02827
2157,2014-01-29,77.20984649658203,-0.72636,-0.02292
2156,2014-01-28,78.04621124267578,-0.76728,0.00497
2155,2014-01-27,78.09165954589844,-0.66728,0.0329
2154,2014-01-24,78.85530090332031,-0.21365,0.05823
2153,2014-01-23,80.43711853027344,0.09999,0.08417
2152,2014-01-22,80.70986938476562,0.09,0.09158
2151,2014-01-21,80.50078582763672,0.11909,0.09779
2150,2014-01-17,79.89169311523438,0.40637,0.10223
2149,2014-01-16,80.34623718261719,0.41091,0.10823
2148,2014-01-15,80.3371353149414,0.27727,0.09831
2147,2014-01-14,79.68260955810547,-0.03,0.08634
2146,2014-01-13,78.1916732788086,-0.20273,0.08223
2145,2014-01-10,79.36439514160156,0.16909,0.09688
2144,2014-01-09,79.10987854003906,0.1591,0.09825
2143,2014-01-08,79.37348937988281,0.0509,0.10138
2142,2014-01-07,79.20075988769531,-0.2391,0.09997
2141,2014-01-06,78.47348022460938,-0.31455,0.09673
2140,2014-01-03,78.76438903808594,-0.17091,0.10386
2139,2014-01-02,79.33715057373047,-0.04545,0.11207
2138,2013-12-31,79.96442413330078,0.06092,0.11663
2137,2013-12-30,79.44622039794922,0.00273,0.11425
2136,2013-12-27,79.56442260742188,0.21546,0.11786
2135,2013-12-26,79.76439666748047,0.47036,0.12444
2134,2013-12-24,79.50074005126953,0.44977,0.12379
2133,2013-12-23,79.46441650390625,0.51746,0.1202
2132,2013-12-20,78.63712310791016,0.33163,0.10691
2131,2013-12-19,77.84440612792969,0.26462,0.10064
2130,2013-12-18,78.0618896484375,0.24105,0.1024
2129,2013-12-17,77.16474151611328,0.02719,0.1087
2128,2013-12-16,77.31879425048828,-0.20571,0.12255
2127,2013-12-13,76.89285278320312,-0.39239,0.13186
2126,2013-12-12,76.99256896972656,-0.29452,0.1527
2125,2013-12-11,77.19190979003906,-0.00997,0.15711
2124,2013-12-10,78.19782257080078,0.2329,0.158
2123,2013-12-09,78.252197265625,0.21659,0.14807
2122,2013-12-06,77.9350357055664,0.09153,0.13626
2121,2013-12-05,77.37316131591797,-0.06253,0.12532
2120,2013-12-04,77.47281646728516,0.01994,0.11618
2119,2013-12-03,77.40033721923828,0.16493,0.10369
2118,2013-12-02,77.46377563476562,0.33349,0.09141
2117,2013-11-29,77.69032287597656,0.4087,0.07692
2116,2013-11-27,77.22814178466797,0.36248,0.06331
2115,2013-11-26,76.6934814453125,0.4087,0.05494
2114,2013-11-25,76.29474639892578,0.35071,0.04546
2113,2013-11-22,76.11351776123047,0.21206,0.03946
2112,2013-11-21,75.70573425292969,-0.11599,0.03547
2111,2013-11-20,74.94447326660156,-0.29543,0.04523
2110,2013-11-19,75.12574005126953,-0.17581,0.06458
2109,2013-11-18,75.34321594238281,0.1468,0.08802
2108,2013-11-15,76.08631896972656,0.39511,0.10431
2107,2013-11-14,75.94132995605469,0.33077,0.11552
2106,2013-11-13,75.70573425292969,0.38061,0.13007
2105,2013-11-12,74.79948425292969,0.00453,0.15699
2104,2013-11-11,74.68168640136719,-0.15224,0.1864
2103,2013-11-08,74.79948425292969,-0.21387,0.20055
2102,2013-11-07,73.80266571044922,-0.24196,0.20545
2101,2013-11-06,75.21635437011719,0.05709,0.22382
2100,2013-11-05,75.23446655273438,0.01993,0.21838
2099,2013-11-04,75.1529312133789,-0.03897,0.21017
2098,2013-11-01,75.04415893554688,-0.0444,0.20713
2097,2013-10-31,75.02604675292969,-0.0145,0.20078
2096,2013-10-30,75.19824981689453,0.13594,0.19116
2095,2013-10-29,75.27072143554688,0.25646,0.18239
2094,2013-10-28,75.14384460449219,0.17128,0.16757
2093,2013-10-25,75.12574005126953,0.09062,0.15106
2092,2013-10-24,74.59105682373047,-0.00544,0.13054
2091,2013-10-23,74.26480102539062,0.22836,0.11037
2090,2013-10-22,74.71791076660156,0.5102,0.09293
2089,2013-10-21,74.60919189453125,0.67695,0.07678
2088,2013-10-18,74.4460678100586,0.55098,0.06305
2087,2013-10-17,73.2589111328125,0.34527,0.04592
2086,2013-10-16,72.842041015625,0.34346,0.03806
2085,2013-10-15,72.02644348144531,0.56004,0.03182
2084,2013-10-14,72.30740356445312,0.6697,0.0307
2083,2013-10-11,71.79988861083984,0.21477,0.02889
2082,2013-10-10,71.23802947998047,-0.30267,0.03814
2081,2013-10-09,69.76091003417969,-0.51291,0.05199
2080,2013-10-08,69.97840881347656,-0.43861,0.0803
2079,2013-10-07,71.35584259033203,-0.19303,0.11284
2078,2013-10-04,71.95393371582031,0.00724,0.13412
2077,2013-10-03,71.33771514892578,0.00634,0.14289
2076,2013-10-02,72.18050384521484,0.14228,0.15969
2075,2013-10-01,72.20768737792969,0.17672,0.16803
2074,2013-09-30,71.48272705078125,0.05528,0.1597
2073,2013-09-27,71.6549072265625,0.07431,0.15673
2072,2013-09-26,71.74549865722656,0.00814,0.15458
2071,2013-09-25,71.19271087646484,-0.14173,0.15552
2070,2013-09-24,71.43741607666016,-0.08311,0.15704
2069,2013-09-23,71.43741607666016,0.11841,0.1567
2068,2013-09-20,71.58242797851562,0.35095,0.1527
2067,2013-09-19,71.82887268066406,0.39212,0.1445
2066,2013-09-18,71.65725708007812,0.26293,0.12041
2065,2013-09-17,70.80794525146484,0.04157,0.09375
2064,2013-09-16,70.33812713623047,-0.06505,0.07763
2063,2013-09-13,70.52784729003906,0.02349,0.06653
2062,2013-09-12,70.48265075683594,0.21593,0.05001
2061,2013-09-11,70.52784729003906,0.33611,0.03622
2060,2013-09-10,70.66337585449219,0.3605,0.01972
2059,2013-09-09,70.3200454711914,0.36863,-0.00302
2058,2013-09-06,69.50688934326172,0.34875,-0.02274
2057,2013-09-05,69.42554473876953,0.27105,-0.03134
2056,2013-09-04,69.30811309814453,0.22588,-0.03297
2055,2013-09-03,68.57628631591797,0.14095,-0.03301
2054,2013-08-30,68.18775177001953,-0.14998,-0.02314
2053,2013-08-29,68.63048553466797,-0.24395,-0.01102
2052,2013-08-28,68.15159606933594,-0.27016,-6e-05
2051,2013-08-27,67.88960266113281,-0.0009,0.01893
2050,2013-08-26,69.30811309814453,0.29906,0.04188
2049,2013-08-23,69.27198028564453,0.28189,0.04545
2048,2013-08-22,68.81118774414062,0.1292,0.0499
2047,2013-08-21,68.14258575439453,0.00181,0.05101
2046,2013-08-20,68.37751007080078,-0.21865,0.05666
2045,2013-08-19,68.07935333251953,-0.4364,0.06165
2044,2013-08-16,68.19680786132812,-0.3587,0.06858
2043,2013-08-15,68.22389221191406,-0.16444,0.07583
2042,2013-08-14,69.39846801757812,0.05693,0.08543
2041,2013-08-13,69.6604995727539,0.11114,0.09509
2040,2013-08-12,69.27198028564453,0.0262,0.10334
2039,2013-08-09,69.10932922363281,-0.07409,0.11636
2038,2013-08-08,69.389404296875,-0.08493,0.12879
2037,2013-08-07,69.04608154296875,-0.05873,0.14029
2036,2013-08-06,69.17259216308594,0.18613,0.15433
2035,2013-08-05,69.58820343017578,0.3596,0.1641
2034,2013-08-02,69.54300689697266,0.39663,0.17002
2033,2013-08-01,69.1545181274414,0.26021,0.17322
2032,2013-07-31,68.45880126953125,0.16805,0.17878
2031,2013-07-30,68.33232116699219,0.22769,0.19261
2030,2013-07-29,67.97093963623047,0.2539,0.20812
2029,2013-07-26,68.09740447998047,0.16534,0.2173
2028,2013-07-25,67.73600006103516,0.04065,0.21874
2027,2013-07-24,67.31131744384766,-0.18703,0.20625
2026,2013-07-23,67.09449768066406,-0.28551,0.18949
2025,2013-07-22,67.5914535522461,-0.18883,0.17908
2024,2013-07-19,67.39266204833984,-0.15902,0.16847
2023,2013-07-18,68.09740447998047,0.02078,0.15395
2022,2013-07-17,68.2690658569336,0.11294,0.13851
2021,2013-07-16,68.09740447998047,0.38128,0.11176
2020,2013-07-15,68.18775177001953,0.5918,0.07852
2019,2013-07-12,68.03417205810547,0.64872,0.0431
2018,2013-07-11,67.73600006103516,0.50958,0.01584
2017,2013-07-10,66.41688537597656,0.31352,-0.00771
2016,2013-07-09,66.03740692138672,0.29996,-0.02814
2015,2013-07-08,65.63985443115234,0.24575,-0.04846
2014,2013-07-05,65.5766372680664,0.26563,-0.06368
2013,2013-07-03,65.0796890258789,0.19786,-0.08366
2012,2013-07-02,64.81766510009766,0.206,-0.09465
2011,2013-07-01,64.79058837890625,0.30178,-0.10505
2010,2013-06-28,64.3930435180664,0.36231,-0.10985
2009,2013-06-27,64.30268859863281,0.23672,-0.10999
2008,2013-06-26,64.03163146972656,-0.0056,-0.10929
2007,2013-06-25,63.462398529052734,-0.51113,-0.10973
2006,2013-06-24,63.00161361694336,-0.84356,-0.10162
2005,2013-06-21,63.634098052978516,-0.64887,-0.08724
2004,2013-06-20,63.97379684448242,-0.24498,-0.07026
2003,2013-06-19,65.53193664550781,0.11709,-0.05531
2002,2013-06-18,66.27047729492188,0.33144,-0.05286
2001,2013-06-17,65.73008728027344,0.09096,-0.05411
2000,2013-06-14,65.09961700439453,-0.19905,-0.04952
1999,2013-06-13,65.53193664550781,-0.25489,-0.03492
1998,2013-06-12,64.71234893798828,-0.16212,-0.02524
1997,2013-06-11,65.46890258789062,0.20715,-0.00449
1996,2013-06-10,66.1263656616211,0.19634,0.00872
1995,2013-06-07,66.09935760498047,-0.05224,0.01747
1994,2013-06-06,65.20771026611328,-0.27289,0.03258
1993,2013-06-05,64.89246368408203,-0.36116,0.06255
1992,2013-06-04,65.74810028076172,-0.1468,0.09153
1991,2013-06-03,66.0903549194336,-0.11799,0.11527
1990,2013-05-31,65.97321319580078,-0.02523,0.13898
1989,2013-05-30,66.58572387695312,0.09818,0.15939
1988,2013-05-29,66.23442077636719,0.02521,0.17435
1987,2013-05-28,66.54972076416016,-0.08735,0.18946
1986,2013-05-24,66.11734771728516,-0.21436,0.20406
1985,2013-05-23,66.15338134765625,-0.20445,0.22528
1984,2013-05-22,66.3065185546875,0.0027,0.25009
1983,2013-05-21,66.89187622070312,0.16211,0.26121
1982,2013-05-20,66.81989288330078,0.17744,0.25135
1981,2013-05-17,66.9189682006836,0.21527,0.24646
1980,2013-05-16,66.27946472167969,0.14501,0.22519
1979,2013-05-15,66.35153198242188,0.23327,0.20689
1978,2013-05-14,66.21639251708984,0.19363,0.18512
1977,2013-05-13,65.8741683959961,0.17112,0.17331
1976,2013-05-10,65.7931137084961,0.1396,0.1654
1975,2013-05-09,65.39684295654297,0.11618,0.15789
1974,2013-05-08,65.4869155883789,0.27921,0.146
1973,2013-05-07,65.17166900634766,0.45574,0.13048
1972,2013-05-06,65.20771026611328,0.45844,0.10989
1971,2013-05-03,64.95552062988281,0.39449,0.09114
1970,2013-05-02,64.19895935058594,0.32424,0.0683
1969,2013-05-01,63.397361755371094,0.21166,0.05225
1968,2013-04-30,63.69459533691406,0.272,0.04325
1967,2013-04-29,63.235252380371094,0.15041,0.03319
1966,2013-04-26,62.6588249206543,0.17113,0.024
1965,2013-04-25,62.85694885253906,0.36297,0.02493
1964,2013-04-24,62.52375793457031,0.5278,0.01627
1963,2013-04-23,62.550758361816406,0.38728,0.01417
1962,2013-04-22,61.95629119873047,-0.1243,0.00991
1961,2013-04-19,61.32583236694336,-0.29182,0.00958
1960,2013-04-18,60.497222900390625,-0.53949,0.01378
1959,2013-04-17,61.343868255615234,-0.38098,0.02859
1958,2013-04-16,62.56875991821289,-0.22787,0.0351
1957,2013-04-15,61.7491455078125,-0.02883,0.02759
1956,2013-04-12,62.9920539855957,0.42781,0.02948
1955,2013-04-11,63.03712463378906,0.5458,0.01964
1954,2013-04-10,63.064117431640625,0.36026,0.00987
1953,2013-04-09,61.85725784301758,0.02972,-0.00272
1952,2013-04-08,61.44294738769531,-0.19724,0.00402
1951,2013-04-05,61.11870574951172,-0.17022,0.01659
1950,2013-04-04,61.63208770751953,-0.10538,0.03403
1949,2013-04-03,61.61406326293945,-0.06395,0.04455
1948,2013-04-02,62.18147277832031,0.03242,0.05995
1947,2013-04-01,61.695125579833984,0.05224,0.07037
1946,2013-03-28,62.11845779418945,0.10988,0.07676
1945,2013-03-27,61.96531677246094,0.16752,0.08343
1944,2013-03-26,61.884254455566406,0.03693,0.08382
1943,2013-03-25,61.5510368347168,0.00901,0.07509
1942,2013-03-22,61.77617645263672,0.01441,0.07332
1941,2013-03-21,61.18174362182617,-0.07296,0.06713
1940,2013-03-20,61.884254455566406,-0.0236,0.06616
1939,2013-03-19,61.45194625854492,-0.07423,0.06007
1938,2013-03-18,61.569026947021484,-0.03281,0.0552
1937,2013-03-15,61.70413589477539,-0.0416,0.04907
1936,2013-03-14,61.87617111206055,-0.01438,0.04693
1935,2013-03-13,61.66950988769531,-0.01528,0.04263
1934,2013-03-12,61.7503662109375,0.0629,0.03746
1933,2013-03-11,61.97502899169922,0.07548,0.03879
1932,2013-03-08,61.795310974121094,0.1968,0.02654
1931,2013-03-07,61.72341537475586,0.31001,0.02174
1930,2013-03-06,61.56166458129883,0.37022,0.0151
1929,2013-03-05,61.71443176269531,0.31091,0.00776
1928,2013-03-04,60.815818786621094,0.21386,-0.00196
1927,2013-03-01,60.54627227783203,0.24082,-0.00251
1926,2013-02-28,60.2946662902832,0.07639,0.00199
1925,2013-02-27,60.420475006103516,0.08627,0.00079
1924,2013-02-26,59.80942916870117,-0.1276,0.00208
1923,2013-02-25,59.58478927612305,-0.35135,0.01035
1922,2013-02-22,60.330570220947266,-0.26869,0.01997
1921,2013-02-21,59.72855758666992,-0.3163,0.02542
1920,2013-02-20,60.37553024291992,-0.11412,0.03896
1919,2013-02-19,61.31904983520508,0.07189,0.0434
1918,2013-02-15,60.878753662109375,-0.02696,0.03576
1917,2013-02-14,61.058433532714844,-0.01079,0.0326
1916,2013-02-13,61.07642364501953,0.09704,0.03055
1915,2013-02-12,60.860755920410156,0.15185,0.02958
1914,2013-02-11,61.11237335205078,0.16624,0.02869
1913,2013-02-08,61.094390869140625,0.257,0.0247
1912,2013-02-07,60.474388122558594,0.00359,0.01812
1911,2013-02-06,60.420475006103516,0.04852,0.01404
1910,2013-02-05,60.618141174316406,0.04403,0.0276
1909,2013-02-04,59.73752975463867,-0.0647,0.04892
1908,2013-02-01,60.79788589477539,0.0656,0.07137
1907,2013-01-31,60.08799362182617,-0.03505,0.08094
1906,2013-01-30,60.22275161743164,0.07907,0.0907
1905,2013-01-29,60.34857940673828,-0.03325,0.09679
1904,2013-01-28,60.33960723876953,-0.0584,0.09462
1903,2013-01-25,60.204803466796875,-0.0593,0.09166
1902,2013-01-24,59.89928436279297,-0.05392,0.08678
1901,2013-01-23,60.73496627807617,0.12041,0.09265
1900,2013-01-22,60.366546630859375,0.11411,0.09623
1899,2013-01-18,60.26769256591797,0.07278,0.09613
1898,2013-01-17,60.402496337890625,-0.01258,0.09119
1897,2013-01-16,60.11493682861328,-0.10513,0.08263
1896,2013-01-15,59.872352600097656,-0.04403,0.08285
1895,2013-01-14,60.16884231567383,0.1231,0.08558
1894,2013-01-11,60.43843460083008,0.16803,0.0807
1893,2013-01-10,60.357540130615234,0.10782,0.07521
1892,2013-01-09,59.998130798339844,-0.02426,0.06263
1891,2013-01-08,59.77349090576172,-0.14018,0.05199
1890,2013-01-07,59.890296936035156,0.22195,0.04152
1889,2013-01-04,59.872352600097656,0.66675,0.02822
1888,2013-01-03,60.070011138916016,0.74762,0.01756
1887,2013-01-02,60.384521484375,0.55083,0.00852
1886,2012-12-31,58.52446365356445,-0.05391,-0.00704
1885,2012-12-28,57.31138610839844,-0.3154,-0.00333
1884,2012-12-27,57.86849594116211,-0.33122,0.0201
1883,2012-12-26,57.9583625793457,-0.3243,0.0389
1882,2012-12-24,58.47053909301758,-0.26201,0.0563
1881,2012-12-21,58.587379455566406,-0.02357,0.08004
1880,2012-12-20,59.210086822509766,0.34404,0.1027
1879,2012-12-19,59.210086822509766,0.336,0.11496
1878,2012-12-18,59.469242095947266,0.15013,0.11835
1877,2012-12-17,58.57563018798828,-0.17693,0.11327
1876,2012-12-14,57.80712127685547,-0.13583,0.1149
1875,2012-12-13,58.36116409301758,0.13136,0.12497
1874,2012-12-12,58.8258171081543,0.18408,0.12013
1873,2012-12-11,58.950931549072266,0.17336,0.09707
1872,2012-12-10,58.19136428833008,-0.08847,0.07367
1871,2012-12-07,58.02159118652344,-0.15995,0.06116
1870,2012-12-06,58.370094299316406,-0.15459,0.0446
1869,2012-12-05,57.994789123535156,-0.1957,0.0328
1868,2012-12-04,58.6470947265625,-0.00179,0.0212
1867,2012-12-03,58.68285369873047,0.15191,0.00495
1866,2012-11-30,58.79902267456055,0.1957,-0.01198
1865,2012-11-29,58.897315979003906,0.21089,-0.03232
1864,2012-11-28,58.54880905151367,0.28952,-0.05912
1863,2012-11-27,58.04838562011719,0.31901,-0.07956
1862,2012-11-26,58.2449951171875,0.34851,-0.10816
1861,2012-11-23,57.994789123535156,0.47808,-0.14364
1860,2012-11-21,57.12800598144531,0.47361,-0.17496
1859,2012-11-20,57.011810302734375,0.43518,-0.18756
1858,2012-11-19,56.99395751953125,0.14834,-0.19273
1857,2012-11-16,55.671409606933594,-0.28506,-0.19599
1856,2012-11-15,55.43015670776367,-0.35565,-0.18574
1855,2012-11-14,55.61780548095703,-0.20463,-0.17271
1854,2012-11-13,56.27907180786133,-0.18944,-0.16695
1853,2012-11-12,56.6722297668457,-0.47719,-0.16879
1852,2012-11-09,56.681182861328125,-0.61658,-0.1735
1851,2012-11-08,56.439910888671875,-0.48701,-0.17225
1850,2012-11-07,57.342445373535156,-0.25467,-0.16104
1849,2012-11-06,58.7275390625,0.11349,-0.15342
1848,2012-11-05,58.62028884887695,0.06434,-0.15753
1847,2012-11-02,58.23605728149414,0.04825,-0.1633
1846,2012-11-01,58.86155319213867,0.10812,-0.15505
1845,2012-10-31,58.03945541381836,-0.06166,-0.15558
1844,2012-10-26,58.396888732910156,-0.1403,-0.154
1843,2012-10-25,58.22712326049805,-0.16978,-0.15607
1842,2012-10-24,58.22712326049805,-0.40659,-0.15299
1841,2012-10-23,58.43263626098633,-0.59425,-0.14706
1840,2012-10-22,58.995609283447266,-0.58978,-0.13865
1839,2012-10-19,58.691795349121094,-0.34046,-0.13217
1838,2012-10-18,60.13048553466797,0.19034,-0.11965
1837,2012-10-17,60.836429595947266,0.37353,-0.11347
1836,2012-10-16,60.87217330932617,0.25557,-0.10527
1835,2012-10-15,60.02323913574219,-0.03754,-0.09554
1834,2012-10-12,59.58537673950195,-0.34762,-0.07815
1833,2012-10-11,59.6121940612793,-0.53348,-0.06289
1832,2012-10-10,59.79984664916992,-0.58799,-0.04697
1831,2012-10-09,60.10368347167969,-0.41999,-0.0187
1830,2012-10-08,61.077720642089844,-0.06881,0.00657
1829,2012-10-05,61.64067840576172,0.15191,0.02197
1828,2012-10-04,61.971309661865234,0.19659,0.03518
1827,2012-10-03,61.75685119628906,0.00357,0.0384
1826,2012-10-02,61.36366653442383,0.02413,0.04298
1825,2012-10-01,61.1849250793457,-0.01877,0.05086
1824,2012-09-28,61.27431869506836,-0.17514,0.06113
1823,2012-09-27,61.783653259277344,-0.31812,0.07369
1822,2012-09-26,60.943668365478516,-0.46914,0.07594
1821,2012-09-25,61.44408416748047,-0.29218,0.08827
1820,2012-09-24,62.319828033447266,-0.06346,0.09321
1819,2012-09-21,62.6861686706543,0.0303,0.08985
1818,2012-09-20,62.668331146240234,0.04366,0.08418
1817,2012-09-19,62.730712890625,0.15772,0.08367
1816,2012-09-18,62.6148567199707,0.35019,0.08181
1815,2012-09-17,62.561405181884766,0.45534,0.07905
1814,2012-09-14,62.53468322753906,0.39296,0.07592
1813,2012-09-13,61.98219680786133,0.03118,0.07109
1812,2012-09-12,61.15351104736328,-0.2495,0.07112
1811,2012-09-11,60.975303649902344,-0.01514,0.07718
1810,2012-09-10,61.073333740234375,0.20584,0.08819
1809,2012-09-07,61.866363525390625,0.35464,0.10073
1808,2012-09-06,61.95547103881836,0.31187,0.11336
1807,2012-09-05,60.60995864868164,-0.03386,0.11975
1806,2012-09-04,60.6723518371582,-0.07663,0.13466
1805,2012-08-31,60.73471450805664,-0.10425,0.14657
1804,2012-08-30,60.3337287902832,-0.10337,0.15521
1803,2012-08-29,60.94856643676758,0.10425,0.17794
1802,2012-08-28,60.94856643676758,0.04188,0.19837
1801,2012-08-27,60.94856643676758,0.03208,0.21133
1800,2012-08-24,60.850555419921875,-0.04811,0.21645
1799,2012-08-23,60.476314544677734,-0.0793,0.21275
1798,2012-08-22,60.975303649902344,0.05792,0.20294
1797,2012-08-21,60.72578811645508,0.20138,0.19209
1796,2012-08-20,60.966392517089844,0.34217,0.18803
1795,2012-08-17,60.87729263305664,0.31811,0.18111
1794,2012-08-16,60.60995864868164,0.22455,0.17003
1793,2012-08-15,59.897125244140625,0.08821,0.16605
1792,2012-08-14,59.74563980102539,0.09445,0.16051
1791,2012-08-13,59.71890640258789,0.08732,0.15073
1790,2012-08-10,59.576332092285156,0.15059,0.13351
1789,2012-08-09,59.54071044921875,0.26376,0.11466
1788,2012-08-08,59.362483978271484,0.49276,0.08763
1787,2012-08-07,59.38921356201172,0.51681,0.06141
1786,2012-08-06,58.89911651611328,0.31988,0.03818
1785,2012-08-03,58.453590393066406,0.10158,0.01984
1784,2012-08-02,57.36650466918945,-0.10603,0.02074
1783,2012-08-01,57.57145690917969,0.21475,0.02443
1782,2012-07-31,57.74076461791992,0.53196,0.02818
1781,2012-07-30,57.75856399536133,0.53909,0.03201
1780,2012-07-27,57.80311584472656,0.28781,0.0238
1779,2012-07-26,56.466548919677734,-0.23702,0.01956
1778,2012-07-25,55.726966857910156,-0.57028,0.01404
1777,2012-07-24,56.101192474365234,-0.40098,0.01695
1776,2012-07-23,56.54672622680664,-0.02584,0.02272
1775,2012-07-20,57.24175262451172,0.32524,0.0293
1774,2012-07-19,58.00808334350586,0.41256,0.03497
1773,2012-07-18,57.37541961669922,0.36266,0.03349
1772,2012-07-17,56.609092712402344,0.1595,0.03266
1771,2012-07-16,56.3150634765625,0.00178,0.0443
1770,2012-07-13,56.47543716430664,-0.19426,0.04891
1769,2012-07-12,55.628936767578125,-0.38851,0.05651
1768,2012-07-11,56.1546516418457,-0.40722,0.06966
1767,2012-07-10,56.466548919677734,-0.35374,0.08901
1766,2012-07-09,57.02792739868164,-0.13098,0.1059
1765,2012-07-06,57.134849548339844,0.04456,0.11913
1764,2012-07-05,57.85658645629883,0.55157,0.1152
1763,2012-07-03,57.8209228515625,0.54621,0.10033
1762,2012-07-02,57.33977127075195,0.4384,0.07959
1761,2012-06-29,57.17047119140625,0.33326,0.06865
1760,2012-06-28,55.423980712890625,-0.13633,0.05709
1759,2012-06-27,56.04774475097656,-0.03653,0.05815
1758,2012-06-26,55.70914077758789,-0.36533,0.0541
1757,2012-06-25,55.36161422729492,-0.45979,0.05246
1756,2012-06-22,56.4487190246582,-0.1791,0.06813
1755,2012-06-21,55.86060333251953,0.0098,0.06537
1754,2012-06-20,57.28630065917969,0.48081,0.05629
1753,2012-06-19,57.24175262451172,0.52287,0.02949
1752,2012-06-18,56.653656005859375,0.29667,0.00069
1751,2012-06-15,56.12794494628906,0.21777,-0.02771
1750,2012-06-14,55.43914794921875,-0.06223,-0.05063
1749,2012-06-13,55.23466110229492,-0.05245,-0.067
1748,2012-06-12,55.61695098876953,-0.03378,-0.08163
1747,2012-06-11,54.95018005371094,0.1538,-0.10041
1746,2012-06-08,55.89253234863281,0.45784,-0.11053
1745,2012-06-07,55.359130859375,0.4774,-0.14164
1744,2012-06-06,55.581398010253906,0.14491,-0.17086
1743,2012-06-05,54.33674621582031,-0.32094,-0.19747
1742,2012-06-04,54.114501953125,-0.52452,-0.20776
1741,2012-06-01,53.70555877685547,-0.36627,-0.2159
1740,2012-05-31,55.172447204589844,0.00711,-0.21232
1739,2012-05-30,55.4124755859375,0.02222,-0.21581
1738,2012-05-29,55.88364791870117,0.03112,-0.20458
1737,2012-05-25,55.18132400512695,-0.10401,-0.19929
1736,2012-05-24,55.25244903564453,0.2427,-0.19039
1735,2012-05-23,55.61695098876953,0.31382,-0.1812
1734,2012-05-22,55.510257720947266,-0.00889,-0.17928
1733,2012-05-21,55.57249450683594,-0.34228,-0.17492
1732,2012-05-18,54.0611686706543,-0.64898,-0.15729
1731,2012-05-17,54.77237319946289,-0.51386,-0.12862
1730,2012-05-16,55.954769134521484,-0.29426,-0.11175
1729,2012-05-15,56.33707046508789,-0.22314,-0.09664
1728,2012-05-14,56.523738861083984,-0.17958,-0.08032
1727,2012-05-11,57.057167053222656,-0.13246,-0.07284
1726,2012-05-10,57.0660400390625,-0.1298,-0.07241
1725,2012-05-09,57.181617736816406,-0.37694,-0.06619
1724,2012-05-08,57.35942459106445,-0.59297,-0.06664
1723,2012-05-07,57.572776794433594,-0.58497,-0.06635
1722,2012-05-04,57.519439697265625,-0.41251,-0.0599
1721,2012-05-03,58.986331939697266,-0.13158,-0.05208
1720,2012-05-02,59.61750411987305,0.00622,-0.05902
1719,2012-05-01,59.4486083984375,0.06757,-0.0734
1718,2012-04-30,59.350830078125,0.43118,-0.08448
1717,2012-04-27,59.77757263183594,0.57164,-0.08414
1716,2012-04-26,59.421939849853516,0.32805,-0.08827
1715,2012-04-25,59.07521438598633,0.02044,-0.09017
1714,2012-04-24,57.54611587524414,-0.40362,-0.08833
1713,2012-04-23,57.857269287109375,-0.38494,-0.06977
1712,2012-04-20,58.39068603515625,-0.04089,-0.04891
1711,2012-04-19,58.55070877075195,0.04445,-0.03279
1710,2012-04-18,59.21747970581055,-0.05423,-0.0161
1709,2012-04-17,59.36858367919922,-0.0978,-0.00385
1708,2012-04-16,58.186195373535156,-0.14402,0.0165
1707,2012-04-13,58.844085693359375,-0.08534,0.04765
1706,2012-04-12,59.75088882446289,-0.15825,0.07406
1705,2012-04-11,59.07521438598633,-0.29249,0.09601
1704,2012-04-10,58.79071807861328,-0.38139,0.12649
1703,2012-04-09,59.75088882446289,-0.23025,0.15261
1702,2012-04-05,60.20430374145508,-0.05423,0.16225
1701,2012-04-04,59.83088684082031,-0.00711,0.16528
1700,2012-04-03,60.657684326171875,0.10224,0.17422
1699,2012-04-02,60.67546081542969,-0.02756,0.17047
1698,2012-03-30,60.05314636230469,-0.14669,0.16937
1697,2012-03-29,60.1687126159668,0.11646,0.17229
1696,2012-03-28,60.399871826171875,0.2836,0.17333
1695,2012-03-27,60.63988494873047,0.29426,0.17273
1694,2012-03-26,60.55099105834961,0.1618,0.16412
1693,2012-03-23,59.510841369628906,-0.02045,0.15465
1692,2012-03-22,59.54640197753906,0.09334,0.15068
1691,2012-03-21,59.6708869934082,0.15078,0.15105
1690,2012-03-20,59.661991119384766,0.16788,0.14362
1689,2012-03-19,59.5552978515625,0.16245,0.13485
1688,2012-03-16,59.137474060058594,0.31825,0.12905
1687,2012-03-15,59.17924499511719,0.42245,0.12065
1686,2012-03-14,59.01060104370117,0.4189,0.11299
1685,2012-03-13,58.806480407714844,0.41714,0.10683
1684,2012-03-12,57.73261642456055,0.34791,0.1008
1683,2012-03-09,57.70596694946289,0.25028,0.10219
1682,2012-03-08,57.46633529663086,-0.03373,0.10869
1681,2012-03-07,56.85394287109375,-0.26803,0.11653
1680,2012-03-06,56.4190788269043,-0.213,0.13197
1679,2012-03-05,56.978206634521484,-0.04792,0.15
1678,2012-03-02,57.572837829589844,0.16508,0.16071
1677,2012-03-01,57.61720657348633,0.20235,0.16437
1676,2012-02-29,57.164581298828125,0.1846,0.16268
1675,2012-02-28,57.42195129394531,0.27246,0.1686
1674,2012-02-27,56.8450813293457,0.1349,0.16781
1673,2012-02-24,56.76521301269531,0.10562,0.16961
1672,2012-02-23,56.56997299194336,0.00976,0.16855
1671,2012-02-22,56.19718933105469,0.09585,0.16966
1670,2012-02-21,56.45458984375,0.12958,0.178
1669,2012-02-17,56.29482650756836,0.10472,0.18496
1668,2012-02-16,56.47233581542969,0.18105,0.18808
1667,2012-02-15,55.70907211303711,0.04083,0.18788
1666,2012-02-14,56.099578857421875,0.14555,0.19256
1665,2012-02-13,55.95758056640625,0.16419,0.19354
1664,2012-02-10,55.44281005859375,0.15265,0.19057
1663,2012-02-09,55.83332443237305,0.19348,0.19081
1662,2012-02-08,55.43394088745117,0.22898,0.18767
1661,2012-02-07,55.14105987548828,0.26714,0.18656
1660,2012-02-06,55.02568817138672,0.35234,0.19335
1659,2012-02-03,55.070064544677734,0.34436,0.19568
1658,2012-02-02,54.324562072753906,0.19437,0.19673
1657,2012-02-01,54.15592956542969,0.15354,0.19551
1656,2012-01-31,53.72106170654297,0.03816,0.1943
1655,2012-01-30,53.6500358581543,0.13401,0.19795
1654,2012-01-27,53.60565948486328,0.1562,0.20276
1653,2012-01-26,53.44593048095703,0.13668,0.19781
1652,2012-01-25,53.632293701171875,0.09318,0.20454
1651,2012-01-24,52.96665573120117,0.02751,0.20093
1650,2012-01-23,53.06428909301758,0.21655,0.20244
1649,2012-01-20,53.046531677246094,0.38429,0.19824
1648,2012-01-19,53.12643814086914,0.3772,0.18363
1647,2012-01-18,52.798030853271484,0.26448,0.16027
1646,2012-01-17,52.10577392578125,0.1207,0.13245
1645,2012-01-13,51.63539123535156,0.13046,0.11707
1644,2012-01-12,51.821781158447266,0.15088,0.09664
1643,2012-01-11,51.61764144897461,0.11804,0.07344
1642,2012-01-10,51.51115036010742,0.16064,0.04994
1641,2012-01-09,51.13838577270508,0.18726,0.03179
1640,2012-01-06,51.307010650634766,0.41446,0.01494
1639,2012-01-05,51.1295051574707,0.40381,-0.00113
1638,2012-01-04,50.71237564086914,0.35589,-0.00014
1637,2012-01-03,50.499385833740234,0.13845,-0.0001
1636,2011-12-30,49.549747467041016,-0.05787,0.01529
1635,2011-12-29,49.69175720214844,0.03871,0.03395
1634,2011-12-28,49.33675003051758,0.15131,0.03928
1633,2011-12-27,49.91361999511719,0.14794,0.04848
1632,2011-12-23,49.72814178466797,0.28287,0.04227
1631,2011-12-22,49.30250930786133,0.20306,0.03369
1630,2011-12-21,48.8857307434082,0.1926,0.01814
1629,2011-12-20,49.595130920410156,0.19011,-0.00011
1628,2011-12-19,48.16748046875,-0.21464,-0.01831
1627,2011-12-16,48.646331787109375,-0.33034,-0.02422
1626,2011-12-15,48.39714050292969,-0.5349,-0.0239
1625,2011-12-14,48.52975082397461,-0.3289,-0.02013
1624,2011-12-13,49.298954010009766,-0.21042,-0.03317
1623,2011-12-12,49.84712600708008,-0.12908,-0.04573
1622,2011-12-09,50.412960052490234,-0.12378,-0.05875
1621,2011-12-08,49.617244720458984,-0.10256,-0.07892
1620,2011-12-07,50.46600341796875,0.09372,-0.08076
1619,2011-12-06,50.46600341796875,0.16268,-0.08663
1618,2011-12-05,50.607460021972656,0.52606,-0.10526
1617,2011-12-02,50.059303283691406,0.54816,-0.13279
1616,2011-12-01,50.20075225830078,0.83726,-0.15295
1615,2011-11-30,49.85594177246094,0.68078,-0.16011
1614,2011-11-29,48.078853607177734,0.10168,-0.16406
1613,2011-11-28,48.37946319580078,-0.0778,-0.15898
1612,2011-11-25,46.75267028808594,-0.53844,-0.1444
1611,2011-11-23,47.115150451660156,-0.52694,-0.106
1610,2011-11-22,48.20262908935547,-0.60032,-0.07099
1609,2011-11-21,48.043495178222656,-0.82666,-0.05356
1608,2011-11-18,48.980690002441406,-0.57291,-0.02638
1607,2011-11-17,49.36083984375,-0.38548,-0.01392
1606,2011-11-16,50.54557418823242,0.09372,0.00528
1605,2011-11-15,51.39433670043945,0.29618,0.01775
1604,2011-11-14,50.828487396240234,-0.15384,0.02363
1603,2011-11-11,51.14676284790039,-0.24933,0.03704
1602,2011-11-10,50.20075225830078,-0.30414,0.06148
1601,2011-11-09,50.2272834777832,-0.13262,0.08987
1600,2011-11-08,52.057430267333984,0.3563,0.12374
1599,2011-11-07,51.46505355834961,0.39078,0.14801
1598,2011-11-04,51.10257339477539,0.12024,0.18223
1597,2011-11-03,51.36780548095703,-0.2396,0.20424
1596,2011-11-02,50.32455062866211,-0.56231,0.20865
1595,2011-11-01,49.900150299072266,-0.22634,0.21531
1594,2011-10-31,51.235198974609375,0.25552,0.2179
1593,2011-10-28,52.1104850769043,0.21308,0.21105
1592,2011-10-27,52.03091812133789,0.16622,0.19844
1591,2011-10-26,50.63398361206055,0.12378,0.18801
1590,2011-10-25,50.69586181640625,0.25109,0.17328
1589,2011-10-24,51.712623596191406,0.12643,0.14865
1588,2011-10-21,50.66050720214844,-0.12024,0.11114
1587,2011-10-20,50.03277587890625,-0.3174,0.08304
1586,2011-10-19,50.280338287353516,-0.061,0.06493
1585,2011-10-18,51.27055740356445,0.25993,0.05067
1584,2011-10-17,50.64282989501953,0.30945,0.03177
1583,2011-10-14,51.438533782958984,0.46682,0.02262
1582,2011-10-13,50.501373291015625,0.59767,0.00866
1581,2011-10-12,50.0416259765625,0.58264,-0.00925
1580,2011-10-11,49.7940559387207,0.62685,-0.02653
1579,2011-10-10,49.45809555053711,0.71084,-0.03173
1578,2011-10-07,47.80476379394531,0.71614,-0.03563
1577,2011-10-06,48.12306213378906,0.55435,-0.03529
1576,2011-10-05,47.32733917236328,-0.08842,-0.04194
1575,2011-10-04,46.14261245727539,-0.65602,-0.03954
1574,2011-10-03,45.214298248291016,-0.92479,-0.02146
1573,2011-09-30,46.40785598754883,-0.5349,0.01954
1572,2011-09-29,47.63681411743164,-0.06984,0.06049
1571,2011-09-28,48.211463928222656,0.27408,0.08162
1570,2011-09-27,48.93645477294922,0.10079,0.09947
1569,2011-09-26,48.43251419067383,-0.38813,0.12534
1568,2011-09-23,47.87550354003906,-0.68078,0.15416
1567,2011-09-22,47.37155532836914,-0.64099,0.17776
1566,2011-09-21,48.96297836303711,-0.14341,0.18273
1565,2011-09-20,49.829429626464844,0.24216,0.16911
1564,2011-09-19,50.05046081542969,0.49463,0.14201
1563,2011-09-16,50.03277587890625,0.64156,0.1177
1562,2011-09-15,49.57835388183594,0.66187,0.09527
1561,2011-09-14,48.85470199584961,0.29475,0.09318
1560,2011-09-13,48.16633605957031,-0.05737,0.07705
1559,2011-09-12,47.53096008300781,-0.02824,0.08609
1558,2011-09-09,46.93086624145508,0.07943,0.07238
1557,2011-09-08,47.99869155883789,0.09002,0.06189
1556,2011-09-07,48.21931457519531,-0.1862,0.01988
1555,2011-09-06,47.02793502807617,-0.4536,-0.01829
1554,2011-09-02,47.01911926269531,-0.27092,-0.05533
1553,2011-09-01,48.14870834350586,0.2921,-0.09147
1552,2011-08-31,48.58993911743164,0.73247,-0.13725
1551,2011-08-30,48.510520935058594,0.64775,-0.18417
1550,2011-08-29,48.19283676147461,0.45007,-0.24078
1549,2011-08-26,46.88673782348633,0.47566,-0.28982
1548,2011-08-25,45.739498138427734,0.53655,-0.32348
1547,2011-08-24,46.49842834472656,0.50567,-0.3363
1546,2011-08-23,46.136634826660156,-0.29475,-0.34868
1545,2011-08-22,44.30986404418945,-0.96457,-0.35546
1544,2011-08-19,44.1510124206543,-1.02458,-0.32884
1543,2011-08-18,44.962894439697266,-0.53126,-0.29819
1542,2011-08-17,47.28385925292969,0.11384,-0.26415
1541,2011-08-16,47.5662727355957,0.64775,-0.25461
1540,2011-08-15,47.97220230102539,0.4739,-0.24311
1539,2011-08-12,47.27503204345703,0.53214,-0.23679
1538,2011-08-11,46.86025619506836,-0.10502,-0.22977
1537,2011-08-10,44.883487701416016,-0.6548,-0.2162
1536,2011-08-09,46.798492431640625,-0.98309,-0.17221
1535,2011-08-08,44.64522933959961,-1.26549,-0.14071
1534,2011-08-05,47.50448226928711,-0.87367,-0.08181
1533,2011-08-04,47.804508209228516,-0.75718,-0.03952
1532,2011-08-03,50.134307861328125,-0.39624,0.00806
1531,2011-08-02,49.657752990722656,-0.36182,0.03566
1530,2011-08-01,50.946197509765625,-0.34329,0.0742
1529,2011-07-29,51.18446350097656,-0.3883,0.10626
1528,2011-07-28,51.35213851928711,-0.37153,0.12584
1527,2011-07-27,51.263893127441406,-0.1562,0.14609
1526,2011-07-26,52.6229362487793,0.22504,0.16168
1525,2011-07-25,52.49055480957031,0.19944,0.17119
1524,2011-07-22,52.5964469909668,0.37594,0.18053
1523,2011-07-21,52.05813980102539,0.29475,0.18357
1522,2011-07-20,51.71396255493164,0.35476,0.18646
1521,2011-07-19,51.93460464477539,0.23209,0.18099
1520,2011-07-18,50.778507232666016,0.01147,0.1767
1519,2011-07-15,51.05210494995117,-0.05736,0.18103
1518,2011-07-14,50.381412506103516,-0.36005,0.17366
1517,2011-07-13,50.972679138183594,-0.38564,0.17213
1516,2011-07-12,50.76087951660156,-0.2621,0.16019
1515,2011-07-11,51.149166107177734,0.01412,0.14814
1514,2011-07-08,52.093421936035156,0.28504,0.12728
1513,2011-07-07,52.2346305847168,0.42006,0.0888
1512,2011-07-06,51.52864456176758,0.47037,0.04857
1511,2011-07-05,51.3609619140625,0.51802,0.00356
1510,2011-07-01,51.105037689208984,0.55597,-0.03233
1509,2011-06-30,50.34611129760742,0.56391,-0.0639
1508,2011-06-29,49.68422317504883,0.31858,-0.08565
1507,2011-06-28,49.48127746582031,0.21092,-0.09926
1506,2011-06-27,48.75762176513672,-0.03618,-0.11359
1505,2011-06-24,47.98985290527344,0.06442,-0.12709
1504,2011-06-23,48.8370361328125,0.34064,-0.13488
1503,2011-06-22,48.38698196411133,0.28081,-0.14724
1502,2011-06-21,48.73997116088867,0.19714,-0.14945
1501,2011-06-20,47.71628189086914,-0.2357,-0.15213
1500,2011-06-17,47.46919631958008,-0.23939,-0.1514
1499,2011-06-16,47.61832809448242,-0.12943,-0.15102
1498,2011-06-15,47.80324172973633,-0.14969,-0.14577
1497,2011-06-14,48.727783203125,-0.08365,-0.1427
1496,2011-06-13,48.11141586303711,-0.26856,-0.14149
1495,2011-06-10,48.11141586303711,-0.24654,-0.13005
1494,2011-06-09,48.85986328125,-0.19547,-0.11448
1493,2011-06-08,48.77181625366211,-0.36981,-0.10653
1492,2011-06-07,49.12401580810547,-0.34516,-0.09632
1491,2011-06-06,49.212059020996094,-0.50013,-0.08968
1490,2011-06-03,49.61710739135742,-0.29145,-0.08265
1489,2011-06-02,50.374332427978516,-0.01761,-0.07793
1488,2011-06-01,50.2686653137207,0.16025,-0.07962
1487,2011-05-31,51.386940002441406,0.37157,-0.07564
1486,2011-05-27,50.568050384521484,0.14,-0.079
1485,2011-05-26,50.31269836425781,-0.12239,-0.07285
1484,2011-05-25,50.00452423095703,-0.35573,-0.0598
1483,2011-05-24,49.81083297729492,-0.37245,-0.03276
1482,2011-05-23,50.11899948120117,-0.13648,-0.00107
1481,2011-05-20,50.86742401123047,0.12239,0.02407
1480,2011-05-19,51.25486373901367,0.02113,0.04073
1479,2011-05-18,51.105159759521484,-0.26327,0.05202
1478,2011-05-17,50.682525634765625,-0.36189,0.06778
1477,2011-05-16,50.54165267944336,-0.34604,0.08347
1476,2011-05-13,51.43095016479492,-0.05636,0.09848
1475,2011-05-12,52.04732131958008,0.11887,0.10209
1474,2011-05-11,51.73912811279297,0.14793,0.09841
1473,2011-05-10,52.11776351928711,0.14001,0.0977
1472,2011-05-09,51.67750549316406,-0.01145,0.09088
1471,2011-05-06,51.48379135131836,-0.12415,0.08561
1470,2011-05-05,51.31648254394531,-0.17347,0.08168
1469,2011-05-04,51.598243713378906,-0.12768,0.07938
1468,2011-05-03,51.67750549316406,-0.10742,0.07583
1467,2011-05-02,51.924041748046875,0.01409,0.07492
1466,2011-04-29,52.020912170410156,0.1312,0.06756
1465,2011-04-28,52.06492614746094,0.2034,0.05893
1464,2011-04-27,52.14417266845703,0.27824,0.0563
1463,2011-04-26,51.79196548461914,0.44466,0.05307
1462,2011-04-25,51.501407623291016,0.54768,0.04997
1461,2011-04-21,51.369327545166016,0.44114,0.05606
1460,2011-04-20,50.964290618896484,0.1946,0.05974
1459,2011-04-19,49.83723068237305,-0.08805,0.06897
1458,2011-04-18,49.529052734375,-0.03874,0.07601
1457,2011-04-15,49.881256103515625,0.01409,0.07885
1456,2011-04-14,49.969295501708984,-0.0273,0.0765
1455,2011-04-13,50.05735397338867,-0.11623,0.07596
1454,2011-04-12,49.63468551635742,-0.19724,0.06685
1453,2011-04-11,49.97810363769531,-0.09069,0.05886
1452,2011-04-08,50.14542007446289,-0.04755,0.04997
1451,2011-04-07,50.383140563964844,-0.04315,0.0333
1450,2011-04-06,50.418357849121094,-0.05988,0.01247
1449,2011-04-05,50.295108795166016,-0.05459,0.0011
1448,2011-04-04,50.42716598510742,0.04315,-0.00673
1447,2011-04-01,50.59447479248047,0.19459,-0.02368
1446,2011-03-31,50.568050384521484,0.1761,-0.04104
1445,2011-03-30,50.49760437011719,0.13559,-0.05165
1444,2011-03-29,50.25987243652344,0.22629,-0.05956
1443,2011-03-28,49.775596618652344,0.2985,-0.0695
1442,2011-03-25,50.04854965209961,0.35045,-0.08848
1441,2011-03-24,49.92529296875,0.41472,-0.10982
1440,2011-03-23,49.05356216430664,0.28388,-0.12877
1439,2011-03-22,48.78060531616211,0.31519,-0.1345
1438,2011-03-21,48.86865997314453,0.04866,-0.13631
1437,2011-03-18,47.944122314453125,-0.38392,-0.13577
1436,2011-03-17,48.05240249633789,-0.51174,-0.12064
1435,2011-03-16,47.6127815246582,-0.43788,-0.1035
1434,2011-03-15,48.791019439697266,-0.25763,-0.08056
1433,2011-03-14,49.494422912597656,-0.2462,-0.06369
1432,2011-03-11,49.67028045654297,-0.23565,-0.05021
1431,2011-03-10,49.36252975463867,-0.33589,-0.03514
1430,2011-03-09,50.145103454589844,-0.26642,-0.01581
1429,2011-03-08,50.48801040649414,-0.04573,-0.00447
1428,2011-03-07,50.2857780456543,0.13453,0.01197
1427,2011-03-04,50.97163772583008,0.16091,0.03167
1426,2011-03-03,51.235408782958984,0.05364,0.03175
1425,2011-03-02,50.241825103759766,-0.02198,0.0315
1424,2011-03-01,49.978023529052734,0.12925,0.04264
1423,2011-02-28,50.79576110839844,0.22597,0.05667
1422,2011-02-25,50.69024658203125,-0.20487,0.0685
1421,2011-02-24,49.99562072753906,-0.54251,0.07648
1420,2011-02-23,49.731834411621094,-0.56889,0.08712
1419,2011-02-22,50.145103454589844,-0.27169,0.09488
1418,2011-02-18,51.63987731933594,0.05803,0.10022
1417,2011-02-17,51.75416946411133,0.10024,0.09399
1416,2011-02-16,51.77175521850586,0.15651,0.08534
1415,2011-02-15,51.4376220703125,0.14948,0.07819
1414,2011-02-14,51.50798034667969,0.14156,0.0732
1413,2011-02-11,51.38487243652344,0.13805,0.06758
1412,2011-02-10,51.01558303833008,0.13717,0.06094
1411,2011-02-09,50.93644332885742,0.21015,0.05775
1410,2011-02-08,51.02437210083008,0.24005,0.05763
1409,2011-02-07,50.69024658203125,0.14244,0.05451
1408,2011-02-04,50.45283889770508,0.24355,0.05978
1407,2011-02-03,50.171451568603516,0.31829,0.06365
1406,2011-02-02,50.083534240722656,0.07737,0.06744
1405,2011-02-01,50.162681579589844,-0.06506,0.07155
1404,2011-01-31,49.23945236206055,-0.18992,0.0725
1403,2011-01-28,49.002037048339844,-0.06946,0.08139
1402,2011-01-27,50.27699661254883,0.2972,0.09066
1401,2011-01-26,49.96923065185547,0.20135,0.08653
1400,2011-01-25,49.70546340942383,0.03342,0.0866
1399,2011-01-24,49.635101318359375,-0.19784,0.0881
1398,2011-01-21,48.958065032958984,-0.32446,0.08934
1397,2011-01-20,49.33615493774414,-0.12574,0.09941
1396,2011-01-19,49.68785858154297,0.0422,0.10265
1395,2011-01-18,50.2593879699707,0.21454,0.10196
1394,2011-01-14,50.11872482299805,0.19872,0.09245
1393,2011-01-13,49.749420166015625,0.16706,0.08538
1392,2011-01-12,49.731834411621094,0.13805,0.08039
1391,2011-01-11,49.38011169433594,0.08793,0.07544
1390,2011-01-10,49.3098030090332,0.15388,0.07236
1389,2011-01-07,49.125125885009766,0.15563,0.06819
1388,2011-01-06,49.16908645629883,0.29455,0.06543
1387,2011-01-05,49.010826110839844,0.26115,0.06509
1386,2011-01-04,48.59756851196289,0.14156,0.07332
1385,2011-01-03,48.63274383544922,0.08353,0.07797
1384,2010-12-31,47.88536071777344,-0.05539,0.08015
1383,2010-12-30,48.06120300292969,-0.01231,0.08518
1382,2010-12-29,48.175514221191406,-0.02198,0.09598
1381,2010-12-28,48.06999969482422,-0.04836,0.09701
1380,2010-12-27,48.157936096191406,0.02375,0.10131
1379,2010-12-23,48.131553649902344,0.06682,0.10351
1378,2010-12-22,48.254638671875,0.10428,0.11103
1377,2010-12-21,48.2634391784668,0.15495,0.11635
1376,2010-12-20,47.9732666015625,0.08814,0.11223
1375,2010-12-17,47.93811798095703,0.07338,0.10757
1374,2010-12-16,47.895912170410156,0.00351,0.09476
1373,2010-12-15,47.527347564697266,-0.00263,0.07878
1372,2010-12-14,47.73796081542969,0.07108,0.06808
1371,2010-12-13,47.650177001953125,0.10969,0.05246
1370,2010-12-10,47.81693649291992,0.13427,0.03783
1369,2010-12-09,47.501014709472656,0.06581,0.02111
1368,2010-12-08,47.45713806152344,0.0623,0.01226
1367,2010-12-07,47.28163528442383,0.13163,0.00504
1366,2010-12-06,47.25529479980469,0.36857,0.00324
1365,2010-12-03,47.27287673950195,0.344,0.0009
1364,2010-12-02,47.149993896484375,0.20885,-0.00371
1363,2010-12-01,46.67611312866211,-0.04739,-0.00726
1362,2010-11-30,45.71083068847656,-0.03072,-0.00581
1361,2010-11-29,46.2724723815918,0.02984,0.00564
1360,2010-11-26,46.30757141113281,0.07108,0.01336
1359,2010-11-24,46.614688873291016,0.086,0.02283
1358,2010-11-23,45.69329833984375,0.12461,0.02904
1357,2010-11-22,46.4304313659668,0.33259,0.04616
1356,2010-11-19,46.04430389404297,0.11408,0.05117
1355,2010-11-18,46.009193420410156,-0.07635,0.05742
1354,2010-11-17,45.28084945678711,-0.40542,0.07203
1353,2010-11-16,45.14921569824219,-0.4923,0.09176
1352,2010-11-15,45.903892517089844,-0.30626,0.11539
1351,2010-11-12,46.079410552978516,-0.22202,0.13333
1350,2010-11-11,46.842872619628906,-0.05265,0.14795
1349,2010-11-10,47.1412239074707,-0.01053,0.15584
1348,2010-11-09,46.904296875,0.08161,0.15952
1347,2010-11-08,47.158782958984375,0.22553,0.15905
1346,2010-11-05,47.097354888916016,0.33259,0.16304
1345,2010-11-04,47.097354888916016,0.33171,0.1598
1344,2010-11-03,46.52695846557617,0.17902,0.15293
1343,2010-11-02,46.31634521484375,0.09653,0.14687
1342,2010-11-01,45.82491683959961,0.03247,0.13976
1341,2010-10-29,45.78982925415039,0.07459,0.13509
1340,2010-10-28,45.8951301574707,0.14216,0.12668
1339,2010-10-27,45.798583984375,0.19218,0.12354
1338,2010-10-26,45.658199310302734,0.20008,0.11874
1337,2010-10-25,45.53533172607422,0.22728,0.11194
1336,2010-10-22,45.31593322753906,0.10091,0.10412
1335,2010-10-21,45.008811950683594,-0.04476,0.10323
1334,2010-10-20,44.921051025390625,0.07635,0.10425
1333,2010-10-19,44.59636688232422,0.12988,0.10536
1332,2010-10-18,45.01759338378906,0.29398,0.10974
1331,2010-10-15,45.18431854248047,0.32907,0.10917
1330,2010-10-14,44.24533462524414,0.1834,0.10938
1329,2010-10-13,44.333106994628906,0.2264,0.11698
1328,2010-10-12,43.97331619262695,0.18604,0.12239
1327,2010-10-11,43.674957275390625,0.06494,0.13289
1326,2010-10-08,43.657413482666016,0.20096,0.14081
1325,2010-10-07,43.35905456542969,0.13602,0.15237
1324,2010-10-06,43.20108413696289,0.08512,0.16784
1323,2010-10-05,43.57841873168945,0.01316,0.19219
1322,2010-10-04,42.542930603027344,-0.18077,0.20759
1321,2010-10-01,43.00802993774414,-0.09302,0.22548
1320,2010-09-30,43.0606803894043,-0.11232,0.23995
1319,2010-09-29,43.25375747680664,0.08337,0.24585
1318,2010-09-28,43.32393264770508,0.18252,0.24977
1317,2010-09-27,43.341495513916016,0.18516,0.24241
1316,2010-09-24,43.57841873168945,0.13251,0.22794
1315,2010-09-23,42.70968246459961,0.10706,0.2085
1314,2010-09-22,42.72721862792969,0.22412,0.18886
1313,2010-09-21,42.8412971496582,0.2953,0.16832
1312,2010-09-20,42.850059509277344,0.2925,0.14894
1311,2010-09-17,42.112953186035156,0.19215,0.12733
1310,2010-09-16,41.97078323364258,0.2784,0.10766
1309,2010-09-15,41.8044548034668,0.30555,0.08444
1308,2010-09-14,41.541805267333984,0.28191,0.05091
1307,2010-09-13,41.36671447753906,0.30204,0.01596
1306,2010-09-10,40.79763412475586,0.16722,-0.0149
1305,2010-09-09,40.6487922668457,0.22588,-0.04096
1304,2010-09-08,40.4912223815918,0.29942,-0.06627
1303,2010-09-07,40.00969696044922,0.50165,-0.08586
1302,2010-09-03,40.28109359741211,0.57782,-0.1021
1301,2010-09-02,39.624481201171875,0.30905,-0.11346
1300,2010-09-01,39.186737060546875,0.16021,-0.11757
1299,2010-08-31,38.04862976074219,-0.10068,-0.11975
1298,2010-08-30,38.179935455322266,-0.007,-0.11267
1297,2010-08-27,38.58264923095703,-0.08142,-0.10508
1296,2010-08-26,38.118656158447266,-0.27752,-0.09653
1295,2010-08-25,38.58264923095703,-0.24952,-0.07966
1294,2010-08-24,38.214942932128906,-0.36596,-0.0568
1293,2010-08-23,38.941585540771484,-0.211,-0.03489
1292,2010-08-20,39.32680892944336,-0.02364,-0.01479
1291,2010-08-19,39.27429962158203,0.09018,0.00469
1290,2010-08-18,39.87837600708008,0.14621,0.01412
1289,2010-08-17,39.720787048339844,-0.02626,0.01832
1288,2010-08-16,39.22175598144531,-0.38696,0.02598
1287,2010-08-13,39.151710510253906,-0.55593,0.04328
1286,2010-08-12,39.43187713623047,-0.44825,0.06229
1285,2010-08-11,39.74705123901367,-0.25827,0.08184
1284,2010-08-10,40.858909606933594,-0.02539,0.0996
1283,2010-08-09,41.217857360839844,0.09105,0.11627
1282,2010-08-06,40.93770980834961,0.04728,0.12766
1281,2010-08-05,40.99900817871094,0.20224,0.13777
1280,2010-08-04,41.09528732299805,0.27315,0.1435
1279,2010-08-03,40.68382263183594,0.15759,0.14015
1278,2010-08-02,40.858909606933594,0.02276,0.12445
1277,2010-07-30,40.105995178222656,-0.17247,0.1048
1276,2010-07-29,40.01844787597656,-0.09543,0.0918
1275,2010-07-28,40.31611633300781,0.08054,0.07366
1274,2010-07-27,40.640037536621094,0.37033,0.05118
1273,2010-07-26,40.65755844116211,0.33093,0.02262
1272,2010-07-23,40.32487869262695,0.27928,-0.00928
1271,2010-07-22,40.07098388671875,0.24339,-0.03722
1270,2010-07-21,39.08169174194336,-0.08754,-0.06087
1269,2010-07-20,39.624481201171875,-0.12957,-0.07246
1268,2010-07-19,39.151710510253906,-0.21362,-0.07838
1267,2010-07-16,38.819034576416016,-0.04816,-0.07962
1266,2010-07-15,39.92213439941406,0.2425,-0.07366
1265,2010-07-14,39.887115478515625,0.30029,-0.06829
1264,2010-07-13,39.68576431274414,0.28803,-0.06687
1263,2010-07-12,39.17799758911133,0.43424,-0.06511
1262,2010-07-09,39.064170837402344,0.51654,-0.06571
1261,2010-07-08,38.696475982666016,0.41236,-0.07794
1260,2010-07-07,38.486351013183594,0.21975,-0.08167
1259,2010-07-06,37.295692443847656,-0.15584,-0.07343
1258,2010-07-02,37.181884765625,-0.53055,-0.05596
1257,2010-07-01,37.28692626953125,-0.67938,-0.03762
1256,2010-06-30,37.39199447631836,-0.61301,-0.00472
1255,2010-06-29,37.96982955932617,-0.46665,0.02408
1254,2010-06-28,39.4931640625,-0.24235,0.04864
1253,2010-06-25,39.63323974609375,-0.29463,0.05728
1252,2010-06-24,39.6253547668457,-0.3364,0.06816
1251,2010-06-23,40.236995697021484,-0.22561,0.06461
1250,2010-06-22,40.40302276611328,-0.13138,0.0524
1249,2010-06-21,40.71757125854492,0.01271,0.03348
1248,2010-06-18,41.06706619262695,0.30857,0.01313
1247,2010-06-17,41.03300094604492,0.39333,-0.01795
1246,2010-06-16,40.902191162109375,0.42472,-0.05439
1245,2010-06-15,40.73645782470703,0.54071,-0.08121
1244,2010-06-14,39.67251205444336,0.37327,-0.10624
1243,2010-06-11,39.68120193481445,0.29128,-0.10091
1242,2010-06-10,39.30620193481445,-0.04274,-0.10506
1241,2010-06-09,38.2160758972168,-0.57909,-0.11771
1240,2010-06-08,38.53874588012695,-0.57036,-0.11938
1239,2010-06-07,38.60852813720703,-0.25989,-0.13326
1238,2010-06-04,39.32366180419922,0.04274,-0.13843
1237,2010-06-03,40.719051361083984,0.19972,-0.15539
1236,2010-06-02,40.335304260253906,0.29739,-0.17593
1235,2010-06-01,39.40213394165039,0.20582,-0.1906
1234,2010-05-28,39.76841735839844,0.26599,-0.20247
1233,2010-05-27,40.00388717651367,0.13954,-0.21539
1232,2010-05-26,38.54747009277344,-0.03837,-0.22566
1231,2010-05-25,38.9835205078125,-0.21018,-0.21614
1230,2010-05-24,38.94863510131836,-0.41513,-0.20482
1229,2010-05-21,39.105621337890625,-0.57211,-0.18775
1228,2010-05-20,38.67828369140625,-0.53897,-0.16924
1227,2010-05-19,40.169612884521484,-0.35582,-0.14814
1226,2010-05-18,40.49228286743164,-0.44914,-0.1363
1225,2010-05-17,41.05916213989258,-0.25902,-0.12036
1224,2010-05-14,40.92835235595703,-0.13517,-0.10614
1223,2010-05-13,41.73068618774414,0.49972,-0.08896
1222,2010-05-12,42.4022216796875,0.55903,-0.07605
1221,2010-05-11,41.61731719970703,0.02442,-0.06837
1220,2010-05-10,41.66090774536133,-0.3567,-0.05381
1219,2010-05-07,39.60273361206055,-0.9506,-0.03786
1218,2010-05-06,40.61438751220703,-0.61833,0.00285
1217,2010-05-05,42.01847839355469,-0.42821,0.03529
1216,2010-05-04,42.236515045166016,-0.19012,0.05291
1215,2010-05-03,43.54469299316406,0.09157,0.06978
1214,2010-04-30,42.94292449951172,-0.12646,0.07528
1213,2010-04-29,43.80631637573242,-0.14128,0.0859
1212,2010-04-28,43.05630111694336,-0.26687,0.08647
1211,2010-04-27,43.0301399230957,-0.11163,0.0912
1210,2010-04-26,43.96330261230469,0.15785,0.09809
1209,2010-04-23,44.059234619140625,0.22675,0.09817
1208,2010-04-22,43.8760986328125,0.18228,0.093
1207,2010-04-21,43.63188934326172,0.00174,0.0891
1206,2010-04-20,43.38770294189453,-0.08285,0.08689
1205,2010-04-19,43.1696662902832,-0.00175,0.08783
1204,2010-04-16,43.19583511352539,0.15088,0.08827
1203,2010-04-15,43.71910095214844,0.26512,0.08706
1202,2010-04-14,43.5272331237793,0.22936,0.08057
1201,2010-04-13,43.0126953125,0.14913,0.07703
1200,2010-04-12,42.79465103149414,0.0907,0.0786
1199,2010-04-09,42.759788513183594,0.07239,0.08117
1198,2010-04-08,42.50687789916992,0.10291,0.08784
1197,2010-04-07,42.410926818847656,0.13344,0.09601
1196,2010-04-06,42.515586853027344,0.10204,0.1034
1195,2010-04-05,42.393497467041016,0.04622,0.10878
1194,2010-04-01,42.00102996826172,0.0218,0.11833
1193,2010-03-31,42.00102996826172,0.07064,0.13047
1192,2010-03-30,42.201637268066406,0.08896,0.14012
1191,2010-03-29,42.06209182739258,-0.00524,0.14896
1190,2010-03-26,41.86149597167969,-0.01221,0.15167
1189,2010-03-25,41.81788635253906,0.08895,0.15329
1188,2010-03-24,41.87895202636719,0.10832,0.15302
1187,2010-03-23,42.07954406738281,0.12233,0.15228
1186,2010-03-22,41.7917366027832,0.06386,0.1492
1185,2010-03-19,41.41672897338867,0.07766,0.15083
1184,2010-03-18,41.66877365112305,0.11935,0.15412
1183,2010-03-17,41.52936935424805,0.07144,0.15752
1182,2010-03-16,41.41611862182617,0.05488,0.15836
1181,2010-03-15,41.15477752685547,0.09496,0.16082
1180,2010-03-12,41.259300231933594,0.1934,0.16014
1179,2010-03-11,41.25060272216797,0.21431,0.15845
1178,2010-03-10,41.093788146972656,0.27791,0.14346
1177,2010-03-09,40.762752532958984,0.2753,0.12965
1176,2010-03-08,40.536231994628906,0.24393,0.11992
1175,2010-03-05,40.45783233642578,0.19689,0.11388
1174,2010-03-04,39.85670852661133,0.18905,0.1
1173,2010-03-03,39.72602081298828,0.24306,0.08095
1172,2010-03-02,39.682472229003906,0.23435,0.06531
1171,2010-03-01,39.56049728393555,0.23086,0.0496
1170,2010-02-26,38.994232177734375,0.04181,0.03548
1169,2010-02-25,38.854835510253906,-0.05141,0.01549
1168,2010-02-24,38.863563537597656,-0.10018,-0.00608
1167,2010-02-23,38.471527099609375,-0.08101,-0.03223
1166,2010-02-22,38.97684097290039,0.09584,-0.04719
1165,2010-02-19,39.05522918701172,0.23261,-0.07041
1164,2010-02-18,39.0726203918457,0.27617,-0.09299
1163,2010-02-17,38.82870864868164,0.32669,-0.11014
1162,2010-02-16,38.61090087890625,0.27529,-0.12889
1161,2010-02-12,38.123043060302734,0.2387,-0.14579
1160,2010-02-11,38.04461669921875,0.15071,-0.15326
1159,2010-02-10,37.47837829589844,0.08102,-0.15809
1158,2010-02-09,37.55677795410156,-0.13155,-0.15786
1157,2010-02-08,37.17344284057617,-0.25003,-0.15613
1156,2010-02-05,37.44353485107422,-0.13852,-0.14296
1155,2010-02-04,37.12987518310547,0.02526,-0.13381
1154,2010-02-03,38.23630142211914,0.13416,-0.11825
1153,2010-02-02,38.02721405029297,-0.20821,-0.11301
1152,2010-02-01,37.68745422363281,-0.35631,-0.10218
1151,2010-01-29,37.27800369262695,-0.33453,-0.08301
1150,2010-01-28,37.94009780883789,-0.07231,-0.05555
1149,2010-01-27,38.941959381103516,-0.12109,-0.03091
1148,2010-01-26,38.63703918457031,-0.37636,-0.01133
1147,2010-01-25,38.60219192504883,-0.55059,0.01689
1146,2010-01-22,38.471527099609375,-0.39029,0.0407
1145,2010-01-21,39.63018798828125,-0.15071,0.0663
1144,2010-01-20,40.00482177734375,-0.05749,0.07834
1143,2010-01-19,40.588504791259766,0.09757,0.08933
1142,2010-01-15,39.943817138671875,-0.03572,0.09186
1141,2010-01-14,40.41426086425781,-0.02875,0.10103
1140,2010-01-13,40.37940979003906,-0.03572,0.10779
1139,2010-01-12,39.88283920288086,-0.04617,0.11084
1138,2010-01-11,40.38813018798828,0.02526,0.11548
1137,2010-01-08,40.55364990234375,0.00087,0.11576
1136,2010-01-07,40.22258758544922,0.04878,0.11123
1135,2010-01-06,40.196468353271484,0.05315,0.10879
1134,2010-01-05,40.440399169921875,0.08973,0.10872
1133,2010-01-04,40.440399169921875,0.01046,0.10483
1132,2009-12-31,39.85670852661133,-0.04443,0.09357
1131,2009-12-30,40.22258758544922,0.11064,0.08812
1130,2009-12-29,40.10063552856445,0.19689,0.07657
1129,2009-12-28,40.26614761352539,0.28487,0.07046
1128,2009-12-24,40.05705642700195,0.31711,0.05914
1127,2009-12-23,39.691162109375,0.38297,0.04261
1126,2009-12-22,39.40369415283203,0.27014,0.02659
1125,2009-12-21,39.16848373413086,0.14301,0.01387
1124,2009-12-18,38.73286437988281,-0.0445,0.00656
1123,2009-12-17,38.11171340942383,-0.07045,0.0058
1122,2009-12-16,38.581382751464844,0.02522,0.00866
1121,2009-12-15,38.52919006347656,0.06001,0.00912
1120,2009-12-14,38.746620178222656,0.16264,0.01049
1119,2009-12-11,38.38134002685547,0.09567,0.01646
1118,2009-12-10,38.52919006347656,0.0461,0.02679
1117,2009-12-09,38.33784866333008,-0.0087,0.04264
1116,2009-12-08,37.95517349243164,-0.07306,0.05898
1115,2009-12-07,38.19000244140625,-0.01305,0.0783
1114,2009-12-04,38.37263107299805,0.08697,0.09496
1113,2009-12-03,38.1726188659668,0.11046,0.09875
1112,2009-12-02,38.32917022705078,0.02436,0.1088
1111,2009-12-01,38.27696990966797,-0.05044,0.10798
1110,2009-11-30,37.88559341430664,-0.14264,0.10131
1109,2009-11-27,37.84209442138672,0.01565,0.09675
1108,2009-11-25,38.424827575683594,0.13829,0.09089
1107,2009-11-24,38.25957489013672,-0.02087,0.08043
1106,2009-11-23,38.390045166015625,-0.15916,0.07029
1105,2009-11-20,37.78122329711914,-0.25918,0.05841
1104,2009-11-19,37.972572326660156,-0.07045,0.05544
1103,2009-11-18,38.57267761230469,0.17308,0.04788
1102,2009-11-17,38.79010772705078,0.19221,0.0331
1101,2009-11-16,38.66834259033203,0.15568,0.02002
1100,2009-11-13,38.27696990966797,0.08958,0.00688
1099,2009-11-12,37.963863372802734,0.21656,-0.00289
1098,2009-11-11,38.181304931640625,0.35833,-0.00862
1097,2009-11-10,37.93778991699219,0.49923,-0.01603
1096,2009-11-09,37.84209442138672,0.50184,-0.02127
1095,2009-11-06,37.0506477355957,0.3505,-0.02081
1094,2009-11-05,36.83320236206055,0.25918,-0.01133
1093,2009-11-04,35.94607162475586,-0.10611,-0.00179
1092,2009-11-03,35.88520431518555,-0.10611,0.00568
1091,2009-11-02,35.77214050292969,-0.24788,0.01462
1090,2009-10-30,35.62428283691406,-0.37486,0.0238
1089,2009-10-29,36.607078552246094,-0.32006,0.04102
1088,2009-10-28,35.99827194213867,-0.40269,0.04594
1087,2009-10-27,36.824527740478516,-0.16699,0.05388
1086,2009-10-26,37.389835357666016,-0.04088,0.05267
1085,2009-10-23,37.51161575317383,-0.00609,0.04664
1084,2009-10-22,37.668155670166016,0.0861,0.04017
1083,2009-10-21,37.52029800415039,0.05218,0.03223
1082,2009-10-20,37.58988952636719,0.02349,0.02507
1081,2009-10-19,37.5811882019043,0.07654,0.02159
1080,2009-10-16,37.20720672607422,0.07828,0.01828
1079,2009-10-15,37.450721740722656,0.1522,0.01893
1078,2009-10-14,37.537689208984375,0.16873,0.0166
1077,2009-10-13,37.03325271606445,0.11915,0.01545
1076,2009-10-12,37.0245475769043,0.14611,0.02073
1075,2009-10-09,36.94627380371094,0.247,0.02789
1074,2009-10-08,36.7375373840332,0.31049,0.04115
1073,2009-10-07,36.58100891113281,0.27658,0.05657
1072,2009-10-06,36.476627349853516,-0.03566,0.07129
1071,2009-10-05,35.841705322265625,-0.29484,0.07915
1070,2009-10-02,35.55471420288086,-0.37224,0.08877
1069,2009-10-01,35.65907287597656,-0.13568,0.10103
1068,2009-09-30,36.7462272644043,0.07653,0.11271
1067,2009-09-29,36.72014236450195,-0.01044,0.11246
1066,2009-09-28,36.88540267944336,-0.10698,0.11215
1065,2009-09-25,36.26788330078125,-0.20178,0.10853
1064,2009-09-24,36.589698791503906,-0.0748,0.11388
1063,2009-09-23,36.920188903808594,0.03235,0.11838
1062,2009-09-22,37.094139099121094,0.06463,0.11987
1061,2009-09-21,37.0245475769043,0.14454,0.12171
1060,2009-09-18,36.911495208740234,0.19134,0.11221
1059,2009-09-17,36.8497428894043,0.21896,0.09816
1058,2009-09-16,36.8584098815918,0.18855,0.08489
1057,2009-09-15,36.32840347290039,0.1425,0.07473
1056,2009-09-14,36.2154426574707,0.20071,0.06503
1055,2009-09-11,36.07642364501953,0.26588,0.05274
1054,2009-09-10,36.04167175292969,0.40577,0.04465
1053,2009-09-09,35.70280838012695,0.42663,0.03266
1052,2009-09-08,35.39869689941406,0.35016,0.02041
1051,2009-09-04,35.068504333496094,0.07733,0.0105
1050,2009-09-03,34.3299560546875,-0.22939,0.00815
1049,2009-09-02,34.10403823852539,-0.30064,0.01162
1048,2009-09-01,34.13011169433594,-0.2094,0.01924
1047,2009-08-31,34.78178405761719,-0.04692,0.02873
1046,2009-08-28,35.13801956176758,0.03562,0.02942
1045,2009-08-27,35.103271484375,0.02346,0.02849
1044,2009-08-26,35.01636505126953,0.10079,0.02457
1043,2009-08-25,35.07720184326172,0.22852,0.02764
1042,2009-08-24,34.97293472290039,0.29803,0.03146
1041,2009-08-21,35.007686614990234,0.37797,0.03695
1040,2009-08-20,34.54716873168945,0.09384,0.04342
1039,2009-08-19,34.147491455078125,-0.18942,0.05427
1038,2009-08-18,33.91288757324219,-0.28587,0.07105
1037,2009-08-17,33.43498992919922,-0.1564,0.09821
1036,2009-08-14,34.43421173095703,0.07733,0.12897
1035,2009-08-13,34.83391189575195,0.05996,0.15319
1034,2009-08-12,34.642765045166016,0.03128,0.17146
1033,2009-08-11,34.11272430419922,-0.06256,0.18857
1032,2009-08-10,34.40814208984375,-0.06343,0.20898
1031,2009-08-07,34.65144348144531,-0.08516,0.21621
1030,2009-08-06,34.21699142456055,-0.0391,0.21668
1029,2009-08-05,34.521087646484375,0.07907,0.21222
1028,2009-08-04,34.79047775268555,0.16249,0.20289
1027,2009-08-03,34.79047775268555,0.17638,0.18807
1026,2009-07-31,34.277801513671875,0.05995,0.17149
1025,2009-07-30,34.3820915222168,0.0895,0.15822
1024,2009-07-29,34.18223571777344,0.00087,0.14741
1023,2009-07-28,33.95634078979492,0.10079,0.14067
1022,2009-07-27,34.19092559814453,0.25111,0.13265
1021,2009-07-24,33.93024826049805,0.29803,0.11095
1020,2009-07-23,34.19092559814453,0.36146,0.0928
1019,2009-07-22,33.45237731933594,0.25198,0.0693
1018,2009-07-21,33.17433166503906,0.26762,0.05356
1017,2009-07-20,32.948402404785156,0.43792,0.0358
1016,2009-07-17,32.63561248779297,0.48484,0.01274
1015,2009-07-16,32.46182632446289,0.53958,-0.00944
1014,2009-07-15,32.07950973510742,0.44313,-0.0304
1013,2009-07-14,31.03684425354004,0.24676,-0.04897
1012,2009-07-13,30.92390251159668,0.20245,-0.05488
1011,2009-07-10,30.34173583984375,-0.0643,-0.05994
1010,2009-07-09,30.211397171020508,-0.20506,-0.05809
1009,2009-07-08,30.159273147583008,-0.38665,-0.05047
1008,2009-07-07,30.002864837646484,-0.40751,-0.0422
1007,2009-07-06,30.767480850219727,-0.24851,-0.03083
1006,2009-07-02,30.932580947875977,-0.13816,-0.01781
1005,2009-07-01,31.627687454223633,0.01999,-0.00304
1004,2009-06-30,31.61031150817871,0.15119,0.00752
1003,2009-06-29,31.671154022216797,0.31975,0.01506
1002,2009-06-26,31.60163116455078,0.33626,0.03092
1001,2009-06-25,31.532100677490234,0.0669,0.04462
1000,2009-06-24,30.92390251159668,-0.13311,0.05212
999,2009-06-23,30.411258697509766,-0.20747,0.06338
998,2009-06-22,30.480758666992188,-0.04679,0.08021
997,2009-06-19,31.419170379638672,0.07628,0.10279
996,2009-06-18,31.085493087768555,-0.14493,0.11465
995,2009-06-17,31.1462345123291,-0.25688,0.13093
994,2009-06-16,30.851192474365234,-0.30027,0.13744
993,2009-06-15,31.15492820739746,-0.197,0.14224
992,2009-06-12,31.80579376220703,-0.01475,0.14415
991,2009-06-11,31.953323364257812,0.01996,0.1386
990,2009-06-10,31.953323364257812,0.02864,0.12338
989,2009-06-09,32.06614685058594,0.10154,0.10705
988,2009-06-08,31.823148727416992,0.07897,0.08814
987,2009-06-05,31.918611526489258,0.09372,0.07585
986,2009-06-04,31.883913040161133,0.23084,0.06178
985,2009-06-03,31.528079986572266,0.3315,0.04912
984,2009-06-02,31.62354850769043,0.453,0.04183
983,2009-06-01,31.580169677734375,0.34974,0.02968
982,2009-05-29,30.703670501708984,0.33325,0.01648
981,2009-05-28,30.33049964904785,0.31329,0.01488
980,2009-05-27,29.98336410522461,0.1458,0.01806
979,2009-05-26,30.19164276123047,0.00347,0.02408
978,2009-05-22,29.10685920715332,-0.18659,0.03037
977,2009-05-21,29.202322006225586,0.05207,0.03724
976,2009-05-20,29.749046325683594,0.24386,0.04356
975,2009-05-19,29.853187561035156,0.31328,0.05087
974,2009-05-18,29.714351654052734,0.08418,0.05517
973,2009-05-15,28.95932388305664,-0.21696,0.05637
972,2009-05-14,28.976686477661133,-0.26122,0.06382
971,2009-05-13,28.655595779418945,-0.23258,0.07874
970,2009-05-12,29.445310592651367,-0.17878,0.10015
969,2009-05-11,29.80979347229004,-0.18572,0.10579
968,2009-05-08,29.705663681030273,-0.21262,0.10604
967,2009-05-07,29.68830680847168,-0.02951,0.11072
966,2009-05-06,30.39992904663086,0.18659,0.12186
965,2009-05-05,30.3912410736084,0.25427,0.12718
964,2009-05-04,30.417287826538086,0.30982,0.13154
963,2009-05-01,29.8271541595459,0.18051,0.12623
962,2009-04-30,29.749046325683594,0.12063,0.11927
961,2009-04-29,29.45398712158203,0.12583,0.11865
960,2009-04-28,29.054790496826172,0.17356,0.11956
959,2009-04-27,29.271753311157227,0.25861,0.11748
958,2009-04-24,29.237035751342773,0.28812,0.12529
957,2009-04-23,28.733705520629883,0.01302,0.1268
956,2009-04-22,28.455989837646484,-0.13191,0.13047
955,2009-04-21,28.369205474853516,-0.03645,0.13757
954,2009-04-20,27.978696823120117,0.03558,0.15175
953,2009-04-17,28.90726089477539,0.13798,0.16301
952,2009-04-16,28.846515655517578,0.00955,0.16318
951,2009-04-15,28.117536544799805,0.03905,0.16818
950,2009-04-14,28.195646286010742,0.26729,0.18013
949,2009-04-13,28.542776107788086,0.23952,0.20061
948,2009-04-09,28.586162567138672,0.07463,0.2086
947,2009-04-08,27.727018356323242,-0.04773,0.21005
946,2009-04-07,27.267072677612305,0.15707,0.20921
945,2009-04-06,28.004714965820312,0.47557,0.21553
944,2009-04-03,28.07415771484375,0.52243,0.21109
943,2009-04-02,27.562131881713867,0.22477,0.19504
942,2009-04-01,26.70298957824707,-0.15447,0.17879
941,2009-03-31,26.312463760375977,-0.14319,0.16205
940,2009-03-30,26.08682632446289,-0.01649,0.14621
939,2009-03-27,26.746379852294922,0.07984,0.13892
938,2009-03-26,27.258398056030273,0.34973,0.11546
937,2009-03-25,26.442642211914062,0.24542,0.08619
936,2009-03-24,26.321147918701172,0.22798,0.05969
935,2009-03-23,26.8157958984375,0.24003,0.03372
934,2009-03-20,25.323150634765625,0.1981,-0.00765
933,2009-03-19,25.714534759521484,0.28765,-0.03556
932,2009-03-18,25.731861114501953,0.2296,-0.06353
931,2009-03-17,25.411291122436523,0.23826,-0.09245
930,2009-03-16,24.484251022338867,0.24692,-0.12701
929,2009-03-13,24.90011215209961,0.63593,-0.14982
928,2009-03-12,24.8394718170166,0.58482,-0.16831
927,2009-03-11,24.042400360107422,0.30411,-0.1797
926,2009-03-10,23.678508758544922,-0.06671,-0.18198
925,2009-03-09,22.300941467285156,-0.24173,-0.17552
924,2009-03-06,22.78611946105957,-0.06845,-0.1511
923,2009-03-05,22.968067169189453,-0.11696,-0.13348
922,2009-03-04,23.678508758544922,-0.15855,-0.12165
921,2009-03-03,23.063377380371094,-0.44099,-0.10613
920,2009-03-02,23.080698013305664,-0.46266,-0.08145
919,2009-02-27,23.85178565979004,-0.14295,-0.0536
918,2009-02-26,24.077049255371094,-0.12389,-0.03084
917,2009-02-25,24.770172119140625,-0.04245,-0.01264
916,2009-02-24,24.934783935546875,-0.16028,0.00906
915,2009-02-23,24.137691497802734,-0.26772,0.01702
914,2009-02-20,25.01275062561035,-0.30757,0.03594
913,2009-02-19,24.94344139099121,-0.41154,0.05068
912,2009-02-18,25.33331871032715,-0.28331,0.05877
911,2009-02-17,25.315998077392578,-0.17414,0.06353
910,2009-02-13,26.36432647705078,-0.16548,0.06425
909,2009-02-12,26.48562240600586,-0.25125,0.04953
908,2009-02-11,26.16506004333496,-0.15335,0.03638
907,2009-02-10,26.286348342895508,0.15509,0.01923
906,2009-02-09,27.291378021240234,0.40894,0.00411
905,2009-02-06,27.178735733032227,0.40027,-0.0207
904,2009-02-05,26.48562240600586,0.30497,-0.03438
903,2009-02-04,25.913799285888672,0.12736,-0.04021
902,2009-02-03,25.879146575927734,-0.0979,-0.03624
901,2009-02-02,25.48060417175293,-0.09617,-0.03453
900,2009-01-30,25.1773624420166,0.01386,-0.0294
899,2009-01-29,25.62788963317871,0.22526,-0.02079
898,2009-01-28,26.295019149780273,0.3119,-0.01787
897,2009-01-27,25.402633666992188,0.05978,-0.02708
896,2009-01-26,25.220684051513672,0.17761,-0.02574
895,2009-01-23,25.038745880126953,-0.02079,-0.02662
894,2009-01-22,24.917451858520508,-0.08231,-0.02794
893,2009-01-21,25.255346298217773,-0.00867,-0.0158
892,2009-01-20,24.224334716796875,-0.2036,-0.01094
891,2009-01-16,25.489276885986328,-0.05458,0.00926
890,2009-01-15,25.21202850341797,-0.24519,0.01099
889,2009-01-14,24.804828643798828,-0.41587,0.01498
888,2009-01-13,25.584571838378906,-0.26512,0.02307
887,2009-01-12,25.575908660888672,-0.34569,0.03341
886,2009-01-09,26.052417755126953,-0.214,0.05243
885,2009-01-08,26.650238037109375,-0.09703,0.05905
884,2009-01-07,26.37299919128418,0.14729,0.06501
883,2009-01-06,27.144081115722656,0.42973,0.07895
882,2009-01-05,26.875497817993164,0.50251,0.06532
881,2009-01-02,26.884159088134766,0.40287,0.05105
880,2008-12-31,25.766511917114258,0.13516,0.04496
879,2008-12-30,25.5499210357666,0.05285,0.04709
878,2008-12-29,25.03009033203125,-0.04938,0.0634
877,2008-12-26,25.238025665283203,-0.13256,0.09188
876,2008-12-24,25.246679306030273,-0.15197,0.10565
875,2008-12-23,25.1773624420166,-0.22348,0.10598
874,2008-12-22,25.307323455810547,-0.25105,0.1062
873,2008-12-19,25.870487213134766,0.05076,0.09976
872,2008-12-18,25.65994644165039,0.08565,0.07569
871,2008-12-17,26.118471145629883,0.26646,0.06807
870,2008-12-16,26.43857192993164,0.11852,0.04413
869,2008-12-15,25.22738265991211,-0.16697,0.01158
868,2008-12-12,25.6772518157959,-0.1488,-0.01207
867,2008-12-11,25.166820526123047,0.01125,-0.03384
866,2008-12-10,25.876232147216797,0.45593,-0.06134
865,2008-12-09,25.962749481201172,0.43689,-0.10806
864,2008-12-08,26.023305892944336,0.417,-0.14566
863,2008-12-05,25.037050247192383,0.34606,-0.18255
862,2008-12-04,24.059446334838867,-0.08046,-0.20731
861,2008-12-03,24.76020622253418,-0.23791,-0.21124
860,2008-12-02,24.076751708984375,-0.26819,-0.22017
859,2008-12-01,23.298120498657227,-0.15486,-0.1948
858,2008-11-28,25.192777633666992,0.51476,-0.16761
857,2008-11-26,25.391765594482422,0.78554,-0.16548
856,2008-11-25,24.370895385742188,0.46371,-0.16539
855,2008-11-24,24.48336410522461,-0.02336,-0.16119
854,2008-11-21,23.07319450378418,-0.53465,-0.16966
853,2008-11-20,22.112892150878906,-0.72239,-0.15358
852,2008-11-19,23.237573623657227,-0.67826,-0.12382
851,2008-11-18,24.517967224121094,-0.24483,-0.0876
850,2008-11-17,24.54392433166504,-0.27598,-0.08573
849,2008-11-14,25.07164764404297,-0.27858,-0.09275
848,2008-11-13,26.3520565032959,-0.30453,-0.07012
847,2008-11-12,24.838064193725586,-0.4144,-0.06034
846,2008-11-11,26.040607452392578,-0.30885,-0.04166
845,2008-11-10,26.620254516601562,-0.58483,-0.03463
844,2008-11-07,26.983610153198242,-0.55801,-0.04935
843,2008-11-06,26.43857192993164,-0.47496,-0.07553
842,2008-11-05,27.675716400146484,-0.07267,-0.09748
841,2008-11-04,29.1983642578125,0.33914,-0.14166
840,2008-11-03,28.393781661987305,0.26214,-0.20001
839,2008-10-31,28.454343795776367,0.8115,-0.23818
838,2008-10-30,28.411075592041016,0.84351,-0.29966
837,2008-10-29,27.494041442871094,0.42651,-0.35861
836,2008-10-28,27.56325340270996,0.06056,-0.39743
835,2008-10-27,24.820762634277344,-0.57791,-0.42868
834,2008-10-24,25.530187606811523,-0.72412,-0.42917
833,2008-10-23,26.37801170349121,-0.53725,-0.44479
832,2008-10-22,26.48183250427246,-0.35644,-0.44912
831,2008-10-21,27.234495162963867,0.23359,-0.43629
830,2008-10-20,28.7225341796875,0.07613,-0.44216
829,2008-10-17,27.943904876708984,-0.60646,-0.45303
828,2008-10-16,27.9093074798584,-0.22926,-0.461
827,2008-10-15,26.47317886352539,0.03893,-0.46259
826,2008-10-14,29.077238082885742,0.52341,-0.43591
825,2008-10-13,30.39224624633789,0.33654,-0.42437
824,2008-10-10,27.09607696533203,-0.71028,-0.42746
823,2008-10-09,27.26909828186035,-1.01999,-0.39277
822,2008-10-08,28.021770477294922,-1.05979,-0.35343
821,2008-10-07,28.246715545654297,-1.17572,-0.32521
820,2008-10-06,30.158649444580078,-0.90148,-0.29421
819,2008-10-03,31.300630569458008,-0.47064,-0.27832
818,2008-10-02,31.793766021728516,-0.69038,-0.27428
817,2008-10-01,33.30775833129883,-0.70682,-0.26489
816,2008-09-30,33.662479400634766,-0.65404,-0.26162
815,2008-09-29,32.71947479248047,-0.45593,-0.25712
814,2008-09-26,35.53980255126953,0.11506,-0.24614
813,2008-09-25,35.903175354003906,-0.24483,-0.25201
812,2008-09-24,35.3408317565918,-0.32131,-0.25943
811,2008-09-23,35.09859848022461,0.0097,-0.2569
810,2008-09-22,35.36677551269531,-0.02472,-0.25257
809,2008-09-19,37.11436080932617,0.07417,-0.25074
808,2008-09-18,35.93950653076172,-0.48328,-0.26227
807,2008-09-17,34.763710021972656,-0.67435,-0.25413
806,2008-09-16,36.66572189331055,-0.19884,-0.23096
805,2008-09-15,36.38042449951172,-0.00951,-0.22135
804,2008-09-12,37.54757308959961,0.1098,-0.20191
803,2008-09-11,37.69453811645508,-0.02335,-0.18228
802,2008-09-10,37.00288009643555,-0.23516,-0.1651
801,2008-09-09,36.700313568115234,-0.48675,-0.13341
800,2008-09-08,37.495689392089844,-0.52133,-0.08463
799,2008-09-05,37.56486892700195,-0.62507,-0.04609
798,2008-09-04,37.74641799926758,-0.683,-0.01186
797,2008-09-03,39.0086784362793,-0.41326,0.02102
796,2008-09-02,39.380428314208984,-0.2049,0.04437
795,2008-08-29,39.87322235107422,-0.00519,0.0715
794,2008-08-28,40.7291374206543,-0.04495,0.08616
793,2008-08-27,40.40060043334961,-0.11585,0.09633
792,2008-08-26,40.14124298095703,-0.14697,0.10275
791,2008-08-25,40.19309997558594,-0.05533,0.11556
790,2008-08-22,41.05765914916992,-0.03112,0.12676
789,2008-08-21,40.521636962890625,-0.26715,0.1297
788,2008-08-20,40.71183395385742,-0.3,0.12768
787,2008-08-19,40.64267349243164,-0.1755,0.12534
786,2008-08-18,41.15276336669922,0.00519,0.13131
785,2008-08-15,41.63690185546875,0.1098,0.13041
784,2008-08-14,41.714725494384766,0.15649,0.11979
783,2008-08-13,41.23921203613281,0.28876,0.10026
782,2008-08-12,41.32567596435547,0.33026,0.08774
781,2008-08-11,41.282440185546875,0.37435,0.06265
780,2008-08-08,40.910667419433594,0.5291,0.04532
779,2008-08-07,40.00289535522461,0.43055,0.03197
778,2008-08-06,40.31412887573242,0.29308,0.02526
777,2008-08-05,39.70895767211914,-0.0268,0.00563
776,2008-08-04,38.4121208190918,-0.217,-0.00338
775,2008-08-01,38.80116653442383,0.08991,-0.00377
774,2008-07-31,39.30260467529297,0.13228,-0.00724
773,2008-07-30,39.397727966308594,0.15822,-0.03053
772,2008-07-29,39.19886016845703,-0.02854,-0.0473
771,2008-07-28,38.403472900390625,-0.0709,-0.06317
770,2008-07-25,39.138343811035156,0.07694,-0.07291
769,2008-07-24,38.63690948486328,0.0683,-0.0985
768,2008-07-23,39.22482681274414,-0.03026,-0.11079
767,2008-07-22,38.714725494384766,-0.17118,-0.13092
766,2008-07-21,38.714725494384766,0.02853,-0.14593
765,2008-07-18,38.55045700073242,0.18329,-0.15486
764,2008-07-17,39.45824432373047,0.28271,-0.15221
763,2008-07-16,39.19886016845703,-0.01729,-0.15638
762,2008-07-15,38.247867584228516,-0.17896,-0.16615
761,2008-07-14,38.23920822143555,-0.31729,-0.16615
760,2008-07-11,38.5245246887207,-0.11844,-0.16514
759,2008-07-10,39.1469841003418,0.09942,-0.17593
758,2008-07-09,38.688777923583984,0.12277,-0.18269
757,2008-07-08,39.7435302734375,0.04409,-0.17689
756,2008-07-07,38.81845474243164,-0.14871,-0.1809
755,2008-07-03,38.58503341674805,-0.21614,-0.17827
754,2008-07-02,38.65419387817383,-0.1487,-0.16737
753,2008-07-01,39.60519790649414,-0.34582,-0.15031
752,2008-06-30,39.05189895629883,-0.44957,-0.13818
751,2008-06-27,39.46687316894531,-0.34237,-0.11159
750,2008-06-26,39.46687316894531,-0.2611,-0.08837
749,2008-06-25,41.126834869384766,-0.25435,-0.06201
748,2008-06-24,40.46976852416992,-0.3492,-0.05928
747,2008-06-23,40.67726516723633,-0.30076,-0.05191
746,2008-06-20,40.997135162353516,-0.21287,-0.04762
745,2008-06-19,42.134883880615234,0.00172,-0.04426
744,2008-06-18,41.486934661865234,0.11836,-0.04375
743,2008-06-17,41.936180114746094,0.32139,-0.03741
742,2008-06-16,42.160823822021484,0.13132,-0.03373
741,2008-06-13,41.78932189941406,-0.16588,-0.02491
740,2008-06-12,40.96855163574219,-0.39915,-0.01428
739,2008-06-11,40.92536163330078,-0.5918,0.00744
738,2008-06-10,41.936180114746094,-0.36459,0.02291
737,2008-06-09,42.134883880615234,-0.12528,0.03171
736,2008-06-06,42.35951614379883,0.05874,0.03746
735,2008-06-05,43.6727180480957,0.12441,0.04152
734,2008-06-04,42.99020767211914,-0.06393,0.04411
733,2008-06-03,42.4459342956543,-0.04579,0.0482
732,2008-06-02,42.67918395996094,0.12614,0.05916
731,2008-05-30,43.20619201660156,0.36804,0.06726
730,2008-05-29,42.92973709106445,0.32225,0.06763
729,2008-05-28,42.54958724975586,0.24536,0.07229
728,2008-05-27,42.376800537109375,-0.03629,0.08294
727,2008-05-23,41.64244079589844,-0.33003,0.0878
726,2008-05-22,41.77204132080078,-0.41383,0.1013
725,2008-05-21,41.62515640258789,-0.37323,0.12399
724,2008-05-20,42.56686782836914,0.0,0.14531
723,2008-05-19,42.89518356323242,0.15206,0.16515
722,2008-05-16,43.20619201660156,0.22376,0.17878
721,2008-05-15,43.171630859375,0.30584,0.18401
720,2008-05-14,42.42863845825195,0.20994,0.17572
719,2008-05-13,42.523677825927734,0.2635,0.17702
718,2008-05-12,42.41135787963867,0.04233,0.17051
717,2008-05-09,41.65106964111328,-0.11836,0.1598
716,2008-05-08,41.81524658203125,-0.1149,0.15368
715,2008-05-07,41.504215240478516,-0.10022,0.14651
714,2008-05-06,42.273128509521484,0.29115,0.14138
713,2008-05-05,42.01394271850586,0.31275,0.12606
712,2008-05-02,42.134883880615234,0.3594,0.12604
711,2008-05-01,42.07441711425781,0.26523,0.12337
710,2008-04-30,40.78712463378906,0.02851,0.11605
709,2008-04-29,41.12407302856445,0.127,0.11039
708,2008-04-28,40.81304931640625,0.18143,0.09865
707,2008-04-25,40.73529052734375,0.09936,0.09018
706,2008-04-24,40.83898162841797,0.08035,0.0926
705,2008-04-23,40.476112365722656,0.24104,0.09816
704,2008-04-22,40.03546905517578,0.32052,0.09548
703,2008-04-21,40.640262603759766,0.61686,0.10958
702,2008-04-18,40.35516357421875,0.55207,0.10825
701,2008-04-17,39.11106872558594,0.28252,0.10027
700,2008-04-16,39.19746780395508,-0.04147,0.1049
699,2008-04-15,38.13479995727539,-0.25746,0.10598
698,2008-04-14,38.082950592041016,-0.28338,0.1285
697,2008-04-11,38.25574493408203,-0.2445,0.14314
696,2008-04-10,39.34434127807617,-0.12959,0.15389
695,2008-04-09,38.791412353515625,-0.1581,0.14477
694,2008-04-08,39.23202896118164,0.00087,0.14122
693,2008-04-07,39.53440475463867,0.06134,0.13383
692,2008-04-04,39.620819091796875,0.36977,0.11935
691,2008-04-03,39.38752365112305,0.51578,0.09278
690,2008-04-02,39.301143646240234,0.489,0.06602
689,2008-04-01,39.38752365112305,0.15465,0.04098
688,2008-03-31,37.77194595336914,-0.29633,0.01547
687,2008-03-28,37.573238372802734,-0.2851,0.00672
686,2008-03-27,37.7632942199707,0.1175,0.00119
685,2008-03-26,38.61860656738281,0.57764,-0.0096
684,2008-03-25,38.73093032836914,0.46832,-0.02721
683,2008-03-24,38.51491928100586,0.52343,-0.04725
682,2008-03-20,37.2276496887207,0.21818,-0.06701
681,2008-03-19,36.48204803466797,-0.04143,-0.08079
680,2008-03-18,37.4057731628418,-0.02762,-0.07836
679,2008-03-17,35.80869674682617,-0.2728,-0.08612
678,2008-03-14,36.473419189453125,0.18905,-0.07368
677,2008-03-13,37.1553955078125,0.29265,-0.06257
676,2008-03-12,36.87053298950195,0.15885,-0.05532
675,2008-03-11,36.974143981933594,-0.12862,-0.05222
674,2008-03-10,35.61878967285156,-0.37553,-0.05973
673,2008-03-07,36.318031311035156,-0.16748,-0.05737
672,2008-03-06,36.40435791015625,-0.09583,-0.05546
671,2008-03-05,37.224483489990234,-0.17611,-0.04633
670,2008-03-04,37.04319381713867,-0.36344,-0.04426
669,2008-03-03,36.83601760864258,-0.35739,-0.03888
668,2008-02-29,37.077728271484375,-0.15971,-0.02778
667,2008-02-28,38.08774948120117,0.10963,-0.02555
666,2008-02-27,38.2345085144043,0.16661,-0.02494
665,2008-02-26,38.04460144042969,0.05525,-0.02723
664,2008-02-25,37.89783477783203,0.00518,-0.03702
663,2008-02-22,37.70792007446289,-0.04316,-0.04497
662,2008-02-21,37.56980514526367,-0.06733,-0.05512
661,2008-02-20,37.9323616027832,-0.16489,-0.06629
660,2008-02-19,37.75971603393555,-0.09669,-0.0896
659,2008-02-15,37.82876968383789,-0.03022,-0.10204
658,2008-02-14,37.958274841308594,0.12518,-0.12046
657,2008-02-13,38.65751647949219,0.30733,-0.13685
656,2008-02-12,37.82876968383789,0.25726,-0.14964
655,2008-02-11,38.04460144042969,0.13726,-0.16268
654,2008-02-08,37.63884353637695,-0.28143,-0.17683
653,2008-02-07,37.215850830078125,-0.61293,-0.20173
652,2008-02-06,36.95686340332031,-0.56631,-0.21606
651,2008-02-05,37.69927215576172,-0.1364,-0.22942
650,2008-02-04,38.80427551269531,0.19856,-0.24939
649,2008-02-01,39.35679244995117,0.27971,-0.2754
648,2008-01-31,38.95967102050781,0.20028,-0.30737
647,2008-01-30,38.303585052490234,-0.05698,-0.3287
646,2008-01-29,38.33809280395508,0.01899,-0.33564
645,2008-01-28,38.269046783447266,0.02417,-0.32996
644,2008-01-25,37.97553253173828,-0.17179,-0.3112
643,2008-01-24,38.769744873046875,-0.20201,-0.28593
642,2008-01-23,37.992801666259766,-0.4584,-0.26345
641,2008-01-22,38.139549255371094,-0.46962,-0.23991
640,2008-01-18,39.149593353271484,-0.5335,-0.21746
639,2008-01-17,39.201385498046875,-0.44027,-0.20252
638,2008-01-16,39.75387191772461,-0.37812,-0.1802
637,2008-01-15,40.18550491333008,-0.2469,-0.16922
636,2008-01-14,41.32503890991211,0.08892,-0.15662
635,2008-01-11,40.61714172363281,-0.10101,-0.15154
634,2008-01-10,41.42864227294922,-0.09237,-0.13056
633,2008-01-09,41.36820983886719,-0.59394,-0.10748
632,2008-01-08,40.50492477416992,-0.81407,-0.08373
631,2008-01-07,41.58402633666992,-0.70012,-0.05283
630,2008-01-04,41.78257751464844,-0.64228,-0.03295
629,2008-01-03,43.69906234741211,-0.33754,-0.011
628,2008-01-02,43.51777648925781,-0.41696,0.0059
627,2007-12-31,44.2170295715332,-0.23481,0.03194
626,2007-12-28,44.734989166259766,-0.03712,0.04316
625,2007-12-27,44.778133392333984,0.23274,0.05247
624,2007-12-26,45.322017669677734,0.58158,0.05494
623,2007-12-24,45.09756851196289,0.58926,0.05223
622,2007-12-21,44.76087188720703,0.46207,0.04525
621,2007-12-20,43.89501953125,0.00086,0.04397
620,2007-12-19,43.0153923034668,-0.37255,0.04781
619,2007-12-18,43.02402114868164,-0.47862,0.05473
618,2007-12-17,42.88603210449219,-0.34409,0.07814
617,2007-12-14,43.95537567138672,-0.25526,0.09206
616,2007-12-13,44.412445068359375,-0.20869,0.08168
615,2007-12-12,44.65392303466797,-0.18024,0.05434
614,2007-12-11,44.257205963134766,-0.02588,0.01523
613,2007-12-10,45.30931091308594,0.38721,-0.01313
612,2007-12-07,45.12822341918945,0.39239,-0.05298
611,2007-12-06,45.11959457397461,0.23456,-0.08643
610,2007-12-05,44.481449127197266,-0.07589,-0.12688
609,2007-12-04,43.69667053222656,-0.21042,-0.15303
608,2007-12-03,43.87775802612305,0.14402,-0.16867
607,2007-11-30,44.248619079589844,0.55193,-0.18206
606,2007-11-29,44.584930419921875,0.53641,-0.19013
605,2007-11-28,44.395198822021484,0.38462,-0.20615
604,2007-11-27,43.084381103515625,-0.01811,-0.22216
603,2007-11-26,42.2392463684082,-0.12936,-0.21443
602,2007-11-23,42.98088073730469,-0.10952,-0.19117
601,2007-11-21,42.52384567260742,-0.12073,-0.1837
600,2007-11-20,43.03264236450195,-0.04312,-0.16722
599,2007-11-19,42.86015319824219,-0.16299,-0.14759
598,2007-11-16,43.360347747802734,0.188,-0.12627
597,2007-11-15,42.96364212036133,0.08624,-0.11093
596,2007-11-14,43.19650650024414,-0.21904,-0.08256
595,2007-11-13,43.75703811645508,-0.70887,-0.06139
594,2007-11-12,42.023651123046875,-1.31513,-0.04252
593,2007-11-09,43.11887741088867,-0.95638,-0.00274
592,2007-11-08,44.61078643798828,-0.52605,0.03165
591,2007-11-07,46.007843017578125,-0.08969,0.06135
590,2007-11-06,47.15480422973633,-0.05433,0.07806
589,2007-11-05,46.62876510620117,-0.08537,0.07931
588,2007-11-02,46.93058395385742,0.02415,0.08412
587,2007-11-01,46.56840515136719,0.08797,0.08924
586,2007-10-31,47.45663070678711,0.36996,0.09464
585,2007-10-30,46.7926139831543,0.17938,0.09161
584,2007-10-29,46.69774627685547,0.00862,0.09476
583,2007-10-26,46.508018493652344,0.05088,0.10055
582,2007-10-25,45.74911880493164,0.16558,0.10772
581,2007-10-24,46.37004089355469,0.14833,0.12294
580,2007-10-23,46.7236328125,0.04743,0.12881
579,2007-10-22,45.7663688659668,-0.06123,0.12978
578,2007-10-19,45.22307586669922,-0.03881,0.14734
577,2007-10-18,46.378658294677734,0.0802,0.16424
576,2007-10-17,46.180328369140625,0.09659,0.16774
575,2007-10-16,45.59390640258789,-0.07072,0.17206
574,2007-10-15,45.80949020385742,-0.04312,0.17926
573,2007-10-12,46.16307830810547,0.00345,0.18747
572,2007-10-11,45.41279220581055,0.00345,0.18863
571,2007-10-10,46.145843505859375,0.34841,0.18652
570,2007-10-09,46.03371810913086,0.41739,0.17441
569,2007-10-08,45.83537292480469,0.29752,0.15656
568,2007-10-05,45.55078887939453,0.12073,0.14466
567,2007-10-04,44.64527130126953,0.0319,0.13705
566,2007-10-03,44.54179763793945,0.06381,0.13748
565,2007-10-02,44.85226058959961,0.15523,0.14715
564,2007-10-01,44.84363555908203,0.16816,0.14137
563,2007-09-28,44.3348274230957,0.18541,0.13037
562,2007-09-27,44.481449127197266,0.27338,0.12726
561,2007-09-26,44.257205963134766,0.2882,0.11905
560,2007-09-25,44.0416259765625,0.21026,0.11556
559,2007-09-24,43.6276741027832,0.11797,0.11526
558,2007-09-21,43.42932891845703,0.27085,0.11782
557,2007-09-20,43.12232971191406,0.25686,0.12635
556,2007-09-19,43.243019104003906,0.24135,0.1311
555,2007-09-18,43.130958557128906,0.15774,0.12482
554,2007-09-17,42.07077407836914,0.00345,0.11098
553,2007-09-14,42.42416000366211,0.19738,0.10866
552,2007-09-13,42.38969039916992,0.22755,0.09838
551,2007-09-12,42.182823181152344,0.02586,0.07845
550,2007-09-11,42.17420959472656,-0.12412,0.06458
549,2007-09-10,41.545013427734375,-0.33701,0.05308
548,2007-09-07,41.57086944580078,-0.15687,0.05162
547,2007-09-06,42.35520935058594,0.16635,0.04206
546,2007-09-05,42.38969039916992,0.30599,0.02823
545,2007-09-04,42.8206672668457,0.57491,0.01617
544,2007-08-31,42.12248229980469,0.30771,-0.0094
543,2007-08-30,41.65705108642578,0.03965,-0.02429
542,2007-08-29,41.44156265258789,-0.03103,-0.04298
541,2007-08-28,40.28657531738281,-0.12843,-0.06242
540,2007-08-27,41.26918029785156,0.1948,-0.06889
539,2007-08-24,41.545013427734375,0.33185,-0.08935
538,2007-08-23,40.967506408691406,0.30771,-0.11096
537,2007-08-22,41.079551696777344,0.44217,-0.12771
536,2007-08-21,40.52791976928711,0.28616,-0.14254
535,2007-08-20,40.105567932128906,-0.00948,-0.15067
534,2007-08-17,39.91593933105469,-0.33788,-0.14943
533,2007-08-16,39.17470169067383,-0.46199,-0.14448
532,2007-08-15,39.56255340576172,-0.35426,-0.12704
531,2007-08-14,40.32966995239258,-0.36287,-0.10478
530,2007-08-13,41.0278434753418,-0.25685,-0.08564
529,2007-08-10,40.75202941894531,-0.17066,-0.07562
528,2007-08-09,41.12266540527344,0.12498,-0.06175
527,2007-08-08,42.09663009643555,0.1629,-0.04894
526,2007-08-07,41.63981246948242,0.03879,-0.04247
525,2007-08-06,41.34675598144531,0.03448,-0.02954
524,2007-08-03,40.8726921081543,-0.12498,-0.01046
523,2007-08-02,41.66566848754883,0.00431,0.01376
522,2007-08-01,41.28640365600586,-0.22583,0.02996
521,2007-07-31,40.967506408691406,-0.35943,0.05515
520,2007-07-30,41.8466682434082,-0.25599,0.08066
519,2007-07-27,41.3640022277832,-0.38873,0.0955
518,2007-07-26,42.217308044433594,-0.2422,0.11075
517,2007-07-25,42.579322814941406,-0.22065,0.12072
516,2007-07-24,42.51897430419922,-0.16636,0.12239
515,2007-07-23,43.15681076049805,-0.03792,0.12349
514,2007-07-20,43.13956832885742,0.04223,0.11726
513,2007-07-19,43.372276306152344,0.09998,0.11314
512,2007-07-18,43.243019104003906,0.1336,0.10736
511,2007-07-17,43.294700622558594,0.26978,0.10472
510,2007-07-16,42.967193603515625,0.33012,0.09692
509,2007-07-13,43.010284423828125,0.2672,0.08939
508,2007-07-12,42.717220306396484,0.11378,0.08399
507,2007-07-11,42.07077407836914,-0.00689,0.07333
506,2007-07-10,41.78632736206055,0.04913,0.0634
505,2007-07-09,42.13972854614258,0.19566,0.05548
504,2007-07-06,42.11386489868164,0.2715,0.04452
503,2007-07-05,41.941471099853516,0.25772,0.03306
502,2007-07-03,41.63981246948242,0.1767,0.0241
501,2007-07-02,41.39847183227539,0.21376,0.02017
500,2007-06-29,41.0278434753418,0.14825,0.0205
499,2007-06-28,40.9588737487793,0.07844,0.02577
498,2007-06-27,40.976131439208984,-0.07498,0.02542
497,2007-06-26,40.35553741455078,-0.14049,0.02268
496,2007-06-25,40.58824920654297,-0.11723,0.0261
495,2007-06-22,40.7606315612793,-0.08447,0.02969
494,2007-06-21,41.148502349853516,-0.0431,0.03429
493,2007-06-20,40.77788543701172,-0.00224,0.03261
492,2007-06-19,41.16575241088867,0.16726,0.0374
491,2007-06-18,41.17436981201172,0.28267,0.03462
490,2007-06-15,41.16575241088867,0.23897,0.02833
489,2007-06-14,40.78908920288086,0.09732,0.02613
488,2007-06-13,40.5220947265625,0.09043,0.02154
487,2007-06-12,40.082862854003906,-0.04995,0.02007
486,2007-06-11,40.32400894165039,-0.14469,0.02358
485,2007-06-08,40.401519775390625,-0.2222,0.02473
484,2007-06-07,39.910614013671875,-0.2334,0.0253
483,2007-06-06,40.53932189941406,-0.04651,0.03192
482,2007-06-05,40.97855758666992,0.08182,0.03628
481,2007-06-04,40.97855758666992,0.15416,0.03517
480,2007-06-01,40.85797882080078,0.2222,0.02813
479,2007-05-31,40.832176208496094,0.27905,0.02179
478,2007-05-30,40.642669677734375,0.11799,0.01703
477,2007-05-29,40.31540298461914,-0.07406,0.01828
476,2007-05-25,40.0053596496582,-0.17311,0.02365
475,2007-05-24,39.755584716796875,-0.11024,0.03178
474,2007-05-23,40.332611083984375,0.11541,0.04371
473,2007-05-22,40.5220947265625,0.14469,0.0503
472,2007-05-21,40.48765182495117,0.17053,0.05261
471,2007-05-18,40.229270935058594,0.06287,0.0548
470,2007-05-17,39.9019889831543,-0.06976,0.06155
469,2007-05-16,40.091468811035156,0.00344,0.07091
468,2007-05-15,39.703895568847656,-0.10249,0.08
467,2007-05-14,40.01395034790039,-0.05081,0.08767
466,2007-05-11,40.2895393371582,-0.02067,0.09313
465,2007-05-10,39.781429290771484,-0.05856,0.09362
464,2007-05-09,40.332611083984375,0.04995,0.09948
463,2007-05-08,40.24647903442383,0.05684,0.10003
462,2007-05-07,40.16035079956055,0.14038,0.1042
461,2007-05-04,40.16035079956055,0.17311,0.10764
460,2007-05-03,40.125911712646484,0.04306,0.1087
459,2007-05-02,39.97951126098633,-0.07837,0.10847
458,2007-05-01,39.54887390136719,-0.11799,0.10394
457,2007-04-30,39.58333206176758,0.06718,0.09964
456,2007-04-27,40.10869216918945,0.26268,0.09535
455,2007-04-26,40.091468811035156,0.27043,0.08348
454,2007-04-25,39.8847541809082,0.22565,0.06898
453,2007-04-24,39.359397888183594,0.14641,0.06181
452,2007-04-23,39.161312103271484,0.08699,0.06055
451,2007-04-20,39.101016998291016,0.0577,0.06316
450,2007-04-19,38.88569259643555,0.08181,0.06436
449,2007-04-18,38.76514434814453,0.12144,0.06524
448,2007-04-17,38.89432144165039,0.2067,0.07081
447,2007-04-16,38.80820083618164,0.10335,0.06664
446,2007-04-13,38.45509338378906,0.02412,0.06424
445,2007-04-12,38.37757873535156,-0.02067,0.06363
444,2007-04-11,38.07611846923828,-0.01206,0.06497
443,2007-04-10,38.48092269897461,0.09904,0.06671
442,2007-04-09,38.2828254699707,0.18258,0.06904
441,2007-04-05,38.37757873535156,0.24201,0.06904
440,2007-04-04,38.188087463378906,0.18689,0.06161
439,2007-04-03,38.0330810546875,0.11197,0.05351
438,2007-04-02,37.54216766357422,-0.06804,0.04739
437,2007-03-30,37.490482330322266,-0.16881,0.03082
436,2007-03-29,37.52491760253906,-0.16192,0.01396
435,2007-03-28,37.48187255859375,-0.13866,-0.00338
434,2007-03-27,37.886653900146484,-0.07062,-0.01727
433,2007-03-26,38.15365219116211,0.09818,-0.033
432,2007-03-23,37.99860763549805,0.20497,-0.04801
431,2007-03-22,38.11919021606445,0.34536,-0.06242
430,2007-03-21,38.25698471069336,0.33279,-0.07549
429,2007-03-20,37.533546447753906,0.14135,-0.08385
428,2007-03-19,37.26655578613281,0.14817,-0.08418
427,2007-03-16,36.887603759765625,-0.01601,-0.08312
426,2007-03-15,36.916019439697266,-0.02582,-0.08242
425,2007-03-14,37.0020751953125,-0.04475,-0.08102
424,2007-03-13,36.46845626831055,-0.0327,-0.07627
423,2007-03-12,37.19144058227539,0.08349,-0.06594
422,2007-03-09,36.950435638427734,0.14459,-0.06201
421,2007-03-08,36.9848518371582,0.12996,-0.05377
420,2007-03-07,36.73527145385742,-0.04562,-0.04572
419,2007-03-06,36.881587982177734,-0.16698,-0.03095
418,2007-03-05,36.27909469604492,-0.25219,-0.01685
417,2007-03-02,36.56312942504883,-0.44585,0.00409
416,2007-03-01,37.12257766723633,-0.51384,0.02186
415,2007-02-28,37.294742584228516,-0.53794,0.03034
414,2007-02-27,37.174224853515625,-0.37699,0.04358
413,2007-02-26,38.76654815673828,0.0043,0.05733
412,2007-02-23,38.95589065551758,0.12652,0.05167
411,2007-02-22,39.09362030029297,0.13771,0.04425
410,2007-02-21,38.89565658569336,0.11792,0.02809
409,2007-02-20,38.775142669677734,0.21432,0.01062
408,2007-02-16,38.48252487182617,0.25822,-0.00582
407,2007-02-15,38.61162567138672,0.24531,-0.01733
406,2007-02-14,38.38783264160156,0.0241,-0.02624
405,2007-02-13,37.750892639160156,-0.16698,-0.02893
404,2007-02-12,37.62181091308594,-0.11017,-0.02384
403,2007-02-09,37.768104553222656,-0.00775,-0.01721
402,2007-02-08,38.258731842041016,0.07919,-0.01361
401,2007-02-07,38.267330169677734,0.07058,-0.00829
400,2007-02-06,37.92304992675781,0.00861,-0.00322
399,2007-02-05,37.97467803955078,0.09209,0.00475
398,2007-02-02,38.00912857055664,0.12652,0.00992
397,2007-02-01,37.871395111083984,0.11361,0.01596
396,2007-01-31,37.93165969848633,0.06369,0.02412
395,2007-01-30,37.552940368652344,-0.12567,0.02739
394,2007-01-29,37.535736083984375,-0.05767,0.03153
393,2007-01-26,37.501304626464844,-0.00775,0.03461
392,2007-01-25,37.63901138305664,-0.02324,0.03708
391,2007-01-24,38.129638671875,-0.01291,0.03495
390,2007-01-23,37.50991439819336,-0.26252,0.02929
389,2007-01-22,37.604591369628906,-0.3374,0.03372
388,2007-01-19,38.017730712890625,-0.29953,0.03801
387,2007-01-18,37.94026184082031,-0.20657,0.03614
386,2007-01-17,38.654659271240234,0.06714,0.0362
385,2007-01-16,38.97311019897461,0.26252,0.03055
384,2007-01-12,38.998939514160156,0.33052,0.01644
383,2007-01-11,38.80097961425781,0.27543,9e-05
382,2007-01-10,38.405033111572266,0.11791,-0.01364
381,2007-01-09,37.957462310791016,0.13255,-0.01922
380,2007-01-08,37.768104553222656,0.17644,-0.02402
379,2007-01-05,37.742305755615234,0.20313,-0.02723
378,2007-01-04,37.92304992675781,0.13599,-0.02772
377,2007-01-03,37.217254638671875,0.00774,-0.02907
376,2006-12-29,37.148414611816406,0.04046,-0.03169
375,2006-12-28,37.11397171020508,-0.01033,-0.03336
374,2006-12-27,37.294742584228516,-0.08521,-0.03146
373,2006-12-26,37.10536575317383,-0.1928,-0.03004
372,2006-12-22,36.950435638427734,-0.22293,-0.02535
371,2006-12-21,37.33776092529297,-0.20657,-0.01836
370,2006-12-20,37.604591369628906,-0.15768,-0.01287
369,2006-12-19,37.742305755615234,-0.02403,-0.00817
368,2006-12-18,37.8628044128418,0.09382,-0.00107
367,2006-12-15,38.24150848388672,0.12192,0.00803
366,2006-12-14,38.14339065551758,0.06533,0.01426
365,2006-12-13,37.72214889526367,0.02235,0.01879
364,2006-12-12,37.65338897705078,-0.04814,0.02824
363,2006-12-11,37.876895904541016,-0.09284,0.03997
362,2006-12-08,37.73935317993164,-0.12379,0.05348
361,2006-12-07,37.56740951538086,0.00687,0.06609
360,2006-12-06,38.048831939697266,0.10316,0.0795
359,2006-12-05,38.186378479003906,0.07909,0.08237
358,2006-12-04,38.048831939697266,0.04901,0.08355
357,2006-12-01,37.533042907714844,0.02665,0.08696
356,2006-11-30,37.859703063964844,-0.06792,0.08933
355,2006-11-29,37.885494232177734,-0.18913,0.09098
354,2006-11-28,37.62757110595703,-0.21062,0.0936
353,2006-11-27,37.51585006713867,-0.11175,0.09523
352,2006-11-24,38.38410949707031,0.08941,0.1005
351,2006-11-22,38.452880859375,0.08682,0.0968
350,2006-11-21,38.212162017822266,0.06619,0.09138
349,2006-11-20,38.16057586669922,0.09542,0.08485
348,2006-11-17,38.083229064941406,0.17452,0.07348
347,2006-11-16,38.083229064941406,0.27338,0.06194
346,2006-11-15,37.91987609863281,0.29745,0.05098
345,2006-11-14,37.765132904052734,0.20976,0.0455
344,2006-11-13,37.369686126708984,0.11004,0.03924
343,2006-11-10,36.99142837524414,0.08424,0.03596
342,2006-11-09,36.819496154785156,0.19686,0.0363
341,2006-11-08,36.99142837524414,0.24758,0.03658
340,2006-11-07,36.819496154785156,0.18568,0.03585
339,2006-11-06,36.57020950317383,-0.01289,0.04355
338,2006-11-03,36.04581069946289,-0.14099,0.05342
337,2006-11-02,36.140377044677734,-0.07049,0.0629
336,2006-11-01,36.10599136352539,-0.10918,0.06916
335,2006-10-31,36.604591369628906,-0.00344,0.07584
334,2006-10-30,36.51863479614258,0.03954,0.07629
333,2006-10-27,36.2865104675293,0.02063,0.07799
332,2006-10-26,36.810909271240234,0.14098,0.0863
331,2006-10-25,36.47564697265625,0.10316,0.08537
330,2006-10-24,36.22635269165039,0.10402,0.08405
329,2006-10-23,36.47564697265625,0.09113,0.08851
328,2006-10-20,36.10599136352539,-0.08941,0.08681
327,2006-10-19,36.0200309753418,-0.14872,0.08737
326,2006-10-18,35.93403625488281,-0.10574,0.08867
325,2006-10-17,36.10599136352539,0.1023,0.08987
324,2006-10-16,36.51003646850586,0.22266,0.09025
323,2006-10-13,36.47564697265625,0.20117,0.09075
322,2006-10-12,36.277923583984375,0.13497,0.09117
321,2006-10-11,35.71052932739258,0.02493,0.09291
320,2006-10-10,35.779300689697266,0.05931,0.09644
319,2006-10-09,35.719120025634766,0.22265,0.0911
318,2006-10-06,35.59877014160156,0.32065,0.08793
317,2006-10-05,35.676151275634766,0.24586,0.08598
316,2006-10-04,35.504215240478516,0.05158,0.08125
315,2006-10-03,34.65314483642578,-0.12981,0.07794
314,2006-10-02,34.50700759887695,-0.11433,0.08237
313,2006-09-29,34.94544982910156,0.01892,0.08943
312,2006-09-28,35.100181579589844,0.17795,0.09144
311,2006-09-27,35.005611419677734,0.17022,0.09117
310,2006-09-26,35.04859924316406,0.09199,0.08776
309,2006-09-25,34.87665939331055,0.07565,0.08247
308,2006-09-22,34.27489471435547,-0.01461,0.07439
307,2006-09-21,34.541385650634766,0.03868,0.07161
306,2006-09-20,34.756309509277344,0.05726,0.06651
305,2006-09-19,34.2577018737793,-9e-05,0.06526
304,2006-09-18,34.48980712890625,0.0953,0.07454
303,2006-09-15,34.48122024536133,0.22821,0.08136
302,2006-09-14,34.35826873779297,0.30328,0.08382
301,2006-09-13,34.32392501831055,0.33336,0.08735
300,2006-09-12,34.09193801879883,0.21393,0.08934
299,2006-09-11,33.47334289550781,-0.08162,0.08953
298,2006-09-08,33.26714324951172,-0.1452,0.09204
297,2006-09-07,33.069541931152344,-0.10052,0.09394
296,2006-09-06,33.22416687011719,0.00945,0.09858
295,2006-09-05,33.902931213378906,0.14005,0.10387
294,2006-09-01,33.576438903808594,0.09279,0.096
293,2006-08-31,33.396018981933594,0.12029,0.08976
292,2006-08-30,33.43037796020508,0.14863,0.09005
291,2006-08-29,33.27571105957031,0.13231,0.08643
290,2006-08-28,33.17262268066406,0.0464,0.08259
289,2006-08-25,32.92346954345703,-0.03265,0.08004
288,2006-08-24,32.86333084106445,-0.11685,0.08417
287,2006-08-23,32.76879119873047,-0.13231,0.08415
286,2006-08-22,33.017982482910156,-0.05412,0.07935
285,2006-08-21,33.009376525878906,0.14091,0.07479
284,2006-08-18,33.32728576660156,0.4356,0.06976
283,2006-08-17,33.27571105957031,0.5344,0.06069
282,2006-08-16,33.155433654785156,0.40982,0.04731
281,2006-08-15,32.39077377319336,0.19933,0.02862
280,2006-08-14,31.591739654541016,0.04983,0.01085
279,2006-08-11,31.385543823242188,-0.0043,0.00325
278,2006-08-10,31.60892677307129,-0.04296,-0.00451
277,2006-08-09,31.385543823242188,-0.14177,-0.01708
276,2006-08-08,31.34259033203125,-0.10568,-0.02685
275,2006-08-07,31.540205001831055,0.04468,-0.04187
274,2006-08-04,31.746402740478516,0.02921,-0.05537
273,2006-08-03,31.89246368408203,-0.01632,-0.07108
272,2006-08-02,31.694856643676758,0.03866,-0.0778
271,2006-08-01,31.34259033203125,0.04554,-0.07987
270,2006-07-31,31.87526512145996,0.12716,-0.0837
269,2006-07-28,31.88388442993164,0.09709,-0.0909
268,2006-07-27,31.230899810791016,0.12716,-0.09781
267,2006-07-26,31.437095642089844,0.16668,-0.10136
266,2006-07-25,31.462875366210938,0.02835,-0.10067
265,2006-07-24,31.282440185546875,-0.03437,-0.09886
264,2006-07-21,30.67243194580078,-0.06272,-0.09677
263,2006-07-20,30.998929977416992,0.07475,-0.08956
262,2006-07-19,31.462875366210938,0.07131,-0.07559
261,2006-07-18,31.059043884277344,-0.15809,-0.06225
260,2006-07-17,30.955963134765625,-0.36171,-0.04566
259,2006-07-14,30.878631591796875,-0.35828,-0.03317
258,2006-07-13,31.196514129638672,-0.27408,-0.02051
257,2006-07-12,31.72921371459961,-0.20706,-0.00989
256,2006-07-11,32.3392333984375,-0.15207,-0.00549
255,2006-07-10,32.09864807128906,-0.32134,-0.00624
254,2006-07-07,32.38218688964844,-0.26205,-0.01067
253,2006-07-06,32.743038177490234,-0.19933,-0.01724
252,2006-07-05,32.77741241455078,0.06186,-0.01879
251,2006-07-03,33.50771713256836,0.33508,-0.0188
250,2006-06-30,33.310089111328125,0.21221,-0.03254
249,2006-06-29,33.47334289550781,0.10138,-0.04298
248,2006-06-28,32.48527908325195,-0.11857,-0.05063
247,2006-06-27,32.244720458984375,-0.19245,-0.04643
246,2006-06-26,32.86333084106445,-0.01632,-0.04233
245,2006-06-23,32.77741241455078,0.03007,-0.0465
244,2006-06-22,32.81177520751953,0.03007,-0.04673
243,2006-06-21,33.232765197753906,-0.01272,-0.04886
242,2006-06-20,32.7172737121582,0.03064,-0.05875
241,2006-06-19,32.6743049621582,0.20151,-0.0651
240,2006-06-16,32.94065475463867,0.28605,-0.0699
239,2006-06-15,33.184661865234375,0.10561,-0.08032
238,2006-06-14,32.308895111083984,-0.2095,-0.09898
237,2006-06-13,31.98262596130371,-0.29364,-0.10981
236,2006-06-12,32.11140441894531,-0.25844,-0.11574
235,2006-06-09,32.75535583496094,-0.13824,-0.11938
234,2006-06-08,32.97001266479492,-0.2404,-0.12369
233,2006-06-07,33.02153396606445,-0.29621,-0.12502
232,2006-06-06,33.2705192565918,-0.09444,-0.12531
231,2006-06-05,33.29627990722656,0.09445,-0.12517
230,2006-06-02,34.034664154052734,0.12021,-0.12676
229,2006-06-01,34.12052917480469,0.00773,-0.13696
228,2006-05-31,33.33061599731445,-0.06697,-0.14311
227,2006-05-30,33.17606735229492,0.06354,-0.14005
226,2006-05-26,33.90586853027344,0.15541,-0.13414
225,2006-05-25,33.794254302978516,-0.00859,-0.13365
224,2006-05-24,33.35636901855469,-0.0996,-0.13435
223,2006-05-23,33.13312911987305,-0.13222,-0.12979
222,2006-05-22,33.45940399169922,-0.15025,-0.11897
221,2006-05-19,33.785675048828125,-0.20864,-0.10253
220,2006-05-18,33.52809524536133,-0.26788,-0.09106
219,2006-05-17,33.7598991394043,-0.27217,-0.07385
218,2006-05-16,34.22355651855469,-0.36061,-0.05697
217,2006-05-15,34.48115158081055,-0.4499,-0.04571
216,2006-05-12,34.506874084472656,-0.45678,-0.03592
215,2006-05-11,34.97911071777344,-0.28935,-0.0282
214,2006-05-10,35.777610778808594,-0.03778,-0.02258
213,2006-05-09,36.09528350830078,0.12621,-0.02054
212,2006-05-08,36.232666015625,0.16915,-0.0195
211,2006-05-05,36.19832992553711,0.14768,-0.01947
210,2006-05-04,35.914981842041016,0.00086,-0.02023
209,2006-05-03,35.623069763183594,-0.15798,-0.0172
208,2006-05-02,35.67456817626953,-0.12364,-0.00501
207,2006-05-01,35.580116271972656,-0.0747,0.00509
206,2006-04-28,35.93216323852539,0.0146,0.01606
205,2006-04-27,36.284183502197266,0.03606,0.02507
204,2006-04-26,35.94074249267578,-0.12106,0.02911
203,2006-04-25,35.94933319091797,-0.1803,0.03669
202,2006-04-24,36.0265998840332,-0.14167,0.0402
201,2006-04-21,36.060935974121094,0.06182,0.04351
200,2006-04-20,36.49024963378906,0.15369,0.04701
199,2006-04-19,36.6190185546875,0.15455,0.04301
